ID,Isi Berita,Label
1,"Jepang - Austin Krajicek-Nikola Mektic berhasil meraih gelar juara ganda putra Japan Open 2026. Kemenangan ini diraih usai menundukkan wakil Prancis lewat laga sengit.
Pasangan Austin Krajicek (Amerika Serikat) dan Nikola Mektic (Kroasia) keluar sebagai juara ganda putra Kinoshita Group Japan Open Tennis Championships 2026. REUTERS/Manami Yamada
Gelar tersebut diraih setelah mengalahkan pasangan Prancis, Theo Arribage dan Albano Olivetti, di final yang berlangsung di Ariake Coliseum, Tokyo. REUTERS/Manami Yamada
Krajicek/Mektic menang dengan skor 7-5, 5-7, 10-7. Kemenangan ini menjadi gelar ATP pertama bagi pasangan Krajicek/Mektic sejak mereka memenangkan Delray Beach Open pada Februari 2026 lalu. REUTERS/Manami Yamada
Duo unggulan empat itu unggul di set pertama, sebelum sempat kehilangan set kedua dari Arribage/Olivetti. REUTERS/Manami Yamada
Mereka kemudian bangkit dan menuntaskan pertandingan melalui match tiebreak di set penentu dengan skor 10-7. REUTERS/Manami Yamada
Dari sisi statistik, Arribage/Olivetti unggul jumlah ace dengan 11 berbanding 5, namun juga lebih banyak melakukan double fault dengan 5 berbanding 1, sementara Krajicek/Mektic unggul tipis dalam total poin servis yang dimenangkan dengan raihan 59 berbanding 55. REUTERS/Manami Yamada",sport
2,"Pertamina Grand Prix of Indonesia 2026 sudah melahirkan empat pemenang berbeda di balapan utama sejak pertama kali masuk kalender MotoGP pada 2022. Miguel Oliveira menjadi pemenang pertama MotoGP Mandalika, kemudian disusul Francesco Bagnaia, Jorge Martin, dan Fermin Aldeguer.
Balapan MotoGP Indonesia kembali digelar di Sirkuit Internasional Pertamina Mandalika, Lombok, Nusa Tenggara Barat, pada 2022. Dalam empat edisi yang sudah berlangsung, belum ada pembalap yang mampu memenangi balapan utama lebih dari sekali.
Miguel Oliveira menjadi pemenang pertama MotoGP Mandalika pada 2022. Rider Portugal tersebut mengalahkan Fabio Quartararo dan Johann Zarco dalam balapan yang berlangsung dalam kondisi basah.
Pada 2023, giliran Francesco Bagnaia yang menjadi pemenang. Rider Ducati tersebut memanfaatkan crash Jorge Martin yang sebelumnya memimpin balapan. Bagnaia akhirnya finis pertama, diikuti Maverick Vinales dan Fabio Quartararo.
Jorge Martin kemudian menjadi pemenang MotoGP Mandalika 2024. Rider Pramac Racing itu mengungguli Enea Bastianini dan Pedro Acosta dalam balapan utama.
Sementara itu, Fermin Aldeguer mencatat sejarah pada 2025. Rider Gresini Racing tersebut meraih kemenangan MotoGP pertamanya di Mandalika, mengungguli Pedro Acosta dan Alex Marquez.
Dengan demikian, empat edisi MotoGP Mandalika menghasilkan empat pemenang berbeda di balapan utama: Miguel Oliveira pada 2022, Francesco Bagnaia pada 2023, Jorge Martin pada 2024, dan Fermin Aldeguer pada 2025.
Daftar Pemenang Sprint Race MotoGP Mandalika
Sprint Race baru diperkenalkan di MotoGP mulai musim 2023. Karena itu, pada MotoGP Mandalika 2022 belum ada Sprint Race.
Pada tahun 2023, Jorge Martin menjadi pemenang Sprint Race MotoGP Mandalika. Kemenangan tersebut membuat Martin merebut posisi teratas klasemen sementara MotoGP dari Bagnaia sebelum balapan utama.
Setahun kemudian, Francesco Bagnaia menjadi yang tercepat dalam Sprint Race MotoGP Mandalika 2024. Bagnaia finis di depan Enea Bastianini, sementara Marc Marquez melengkapi podium di posisi ketiga.
Pada tahun 2025, Marco Bezzecchi keluar sebagai pemenang Sprint Race. Rider Aprilia tersebut mengalahkan Fermin Aldeguer dan Raul Fernandez. Marc Marquez finis keenam setelah mendapatkan penalti Long Lap.
Menariknya, belum ada pembalap yang mampu meraih kemenangan di balapan utama MotoGP Mandalika lebih dari sekali. Empat edisi pertama selalu menghadirkan nama berbeda di posisi teratas. MotoGP Mandalika 2026 pun akan menjadi kesempatan bagi para pembalap untuk kembali mencatatkan namanya dalam daftar pemenang di Sirkuit Mandalika.
Berikut daftar lengkap pemenang MotoGP Mandalika dan Sprint Race:
| Tahun | Pemenang MotoGP | Pemenang Sprint Race | 
|---|---|---|
| 2022 | Miguel Oliveira | - | 
| 2023 | Francesco Bagnaia | Jorge Martin | 
| 2024 | Jorge Martin | Francesco Bagnaia | 
| 2025 | Fermin Aldeguer | Marco Bezzecchi |",sport
3,"Rider Indonesia Veda Ega Pratama balapan di Mandalika akhir pekan ini. Pebalap Moto3 itu menyempatkan diri menonton final FIFA ASEAN Cup 2026 di Jakarta.
Pertamina Grand Prix of Indonesia 2026 dijadwalkan Minggu (11/10). Beberapa rider dari kelas Moto3, Moto2, dan MotoGP sudah tiba di Tanah Air sejak Senin (5/10).
Veda jadi salah satu pebalap yang telah mendarat di Indonesia awal pekan ini. Rider berusia 17 tahun itu mengikuti agenda pre-event bersama Astra Honda Motor pada pagi hari WIB di Jakarta.
Malam harinya Veda memanfaatkan waktu untuk menyaksikan Timnas Indonesia menghadapi Thailand dalam final FIFA ASEAN Cup 2026. Akun X Honda Team Asia membagikan momen sang pebalap hadir langsung di tribun Stadion Gelora Bung Karno.
Veda tampak mengenakan bajo polo hijau keabu-abuan dan topi warna senada dengan logo Red Bull. Dia melonjak kegirangan saat Timnas Indonesia menang adu penalti atas Thailand dan merengkuh trofi juara FIFA ASEAN Cup 2026.
🏆 Veda at FIFA ASEAN CUP 2026 GRAND FINAL ⚽️ Historic moment for the Indonesian sport and our rider didn't want to miss it! Want to full vlog of the match? Comment 🇮🇩 below 👇 #IndonesianGP #Jakarta https://t.co/AT0HN8MB5f
— Idemitsu Honda Team Asia (@honda_team_asia) October 6, 2026
""Veda di laga final FIFA ASEAN Cup 2026. Momen bersejarah untuk olahraga Indonesia dan pebalap kami tak mau ketinggalan menyaksikannya,"" cuit akun X Honda Team Asia.
Race Mandalika jadi sesuatu yang ditunggu-tunggu Veda. Pebalap dengan nomor motor 9 ini untuk pertama kalinya bertarung di depan publik Indonesia sebagai di Moto3 2026.
(bay/krs)",sport
4,"Jorge Martin sedang memperjuangkan titel juara dunia keduanya. Martin punya mimpi jadi juara dunia dengan tiga pabrikan yang berbeda. Mungkinkah?
Pebalap Spanyol itu memenangi gelar pertamanya bersama Pramac pada 2024. Menunggangi motor Ducati, Jorge Martin mengalahkan rider pabrikan Francesco Bagnaia dengan keunggulan 10 poin di klasemen akhir.
Taji Jorge Martin kembali di musim MotoGP 2026, kali ini di atas Aprilia RS-GP16. Martin memimpin klasemen sementara dengan raihan 333 poin, dibayangi jagoan Ducati Marc Marquez (331).
Dalam sejarah balap motor kelas premier, belum ada pebalap yang mampu memenangi gelar juara dunia dengan tiga motor yang berbeda. Adapun enam pebalap yang juara dunia dengan dua pabrikan yang berbeda adalah Geoff Duke (Norton, Gilera), Giacomo Agostini (MV Augusta, Yamaha), Eddie Lawson (Yamaha, Honda), Valentino Rossi (Honda, Yamaha), Casey Stoner (Ducati, Honda), dan Marc Marquez (Honda, Ducati).
""Itu sudah jelas adalah sebuah mimpi. Itu akan mengukir sejarah,"" sebut Martinator dalam wawancaranya dengan AS. ""Ya, aku percaya memenangi titel-titel juara dunia; kalau tidak aku tidak akan berada di sini.""
""Aku enggak tahu apakah aku akan mencapainya atau tidak. Ini sesuatu yang mustahil bisa diprediksi. Aku enggak tahu,"" lanjut dia.
""Di hari aku pensiun, aku akan melihat apa yang sudah kucapai, tapi apa yang bisa kujanjikan adalah pekerjaanku dan komitmenku di olahraga ini, untuk memberikan segalanya. Dan kita akan melihat seberapa jauh aku bisa melangkah,"" Jorge Martin menambahkan.
(rin/aff)",sport
5,"Rangkaian seri balap MotoGP Jepang di Sirkuit Motegi yang tuntas dilangsungkan pada 4 Oktober 2026 lalu telah menyajikan tontonan yang sangat kompetitif. Persaingan ketat antar-pembalap kelas dunia di lintasan tidak hanya memacu adrenalin para penonton di sirkuit, tetapi juga membangkitkan antusiasme tinggi di kalangan pencinta olahraga balap motor Tanah Air.
Selain keseruan jalannya balapan utama, euforia luar biasa juga terlihat dari tingginya partisipasi peserta pada ajang tebak podium yang diadakan lewat microsite Bold Riders Podium Picks. Setelah melalui proses penghitungan poin yang teliti dari hasil prediksi balapan kemarin, akhirnya terpilih dua peserta yang berhasil mengumpulkan perolehan poin tertinggi.
| MotoGP Foto: dok. Bold Riders | 
Kedua pemenang tersebut adalah Dahayati dan Rustanti. Mereka keluar sebagai pemenang utama dan berhak mendapatkan apresiasi serta hadiah menarik berupa voucher belanja masing-masing senilai Rp250.000.
Keberhasilan ini tentu membuktikan ketepatan analisis para pemenang dalam membaca peta persaingan MotoGP seri Jepang.
Bagi yang belum berkesempatan bergabung, saatnya mengambil bagian dan menjadi bagian dari keluarga besar Bold Riders. Sebagai official sponsor dari tim MotoGP Gresini Racing, Bold Riders hadir sebagai wadah komunitas motor multi-genre terbesar di Indonesia.
Di sini, seluruh rider dari berbagai latar belakang dapat berkumpul, berbagi pengalaman riding, dan menikmati berbagai keseruan bersama dalam ikatan persaudaraan yang erat.
Pastikan juga sudah follow akun Instagram resmi @boldriders agar tidak ketinggalan pembaruan informasi seputar MotoGP, penayangan konten-konten eksklusif, serta jadwal event motor keren berikutnya.
(prf/ega)",sport
6,"Marc Marquez dibayangi rekor buruk di Mandalika. Manajer Tim Ducati Davide Tardozzi mengatakan, sekalipun Marquez kehilangan 12 poin, hasil itu tidaklah buruk.
Setelah menyapu bersih seri Jepang, Marquez akan berupaya melanjutkan laju bagus itu di MotoGP Mandalika 2026, akhir pekan ini. Namun, selama ini juara dunia sembilan kali itu selalu kesulitan di sana.
Sejak Mandalika masuk kalender MotoGP, Marc Marquez tidak pernah bisa menyelesaikan balapan grand prix. Marquez tiga kali retired di tiga edisi terakhir karena mengalami kecelakaan. Termasuk crash horor pada tahun lalu yang mengakibatkan patah tulang selangka.
Bagaimanapun, ada ekspektasi Marquez akan meraih hasil bagus di MotoGP Mandalika 2026. Pasalnya, superstar balap motor Spanyol itu hanya berjarak dua poin saja dari Jorge Martin di klasemen MotoGP. Kesempatan bagus untuk mengkudeta sang rival.
Akan tetapi, Ducati tak masalah seandainya Marc Marquez gagal maksimal pada akhir pekan ini. Meskipun, penunggang Desmosedici menguasai Mandalika dengan kemenangan Francesco Bagnaia (2023), Jorge Martin (2024), dan Fermin Aldeguer (2025).
""Saya pikir kehilangan 10 atau 12 poin bisa dibilang bukan sesuatu yang buruk,"" ucap Tardozzi kepada TNT Sports.
""Saya ingin mengatakan satu hal: ya, kami bisa menganggap bahwa kehilangan 10 atau 12 poin adalah kerugian yang wajar di Mandalika, tapi kami akan ke sana untuk menang,"" dia menambahkan jelang MotoGP Mandalika 2026.
(rin/rin)",sport
7,"Ketua Umum PP PBSI M. Fadil Imran mengapresiasi raihan dua medali emas, satu perak, dan tiga perunggu tim bulutangkis Indonesia di Asian Games Aichi-Nagoya 2026. Tapi dia mengingatkan masih ada pekerjaan rumah yang harus diselesaikan.
Hal itu disampaikan Fadil dalam acara syukuran tim bulutangkis Indonesia di Asian Games yang digelar di lapangan Pelatnas PBSI, Cipayung, Rabu (7/10/2026). Fadil menegaskan capaian tersebut bukan sekadar soal jumlah medali. Menurutnya, hasil di Aichi-Nagoya menjadi bagian dari proses transformasi yang sedang dibangun PBSI bersama ekosistem bulutangkis Indonesia.
""Transformasi bagaimana PBSI membangun kolaborasi dengan ekosistem bulutangkis Indonesia. Hari ini saya bersyukur kita melihat tanda-tanda proses itu bergerak. Tapi saya ingin garis bawahi, mulai terlihat bukan berarti selesai,"" ujarnya.
Fadil menilai munculnya atlet-atlet muda yang mampu bersaing menjadi salah satu hal positif dalam proses tersebut. Namun, kemenangan di Asian Games tidak boleh membuat tim merasa sudah berada di titik terbaik.
""Jangan karena hari ini kita diberi kemenangan kemudian kita merasa sudah baik. Justru kemenangan memberi kita tanggung jawab yang lebih besar. Masih ada PR (Pekerjaan Rumah) yaitu konsisten performa, kedalaman atlet setiap sektor, dan lain-lain,"" katanya.
Setiap Atlet Punya Kebutuhan Berbeda
Fadil juga menyoroti pentingnya pendekatan individual dalam pembinaan atlet. Menurutnya, setiap atlet memiliki karakter dan kebutuhan yang berbeda sehingga tidak bisa diperlakukan dengan ukuran yang sama.
""Saya selalu tekankan kepada pelatih karena tak ada atlet yang punya ukuran sama, pasti berbeda. Semuanya tercatat dari Binpres. Saya senang karena kita bisa mengakuinya,"" ucapnya.
PBSI kini langsung mengarahkan fokus ke target yang lebih besar, yakni Olimpiade Los Angeles 2028. Sejak Munas, program jangka panjang telah ditetapkan untuk meloloskan wakil Indonesia secara maksimal di seluruh sektor dan meraih medali emas.
""Di depan ada berbagai kejuaraan penting dan pada akhirnya kita pada tujuan besar Olimpiade Los Angeles 2028. Sejak Munas, program jangka panjangnya meloloskan wakil kita maksimal di seluruh sektor dan medali emas untuk Indonesia,"" jelasnya.
Karena itu, Fadil meminta medali yang diraih di Asian Games tidak hanya menjadi koleksi. Hasil tersebut harus dijadikan bahan evaluasi sekaligus standar baru bagi tim bulutangkis Indonesia. ""Maka medali Asian Games ini jangan hanya kita simpan di lemari. Setiap kalah jadi evaluasi dan pelajaran. Dan setiap kemenangan jadi standar baru,"" tegasnya.
Perjalanan menuju Olimpiade Los Angeles 2028 pun langsung berlanjut. Tim bulutangkis Indonesia dijadwalkan berangkat menjalani tur Eropa dalam waktu dekat dengan mengikuti Denmark Open, French Open, dan Hylo Open.
""Lusa mereka berangkat ke tur Eropa, Denmark Open, French Open, dan Hylo Open. Karena perjalanan menuju Los Angeles terus berjalan. Masa depan bulutangkis merupakan tanggung jawab kita bersama,"" tutupnya.
(mcy/krs)",sport
8,"Tim bulutangkis Indonesia peraih medali emas Asian Games 2026 akhirnya mendapatkan apresiasi. Ada hadiah jam tangan, meski bukan Rolex.
Momen pemberian jam itu tersaji pada acara tasyakuran pencapaian tim bulutangkis di Asian Games 2026, yang dilaksanakan di lapangan Pelatnas PBSI, Cipayung, Rabu (7/10/2026).
Leo Rolly Carnando dan kawan-kawan mendapatkan jam tangan Regan Harney. Tidak hanya pemain, pelatih juga mendapatkan jam tangan tersebut.
Jam Rolex sempat menjadi pembicaraan hangat saat beregu putra Indonesia memastikan medali emas di podium pengalungan.
Alwi, Moh. Zaki Ubaidillah, Fajar Alfian, Muhammad Shohibul Fikri, Jonatan Christie, Muhammad Yusuf, Leo Rolly Carnando, Daniel Marthin, Nikolaus Joaquin, hingga Amri Syahnawi melakukan selebrasi yang mencuri perhatian.
Mereka kompak bergaya menunjuk pergelangan tangan yang akhirnya viral di sosial media dan menghubungkannya dengan jam Rolex.Bahkan, setibanya di Tanah Air, Alwi dan teman-temannya sempat akan melakukan pose serupa. Namun urung dilakukan.
Rolex sempat menjadi topik utama warganet pada Juni tahun lalu. Presiden Prabowo Subianto menghadiahi para pemain Timnas Indonesia sebuah jam Rolexusai lolos ke putaran empat Kualifikasi Piala Dunia 2026 Zona Asia.
Harapannya, tim bulutangkis beregu putra yang sukses meraih medali emas Asian Games, diekspektasikan bisa mendapatkan hadiah yang sama.
Saksikan Live DetikSore:
(mcy/aff)",sport
9,"Sejak kemunculannya, Declan Rice sudah digadang-gadang jadi pemimpin lini tengah Inggris. Kini muncul nama baru, Alex Scott.
Rice kini sudah meneguhkan diri sebagai sosok kunci di timnas Inggris, khususnya di lini tengah. Entah dengan peran box to box atau pelindung pertahanan, pemain Arsenal itu hampir pasti jadi pilihan utama.
Namun posisinya bisa dibilang tak akan lagi seaman sebelumnya. Hadirnya Alex Scott dengan penampilan gemilangnya memberi timnas Inggris opsi lain.
Scott tampil gemilang saat Inggris melumat Kroasia 7-0 di Rijeka, dalam penampilan pertamanya sebagai starter. Meski kemudian diketahui cedera setelah laga, tapi Inggris punya prospek cerah lain untuk ke depannya.
Secara permainan memang Scott tak sama dengan Rice. Ia lebih mobil, lebih tahan di bawah tekanan, dan menawarkan progresi bola lebih baik. Adapun Rice mumpuni dalam memberi keseimbangan, mengatur tempo, merebut bola, dan melindungi pertahanan.
Pelatih Inggris Thomas Tuchel menganggap 'kemunculan' Scott sebagai berkah besar. Ia tak mau serta merta menyebut Scott sebagai pemain yang berpotensi 'merampas' posisi Rice, alih-alih menganggapnya sebagai alternatif menarik.
""Declan sadar betapa pentingnya dia, dan dia adalah salah satu gelandang terbaik di Eropa. Hal itu tidak akan berubah,"" ungkap Tuchel dikutip The Guardian.
""Namun, justru itulah yang kami butuhkan. Kami butuh lebih banyak lagi variasi. Kami butuh lebih banyak lagi pilihan.""
""Pada akhirnya, semua bergantung pada para pemain yang ada di dalam skuad. Alex sudah menunjukkan performa di level tertinggi.""
(raw/raw)",sport
10,"Prancis membalikkan keadaan atas Belgia di UEFA Nations League. Prancis ngamuk di 15 menit akhir untuk mengamankan tiga poin.
Laga Prancis vs Belgia digelar di Stade de France, Selasa (6/10/2026) dini hari WIB. Les Bleus menang 4-1 untuk memberi Zinedine Zidane kemenangan kandang pertamanya sebagai pelatih.
Prancis kebobolan lebih dulu setelah Dodi Lukebakio mencetak gol pada menit ke-35. Para pemain pengganti yang masuk pada babak kedua yakni Desire Doue, Rayan Cherki, dan Michael Olise (dua gol) lantas membawa Prancis membalikkan keadaan.
Prancis baru bisa mencetak gol untuk menyamakan kedudukan pada menit ke-77. Mereka lantas menambah tiga gol lagi sampai menit ke-91 untuk mengamankan kemenangan.
| Baca juga: Prancis Buntu Tanpa Mbappe? Ini Kata Zidane | 
""Malam ini, inilah sepakbola, inilah yang kita cintai,"" ujar Zidane seperti dilansir ESPN.
""Kami menghadapi beberapa kesulitan di babak pertama, tapi itu adalah bagian dari permainan; ini adalah pertandingan yang Anda hadapi dari waktu ke waktu.""
""Bagus bisa memperbaiki keadaan -- itulah yang kami lakukan -- dan kami berhasil memainkan babak kedua yang luar biasa,"" katanya.
Dengan hasil ini, Prancis masih memuncaki klasemen Grup 1 UEFA Nations League dengan 10 poin dari empat pertandingan. Mereka unggul tiga angka atas Italia yang ada di urutan kedua.
(nds/mrp)",sport
11,"Lamine Yamal tampil apik selama jeda internasional kali ini bersama timnas Spanyol. Meski demikian, pelatih Spanyol Luis de la Fuente tidak akan terus-terusan memainkannya.
Spanyol sudah memainkan tiga pertandingan di UEFA Nations League sejauh ini. Ia main penuh saat menghadapi Inggris, 68 menit saat melawan Kroasia pekan lalu, dan ditarik saat pergantian babak ketika menghadapi Republik Ceko.
Dalam tiga laga itu, Yamal mencetak empat gol untuk membantu La Furia Roja menyapu bersih kemenangan. Spanyol selanjutnya akan menghadapi Kroasia pada Rabu (7/10/2026) dini hari WIB.
De La Fuente memantau menit bermain Yamal dan para pemain Spanyol. Meski sedang on fire, Yamal yang sudah 11 kali jadi starter di klub dan timnas itu tidak akan diforsir.
| Baca juga: Yamal Panas Banget | 
""Saya sudah bilang betapa beratnya rangkaian empat pertandingan ini,"" ujar De la Fuente seperti dilansir ESPN.
""Satu poin penting yang ingin saya tekankan adalah tidak ada yang akan bermain lebih dari 270 menit, yang akan berarti tiga dari empat pertandingan. Lamine sudah bermain setara dua dari tiga pertandingan dalam hal jumlah menit.""
""Lamine selalu siap untuk main. Mereka semua ingin main. Setelah itu, kami memeriksa apakah ini langkah yang tepat atau tidak. Dia dalam performa luar biasa, dia figur kunci dan seorang kompetitor. Dia dalam kondisi bagus untuk main besok, sama seperti rekan-rekan setimnya.""
""Lamine punya kegelisahan itu, dan saya tidak bermaksud negatif, karena dia selalu ingin melakukan lebih ... Itulah Lamine. Itulah watak kompetitifnya,"" katanya.
| Baca juga: De la Fuente Sebut Yamal OTW Jadi Legenda | 
(nds/mrp)",sport
12,"Laga Kroasia vs Spanyol bermakna spesial untuk Dani Olmo. Untuk pertama kalinya Olmo akan kembali ke ""rumah"" lamanya sebagai lawan.
Spanyol akan coba melanjutkan start apiknya saat menghadapi Kroasia di matchday keempat UEFA Nations League A di Poljud Stadium, Split, Rabu (7/10/2026) dini hari WIB. Sebelum ini Spanyol sudah tiga kali menang sehingga memuncaki Grup 3.
Melihat peta kekuatan saat ini, Kroasia jelas bukan tandingan untuk Spanyol. Selain kalah 2-4 pada pertemuan pertama, Kroasia akan datang dengan kondisi mental terguncang usai dibantai 0-7 oleh Inggris.
Situasi inilah yang akan dimaksimalkan Spanyol untuk meraih tiga poin. Apalagi mereka punya Olmo yang paham betul seluk beluk sepakbola Kroasia.
Tidak seperti pemain Spanyol umumnya, Olmo justru mengawali karier profesional bersama klub Kroasia Dinamo Zagreb. Dia pindah dari La Masia ke akademi Dinamo pada tahun 2014.
| Baca juga: De la Fuente Sebut Yamal OTW Jadi Legenda | 
Olmo debut profesional pada Februari 2015 dan bermain selama enam musim dengan total 124 penampilan dan 24 gol, sebelum dibeli RB Leipzig pada musim 2019/2020.
Nama Olmo naik bersama Leipzig sehingga Barcelona memboyongnya dua tahun lalu. Itulah mengapa Kroasia selalu punya tempat spesial di hati Olmo.
""Semua orang punya ceritanya masing-masing, alasan tersendiri. Yang bikin saya memutuskan pindah ke sana adalah Dinamo membantu saya berkembang. Mereka yakin saya bisa jadi pemain seperti sekarang ini. Saya baru 16 tahun saat itu dan saya percaya dengan mereka,"" ujar Olmo seperti dikutip Tribuna.
""Saya cuma bersama ibu saya di negara baru. Sulit memang tapi masa itu begitu indah. Saya punya keterikatan khusus dengan klub; Anda bisa buktikan sendiri kan. Saya senang bisa kembali. Dan bagi saya ini akan jadi laga yang begitu spesial,"" sambung Olmo yang sesekali menjawab pertanyaan dalam sesi jumpa pers dengan bahasa Kroasia.
(mrp/yna)",sport
13,"Stadion Utama Gelora Bung Karno bergemuruh saat Timnas Indonesia berhasil mendapatkan trofi FIFA ASEAN Cup 2026. Sekitar kurang lebih 70.000 pasang mata bersuka cita menyambut kemenangan Tim Merah Putih. Laga yang berjalan dramatis ini harus diakhiri melalui adu penalti.
Di Stadion Utama Gelora Bung Karno, Senayan Senin (5/10/2026), Indonesia dan Thailand sama kuat dalam 90 menit. Gol Dean James dibalas Sanron Iklas di akhir babak kedua. Tim Changsuek berhasil membalikan keadaan pada menit ke-110. Peeradol Chamrasamee membobol gawang Emil Audero lewat sepakan datarnya, dalam serangan balik cepat. Indonesia tertinggal 1-2.
Tak lama berselang, Indonesia menyamakan kedudukan melalui aksi Elkan Baggott yang menceploskan bola ke gawang Thailand. Bek Indonesia kelahiran Thailand itu berhasil memanfaatkan bola rebound tepisan Saranon Anuin menjadi sebuah gol. Skor jadi 2-2 di menit ke-116.
Di babak adu penalti, Indonesia keluar menjadi pemenang dengan skor 4-2. Dua penendang Thailand, Sarach Yooyen dan Nattapong Sayriya gagal memasukkan bola.Hasil ini membuat Indonesia keluar menjadi juara FIFA ASEAN Cup 2026 edisi perdana.
Selain menjadi kampiun di tanah sendiri, kemenangan ini juga terasa manis karena mengalahkan Thailand. Selama ini status raja ASEAN melekat ke Thailand, hal ini tak lepas dari perolehan gelar Piala AFF terbanyak yang mereka miliki.
Turnamen regional baru bentukan FIFA ini juga terasa indah nan spesial bagi bek Indonesia Elkan Baggot. Dirinya mengucapkan terima kasih kepada federasi dan rekan setimnya.
""Sebelumnya kami ditunjukkan klip Piala AFF (2020) saat kami kalah dari Thailand. Ini sebuah perjalanan indah. Terima kasih kepada federasi, juga kepada pemain wajah-wajah baru. Kami merasa sangat dicintai, sangat bangga menjadi orang Indonesia,"" ujar Elkan dikutip dari detikSport.
Justin Hubner, dalam perayaan juaranya di GBK menegaskan bahwa Indonesia adalah king sesungguhnya. Ia berharap semua pihak kini memberi respek kepada Garuda.
""Kepada semua negara ini, hargai nama ini, ya (Indonesia). Hey kalian semua, kamilah raja sesungguhnya. Kalian terlalu banyak bicara. Kamilah raja sesungguhnya. Indonesiaa!"" katanya sambil berteriak di akun media sosial Timnas Indonesia.
Sukses ini juga membuat Indonesia memutus dahaga tanpa gelar di turnamen internasional selama 35 tahun. Terakhir kali tim senior Indonesia memenangkan turnamen Asia Tenggara terjadi di Asian Games 1991.
Selain menjadi juara, gelar penghargaan individu pun didapat oleh dua pemain Timnas Indonesia. Adalah Mitchell Baker dan Ole Romeny, mereka berhasil merengkuh gelar top scorer dan top assist. Mitch berhasil mencetak 5 gol sepanjang turnamen sedangkan Romeny menyumbang 4 assist.
Diketahui dari detikSport, Presiden RI, Prabowo Subianto, puas dengan gelar juara FIFA ASEAN Cup 2026. Prabowo pun menjanjikan bonus kepada para pemain Timnas Indonesia. Gelar pertama di level ASEAN dan internasional ini jelas disambut dengan kebahagiaan oleh para pendukung Timnas Garuda yang menonton langsung ke GBK.
""Ya (akan diberikan bonus), itu diatur oleh Ketua Umum PSSI, ya. Oke ya? Terima kasih ya,"" kata Prabowo seperti dikutip dari detikNews.
""Ya, kita gembira, kita bersyukur, kita bangga perjuangan tim kita, ya. Mereka tidak menyerah sampai detik-detik terakhir,"" sambungnya.
Berbeda dengan Indonesia yang berlinang tangis bahagia, Timnas Thailand harus menelan kekalahan di ajang puncak ini. Ambisi mereka menjadi juara di ajang FIFA ASEAN Cup 2026 pupus. Meskipun mereka memiliki gelar terbanyak di turnamen AFF tetapi di kompetisi resmi FIFA ini mereka harus pulang tanpa gelar.
Lalu, apa faktor yang menciptakan kemenangan Indonesia kontra Thailand? Apakah Herdman telah menemukan formula terbaiknya di Timnas? Simak obrolan soal sepakbola dalam segmen D'Hattrick bersama redaktur detikSport.
Menuju Jawa Timur, detikSore akan mengulas kabar terbaru tentang ledakan yang terjadi di kawasan Pakuwon Surabaya. Seperti ditulis detikJatim, ledakan berasal dari salah satu ruko sekitar pukul 07.10 WIB. akibat ledakan tersebut sejumlah bangunan yang berada di sekitarnya ikut terdampak.
Akibat ledakan ini, beberapa penghuni dan dan pegawai toko dilarikan ke rumah sakit. Sebagian dari mereka mengalami cedera dan luka bakar. Hingga saat ini, proses pengamanan masih berjalan. Sementara beberapa toko di lokasi telah beraktivitas seperti biasa.
Bagaimana situasi terbaru di lokasi? Bagaimana kabar para korban? Simak laporan Jurnalis detikJatim selengkapnya.
Jelang matahari terbenam nanti, detikSore akan mengajak detikers mengenal lebih dekat permainan mahjong. Selama ini, permainan yang diidentikkan dengan generasi orang tua, bahkan tak jarang dikaitkan dengan judi tersebut justru menemukan penggemar barunya.
Salah satunya lewat Sahabat Mahjong Society, komunitas yang didirikan Angela Widowati pada 2025. Berawal dari keinginan memperkenalkan mahjong kepada lebih banyak orang, komunitas ini kini menjadi ruang bertemunya berbagai generasi, dari pemain berpengalaman hingga Gen Z yang baru mengenal mahjong. Menariknya, di tengah maraknya game digital, anak muda justru memilih duduk satu meja, menyusun tile, mengasah strategi, sekaligus membangun pertemanan.
Lantas, apa yang membuat permainan klasik ini kembali dilirik Gen Z? Seperti apa sebenarnya keseruan bermain mahjong tanpa taruhan? Temukan jawabannya bersama Angela Widowati, Founder Sahabat Mahjong Society, dalam Sunsetalk.
Simak berita terbaru dan menarik detikcom lainnya dalam detikSore. detikSore, Nggak Cuma Hore-hore!
(gub/vys)",sport
14,"Skuad Korea Selatan yang memenangkan medali emas sepak bola putra Asian Games 2026 mendapat sorotan dari dalam negeri setelah merayakan gugurnya kewajiban militer mereka. Para pemain itu kemudian meminta maaf.
Korsel berhasil mengalahkan tuan rumah Jepang 1-0 dalam final yang berlangsung di Stadion Toyota pada akhir pekan lalu. Ini menjadi medali emas keempat secara beruntun yang didapat mereka di cabang sepak bola putra.
Seusai laga, wawancara sejumlah pemain mengungkap rasa gembira karena berhasil 'lolos' dari kewajiban militer. Seperti yang dilakukan oleh Yang Min-hyeok.
""Saya rasa medali atau trofi sama sekali tidak penting. Penghargaan sebenarnya bagi kami adalah pembebasan wajib militer, jadi saya pikir kami bermain hanya dengan memikirkan hal itu,"" ujar pemain 20 tahun yang berlaga di Liga Belgia bersama Westerlo itu, dikutip Korea Times.
Hal senada diucapkan Lee Gi-hyuk. ""Saya tak pergi ke (wajib) militer,"" ujarnya. Sementara itu, Park Seung-soo mengunggah foto dirinya memakai reserve forces cap di media sosialnya. Topi itu identik dengan tanda selesai tugas militer.
Sikap mereka kemudian disorot. Mereka dibandingkan dengan para bintang K-Pop yang tetap menjalani wajib militer meski telah menjadi bintang dunia dan berjasa mempopulerkan budaya lokal ke penjuru dunia.
""Saat hanya ada sedikit cara untuk memperkenalkan Korea kepada dunia, satu medali saja sudah menjadi sarana promosi nasional. Hal itu tentu sangat berarti pada masa itu, namun kini situasinya sudah berbeda. Dunia kin mengenal Korea melalui K-pop, drama Korea, semikonduktor, ponsel pintar, dan mobil,"" ujar Na Kyung-won, seorang politisi lokal.
Belakangan, ketiga pemain di atas telah meminta maaf. Yang Min-Hyeok lewat media sosialnya menegaskan ia tak pernah menganggap medali emas yang diraih ""sebagai hal biasa"", namun ia juga mengaku bahwa pengecualian militer menjadi ""salah satu sumber motivasi"" untuk menjadi juara.
Para atlet Korsel mendapat keistimewaan untuk tak mengikuti wajib militer selama 18-21 bulan jika berhasil meraih medali emas Asian Games atau medali apa pun di Olimpiade. Gantinya, mereka hanya perlu melakukan pelatihan dasar selama beberapa pekan dan layanan masyarakat dalam jumlah jam tertentu.
Di sepak bola, salah satu contoh yang paling dikenal publik adalah Son Heung-min. Ia mendapat pengecualian militer usai meraih emas di Asian Games 2018.
Lihat juga Video 'Korsel Mau Bangun Kapal Selam Bertenaga Nuklir Pertengahan 2030':
(adp/aff)",sport
15,"Pelatih Argentina Lionel Scaloni mengaku akan merindukan Lionel Messi yang akan segera pensiun dari timnas. Namun ia yakin masa depan Albiceleste tetap cerah meski tanpa kehadiran La Pulga.
Argentina akan menggelar laga perpisahan dengan Messi pada Rabu (7/10) pukul 06.00 WIB di Stadion Monumental, Buenos Aires. Benin mendapat kehormatan menjadi tim terakhir yang dihadapi pemain 39 tahun itu di kancah internasional.
Setelah ini, Messi akan menutup perjalanan di timnas yang telah berjalan lebih dari dua dekade. Ia telah memberikan segalanya untuk Albiceleste, mulai dari 125 gol dari 207 penampilan hingga sumbangsih gelar berupa dua Copa America dan satu Piala Dunia.
""Messi meninggalkan sesuatu yang tiada duanya. Kami harus terus bermain, namun sensasi saat ia berada di lapangan sungguh istimewa. Saya belum pernah melihat orang lain menampilkan permainan seperti yang ia tunjukkan di lapangan sepak bola, dan itulah hal yang akan kami rindukan,"" ujar Scaloni, dikutip ESPN.
Ada kekhawatiran bahwa Argentina akan kembali mengalami 'penurunan' sepeninggal Messi. Hal itu sempat mereka alami ketika Diego Maradona pensiun dan ada rentang 35 tahun sebelum kembali menjadi juara dunia. Namun Scaloni menepis keraguan itu.
""Timnas Argentina akan terus bertahan. Kami akan tetap berada di level tinggi; saya sama sekali tidak meragukan hal itu,"" ia menegaskan.
Scaloni, yang kontraknya akan habis tahun ini, sedang dalam negosiasi tahap lanjut dengan Asosiasi Sepakbola Argentina (AFA) terkait perpanjangan kontrak. Jika tak ada aral melintang, ia disebut-sebut akan lanjut hingga empat tahun ke depan.
(adp/aff)",sport
16,"Pelatih Timnas Portugal Jorge Jesus didesak minta maaf kepada Cristiano Ronaldo. Jesus bisa saja dipecat jika tidak melakukannya.
Pendapat itu diutarakan mantan rekan setim Ronaldo di Manchester United, Rio Ferdinand. Pemain ikonik Portugal itu sedang berseteru dengan Jorge Jesus setelah tidak dimainkan sama sekali dalam kemenangan atas Norwegia 2-1, akhir September.
Ronaldo memilih meninggalkan pusat latihan Portugal, karena Jorge Jesus menolak menjamin posisinya di pertandingan berikutnya. Keputusan ini turut mempertanyakan masa depan penyerang berusia 41 tahun itu di level internasional.
Federasi Sepakbola Portugal (FPF) berencana berdamai dengan Cristiano Ronaldo. Ferdinand percaya, krisis Timnas Portugal ini cuma masalah komunikasi. Pertemuan dengan semua pihak yang terlibat harus dilakukan secepatnya, dan meyakini Ronaldo masih bisa berkontribusi untuk Selecao das Quinas.
""Si pelatih [Jorge Jesus] harus datang dan minta maaf... atau kalau tidak, dia akan dipecat,"" sebut Rio Ferdinand dilansir A Bola. ""Dia harus bicara di depan publik dan mengatakan, 'Dengar, saya salah menilai situasinya.'""
""Semua ini seharusnya bisa dicegah dengan komunikasi yang baik. Saya pernah mengatakan hal serupa di Piala Dunia dengan Roberto Martinez, dan saya kira sama dengan pelatih yang sekarang.""
""Mereka harus duduk bersama Cristiano Ronaldo dan bilang kepada dia, 'Inilah yang ingin saya lakukan dan jika kamu tidak ingin jadi bagian dari ini, maka bilang saja kepada saya, tapi inilah yang akan terjadi sekarang,"" mantan pesepakbola berusia 47 tahun ini menambahkan.
""Ronaldo toh masih punya peran untuk dimainkan, saya percaya. Pertanyaannya adalah apakah dia akan jadi starter, seorang pemain pengganti yang penting di banyak pertandingan, atau bahkan start di beberapa pertandingan dan kemudian jadi pengganti di pertandingan lainnya? Itulah obrolan yang perlu diadakan, dan kemudian ini hanya soal kesepakatan saja.""
""Pelatih-pelatih seperti ini kan dibayar untuk mengatur sebuah tim, tapi mereka juga dibayar untuk mengatur para pemain,"" lugas mantan bek dan kapten Timnas Inggris ini.
(rin/aff)",sport
17,"Ousmane Dembele mejan di UEFA Nations League. Yang terakhir, Dembele tampil mengecewakan dalam kemenangan telak Prancis atas Belgia 4-1.
Bintang Paris Saint-Germain itu digantikan Michael Olise setelah 60 menit permainan di Stade de France, Minggu (5/10/2026). Selama beraksi di atas lapangan, Dembele gagal membuat percobaan yang mengarah ke gawang Belgia, 0 umpan silang akurat, dan kehilangan bola 22 kali. Meski begitu, Dembele tercatat membuat empat umpan kunci.
Usai Dembele keluar, Les Bleus comeback dari ketinggalan setelah kebobolan di babak pertama. Desire Doue, Rayan Cherki, dan Olise (2) bergantian menggetarkan gawang Belgia dalam 14 menit terakhir untuk berbalik menang.
Prancis menandai jeda internasional kali ini dengan rekor tiga kemenangan dan sekali imbang. Dembele masih belum menambah golnya di empat laga pertama UEFA Nations League setelah mencetak enam gol di Piala Dunia lalu.
Secara keseluruhan mantan pemenang Ballon d'Or itu baru menyumbang 13 gol dan tujuh assist saja untuk Timnas Prancis dalam 71 caps. Tak bisa dipungkiri, Dembele tak memenuhi ekspektasi.
Pelatih Prancis Zinedine Zidane menolak mengkritik Ousmane Dembele usai kemenangan atas Belgia. ""Saya kira Ousmane tadi sangat bagus,"" ucap suksesor Didier Deschamps ini.
""Terutama di awal laga dan bahkan di awal babak kedua. Dia tadis angat dinamis, jadi tidak ada masalah kok. Kita terbiasa melihat dia berada di mana-mana dan dia bagus di setiap posisi. Saya puas dengan apa yang dia lakukan pada hari ini,"" lugas Zidane dikutip RMC Sport.
(rin/krs)",sport
18,"Joshua Zirkzee akhiri sembilan bulan paceklik golnya. Sang striker bisa cetak gol buat Timnas Belanda, bisa lanjut cetak gol buat MU?
Josehua Zirkzee cetak gol kemenangan Timnas Belanda atas Serbia di lanjutan UEFA Nations League, Senin (5/10) dini hari WIB. Zirkzee sontek bola di depan gawang, Belanda menang 2-1.
Sudah sembilan bulan lamanya (dihitung waku bermain kompetitif), Joshua Zirkzee bikin gol lagi. Sebelumnya, Zirkzee trakhir cetak gol pada Desember 2025 saat Manchester United imbang atas Wolves 1-1 di Premier League.
Zirkzee kemudian lebih banyak tampil sebagai pemain pengganti. Itu berlanjut sampai awal musim 2026/27 ini.
Pemanggilan dirinya ke Timnas Belanda pun sempat jadi kontroversi. Namun akhirnya, pemain berusia 25 tahun itu bayar kepercayaan pelatih Xavi Hernandez.
Joshua Zirkzee mengaku terus fokus untuk bisa tampil reguler di Manchester United dan juga di Timnas Belanda. Zirkzee siap kapan saja dibutuhkan oleh pelatih.
""Ada banyak kompetisi di klub, pelatihlah yang membuat keputusan,"" ujarnya dilansir dari Mirror.
""Saya hanya terus bekerja keras dan membuktikan diri. Saya harus berjuang jika mau main reguler,"" tutupnya.
(aff/rin)",sport
19,"Argentina akan menjamu Benin di laga uji coba, sekaligus laga perpisahan Lionel Messi. Tim tamu ogah tampil sebagai penghibur!
Argentina vs Benin akan main di laga uji coba pada Rabu (7/10) pukul 06.00 WIB di Estadio Monumental, Buenos Aires. Meski terbilang laga uji coba, laga ini akan penuh emosional.
Di laga nantilah, Lionel Messi akan ucapkan salam perpisahan. Itu adalah panggung terakhir Messi bersama Tim Tango.
| Baca juga: Argentina Harus Bisa 'Hidup' Tanpa Messi | 
Kiper Benin, Marcel Dandjinou tidak mau timnya jadi penghibur. Mereka janjikan akan berikan perlawanan!
""Bagi saya, pertandingan ini tidak seperti laga-laga lainnya. Menurut saya, ini adalah kesempatan sekali seumur hidup karena ini adalah pertandingan terakhir Messi. Ini laga yang istimewa,"" bukanya dilansir dari beIN Sports.
Kami datang demi Argentina dan Messi, namun kami tidak boleh lupa bahwa kami juga mewakili negara kami. Kami di sini untuk membela Benin. Kami tidak datang ke Argentina untuk sekadar jadi turis, kami di sini untuk bermain dan berkompetisi,"" tegasnya.
Di atas kertas, Timnas Argentina tentu jadi unggulan. Marcel Dandjinou bakal berjanji berjuang habis-habisan, tidak mau kasih kado berupa gol!
""Saya seorang kiper, dan tugas saya adalah menghalau tembakan. Bahkan jika itu terjadi di menit-menit akhir dan ada penalti, dan Messi yang menjadi eksekutornya, saya akan berusaha menepisnya. Sesederhana itu,"" paparnya.
""Ya, kami memang hadir untuk merayakan sosok Messi, tapi tidak ada yang mengharuskan kami memberinya hadiah berupa gol. Lagipula, mengenal sosok Messi, Anda tidak perlu memberinya hadiah apa pun. Jika dia ingin mencetak gol, dia harus mengerahkan segala upaya untuk mewujudkannya,"" tutupnya.
(aff/krs)",sport
20,"Timnas Inggris menghajar Ceko dalam lanjutan UEFA Nations League 2026/2027. The Three Lions menang 3-0, dua gol di antaranya dicetak Harry Kane.
Bermain di Stadion Wembley, London, Rabu (7/10/2026) dini hari WIB, Inggris kembali menunjukkan dominasinya. Pasukan Thomas Tuchel terlalu tangguh buat Ceko.
Di menit ke-27, Inggris bisa unggul 1-0. Bek Ceko, Vladimir Coufal bikin gol bunuh diri usai membelokkan bola hasil umpan silang Harry Kane ke gawang sendiri.
Setelah unggul, Inggris terus menekan Ceko. Hasilnya, Harry Kane bisa menggandakan skor pada menit ke-40, kali ini menyelesaikan umpan manis Morgan Rogers dari sisi kanan. Kane dengan mudah meneruskan bola ke gawang lawan. Skor 2-0 bertahan hingga jeda.
Di babak kedua, tekanan Inggris berlanjut. Hasilnya, Harry Kane bisa mencetak gol ketiga tuan rumah pada menit ke-57. Sundulan penyerang Bayern Munich itu, meneruskan corner yang dilepaskan Lewis Hall, mengarahkan bola ke pojok bawah dan gagal dibendung kiper Ceko, Lukas Hornicek.
Unggul 3-0 bikin Inggris mulai lebih rileks. Lima pergantian dilakukan Tuchel di sisa waktu, termasuk menarik Kane. Penyerang 33 tahun itu baru menyamai rekor caps terbanyak 125 laga milik legenda Inggris, Peter Shilton.
Di sisa waktu pertandingan, Inggris masih terus menekan Ceko dan menghasilkan beberapa peluang. Namun tak ada gol tambahan tercipta, sehingga kemenangan tiga gol tanpa balas bertahan sampai akhir.
Hasil ini bikin Inggris mengemas 9 poin dari 4 laga di Grup A3 UEFA Nations League. Spanyol masih memimpin dengan 12 poin, menyusul kemenangan 2-1 atas Kroasia di saat bersamaan.
Susunan Pemain
Inggris: Jordan Pickford; Trent Alexander-Arnold, Marc Guehi (Jarrad Braithwaite 63'), Jarell Quansah, Lewis Hall (Morgan Gibbs-White 72'); Elliott Anderson (James Garner 63'), Myles Lewis-Skelly; Jude Bellingham (Rio Ngumoha 73'), Eberechi Eze, Morgan Rogers; Harry Kane (Dominic Calvert-Lewin 82')
Ceko: Lukas Hornicek; Vladimir Coufal (Ondrej Kricfalusi 84'), Robin Hranac, Martin Vitik, Jiri Slama (Ondrej Zmrzly 68'); Alex Kral, Pavel Sulc, Michal Sadilek (Roman Macek 68'); Matej Radosta (Ondrej Lingr 45'), Adam Hlozek (Lukas Ambros 58'), Ryan Naderi
(yna/mrp)",sport
21,"Spanyol bertandang ke markas Kroasia dalam lanjutan UEFA Nations League. Mikel Merino menangkan Tim Matador.
Kroasia vs Spanyol berlangsung di Stadion Poljud, Rabu (7/10/2026) dini hari WIB. Spanyol menang dengan skor 2-1.
Kroasia mencoba mengambil inisiatif serangan di awal. Pasukan Slaven Bilic menciptakan beberapa percobaan, namun belum menghasilkan gol.
Kroasia baru memimpin 1-0 di menit ke-17. Ivan Perisic merobek gawang Spanyol setelah menuntaskan bola rebound.
Spanyol mencoba mencari gol balasan. Walaupun mendominasi penguasaan bola, pasukan Luis de la Fuente minim membuat percobaan.
Spanyol baru menyamakan skor menjadi 1-1 di menit ke-61. Mikel Merino, yang masuk di awal babak kedua merobek gawang Kroasia.
Kroasia harus bermain dengan 10 orang di menit ke-79. Perisic menerima kartu kuning kedua setelah melanggar Marc Cucurella.
Spanyol akhirnya menutup laga dengan kemenangan 2-1. Merino mencetak brace di menit ke-88 dengan memanfaatkan umpan Martin Zubimendi.
Hasil ini membuat Spanyol nyaman di puncak Grup 3 dengan 12 poin dari empat kemenangan dan melaju ke perempatfinal. Spanyol di urutan ketiga dengan tiga poin.
Susunan Pemain:
Kroasia: Livakovic; Stanisic, Sutalo, Vuskovic, Gvardiol; Modric, Jakic; Vlasic, Kovacic, Perisic; Matanovic.
Spanyol: Simon; Pubill, Cubarsi, Laporte, Cucurella; Rodri, Pedri; Yamal, Olmo, Baena; Oyarzabal.
(ran/yna)",sport
22,"Benin akan menjadi lawan terakhir Lionel Messi bersama Timnas Argentina. Bek The Cheetahs, Tijani Mohamed, mengaku takkan mengawal La Pulga di lapangan.
Di Stadion Monumental, Buenos Aires, Rabu (7/10/2026) pagi WIB, Messi akan memainkan laga terakhirnya bersama Argentina. Benin menjadi lawannya.
Setelah diistirahatkan pada dua pertandingan sebelumnya, Messi siap membela Argentina untuk terakhir kalinya. Laga spesial ini menandai akhir 21 tahun dari perjalanan sang pemilik 8 Ballon d'Or bersama Albiceleste, yang total menghasilan 207 caps dan 4 trofi, termasuk gelar Piala Dunia 2022.
Menghadapi Messi di laga spesialnya, Benin juga ingin menikmatinya. Bek Tijani MOhamed bahkan berkilah takkan mengawal penyerang Inter Miami itu di lapangan nanti.
""Anda tidak perlu mengawal Messi. Kami hanya akan menikmati pertandingan ini. Saya akan memandangnya seperti ini, ""Messi, kamu adalah Tuhan,"" katanya kepada TV Argentina.
| Baca juga: Benin Ogah Kasih Kado ke Lionel Messi | 
Tijani Mohamed juga mengaku mendukung Argentina di Piala Dunia 2026 lalu. Ia menyayangkan Messi gagal juara usai kalah dari Spanyol.
'Ya, ya, saya sudah menonton pertandingannya dan itu saja. Sebuah pertandingan bersama Messi dan bagi saya dia adalah yang terbaik di dunia, seperti yang saya katakan pada Anda,"" ungkapnya.
""Spanyol adalah tim yang sangat tangguh untuk dihadapi, tapi saya ingin Argentina yang menang karena aku sangat menyukai Messi.""
'Benin adalah tim yang sangat, sangat bagus untuk dihadapi, dan saya tidak bisa membicarakan Benin saat ini karena kita harus menikmati pertandingan ini, dan kita akan memberikan segalanya agar perayaan ini berjalan dengan sangat baik,"" katanya.
(yna/mrp)",sport
23,"Cristiano Ronaldo merilis pernyataan panjang soal polemiknya di Timnas Portugal. CR7 merasa dua kali dibohongi pelatih Jorge Jesus.
Menurut pernyataan yang dibagikan surat kabar A Bola pada Selasa (6/10), Ronaldo mengungkap penyebab dirinya meninggalkan Timnas Portugal di tengah jeda internasional. Pemain berusia 41 tahun itu merasa dibohongi Jorge Jesus, bukan cuma sekali, tapi dua kali.
Pertama, Ronaldo menyebut Jorge Jesus berbohong soal akan memainkannya di laga melawan Norwegia. Meski sudah disepakati ada waktu 30 menit untuk Ronaldo main, Jesus justru tak menurunkannya sama sekali.
Jesus awalnya memang mengusulkan Ronaldo tak ikut bertandang ke Norwegia dan Denmark. Ronaldo menolak dan tetap ikut terbang, meski setuju bakal diistirahatkan. Tapi kemudian, Jesus tiba-tiba meminta Ronaldo main selama 30 menit. Ronaldo kemudian berlatih di pinggir lapangan, namun pemilik 5 Ballon d'Or itu malah tak dimainkan. Hal itu yang bikin Ronaldo kesal.
""Pada waktu makan siang pada hari pertandingan di Norwegia, asisten pelatih tim nasional datang ke meja di mana tim sedang makan siang dan mengatakan kepada saya, pelatih ingin berbicara dengan saya. Yang mengejutkan, pelatih bertanya apakah saya siap bermain 30 menit. Saya benar-benar fokus pada pemulihan fisik saya, terintegrasi dengan rekan tim saya seperti biasa, dan percaya saya tidak akan bermain hari itu. Tidak ada masalah sama sekali,"" kata Cristiano Ronaldo.
""Permintaan ini berada di luar rencana pemulihan fisik dan pelatihan saya, karena saya hanya akan bermain pada laga keempat bulan di Estádio do Dragão (melawan Norwegia). Tetapi tentu saja saya setuju. Dia menjawab saya, bahwa saya harus siap karena saya akan bermain 30 menit.""
""Dan sisanya sudah tahu semuanya. Saya mulai melakukan pemanasan dari babak pertama, menyaksikan menit-menit berlalu, dan tidak ada yang memanggil saya. Pelatih melanggar janjinya,"" ungkap Ronaldo.
Setelahnya, Ronaldo mengklaim Jesus mengajaknya bicara. Dalam diskusi itu, Ronaldo mengatakan Jesus akan meminta maaf kepadanya di depan wartawan jelang melawan Denmark. Ronaldo merinci ada dokumen kesepakatan yang intinya Jesus mengaku salah mengabaikan Ronaldo.
""Empat puluh delapan jam kemudian, kami mengadakan pembicaraan, saya, sang pelatih, dan Simo Coutinho (direktur Al Nassr), karena dia mengikuti percakapan kami. Itu adalah momen yang sangat mendalam dan jujur, tanpa ada keraguan sedikit pun,"" ungkap Ronaldo.
""Kami sepakat hanya ada satu cara untuk mengakhiri ""kasus"" ini: sang pelatih akan mengulangi apa yang baru saja dia sampaikan kepada saya secara pribadi, di hadapan Simo Coutinho, namun di ruang konferensi pers. Kesepakatannya sederhana: sang pelatih akan memulai konferensi pers dengan topik ini, berusaha menyelesaikan masalah dengan mengatakan yang sebenarnya. Ia akan mengatakan bahwa saya tidak pernah meminta untuk bermain, bahkan hanya beberapa menit saja, dan sang pelatih sendiri, bukan orang lain, yang mengusulkan rencana pemusatan latihan ini, serta mengakui adalah kesalahannya untuk hanya melibatkan saya dalam pemanasan tanpa membiarkan saya bermain, dan bahwa, jika hal itu terulang, ia tidak akan melakukannya lagi,"" kata Cristiano Ronaldo.
""Kami mengakhiri pertemuan itu dengan sang pelatih meminta saya untuk berpelukan. Dia berjanji kepada saya, dia akan mengatakan dalam konferensi pers apa yang baru saja dia sampaikan kepada saya, serta masalah tersebut telah terselesaikan. Saya tidak akan bermain di Denmark, tetapi saya akan bermain dalam pertandingan di Dragão (melawan Norwegia terakhir). Semua ini terjadi di hadapan Simo Coutinho, seperti biasa. Ini adalah kali kedua dia mengingkari janjinya,"" katanya.
Dalam pernyataannya, Ronaldo juga mengakui kesalahannya karena sempat 'ngambek' dengan begitu saja pergi usai melawan Norwegia. Untuk itu, ia meminta maaf kepada masyarakat Portugal. Namun karena merasa dibohongi Jesus, ia merasa harus meninggalkan timnas.
""Saya sekali lagi meminta maaf kepada rakyat Portugal, namun pelanggaran janji saya itu sangat memengaruhi saya. Saya merasa jika saya tetap bertahan di tim mulai saat itu, hal itu hanya akan merugikan tim, jadi saya melakukan apa yang selalu saya katakan akan saya lakukan jika saya merasa tidak berguna: saya mengemasi barang-barang saya dan pergi,"" katanya.
Pernyataan ini menyiratkan drama Cristiano Ronaldo dan Jorge Jesus di Timnas Portugal bakal berlanjut panjang. Siapa yang akan kira-kira jadi 'pemenangnya?'
(yna/mrp)",sport
24,"Timnas Spanyol menang dramatis di kandang Timnas Kroasia. Lagi-lagi Mikel Merino jadi penyelamat La Furia Roja.
Spanyol tandang ke Stadion Poljud, Rabu (7/10/2026) dini hari WIB, dalam lanjutan Matchday IV UEFA Nations League 2026/2027. Mereka kembali menurunkan tim terbaiknya.
Tapi, Spanyol kesulitan meladeni Kroasia di babak pertama dan harus tertinggal duluan pada menit ke-17 karena gol Ivan Perisic. Spanyol baru bisa keluar dari tekanan di babak kedua.
Merino dimainkan menggantikan Alex Baena sebagai salah satu dari trio lini serang. Hasilnya Merino menyamakan skor di menit ke-61 lewat sontekan di depan gawang.
Waktu normal tersisa dua menit, Merino kembali mencetak gol untuk membawa Spanyol berbalik unggul 2-1! Umpan Martin Zubimendi diterima Merino di kotak penalti dan usai memutar badan, dia menyepak bola ke pojok atas.
Spanyol menang dan memastikan tiket ke perempatfinal Nations League tahun depan. Sementara, Merino lagi-lagi membuktikan dirinya adalah juru selamat Spanyol.
Total tujuh gol sudah dibuat Merino untuk Spanyol sebagai pemain pengganti, hanya kalah dari empat pemain yakni Mikel Oyarzabal (10), Alvaro Morata (9), serta Fernando Morientes dan Ferran Torres (8).
Hebatnya lagi, tiga dari empat gol terakhir Merino untuk Spanyol merupakan penentu kemenangan. Selama kariernya, Merino bikin 67 gol dengan 23 di antaranya memenangkan klub atau negaranya.
""Mencetak gol berarti sekali buat saya. Ini merupakan hasil kerja keras. Terkadang hasil kerja keras Anda tidak selalu berupa gol, tapi sekarang hasilnya adalah gol-gol. Saya senang sekali, tapi bukan cuma untuk gol, karena bisa berkontribusi untuk tim,"" ujar Merino di situs resmi UEFA.
(mrp/yna)",sport
25,"Cristiano Ronaldo diklaim memberi ultimatum. Selama Timnas Portugal masih dilatih Jorge Jesus, CR7 tidak akan kembali.
Kabar ini dibagikan ESPN, mengklaim merujuk beberapa sumber. Pemain berusia 41 tahun itu disebut kecewa dengan sang pelatih.
Ronaldo baru saja merilis pernyataan soal keputusannya meninggalkan kamp pelatihan Portugal di tengah jeda internasional ini. Kapten tim itu merasa kecewa dengan Jesus.
Lewat pernyataan panjangnya, Ronaldo merasa dua kali dibohongi sang pelatih. Pertama ketika tak dimainkan saat melawan Norwegia di Oslo, meski sudah dijanjikan tampil selama 30 menit.
Kemudian, Jorge Jesus disebut Cristiano Ronaldo berbohong bakal meminta maaf di konferensi pers Timnas Portugal jelang laga berikutnya melawan Denmark. Ronaldo menyebut Jesus melanggar beberapa kesepakatan yang sempat dibicarakan secara personal usai tak dimainkan melawan Norwegia.
Usai tak dimainkan melawan Norwegia, 27 September lalu, Ronaldo langsung meninggalkan kamp pelatihan Portugal. Ia absen saat timnya kemudian menang 4-1 atas Denmark dan 2-1 atas Norwegia di laga terakhir.
Cristiano Ronaldo langsung pulang ke Madrid setelahnya. Kini, pemilik 5 Ballon d'Or itu sudah kembali gabung dengan Al Nassr di Arab Saudi.
(yna/ran)",sport
26,"Spanyol tertinggal dulu sebelum akhirnya mengalahkan Kroasia. Pelatih La Furia Roja Luis de la Fuente tidak kaget melihat semangat juang anak asuhnya.
Spanyol melawat ke Stadion Poljud, Rabu (7/10/2026) dini hari WIB, dalam lanjutan Matchday IV UEFA Nations League 2026/2027. Di babak pertama, Spanyol berada dalam tekanan Kroasia yang menciptakan sembilan attempts, empat di antaranya ke gawang.
Spanyol cuma diberikan lima kali attempts dengan satu tepat sasaran. Hasilnya Kroasia memimpin 1-0 di menit ke-17 lewat Ivan Perisic.
Barulah di babak kedua, De La Fuente melakukan beberapa perubahan termasuk memasukkan Mikel Merino, Martin Zubimendi, Victor Munoz, dan Fermin Lopez.
| Baca juga: Lagi-lagi Merino Jadi 'Juru Selamat' Spanyol | 
Merino membuat skor sama kuat pada menit ke-61 sebelum memastikan kemenangan 2-1 di menit ke-88. Spanyol mempertahankan rekor tak terkalahkan menjadi 42 laga dan lolos ke perempatfinal UEFA Nations League.
Hasil yang bikin De La Fuente tersenyum karena semangat juang para pemainnya untuk mengejar ketertinggalan. De La Fuente bahkan yakin Spanyol tidak akan kalah meski kebobolan duluan.
""Mereka semua fantasttis dan tidak pernah berhenti bertarung. Kadang mereka mengejutkan saya juga - saya yang pertama mengakui itu. Anda bisa lihat bagaimana reaksi mereka di atmosfer seperti ini, kami berhasil menaklukkanya. Di babak kedua, kami tampil lebih baik. Ini kemenangan yang pantas didapat,"" ujar De La Fuente di situs resmi UEFA.
""Di babak kedua, kami lebih mengontrol permainan meski Kroasia beberapa kali merepotkan lewat serangan balik. Tapi saya selalu yakin kami bisa membalikkan keadaan.""
(mrp/yna)",sport
27,"Usai sudah kisah Lionel Messi bersama Timnas Argentina. La Pulga menutupnya dengan kemenangan 3-0 melawan Benin di laga persahabatan.
Argentina vs Benin berlangsung di Stadion Monumental, Buenos Aires, Rabu (7/10/2026) pagi WIB. Argentina menang 3-0.
Seluruh gol tercipta di babak kedua. Messi membuat assist untuk gol Nicola Otamendi di menit ke-48.
Nico Paz menyumbang gol dalam laga ini. Pemain muda Argentina itu merobek gawang Benin dengan memanfaatkan assist Messi di menit ke-61.
Lionel Messi akhirnya bisa menciptakan gol terakhirnya untuk Argentina. Dia mencetak gol melalui eksekusi penalti di menit ke-71.
Tak ada gol tercipta sampai laga tuntas. Perjalanan Messi dengan Timnas Argentina pun selesai.
(ran/ran)",sport
28,"Pio Esposito kini telah menjelma sebagai salah satu striker tertajam milik Italia. Dua tahun lalu, dia padahal cuma bermain di Serie B.
Penyerang tengah itu telah mencetak tujuh gol hanya dalam 13 penampilan untuk tim senior Azzurri sejak melakukan debutnya pada September 2025.
Dia mencetak gol dalam dua dari empat pertandingan Nations League yang dimainkan selama jeda tugas internasional ini, serta memberikan satu assist.
""Saya bangga dengan apa yang telah saya lakukan sejauh ini bersama tim nasional dan berterima kasih kepada pelatih Roberto Mancini karena telah mempercayai saya,"" kata Pio Esposito saat acara penghargaan Premio Gianluca Vialli di Rimini.
""Saya tidak lupa bahwa dua tahun lalu saya bermain di Serie B. Musim lalu saya mencatatkan 50 penampilan bersama Inter, dan sekarang saya bermain bersama dua striker terbaik di Serie A."" sambungnya.
Pio Esposito tampil bersama Spezia di Serie B pada musim 2024/2025. Dalam musim tersebut, dia mengemas 22 gol untuk Spezia.
Pemain jebolan akademi Inter Milan itu kemudian terus berkembang. Sepanjang musim ini usdah mengemas dua gol untuk Inter.
(ran/mrp)",sport
29,"Harry Kane tidak cuma menajamkan catatan gol saat Inggris mengalahkan Republik Ceko. Kane selangkah lagi memegang rekor caps terbanyak Tim Tiga Singa.
Kane memimpin Inggris saat menjamu Ceko di Wembley, Rabu (7/10/2026) dini hari WIB. Setelah gol bunuh diri Vladimir Coufal membawa Inggris unggul, Kane menggandakan skor di menit ke-40.
Kemenangan 3-0 Inggris dimantapkan gol kedua Kane pada menit ke-57 sekaligus mengukuhkan posisi di urutan kedua klasemen Grup 3 UEFA Nations League A dengan sembilan poin.
Kane jadi pemain ketujuh yang mencapai minimal 90 gol untuk timnasnya. Saat ini Kane sudah bikin 91 gol dari 125 caps dan diperkirakan masih akan mengejar rekor 100 gol yang cuma dimiliki tiga pemain.
Tapi, terkait jumlah penampilan untuk Inggris, Kane resmi menyamai rekor Peter Shilton yang posisinya adalah penjaga gawang. Sejak debut pada 2015, Kane cuma butuh waktu 11,5 tahun untuk bermain 125 kali.
Sementara, Shilton butuh 20 tahun setelah debut di Inggris pada 1970 hingga 1990. Tidak cuma rekor gol dan caps, beberapa rekor lain dipegang Kane seperti penampilan terbanyak di turnamen mayor (36), gol terbanyak di turnamen mayor (21), game turnamen mayor terbanyak sebagai kapten (32), dan gol di Wembley (31).
Rekor Shilton hampir pasti bakal dilewati Kane saat jeda internasional bulan depan. Inggris akan bertemu Kroasia (13 November) dan Spanyol (16 November).
""Malam sempurna untuk saya secara pribadi dan juga tim. Kamp yang sangat, sangat panjang, dan menyenangkan bisa menuntaskannya di Wembley. Tentu saja semua bangga dengan performa malam ini,"" ujar Kane di Reuters.
""Anda bisa lihat penampilan fantastis dari Inggris hari ini.""
(mrp/ran)",sport
30,"Cristiano Ronaldo meminta maaf kepada rekan-rekannya di Timnas Portugal dan juga suporter atas kegaduhan yang ditimbulkan belakangan ini. Ronaldo siap menerima apapun hukumannya.
Ronaldo kembali bikin ramai jagad sepakbola ketika dia meninggalkan kamp latihan Timnas Portugal pekan lalu. Dia kecewa dengan pelatih Jorge Jesus yang tidak menurunkannya saat bertemu Norwegia.
Padahal Jesus saat itu sudah berjanji akan memberikan menit bermain untuk Ronaldo. Atas aksinya tersebut, Ronaldo mendapat kritik keras dari banyak pihak, terlebih statusnya sebagai kapten tim yang harusnya bisa jadi panutan.
Itulah mengapa Ronaldo akhirnya mengirim permintaan maaf secara terbuka kepada rekan-rekannya di Selecao Das Quinas karena telah meninggalkan mereka.
Tidak lupa juga, Ronaldo meminta rakyat Portugal membukakan pintu maaf untuknya. Ronaldo bahkan siap menerima hukuman apapun atas tindakannya tersebut.
""Saya juga berhutang maaf kepada rekan-rekan setim saya karena telah meninggalkan mereka. Terlepas dari pelatih melanggar janjinya sendiri, seperti yang dapat dibuktikan oleh siapa pun yang menyaksikan percakapan ini, saya seharusnya tidak melakukannya. Ini semua salah saya,"" ujar Ronaldo dalam surat terbuka.
""Saya meminta maaf kepada rakyat Portugal sekali lagi, tetap saya benar-benar terpukul karena janji tidak ditepati. Sejak itu, saya merasa bahwa kehadiran saya hanya akan merugikan tim. Dan seperti yang saya sudah bilang, saya akan pergi jika merasa saya tidak berguna lagi untuk tim.""
""Saya paham bahwa ada konsekeunsi dari tindakan saya ini, yakni hukuman dari Federasi Sepakbola Portugal. Saya yakin hukuman tersebut pasti berat. Saya bukan pemain sembarangan; saya adalah kapten tim, dan itu merupakan faktor yang memberatkan. Saya sudah meminta maaf, tetapi saya tahu bahwa setiap tindakan ada konsekuensi. Siapa pun yang terlibat dalam sepakbola, seperti saya, tahu bahwa aturan itu berlaku untuk siapapun, tanpa memandang status si pemain.""
(mrp/ran)",sport
31,"Cristiano Ronaldo mengaku tak pernah mengintervensi pelatih dan pejabat Timnas Portugal. Hal ini ia katakan usai bersitegang dengan pelatih Jorge Jesus.
Ronaldo baru merilis pernyataan soal keputusannya meninggalkan kamp Portugal di tengah jeda internasional. Pemain berusia 41 tahun itu merasa dibohongi Jesus.
Ada dua hal yang membuat Ronaldo merasa kecewa dengan Jesus. Pertama saat tak memainkannya di laga melawan Norwegia, kemudian sang pelatih enggan meminta maaf secara terbuka kepadanya.
Dalam pernyataannya, Ronaldo menegaskan tak pernah mengintervensi urusan teknis dari pelatih. Ia cuma merasa dibohongi, sehingga memutuskan cabut dari timnas.
""Saya memutuskan untuk meninggalkan kamp pelatihan tanpa menunggu janji lain yang takkan ditepati. Bagi saya, kebenaran tetaplah hal terpenting dalam hubungan antarmanusia. Betapapun menyakitkannya, saya ingin kebenaran itu disampaikan kepada saya,"" kata Cristiano Ronaldo dalam pernyataanya yang dibagikan di media sosialnya.
""Bahkan, dalam percakapan yang saya lakukan dengan presiden Federasi Sepak Bola Portugal dan pelatih pada pagi hari konferensi pers itu, Anda bisa memverifikasinya, saya meyakinkan mereka jika mereka tidak menginginkan kehadiran saya, mereka seharusnya mengatakannya kepada saya. Mereka hanya perlu jujur. Saya akan menerimanya dan berjanji kepada mereka bahwa kami akan mempersiapkan sesuatu yang luar biasa, seperti yang saya harapkan akan terjadi, dan tidak ada yang akan marah.""
""Saya mengingatnya seolah-olah baru terjadi kemarin. Mereka menjawab dengan suara bulat bahwa tidak. Bahwa tempat saya adalah di tim nasional.""
""Saya tidak pernah campur tangan, kapan pun, dalam keputusan teknis atau taktis apa pun yang diambil oleh pelatih atau pejabat tim nasional mana pun selama hampir 25 tahun karier saya. Saya menerima, baik itu baik maupun buruk, apa yang mereka usulkan. Saya menghormati keputusan tersebut, dan ketika mereka melanggar janjinya kepada saya, saya merasa tempat saya bukanlah di sini,"" ungkap Cristiano Ronaldo.
(yna/ran)",sport
32,"Argentina vs Benin jadi panggung perpisahan Lionel Messi. Ada momen spesial dalam laga itu.
Argentina vs Benin bermain di Estadio Monumental, Buenos Aires, Rabu (7/10) pagi WIB. Laga itu jadi panggung perpisahan Lionel Messi.
Messi sudah umumkan pensiun dari Timnas Argentina pada akhir Agustus kemarin. Maka laga kontra Benin, adalah momennya Messi untuk sekali lagi berseragam Tim Tango dan berpisah dengan para suporter secara langsung.
Lionel Messi bermain penuh di laga tersebut. Messi kemas dua assist dan cetak satu gol, untuk kemenangan 3-0 Argentina.
Dilansir dari Marca, ada momen spesial. Saat laga masuk pada menit ke-10, permainan berhenti.
Para pemain dan suporter di stadion bertepuk tangan. Semuanya menghormati nomor 10 yang sudah jadi legenda, ya, Messi!
Menariknya, para pemain Benin turut menghampiri Lionel Messi. Mereka menyalami Messi.
Messi pun menyalami para pemain Benin satu per satu. Kemudian Messi juga bertepuk tangan ke seluruh arah tribune, membalas hormati dari para suporter.
Messi sudah selesai bersama Timnas Argentina. Sudah 20 tahun sudah La Pulga bermain, persembahkan empat trofi termasuk titel Piala Dunia yang paling prestisius.
(aff/krs)",sport
33,"Lionel Messi akhirnya mengucapkan selamat tinggal kepada Timnas Argentina. Setelah 208 pertandingan dan 126 gol, La Pulga menyebut bermain untuk negaranya sebagai salah satu hal terindah dalam hidupnya. Namun, perpisahan itu juga menjadi hari paling menyedihkan dalam kariernya.
Messi memainkan pertandingan terakhirnya bersama Argentina saat menghadapi Benin dalam laga persahabatan di Buenos Aires, Selasa. Pertandingan yang dijuluki ""tango terakhir"" itu ditutup dengan kemenangan 3-0 untuk La Albiceleste.
Messi ikut mencatatkan namanya di papan skor melalui eksekusi penalti pada menit ke-71. Dia juga menyumbang dua assist untuk gol Nicolás Otamendi dan Nico Paz.
Namun, momen paling emosional terjadi setelah pertandingan berakhir. Di hadapan para suporter di Stadion Monumental, Messi menyampaikan salam perpisahannya. Dia mengaku sebenarnya ingin terus kembali membela Argentina karena begitu besarnya arti tim nasional bagi dirinya.
""Saya ingin terus datang kembali selamanya, karena bermain untuk tim nasional Argentina adalah hal terindah yang bisa terjadi kepada Anda. Yang paling indah,"" kata Messi seperti dikutip ESPN.
Monumental dan Kenangan Piala Dunia
Stadion Monumental menjadi tempat yang tepat untuk menutup perjalanan Messi bersama Argentina. Di stadion tersebut, Messi mencetak gol internasional terbanyak sepanjang kariernya bersama Argentina, yakni 19 gol. Monumental juga menjadi tempat Argentina kembali merayakan kesuksesan mereka setelah menjuarai Piala Dunia 2022 di Qatar.
Kenangan itulah yang kembali diingat Messi saat mengucapkan salam perpisahan. ""Saya mengalami salah satu hari paling bahagia dalam karier saya di sini, hari ketika kami kembali untuk pertandingan pertama setelah Piala Dunia,"" ujarnya.
""Saya tidak akan pernah melupakan apa yang saya saksikan hari itu; itu adalah hal terindah yang pernah terjadi kepada saya.""
Pernyataan Messi tersebut membuat suasana Monumental semakin emosional. Air mata terlihat di wajah sejumlah penonton maupun rekan-rekan setimnya yang berada di sekeliling sang kapten.
Namun, Messi kemudian mengakui bahwa perpisahan dengan tim nasional membawa perasaan yang berlawanan. ""Tak pelak lagi, sekarang saya menghadapi hari paling menyedihkan dalam karier saya: mengucapkan selamat tinggal kepada tim nasional,"" lanjutnya.
""Selamat tinggal kepada kalian semua. Saya akan merindukan kalian; saya akan merindukan membela warna tim nasional, tetapi sekarang saya akan berada di sana bersama kalian, mendukung para pemain ini dan semua yang datang setelah mereka. Selalu, selalu bersatu.""
Tango Terakhir Messi
Sebelum perpisahan tersebut, Messi memastikan laga terakhirnya bersama Argentina tetap ditutup dengan penampilan istimewa.
Sempat gagal memanfaatkan sejumlah peluang, pemain berusia 39 tahun itu akhirnya mencetak gol melalui penalti pada menit ke-71. Tendangan kaki kirinya menghujam sudut atas gawang Benin dan disambut gemuruh penonton yang meneriakkan namanya.
Messi sebelumnya juga menjadi kreator dua gol Argentina. Umpan sepak pojoknya disundul Nicolás Otamendi pada menit ke-48, sebelum dia memberikan umpan kepada Nico Paz yang kemudian mencetak gol lewat tembakan melengkung.
Argentina menang 3-0. Messi pun menutup pertandingan ke-208-nya dengan satu gol dan dua assist.
Setelah peluit akhir, langit di atas Monumental dihiasi pertunjukan drone yang menampilkan berbagai momen dalam perjalanan karier Messi, termasuk gambar paling ikonik: dirinya mengangkat trofi Piala Dunia di Qatar pada 2022. Monumental pun menjadi saksi akhir perjalanan internasional Messi setelah 21 tahun membela Argentina, dua gelar Copa America, dan satu trofi Piala Dunia.
(krs/aff)",sport
34,"Cristiano Ronaldo meminta Timnas Portugal jujur. Jika memang dirinya tidak dibutuhkan lagi, Ronaldo sudah siap pergi!
Cristiano Ronaldo umumkan soal dramanya di Timnas Portugal lewat sosial medianya, Rabu (7/10). Seperti diketahui, Ronaldo cabut dari markas latihan di tengah-tengah UEFA Nations League.
Ronaldo sempat diminta pemanasan, tapi tidak dimainkan juga saat Portugal hadapi Norwegia pada Senin (28/9). Ronaldo padahal dijanjikan main meski sebagai pemain pengganti, tapi pelatih Jorge Jesus tetap tidak memainkannya.
Cristiano Ronaldo mengaku dirinya, Timnas Portugal, dan Jorge Jesus akan menyelesaikan drama dengan satu cara. Jesus minta maaf di sesi jumpa pers karena tidak memainkan Ronaldo.
Namun, Jesus justru menegaskan kalau dirinya adalah pemegang kendali. Jesus sendiri yang menentukan siapa-siapa saja yang akan main.
""Kesepakatannya sederhana, pelatih akan memulai konferensi pers dengan membahas topik ini, berupaya menuntaskan masalah tersebut dengan mengungkapkan kebenaran,"" tulis Ronaldo.
""Konferensi itu berlangsung persis seperti dugaanku, sikap yang ditunjukkan sama sekali berbeda dengan saat pertemuan kami sebelumnya. Aku mendengar kata-kata dan nada agresif yang menurutku tidak pada tempatnya,"" ungkapnya.
Cristiano Ronaldo tegaskan, dirinya sudah siap pergi memang jika tidak dibutuhkan lagi oleh Timnas Portugal. Selama ini, Ronaldo mengaku dirinya selalu diminta untuk main.
""Setelah Piala Dunia 2026, aku menyusun sebuah surat yang ditujukan kepada rakyat Portugal-dan masih aku simpan hingga kini-yang berisi pesan yang ingin aku sampaikan saat aku benar-benar meninggalkan tim,"" tulisnya.
""Di akhir kompetisi, tepatnya dalam penerbangan pulang dari Amerika Serikat, Presiden Federasi meminta dan mendesakku untuk mempertimbangkan kembali keputusanku untuk pergi, karena FPF (federasi sepakbola Portugal-red) menginginkanku untuk tetap bertahan,"" sambungnya.
""Aku menegaskan kembali bahwa jika mereka tidak menginginkan kehadiranku di sana, mereka sebaiknya mengatakannya secara terus terang,"" tegasnya.
""Mereka hanya perlu bersikap jujur kepadaku. Aku akan menerimanya, tanpa ada pihak yang merasa marah,"" tutupnya.
Saksikan Live DetikSore:
(aff/krs)",sport
35,"Lionel Messi telah melakoni pertandingan terakhirnya bersama Timnas Argentina. Selama lebih dari dua dekade berseragam Albiceleste, La Pulga menorehkan pencapaian yang luar biasa. Berikut adalah rincian statistiknya.
Argentina sukses memetik kemenangan 3-0 saat berhadapan dengan Benin dalam laga FIFA matchday yang digelar di Estadio Monumental, Buenos Aires, Rabu (7/10/2026) pagi WIB.
Gol-gol kemenangan Argentina dicetak oleh Nicolas Otamendi, Nico Paz, dan Lionel Messi. Bagi Messi, laga ini menjadi perpisahan yang manis karena ditutup dengan kemenangan sekaligus sumbangan gol di papan skor.
Messi sebelumnya telah mengumumkan rencana pensiun dari Timnas Argentina setelah Piala Dunia 2026. Salah satu pemicu utama keputusan tersebut adalah kepergian sang ayah, Jorge, yang telah meninggal dunia.
Dari segi prestasi, Messi telah menyempurnakan lemari trofinya bersama Timnas Argentina. Ia sukses merengkuh gelar Copa America pada 2021 dan 2024, menjuarai Piala Dunia 2022, serta memenangi Finalissima pada tahun yang sama.
Sepanjang karier internasionalnya, Messi telah mencatatkan 208 penampilan bersama Argentina. Catatan tersebut ditorehkan dalam kurun waktu 21 tahun, sejak pertama kali menjalani debut pada 17 Agustus 2005 dalam laga uji coba melawan Hungaria.
Secara produktivitas, Messi telah menyumbangkan 126 gol bagi Argentina. Beberapa di antaranya tercipta di laga-laga monumental, termasuk dua gol krusial pada partai final Piala Dunia 2022 melawan Prancis.
Selain tajam dalam mencetak gol, peraih delapan Ballon d'Or ini juga membukukan 70 assist serta mencatatkan 11 hat-trick untuk tim nasional.
Publik sepak bola Argentina tentu akan merindukan kehadiran Messi di atas lapangan. Sejumlah pemain muda kini digadang-gadang sebagai penerus potensial di skuad Albiceleste, salah satunya adalah Nico Paz.
Selepas laga kontra Benin, Negeri Tango kini resmi melangkah ke era baru tanpa kehadiran sang legenda di atas lapangan.
(cas/aff)",sport
36,"Mikel Merino kembali menjadi pahlawan Spanyol. Masuk dari bangku cadangan, gelandang Arsenal itu mencetak dua gol untuk membawa La Roja bangkit dan mengalahkan Kroasia 2-1 di UEFA Nations League. Namun, Merino mengaku tidak sepenuhnya senang dengan perannya sebagai pemain pengganti.
Spanyol tertinggal lebih dulu setelah Ivan Perisic membawa Kroasia unggul pada babak pertama. Merino kemudian masuk setelah jeda dan langsung mengubah jalannya pertandingan.
Merino mencetak gol penyama kedudukan pada menit ke-61. Dia kemudian kembali mencatatkan namanya di papan skor pada menit ke-89 untuk memastikan kemenangan Spanyol 2-1.
Bagi Merino, itu menjadi gol ke-15 bersama timnas Spanyol. Empat dari lima gol terakhirnya untuk La Roja bahkan tercipta pada menit ke-88 atau setelahnya. Termasuk dua gol penentu kemenangan atas Portugal dan Belgia di Piala Dunia 2026.
Meski kembali memberikan dampak besar, Merino mengakui ada perasaan kurang puas karena harus memulai pertandingan dari bangku cadangan. ""Saya sangat senang bisa kembali membantu tim dalam pertandingan lain di mana saya harus masuk dari bangku cadangan,"" kata Merino kepada Teledeporte seusai pertandingan.
""Saya masuk dengan sikap sebaik mungkin, meskipun Anda kecewa karena tidak menjadi starter dan ingin bermain lebih banyak.""
Namun, Merino tidak ingin kekecewaan pribadi mengganggu kepentingan tim. Dia menegaskan para pemain Spanyol tetap bersatu sebagai sebuah keluarga.
""Tapi tim ini adalah sebuah keluarga dan itu selalu terlihat. Seperti semua pemain yang bermain, saya bisa memberikan kontribusi saya.""
| Baca juga: Lagi-lagi Merino Jadi 'Juru Selamat' Spanyol | 
Merino, Spesialis Late Goal Spanyol
Peran sebagai supersub justru membuat Merino kembali menunjukkan ketajamannya. Dua golnya ke gawang Kroasia memperpanjang tren mencolok sang gelandang dalam seragam Spanyol.
Gol penyama pada menit ke-61 menjaga Spanyol tetap hidup. Merino kemudian menjadi penentu kemenangan pada menit ke-89 sekaligus memastikan La Roja meraih kemenangan keempat secara beruntun dalam rangkaian laga internasional September-Oktober.
Kemenangan tersebut juga memastikan Spanyol lolos ke perempat final UEFA Nations League. La Roja memimpin Grup A3 dengan 12 poin dari empat pertandingan, unggul tiga poin atas Inggris yang berada di posisi kedua.
Dengan performa seperti itu, Merino kembali memperlihatkan bahwa dirinya mampu menjadi pembeda ketika Spanyol membutuhkan gol. Hanya saja, di balik statusnya sebagai pahlawan dari bangku cadangan, ada satu hal yang masih mengganjal: Merino ingin lebih sering memulai pertandingan sejak menit pertama.
(krs/cas)",sport
37,"Lionel Messi telah memainkan laga terakhirnya bersama Timnas Argentina. Setelah 21 tahun, era La Pulga bersama Albiceleste berakhir. Kini, satu pertanyaan muncul: siapa yang akan mewarisi nomor 10?
Messi menutup karier internasionalnya saat Argentina mengalahkan Benin 3-0 di Stadion Monumental, Selasa (6/10/2026). Itu menjadi penampilan ke-208 sekaligus laga terakhirnya bersama Argentina.
Nomor 10 pun memasuki era baru. Sebelum dipakai Messi nomor tersebut juga identik dengan Diego Maradona, sehingga pemilik berikutnya akan menghadapi ekspektasi besar.
Merujuk regulasi FIFA, Argentina tidak bisa memesiunkan nomor tersebut. Artinya, harus ada sosok yang mewarisi nomor 10. Masih sesuai regulasi internasional FIFA, seluruh timnas wajib mengalokasikan para pemain dengan nomor punggung 1-23, atau sesuai jumlah pemainnya dalam skuad di laga-laga internasional.
Dalam catatan SportingNews, saat ini setidaknya ada tiga nama yang berpotensi menjadi suksesor Messi dalam memakai jersey nomor 10 Argentina.
Franco Mastantuono
Mastantuono merupakan pemain terakhir yang pernah pakai nomor 10 Argentina selain Messi. Pemain 19 tahun itu punya prospek besar, tetapi masih membutuhkan konsistensi untuk menjadi pilihan utama dalam jangka panjang.
Dia baru memiliki enam caps dan satu gol untuk Argentina. Setelah periode sulit di Real Madrid, Mastantuono mulai bangkit bersama Fiorentina dengan mencetak tiga gol dalam lima laga pertamanya musim ini.
Enzo Fernandez
Enzo Fernandez menjadi kandidat dengan pengalaman internasional paling matang. Gelandang Manchester City itu telah mengoleksi 50 caps bersama Argentina.
Selama kariernya di timnas, Enzo lebih sering mengenakan nomor 24. Namun, dengan kepergian Messi, nomor 10 bisa menjadi pilihan baru bagi pemain 25 tahun tersebut.
Kemampuannya bermain sebagai gelandang serang maupun nomor delapan membuat Enzo punya profil yang sesuai untuk mengisi peran penting di era baru Argentina.
Nico Paz
Nico Paz juga menjadi kandidat menarik. Pemain 22 tahun itu berkembang bersama Como setelah meninggalkan Real Madrid dan diproyeksikan menjadi salah satu pemain penting Argentina ke depan.
Paz telah mengoleksi 13 caps dan tiga gol. Dia juga berpotensi mendapatkan menit bermain lebih banyak setelah Messi pensiun.
Namun, pengalaman Paz di timnas masih kalah dibandingkan Enzo. Karena itu, nomor 10 bisa saja lebih dulu diberikan kepada pemain yang lebih berpengalaman sebelum akhirnya menjadi milik Paz.
Messi kini telah pergi. Nomor 10 Argentina pun harus menemukan pemilik baru.
Mastantuono, Enzo Fernandez, dan Nico Paz menjadi tiga nama yang berpotensi meneruskan warisan tersebut. Siapa pun yang terpilih akan membawa nomor yang selama bertahun-tahun identik dengan Messi dan sebelumnya Maradona.
Saksikan Live DetikSore:
(krs/aff)",sport
38,"Ronaldinho ikut melepas Lionel Messi yang pensiun dari Timnas Argentina. Ronaldinho senang, bisa jadi bagian kecil dari sejarah La Pulga.
Lionel Messi ucapkan salam perpisahan ke Timnas Argentina. Messi main saat Argentina vs Benin dalam laga uji coba, Rabu (7/10) pagi WIB di Buenos Aires.
Argentina menang 3-0. Messi sumbang dua assist dan satu gol.
Di laga itu, Lionel Messi akhirnya resmi berpisah dengan Timnas Argentina. Dua dekade sudah Messi berseragam Tim Tango dan menjadi kapten dalam 15 tahun terakhir.
Messi sudah memberikan segalanya. Empat titel diraih, termasuk titel Piala Dunia yang paling prestisius.
Ronaldinho ikut ucapkan selamat ke Lionel Messi. Meski keduanya berasal dari negara dengan rivalitas tinggi yakni Brasil dan Argentina, tapi keduanya bersahabat baik.
Ronaldinho adalah mentor Messi di Barcelona. Keduanya berbagi ruang ganti, senior dan junior tapi penuh respek.
Lewat sosial media pribadinya, Ronaldinho tuliskan kalimat penuh haru. Ronaldinho senang jadi bagian sejarah karier Messi sejak hari pertama. Messi pun baginya bukan cuma legenda Argentina, tapi legenda dunia!
""Sebuah kebanggaan dan kebahagiaan bisa menjadi bagian dari kisahmu sejak hari pertama, saudaraku,"" bukanya.
""Kamu membuat kami semua tersenyum dan menikmati sepakbola. Namamu ada dalam sejarah Argentina juga di dunia,""
""Kita berdua tahu rasanya mewujudkan mimpi masa kecil, membela timnas, dan menjadi juara dunia. Kamu sudah memberikan segalanya untuk negaramu,""
""Nikmati hidup saudaraku, aku selalu doakan yang terbaik untukmu dan keluargamu, hari ini dan selalu,"" tutupnya dengan foto kedua pemain berpelukan dalam balutan jersey timnas masing-masing.
Saksikan Live DetikSore:
(aff/cas)",sport
39,"Argentina - Laga perpisahan Lionel Messi bersama Argentina berakhir manis. La Albiceleste menang 3-0 atas Benin dalam laga persahabatan di Stadion Monumental.
                                                    Foto Sepakbola
                                                
                        
                            
                                
                                
    
        
        
        
        
    
    
                        
                    
                    
Laga Perpisahan Messi Berakhir Manis, Argentina Menang 3-0 atas Benin
Rengga Sancaya - detikSepakbola",sport
40,"Jeddah - Arab Saudi menjuarai Gulf Cup setelah mengalahkan Uni Emirat Arab 2-0 di Jeddah. Gelar ini mengakhiri penantian 22 tahun Arab Saudi sejak terakhir juara.
                                                    Foto Sepakbola
                                                
                        
                            
                                
                                
    
        
        
        
        
    
    
                        
                    
                    
Arab Saudi Akhiri Penantian 22 Tahun, Juara Piala Teluk 2026 Usai Taklukkan UEA
Muhammad Azzam - detikSepakbola",sport
41,"Timnas Indonesia menjadi kampiun FIFA ASEAN Cup 2026 usai mengalahkan Thailand di final. Kiper Tim Gajah Perang Saranon Anuin mengucapkan selamat buat RI.
Indonesia mengakhiri FIFA ASEAN Cup dengan trofi juara, Senin (5/10/2026) malam WIB. Pasukan John Herdman menang adu penalti 4-2 atas Thailand setelah bermain imbang 2-2 hingga babak tambahan di Stadion Utama Gelora Bung Karno.
4 Eksekutor penalti Indonesia berhasil menjalankan tugasnya dengan sempurna. Thailand hanya bisa memasukkan 2 bola, dengan tendangan Nattapong Sayriya sukses ditepis kiper Emil Audero dan memastikan Garuda jadi juara.
Hasil di laga final FIFA ASEAN Cup dikomentari Saranon Anuin. Dia mengaku kecewa Thailand gagal menjadi juara meski sudah memberikan penampilan terbaik.
""Sayang sekali. Hanya tinggal satu langkah lagi bagi kami untuk menjadi juara. Terima kasih kepada semua rekan setim saya yang telah melakukan yang terbaik,"" kata Anuin usai laga Indonesia vs Thailand, dilansir dari akun Instagram Timnas Thailand.
""Selamat kepada Indonesia. Semua pemain Thailand telah melakukan pekerjaan yang hebat. Terima kasih semuanya atas bantuannya,"" ujarnya.
Timnas Thailand memang tampil spartan selama 120 menit. Gajah Perang bermain dengan 10 pemain sejak menit ke-80 setelah Nicholas Mickelson mendapat kartu merah.
Tampil dengan 10 pemain, Thailand mampu mengejar ketertinggalan 0-1 menjadi 1-1 jelang waktu normal habis. Manuel Bihr cs bahkan sempat unggul 2-1 di babak tambahan, sebelum gol Elkan Baggott memaksa duel berakhir 2-2 dan lanjut ke adu penalti.
(bay/krs)",sport
42,"Timnas Thailand dikalahkan Indonesia dalam adu penalti di final FIFA ASEAN Cup 2026. Sarach Yooyen meminta maaf karena gagal mencetak gol di babak tos-tosan.
Indonesia merengkuh titel juara FIFA ASEAN Cup di Stadion Utama Gelora Bung Karno, Senin (5/10/2026) malam WIB. RI jadi kampiun usai mengalahkan Thailand 4-2 dalam adu penalti.
4 Algojo penalti Indonesia sukses menjalankan tugasnya dengan sempurna. Dari kubu Thailand, Sarach Yooyen dan Nattapong Sayriya gagal mencetak gol.
Sarach Yooyen jadi penendang penalti ketiga Thailand. Percobaan tembakannya mampu mengecoh kiper Emil Audero, tapi bola menghantam tiang dan gagal masuk ke gawang.
Kegagalan Yooyen mencetak gol juga dirasakan eksekutor keempat Thailand Nattapong Sayriya. Bola tembakannya bisa ditepis Emil Audero dan memastikan kemenangan Indonesia 4-2.
Yooyen amat menyesali kegagalannya mencetak gol penalti. Bek klub BG Pathum United ini meminta maaf kepada para penggemar di media sosial selepas pertandingan.
""Saya meminta maaf kepada semua penggemar sepakbola Thailand,"" Yooyen menuliskan di Instastory, dilansir dari media Thailand Siamsport.
Yooyen turun sebagai starter Thailand menghadapi Indonesia. Kehadirannya menyulitkan lini serang Garuda, bahkan ketika tim tamu bermain dengan 10 pemain sejak kartu merah Nicholas Mickelson pada menit ke-80.
(bay/aff)",sport
43,"Timnas Indonesia jadi kampiun FIFA ASEAN Cup 2026 setelah hempaskan Thailand. Jay Idzes bahagia tapi juga tegaskan, ini baru awal!
Timnas Indonesia kalahkan Thailand di final FIFA ASEAN Cup 2026, di SUGBK, Jakarta, Senin (5/10) dini hari WIB. Skor imbang 1-1 di waktu normal.
Dean James bawa Indonesia unggul duluan dengan tendangan bebasnya di menit ke-84, Thailand pun main dengan 10 pemain setelah Mickelson kena kartu merah. Iklas Sanron samakan kedudukan tiga menit kemudian lewat sontekannya.
Thailand berbalik unggul lewat tembakan mendatar Peeradol di menit ke-111. Elkan Baggott jaga asa, setelah tembakannya lima menit kemudian menghantam mistar dan jebol gawang Thailand.
Di babak adu penalti, dua algojo Thailand gagal setelah kena tiang dan ditepis Emil Audero. Garuda menang 4-2 di tos-tosan.
Di Italia sana, ada seorang pemain yang ikutan berpesta. Dia adalah bek Timnas Indonesia, Jay Idzes.
Idzes absen di FIFA ASEAN Cup 2026 karena sedang pemulihan cedera. Namun Idzes selalu beri dukungan.
| Baca juga: Egy Adalah Kunci | 
Lewat unggahannya, Jay Idzes begitu bahagia melihat rekan-rekannya angkat trofi. Apalagi, Timnas Indonesia tuntaskan dahaga untuk kembali menjadi juara setelah 35 tahun lamanya.
Idzes turut beri pesan tegas. Pemain berusia 26 tahun mau Garuda menangi trofi-trofi yang lain!
""Terima kasih kepada seluruh pemain dan staf yang telah memberikan kenangan serta kebahagiaan yang akan membekas seumur hidup bagi kita semua. Kalian pantang menyerah. Di tengah segala hambatan dan masa-masa sulit, kalian menunjukkan bahwa kita mampu meraih apa pun saat berjuang bersama. Inilah semangat dan makna sejati dari Indonesia,"" paparnya.
""Perjalanan kita tidak berhenti di sini. Ini hanyalah permulaan. Kita Garuda,"" tutupnya.
(aff/krs)",sport
44,"Pemain Thailand, Manuel Bihr viral setelah tidak salami Presiden Prabowo ketika pengalungan medali runner up. Istrinya beri klarifikasi.
Dalam suatu akun di Instagram, ada cuplikan pengalungan medali FIFA ASEAN Cup 2026. Seperti diketahui, Timnas Indonesia menang atas Thailand 4-2 di adu penalti pada laga final, Senin (5/10) di SUGBK, Jakarta, setelah skor imbang 2-2 sampai babak perpanjangan waktu.
| Baca juga: Egy Adalah Kunci | 
Ketika Timnas Thailand naik ke panggung untuk pengalungan medali runner up, ada momen yang mencuri perhatian. Itu ketika, Manuel Bihr dikalungi medali oleh Presiden RI Prabowo Subianto.
Bihr sudah memberikan salam dengan menempel tangan kepada Presiden FIFA Gianni Infantino dan Presiden Prabowo. Namun ketika Prabowo sodorkan tangan, sang bek ngeloyor jalan.
Hal itu viral di sosial media. Istri Manuel Bihr, Olga Bhir memberikan klarifikasi di posting-an itu.
""Jelas terlihat tidak disengaja. Dia sudah berkata terima kasih dan berjalan lebih cepat. Hanya begitu saja, mengapa sampai jadi drama?"" tulis Olga.
Para netizen Indonesia pun menanggapi dengan santai dan tidak ada masalah. Olga pun lega.
""Sepakbola bukan politik dan kami mencintai masyarakat Indonesia serta para suporter yang luar biasa. Bhir tidak bermaksud untuk tidak menghormati siapa pun. Setelah 120 menit di lapangan dan babak penalti, saya rasa momen seperti itu bisa saja tidak sengaja terjadi,"" tambahnya.
| Baca juga: Justin Hubner: Indonesia 'King' Sesungguhnya | 
(aff/adp)",sport
45,"Ole Romeny bagai berdansa di sepanjang FIFA ASEAN Cup 2026. Ole bawa Timnas Indonesia jadi kampiun, dengan aksi assist dan terus berlari.
Timnas Indonesia menang atas Thailand di final FIFA ASEAN Cup 2026, di SUGBK, Jakarta, Senin (5/10) dini hari WIB. Skor imbang 1-1 di waktu normal.
Dean James bawa Indonesia unggul duluan dengan tendangan bebasnya di menit ke-84, Thailand pun main dengan 10 pemain setelah Mickelson kena akumulasi kartu kuning berujung kartu merah.. Iklas Sanron samakan kedudukan tiga menit kemudian lewat sontekannya.
Thailand berbalik unggul lewat tembakan mendatar Peeradol di menit ke-111. Elkan Baggott jaga asa, setelah tembakannya lima menit kemudian menghantam mistar dan jebol gawang Thailand.
Di babak adu penalti, dua algojo Thailand gagal setelah kena tiang dan ditepis Emil Audero. Garuda menang 4-2 di tos-tosan.
Salah satu jagoan Timnas Indonesia adalah Ole Romeny. Sang penyerang selalu main sebagai starter.
Biasanya Ole bikin gol, tapi di FIFA ASEAN Cup 2026 perannya bergeser jadi pelayan. Posisi penyerang tengah diisi Mitchell Baker.
| Baca juga: Egy Adalah Kunci | 
Ole Romeny catatkan statistik apik. Satu gol dan empat assist dikemasnya dari empat laga di FIFA ASEAN Cup 2026!
Di laga final, Ole memberi sumbangsih untuk gol Dean James. Dirinya menusuk ke dalam kotak penalti dan ditarik Mickelson. Nama terakhir diusir keluar lapangan.
Ole memang diplot sebagai nomor 10. Pergerakannya bebas, Ole bisa menusuk dari dua sisi, menusuk dari tengah, atau maju ke depan gawang.
Pemain berusia 26 tahun itu harus dibopong dua staf timnas ketika berselebrasi. Ole memang diketahui tidak fit 100 persen sebelum final.
Mari menanti, dansa-dansa Ole lagi di pertandingan berikutnya!
(aff/bay)",sport
46,"Timnas Thailand apes betul di tahun 2026. Pasukan Anthony Hudson kalam dalam 2 final turnamen regional Asia Tenggara, paling anyar FIFA ASEAN Cup.
Kekalahan didapat Thailand pada final FIFA ASEAN Cup 2026, Senin (5/10) malam WIB. Tim Gajah Perang tumbang dari Indonesia dalam babak adu penalti di Stadion Utama Gelora Bung Karno.
Thailand mampu menahan Indonesia 1-1 hingga 2x45 menit, serta mengimbangi RI 2-2 di babak tambahan. Adu penalti berakhir untuk kemenangan Indonesia 4-2 setelah eksekusi Sarach Yoohen dan Nattapong Sayriya gagal menjadi gol.
Ini menjadi kekalahan kedua Thailand dalam final turnamen regional ASEAN tahun 2026. Pada Agustus Thailand kalah agregat 2-4 dari Vietnam dalam babak perebutan juara Piala AFF.
Anthony Hudson angkat bicara soal kegagalan Thailand di Piala AFF dan FIFA ASEAN Cup. Dia mengklaim tak bisa mendapatkan pemain terbaik dalam 2 turnamen itu, sehingga harus memaksimalkan para penggawa muda.
""Di FIFA ASEAN 2026, dan Piala AFF 2026 sebelumnya, masalah saya adalah saya tidak bisa memilih pemain terbaik. Tim nasional Thailand terus berubah karena keadaan setiap turnamen,"" kata Hudson, dilansir dari The Thao Online.
""Hal ini memaksa kami menggunakan banyak pemain muda. Aspek positifnya adalah staf pelatih dapat melihat performa banyak pemain muda. KakanaKhamyok dan Yotsakorn Burapha adalah pemain muda dengan potensi besar.""
| Timnas Thailand saat menjalani Piala AFF 2026. (Foto: NurPhoto via Getty Images/NurPhoto) | 
""Saya percaya pada mereka dan melihat masa depan yang cerah. Saya bangga banyak pemain muda telah diberi kesempatan,"" ujarnya.
Timnas Thailand kini fokus menatap gelaran Piala Asia 2027. Tim Gajah Perang tergabung di Grup F bareng Jepang, Qatar, dan Indonesia.
(bay/aff)",sport
47,"Timnas Thailand kalah dari Indonesia dalam adu penalti di final FIFA ASEAN Cup 2026. Pelatih Tim Gajah Perang Anthony Hudson tak mempermasalahkan hasil itu.
Indonesia berhasil jadi kampiun FIFA ASEAN Cup, Senin (5/10/2026) malam WIB. RI juara usai mengalahkan Thailand 4-2 dalam adu penalti di Stadion Utama Gelora Bung Karno, Jakarta.
2 Algojo penalti Thailand gagal menyarangkan bola ke gawang. Percobaan Sarach Yooyen membentur tiang gawang, sementara tembakan Nattapong Sayriya bisa ditepis Emil Audero.
Anthony Hudson angkat bicara usai kekalahan Thailand dari Indonesia. Dia mengapresiasi para pemainnya yang tampil spartan di lapangan, utamanya setelah bermain dengan 10 pemain.
Thailand terpaksa tampil dengan 10 pemain sejak menit ke-80 usai kartu merah Nicholas Mickelson. Kendati demikian, tim tamu mampu memaksa Indonesia bermain imbang 1-1 hingga akhir babak pertama dan 2-2 di extra time.
""Saya sangat kecewa, tetapi saya harus mengatakan bahwa saya bangga dengan para pemain saya atas semua yang mereka lakukan dalam pertandingan ini. Para pemain Thailand kelelahan setelah 120 menit, sebagian besar bermain dengan 10 pemain,"" kata Hudson, dilansir dari The Thao Online.
| Drama adu penalti menjadi penentu gelar juara FIFA ASEAN Cup 2026. Emil Audero menggagalkan tendangan terakhir Thailand dan membawa Indonesia berpesta di SUGBK. (Foto: Rifkianto Nugroho/detikfoto) | 
""Adu penalti seperti sebuah perjudian; tidak ada yang bisa disalahkan, apakah mereka mencetak gol atau tidak. Sarn dan Nattapong bermain sangat baik. Kami tidak akan sampai sejauh ini tanpa mereka,"" tegasnya.
Ini menjadi kekalahan kedua Thailand di laga final kompetisi regional tahun 2026. Tim Gajah Perang sebelumnya dikalahkan Vietnam dalam perebutan juara Piala AFF.
Lihat juga Video 'Momen Tengil Hubner Selebrasi-Senggol Pemain Timnas Thailand':
(bay/krs)",sport
48,"Justin Hubner begitu emosional ketika Timnas Indonesia menangi FIFA ASEAN Cup 2026. Hubner menilai ajang ini cukup personal.
Timnas Indonesia kalahkan Thailand pada final FIFA ASEAN Cup 2026, di SUGBK, Jakarta, Senin (5/10) dini hari WIB. Skor imbang 1-1 di waktu normal.
Dean James bawa Indonesia unggul duluan dengan tendangan bebasnya di menit ke-84, Thailand pun main dengan 10 pemain setelah Mickelson kena kartu merah. Iklas Sanron lantas samakan skor tiga menit kemudian lewat sontekannya.
Thailand justru berbalik unggul lewat sepakan mendatar Peeradol di menit ke-111. Elkan Baggott jaga asa, setelah tembakannya lima menit kemudian menghantam mistar dan masuk ke gawang Thailand.
Di babak adu penalti, dua algojo Thailand gagal setelah kena tiang dan ditepis Emil Audero. Garuda menang 4-2 di tos-tosan.
| Baca juga: Egy Adalah Kunci | 
Justin Hubner dipercaya mengawal lini pertahanan Timnas Indonesia oleh pelatih John Herdman. Hubner selalu main sejak awal FIFA ASEAN Cup 2026.
Hubner selalu bermain penuh, sumbang satu gol dan satu assist. Setelah Garuda meraih titel juara, pemain berusia 23 tahun itu ungkap ajang ini begitu personal baginya.
""Harus mulai dari mana nih? Saya sangat bangga dengan tim ini, trofi pertama ini, dan kami menunjukkan bahwa kami yang terbaik di ajang ini dengan mentalitas yang luar biasa,"" bukanya di unggahan pada sosial media pribadinya.
""Turnamen ini sangat personal, bagi mereka yang melontarkan kebencian kepada istri, putri, dan keluarga saya, serta mengirimkan ancaman pembunuhan kepada mereka,"" ungkapnya.
""Inilah yang terjadi jika kalian membuat El Preman marah,"" tegasnya.
""Jadi, bagi siapa pun yang menjelek-jelekkan nama saya, kalian telah melakukan kesalahan besar dan justru memotivasi saya. Ini Indonesia dan saya akan tegaskan lagi: Level mereka sudah tidak setara dengan kita,"" paparnya.
""Kitalah raja yang sesungguhnya,"" tutupnya.
(aff/rin)",sport
49,"Chanathip Songkrasin mengomentari penggawa naturalisasi Indonesia. Menurutnya keunggulan skill Kevin Diks cs tak beda jauh dengan pemain Thailand.
Timnas Indonesia menjadi kampiun FIFA ASEAN Cup 2026, Senin (5/10) malam WIB. RI juara setelah mengalahkan Thailand dalam adu penalti di Stadion Utama Gelora Bung Karno.
Thailand sedianya memberikan perlawanan sengit sejak awal pertandingan. Tim tamu bahkan mampu mencetak gol penyeimbang 1-1 di akhir babak kedua tak lama usai pemainnya Nicholas Mickelson mendapat kartu merah.
Pada babak tambahan Thailand bahkan sempat memimpin 2-1 via gol Peeradol Chanrasamee. Indonesia memaksa duel lanjut adu penalti setelah Elkan Baggott mencetak gol kedua.
Kapten Timnas Thailand Chanathip Songkrasin mengapresiasi perjuangan rekan setimnya di laga final. Gelandang berusia 33 tahun ini bahkan menilai Thailand mampu mengimbangi permainan Indonesia, yan mayoritas diisi pemain-pemain naturalisasi.
""Hari ini kami bermain sangat baik. Kami bisa bilang Indonesia memiliki beberapa pemain yang bisa disebut 'pemain asing,' tetapi dalam hal kemampuan individu, mereka tidak jauh lebih unggul dari kita. Kami hanya melewatkan beberapa kesalahan kecil,"" kata Chanathip, dilansir dari Thairath Sport.
Thailand turut membawa pemain-pemain naturalisasi di FIFA ASEAN Cup. Ada Nicholas Mickelson (Norwegia), Manuel Bihr (Jerman), dan Jude Jacob Soonsup-Bell (Inggris).
Tak cuma mengandalkan naturalisasi, Thailand turut memanggil beberapa pemain muda potensial. Salah satunya Iklas Sanron (21 tahun) yang mencetak gol penyeimbang 1-1 melawan Indonesia di final.
(bay/krs)",sport
50,"Kompetisi olahraga antarkampus UniGames 2026 menjadi salah satu wadah untuk mencari bibit baru sepakbola putri. Ajang ini diproyeksikan menjadi bagian dari talent scouting menuju Liga Wanita Indonesia Musim 2.
Perwakilan Sepakbola Wanita Indonesia Ramadhana Wulandhani menegaskan pentingnya kolaborasi dengan sektor swasta untuk mendorong perkembangan sepakbola wanita di Indonesia. Menurutnya, semakin banyak wadah kompetisi akan membuka kesempatan lebih luas bagi para pemain untuk berkembang.
UniGames 2026 akan digelar di kawasan Karawaci, Tangerang, pada 6-11 Desember 2026. UniGames mempertandingkan tujuh cabang olahraga. Ketujuh cabor tersebut adalah sepakbola putri, biliar, jujitsu, taekwondo, shorinji kempo, kickboxing, dan wushu.
""Untuk Unigames, terima kasih banyak atas kegiatan ini karena sepakbola wanita memang butuh banget sektor swasta, selain federasi, Kemenpora, untuk membuat wadah-wadah kompetisi agar partisipasi sepakbola wanita meningkat,"" ujar Diani dalam jumpa persnya di kawasan Jakarta Pusat, pada Selasa (6/10/2026).
Diani mengungkapkan data dari basis data FIFA yang menunjukkan partisipasi sepakbola wanita di Indonesia masih berada di angka 3 persen. Menurutnya, angka tersebut menunjukkan masih besarnya kebutuhan akan wadah kompetisi bagi pesepakbola putri.
""Dalam basis data FIFA, partisipasi sepakbola wanita di Indonesia masih 3%. Jadi butuh banget sektor swasta, seperti yang dilakukan Unigames, untuk menyediakan tempat bagi para pemain untuk bermain,"" jelasnya.
UniGames pun diharapkan tidak hanya menjadi kompetisi antarkampus, tetapi juga menjadi panggung bagi pemain-pemain berbakat untuk masuk radar pencari bakat.
""Dan kita akan mengembangkan Liga Wanita Indonesia dan pemain-pemain yang bisa berprestasi di Unigames menjadi andalan scout untuk Liga Wanita Indonesia. Dan bukan tidak mungkin untuk masuk radar pencari bakat sepakbola wanita,"" ujar Dhani.
Menurutnya, keberadaan kompetisi seperti UniGames juga sejalan dengan strategi pengembangan sepakbola wanita Indonesia, khususnya dalam hal kompetisi reguler.
""Yang jelas, ini selaras dengan strategi sepakbola wanita Indonesia, yang pilar ketiganya adalah kompetisi reguler. Sepakbola wanita Indonesia membutuhkan kompetisi yang memang reguler agar dapat terus berkembang seperti ini,"" tuturnya.
UniGames Angkat Cabor Nonpopuler
Sementara itu, CEO Campus League Ryan Gozali mengatakan penyelenggaraan UniGames juga bertujuan mendorong cabang olahraga yang selama ini belum mendapatkan sorotan sebesar cabor populer.
""Biasanya kita hanya melihat pertandingan cabor-cabor populer. Padahal cabor-cabor UniHames inilah cabor-cabot yang menyumbangkan medali untuk Indonesia di multievent. Tapi tidak keliatan biasanya. Tapi kita tahu hasil tidak instan butuh proses sampai kita bisa mencapai prestaai tertinggi,"" ujarnya.
Ryan mengatakan Campus League ingin membawa tujuh cabang olahraga tersebut ke level yang lebih tinggi.
""Saat saya berbicara dengan 7 cabor, meski betul cabor ini belum semeriah cabor-cabot populer, tetapi dengan Campus League kamim ingin angkat cabor yang berprestasi untuk Indonesia ke level berikutnya,"" papar Ryan.
Dia juga menyoroti kontribusi cabang olahraga di luar olahraga populer terhadap prestasi Indonesia di ajang multievent.
""Posisi Indonesia di SEA Games dan Asian Games di luar cabor populer, sepak bola, basket, voli, ternyata di luar itu termasuk bela diri menyumbangkan total 97% medali untuk Indonesia,"" dia menjelaskan.
UniGames mempertandingkan total 103 nomor dengan 130 medali yang diperebutkan. Ajang ini juga memiliki sistem poin khusus untuk menentukan klasemen keseluruhan.
Medali perunggu bernilai dua poin, perak empat poin, dan emas tujuh poin. Jumlah medali yang dihitung juga disesuaikan dengan jumlah atlet yang bermain di masing-masing cabang olahraga. Sebagai contoh, sepakbola akan dihitung 11 medali, sedangkan bola basket dihitung lima medali.
Campus League 2026 sebelumnya telah menyelesaikan cabang olahraga bola basket dan bulu tangkis. Kedua cabor tersebut juga akan masuk dalam penghitungan klasemen keseluruhan.
UniGames menjadi panggung terakhir bagi perguruan tinggi peserta untuk mengumpulkan poin sekaligus menentukan kampus yang berhak menyandang gelar Grand Champions Season 1.
Selain gelar Grand Champions, pencapaian kampus juga akan mendapatkan apresiasi berupa beasiswa pendidikan dengan total nilai Rp4,1 miliar. Beasiswa tersebut diperuntukkan bagi 10 kampus dengan posisi terbaik pada klasemen akhir Grand Champions.
(mcy/krs)",sport
51,"Pelatih Timnas Indonesia John Herdman mengungkap alasan memilih pemain berposisi bek sebagai eksekutor penalti saat menghadapi Thailand di final FIFA ASEAN Cup 2026. Menurutnya, para pemain tersebut menunjukkan eksekusi paling klinis dalam latihan.
Timnas Indonesia harus melalui drama adu penalti untuk memastikan gelar juara FIFA ASEAN Cup 2026. Skuad Garuda bermain imbang 2-2 hingga babak tambahan waktu dalam final di Stadion Utama Gelora Bung Karno (SUGBK), Jakarta, Senin (5/10/2026).
Indonesia kemudian menunjuk empat pemain untuk menjadi eksekutor. Mereka adalah Kevin Diks, Dean James, Elkan Baggott, dan Shayne Pattynama.
Keempatnya berhasil menjalankan tugas dengan baik. Tidak ada satu pun eksekusi pemain Indonesia yang gagal. John Herdman mengatakan pemilihan eksekutor bukan tanpa persiapan. Timnas Indonesia sudah berlatih adu penalti, termasuk mempersiapkan aspek mental dan melakukan analisis.
""Kami sudah bersiap untuk (adu) penalti, kami berlatih sangat panjang. Persiapan secara mental juga dan kami melakukan analisis,"" kata John Herdman seusai laga.
Herdman kemudian menjelaskan mengapa seluruh eksekutor yang dipilih berasal dari posisi bek. Menurutnya, para pemain tersebut menunjukkan kemampuan eksekusi yang lebih klinis selama latihan.
""Pemain (bek-bek Timnas Indonesia) yang mengambil (penalti) lebih klinis dalam latihan. Dan Elkan salah satunya. Dean, Shayne, mereka sangat klinis, meski striker juga bagus, kami sudah melatih ini"" ujarnya menambahkan.
Di kubu Thailand, dua dari empat penendang penalti gagal menaklukkan kiper Timnas Indonesia Emil Audero. Sarach Yooyen gagal setelah tendangannya membentur tiang, sementara eksekusi Nattapong Sayriya berhasil dimentahkan Emil.
Dua kegagalan tersebut membuat adu penalti berakhir setelah penendang keempat. Indonesia menang 4-2 dalam adu penalti dan memastikan gelar juara FIFA ASEAN Cup 2026, edisi perdana turnamen tersebut.
(mro/krs)",sport
52,"Calvin Verdonk membawa Timnas Indonesia menangi FIFA ASEAN Cup 2026. Sang bek akan segera balik ke Eropa, pekan depan hadapi Arsenal!
Timnas Indonesia bungkam Thailand di final FIFA ASEAN Cup 2026, di SUGBK, Jakarta, Senin (5/10) dini hari WIB. Skor imbang 1-1 di waktu normal.
Dean James bawa Indonesia unggul duluan dengan tendangan bebasnya di menit ke-84, Thailand pun main dengan 10 pemain setelah Mickelson kena kartu merah. Iklas Sanron lantas samakan kedudukan tiga menit kemudian lewat sontekannya.
Thailand berbalik unggul lewat tembakan mendatar Peeradol di menit ke-111. Elkan Baggott jaga asa, setelah tembakannya lima menit kemudian menghantam mistar dan masuk ke gawang Thailand.
Di babak adu penalti, dua algojo Thailand gagal setelah kena tiang dan ditepis Emil Audero. Garuda menang 4-2 di tos-tosan.
Calvin Verdonk selalu jadi pilihan pertama pelatih John Herdman di sepanjang FIFA ASEAN Cup 2026. Verdonk diplot sebagai gelandang tengah dan bek sayap.
Verdonk catatkan satu assist. Dirinya bermain selama total 344 menit di empat laga.
| Baca juga: Egy Adalah Kunci | 
Calvin Verdonk mengaku senang bisa bawa Timnas Indonesia juara. Namun sepertinya, tidak bisa lama-lama euforia.
""Saya tidak tahu apakah akan ada pesta nanti di hotel,"" ujar Verdonk selepas laga.
""Saya harus main lagi akhir pekan nanti dan di pekan depan. Saya harus istirahat dan pulang (balik ke klub-red) besok,"" sambungnya.
Lille, klubnya Calvin Verdonk akan hadapi Le Havre pada Sabtu (10/10) malam WIB. Kemudian pada Rabu (14/10) dini hari WIB, Lille akan hadapi Arsenal di Liga Champions.
Lille sedang duduk di papan atas Ligue 1, di peringkat keempat dengan 10 poin dari lima laga. Mereka cuma berjarak tiga poin dari Monaco di puncak.
Calvin Verdonk pun sedang berjuang untuk tembus skuad utama dan curi hati pelatih Davide Ancelotti. Verdonk baru main tiga kali di Ligue 1 pada awal musim ini, dua kali jadi starter.
(aff/bay)",sport
53,"Thailand kalah adu penalti di final FIFA ASEAN Cup 2026. Untuk kelima kalinya secara beruntun mereka tumbang dalam final berbagai ajang sepak bola di Asia Tenggara.
Pada laga di Stadion Utama Gelora Bung Karno, Senin (5/10) itu, Thailand kalah 2-4 dalam tos-tosan usai bermain 2-2 selama 120 menit. Mereka bahkan sempat unggul 2-1 di extra time meski bermain dengan 10 orang sejak babak kedua.
Kekalahan di atas menambah pahit perjalanan tim asuhan Anthony Hudson di 2026 ini. Pada Agustus lalu, mereka baru saja dikalahkan Vietnam di final Piala AFF dengan skor agregat 2-4.
Bahkan jika ditengok ke belakang, Thailand belum lagi memenangkan final turnamen Asia Tenggara sejak Piala AFF 2022. Pada final sepak bola putra SEA Games 2023, War Elephants kalah 2-5 dari Indonesia lewat extra time yang panas dan kontroversial.
Kemudian di Piala AFF 2024, mereka takluk dari Vietnam dengan agregat 3-5. Setelah kalah 2-1 di Hanoi, mereka kembali tumbang 2-3 di Bangkok.
Setahun kemudian, Vietnam lagi-lagi menjadi batu sandungan dengan menekuk mereka 3-2 di final sepak bola putra SEA Games di Bangkok. Padahal saat itu tuan rumah sudah unggul 2-0 lebih dulu.
Thailand dikenal sebagai kekuatan utama sepak bola Asia Tenggara. Mereka memenangkan Piala AFF sebanyak tujuh kali dan 16 kali meraih medali emas SEA Games. Namun beberapa tahun belakangan ini kekuasaan mereka sedang digoyang, dan berakibat lepasnya sejumlah gelar dalam tiga tahun ke belakang.
(adp/aff)",sport
54,"Asnawi Mangkualam berbahagia melihat Timnas Indonesia menangi FIFA ASEAN Cup 2026. Asnawi minta Egy Maulana Vikri turut dipuji!
Timnas Indonesia buka puasa gelar juara selama 35 tahun lamanya. Senin (5/10) di SUGBK, Jakarta, Garuda menang atas Thailand di final FIFA ASEAN Cup 2026.
Skor imbang 1-1 di waktu normal, dengan Thailand main dengan 10 orang di menit-menit akhir. Imbang lagi 2-2 di perpanjangan waktu, lalu Indonesia menang adu penalti 4-2.
Asnawi Mangkualam mengucapkan selamat kepada Timnas Indonesia. Asnawi tidak dipanggil ke skuad timnas pada ajang kali ini.
Asnawi tentu ikut berbahagia melihat Garuda akhirnya raih trofi. Tapi Asnawi turut meminta para suporter tidak lupa untuk mengapresiasi Egy Maulana Vikri!
""Bangga, semua orang harus mengapresiasi pria ini. Teman sekamarku selama 8 tahun setiap dipanggil timnas. Susah senang kita lewatin bareng-bareng, tapi mungkin dia menghadapi banyak hal yang lebih berat,"" tulisnya di sosial media pribadinya.
""Alhamdulillah, Tuhan adil bro akhirnya lu bisa comeback dengan performa terbaik dan membawa Indonesia juara,""
""Btw, orang ini sering bilang ke saya, 'Bro, saya belum pernah meraih trofi bersama timnas'. Tapi sekarang kamu dapat, kawan. Kamu pantas mendapatkannya,"" tutupnya.
Egy mampu kreasikan gol dalam dua momen genting. Egy jadi pre-assist alias umpan ke pemain sebelum si pemain itu berikan assist untuk jadi gol.
Itu pada saat Indonesia menang 9-2 atas Bangladesh di gol Baker pada injury time. Kedua, saat gol penyeimbang Baggott kontra Thailand untuk imbangkan skor 2-2.
| Baca juga: Egy Adalah Kunci | 
Egy Maulana Vikri dan Asnawi Mangkualam merupakan rekan setimnas dulu. Asnawi debut duluan di Timnas Indonesia pada 2017 dan Egy setahun kemudian.
""Kawanku, i love you bro. Trofi ini juga untukmu,"" balas Egy di kolam komentar.
| Baca juga: FIFA ASEAN Cup, Lantai Dansa Ole Romeny | 
Simak Video 'Lagi-lagi Egy Hadir di Momen Krusial':
(aff/rin)",sport
55,"Sebuah tim yang mengakhiri turnamen tanpa kebobolan biasanya akan dikira sebagai juara. Namun hal itu tak berlaku bagi Malaysia selama gelaran FIFA ASEAN Cup 2026.
Harimau Malaya menampilkan permainan apik tanpa menelan satu pun kekalahan di FIFA ASEAN Cup 2026. Dari empat laga, tim asuhan Tan Cheng Hoe meraih tiga kemenangan dan sekali imbang, termasuk menundukkan Vietnam dalam perebutan tempat ketiga pada Senin (5/10) kemarin di Jakarta.
Hasil itu merupakan clean sheet keempat Malaysia secara beruntun. Sebelumnya mereka menundukkan Bangladesh 3-0, menahan Indonesia 0-0, dan melibas Singapura 6-0 dalam tiga laga fase grup.
Meski begitu, tiga hasil positif di atas tak cukup untuk membawa Malaysia ke final. Dengan selisih gol 9-0, mereka masih kalah produktivitas gol dari Indonesia (11-2), sehingga mimpi kembali meraih gelar juara setelah Piala AFF 2010 pun harus dikubur dalam-dalam.
Meski demikian, Malaysia relatif puas dengan capaian mereka di Indonesia. Mencetak 10 gol dalam empat laga tanpa kebobolan bukan sesuatu yang bisa didapat dengan mudah.
""Melakoni empat pertandingan dalam waktu yang begitu singkat tentu membuat para pemain merasa cukup kelelahan, namun mereka tetap menjaga semangat dan bersatu padu untuk meraih hasil ini,"" ujar Tan, dikutip Soha vn.
""Sejujurnya, ini adalah kesempatan emas bagi tim Malaysia untuk mengalahkan Vietnam setelah penantian lebih dari 10 tahun. Saya sangat senang dengan pencapaian seluruh tim.""
""Tugas saya sebagai pelatih timnas Malaysia adalah membantu seluruh tim untuk terus berkembang setiap harinya. Dalam turnamen ini, Malaysia mencetak 10 gol dan tidak kebobolan satu pun. Itu adalah statistik yang sangat bagus. Namun, terkadang sepak bola bukan sekadar soal statistik. Hal terpenting adalah seluruh tim bekerja sama dan berusaha keras siang dan malam.""
""Di saat yang sama, mentalitas selama pertandingan juga memegang peranan sangat penting. Saya merasa senang dengan apa yang telah ditunjukkan oleh para pemain saya. Setiap pemain berupaya memberikan yang terbaik dan pantang menyerah. Itulah jenis tim yang ingin saya bangun. Semua orang harus bersatu, berjuang bersama, serta merasakan kemenangan maupun kekalahan secara bersama-sama. Namun tentu saja, masih banyak hal yang perlu dibenahi oleh tim Malaysia,"" tegasnya.
(adp/aff)",sport
56,"Keberhasilan Timnas Indonesia menjuarai FIFA ASEAN Cup 2026 tidak diraih dengan mulus. Kelemahan yang terlihat menjadi bahan evaluasi menuju Piala Asia 2027.
Timnas Indonesia juara FIFA ASEAN Cup setelah menang 4-2 lewat drama adu penalti kontra Thailand. Garuda akhirnya merasakan gelar juara di Stadion Utama Gelora Bung Karno (SUGBK), Jakarta, Senin (5/10/2026).
Tim asuhan John Herdman harus melalui jalan terjal untuk merengkuh gelar ini. Mulai dari cuma menang 2-0 melawan 10 pemain Singapura, bermain imbang 0-0 kontra Malaysia, hingga harus menang besar atas Bhangladesh pada laga pamungkas fase grup untuk melaju ke final.
Di partai puncak, giliran Thailand yang menyulitkan Indonesia. Meski bermain dengan 10 pemain, Thailand sukses menahan Indonesia 2-2 sampai akhir babak tambahan.
""Kami harus akui Thailand tim yang sangat bagus, saya apresiasi perjuangan pemain sampai detik terakhir, dua laga yang tidak mudah, 9-2 tidak mudah, ini juga 2-2, tidak mudah,"" kata Ketum PSSI Erick Thohir kepada wartawan.
""Ini pelajaran bagus untuk semua pemain dan pelatih, kalau memang kita mau masuk Piala Dunia, kita harus serius mempersiapkan dan tantangannya sangat berat,"" ujarnya menambahkan.
Perjuangan berat Timnas Indonesia menjadi juara menunjukkan bahwa kekuatan tim belum terlalu dominan. Di ASEAN pun, Garuda belum berada di titik level superior.
Bermain sebagai tuan rumah, Timnas Indonesia dibuat kesulitan menghadapi Thailand yang diperkuat mayoritas pemain binaan klub lokal. Padahal di Piala Asia nanti, Thailand bisa dibilang menjadi lawan 'terlemah' Timnas Indonesia.
Selain Thailand, Indonesia juga segrup Jepang dan Qatar di Piala Asia. Permainan Garuda di FIFA ASEAN Cup menjadi lampu kuning buat Elkan Baggott Cs untuk berbenah lagi.
""(Bahan evaluasi) Banyak, nanti saya sama coach. Ada banyak. Titik-titik kelemahan yang mungkin harus kami perbaiki untuk persiapan Timnas Indonesia menuju Piala Asia 2027,"" pungkas Erick Thohir.
(mro/aff)",sport
57,"Thailand akan kembali berhadapan dengan Timnas Indonesia di Piala Asia 2027. Pelatih Thailand, Anthony Hudson, ingin membangun tim yang lebih kuat setelah gagal menjuarai FIFA ASEAN Cup 2026.
Thailand tergabung di Grup F Piala Asia 2027 bersama Jepang, Qatar, dan Indonesia. Pertemuan dengan Indonesia akan menjadi laga yang menarik setelah kedua tim baru saja berhadapan di final FIFA ASEAN Cup 2026.
Dalam pertandingan yang digelar di Jakarta, Senin (5/10/2026), Indonesia mengalahkan Thailand melalui drama adu penalti setelah bermain imbang 2-2 hingga akhir babak tambahan waktu.
Kegagalan tersebut membuat Hudson menyadari masih ada sejumlah hal yang perlu dibenahi Thailand. Dia mengungkapkan timnya tidak pernah tampil dengan skuad yang benar-benar lengkap selama Piala AFF 2026 dan FIFA ASEAN Cup 2026. Selalu ada pemain penting yang absen, termasuk karena masalah cedera.
""Selama ini kami selalu memiliki skuad yang berbeda karena situasi dari setiap kompetisi juga berbeda. Tantangannya adalah kami tidak bisa memilih pemain terbaik,"" kata Hudson seusai final FIFA ASEAN Cup.
Meski demikian, Hudson melihat ada sejumlah pemain yang layak dipertahankan. Dia juga menilai Thailand memiliki banyak pemain muda dengan potensi besar.
""Yang saya tahu sekarang adalah kami memiliki pemain inti dari skuad ini yang harus kami pertahankan. Saya bangga karena ada banyak pemain muda yang bisa masuk ke dalam tim. Mereka memiliki potensi yang tinggi dan masih ada pemain muda lainnya yang belum bergabung dengan skuad ini,"" ujarnya menambahkan.
Thailand memang tidak menyertakan dua pemain senior, Theerathon Bunmathan dan Teerasil Dangda, di FIFA ASEAN Cup 2026. Keduanya masing-masing telah berusia 36 dan 38 tahun.
Selain itu, Thailand juga kehilangan Suphanat Mueanta yang absen karena cedera hamstring. Sejumlah pemain ternama lainnya yang dipanggil ke skuad antara lain Thitipan Puangchan, Ben Davis, Ekanit Panya, Elias Dolah, dan Pansa Hemviboon.
Setelah FIFA ASEAN Cup 2026 berakhir, Hudson pun langsung mengarahkan fokusnya ke Piala Asia 2027. Thailand harus bersiap menghadapi persaingan di Grup F, termasuk kembali bertemu Indonesia. ""Saya rasa saya akan pulang ke Bangkok, istirahat sejenak, lalu mulai fokus mempersiapkan tim untuk Piala Asia,"" ucap Hudson.
(mro/krs)",sport
58,"Miliano Jonathans hingga Mees Hilgers diharapkan bisa bergabung ke Timnas Indonesia lagi. Mereka dibutuhkan ketika Garuda akan berlaga di Piala Asia 2027.
Sejumlah pemain ternama absen membela Timnas Indonesia dalam beberapa waktu terakhir karena cedera dan masalah kebugaran. Selain Miliano dan Hilgers, masih ada Marselino Ferdinan atau Adrian Wibowo yang berhalangan memenuhi panggilan Timnas Indonesia akhir-akhir ini.
Mereka yang absen sebenarnya punya peran penting di dalam tim. Sehingga absennya mereka sedikit meninggalkan lubang, meski masih ada beberapa pemain pengganti yang cukup mumpuni.
""Kami memiliki Mees Hilgers, Marselino Ferdinan, Miliano Jonathans, dan Adrian Wibowo. Lalu masih ada pemain-pemain lainnya,"" kata Pelatih Timnas Indonesia John Herdman seusai final FIFA ASEAN Cup 2026 di Jakarta, Senin (5/10/2026).
Para pemain abroad bukan satu-satunya yang menjadi perhatian John Herdman. Pelatih asal Inggris juga akan terus memantau kompetisi lokal untuk mencari pemain yang bisa memperkuat Garuda.
""Saya menonton pertandingan-pertandingan lokal. Anak saya bermain di Bali, jadi saya juga menonton beberapa pertandingan Bali United. ""Saya mengikuti liga-liga lokal untuk melihat pemain-pemain mana yang bisa berkembang dan naik ke level berikutnya,"" ujar John Herdman.
Kabarnya, Timnas Indonesia akan memainkan uji coba away di periode FIFA Matchday Bulan November. Garuda disebut akan dijamu Yordania, serta memainkan satu laga tandang lainnya melawan tim dari kawasan Timur-Tengah lainnya.
Jeda internasional bulan depan menjadi kesempatan terakhir Garuda beruji coba sebelum Piala Asia yang akan digelar pada 7 Januari hingga 5 Februari 2027. Setelah FIFA Matchday November, tidak ada jadwal jeda internasional lagi.
(mro/aff)",sport
59,"Dua kiper Timnas Indonesia punya andil besar untuk raih titel FIFA ASEAN Cup 2026. Maarten Paes mengawali, Emil Audero mengakhiri.
Timnas Indonesia buka puasa gelar juara selama 35 tahun lamanya. Senin (5/10) di SUGBK, Jakarta, Garuda menang atas Thailand di final FIFA ASEAN Cup 2026.
Skor imbang 1-1 di waktu normal, dengan Thailand main dengan 10 orang di menit-menit akhir. Imbang lagi 2-2 di perpanjangan waktu, lalu Indonesia menang adu penalti 4-2.
Pelatih John Herdman menurunkan dua kiper berbeda. Maarten Paes main di dua laga awal, sisanya Emil Audero di dua laga akhir.
Paes tampil tangguh. Paes dua kali catatkan clean sheet dan jaga poin Timnas Indonesia, untuk menang 2-0 atas Singapura dan imbang 0-0 atas Malaysia.
Di laga kontra Malaysia, Indonesia harus main dengan 10 pemain sejak menit ke-36 akibat kartu merah Thom Haye. Paes catatkan delapan penyelamatan!
| Baca juga: Kata-kata Menyentuh dari Asnawi buat Egy | 
Emil Audero diturunkan saat Timnas Indonesia hadapi Bangladesh dan Thailand di final. Meski kebobolan dua gol dari Bangladesh, Emil lakukan satu save emas.
Itu ketika di injury time, sontekan tumit Faarhan mampu ditepisnya. Bola kemudian diamankan Vickery yang dioper lambung ke Verdonk dan lanjut ke Egy. Egy beri umpan ke Ole, kemudian dituntaskan dengan gol Baker untuk bikin gol kesembilan.
Emil pun mampu tepis satu tembakan penalti Thailand di babak tos-tosan. Dua kiper Indonesia mampu tuntaskan dahaga juara Skuad Garuda setelah 35 tahun puasa gelar. Jangan lupa juga, Nadeo Argawinata yang tak henti beri dukungan dari bench.
(aff/rin)",sport
60,"Kapten Timnas Thailand, Chanathip Songkrasin menyaksikan selebrasi Timnas Indonesia yang angkat trofi FIFA ASEAN Cup 2026. Chanathip hargai Garuda.
Timnas Indonesia menang FIFA ASEAN Cup 2026 setelah kalahkan Thailand di SUGBK, Jakarta, Senin (5/10) dini hari WIB. Skor imbang 1-1 di waktu normal.
Dean James bawa Indonesia unggul duluan dengan tendangan bebasnya di menit ke-84, Thailand pun main dengan 10 pemain setelah Mickelson dihukum dua kali kartu kuning berujung kartu merah. Iklas Sanron lantas samakan skor tiga menit kemudian lewat sontekannya.
Thailand justru berbalik unggul lewat tembakan mendatar Peeradol di menit ke-111. Elkan Baggott jaga asa, setelah tembakannya lima menit kemudian menghantam mistar dan masuk ke gawang Thailand.
Di babak adu penalti, dua algojo Thailand gagal setelah kena tiang dan ditepis Emil Audero. Garuda menang 4-2 di tos-tosan.
| Baca juga: FIFA ASEAN Cup, Lantai Dansa Ole Romeny | 
| Baca juga: Egy Adalah Kunci | 
Saat perayaan trofi juara, skuad Timnas Thailand tidak meninggalkan lapangan. Mereka menyaksikan Timnas Indonesia yang angkat trofi.
Dirangkum dari media-media lokal Thailand, sang kapten Chanathip Songkrasin meminta rekan-rekannya untuk tetap di lapangan. Mereka mau menghargai Timnas Indonesia.
""Kami harus menghormati pemenang, apa pun yang terjadi dalam pertandingan. Tetapi karena hasilnya seperti ini, kami harus mengucapkan selamat kepada Indonesia. Kami harus menunjukkan sportivitas kita kepada semua orang,"" ujarnya.
Tapi lain sisi, Chanathip Songkrasin fokus ke pertemuan selanjutnya. Thailand akan jumpa lagi di Piala Asia 2027 pada Januari nanti, karena satu grup!
""Tetapi saat menyaksikan mereka merayakan, saya memikirkan hal lain sepenuhnya,"" ungkapnya.
""Rasa kesal karena gagal juara itu ada, tetapi kami akan bertemu lagi di Piala Asia,"" tutup pemain berusia 33 tahun itu.
(aff/bay)",sport
61,"Timnas Thailand harus puas jadi runner-up FIFA ASEAN Cup 2026. Meski begitu, Tim Gajah Perang memetik manfaat dari turnamen ini, khususnya bagi pemain muda.
Kekalahan didapat Thailand pada final FIFA ASEAN Cup, Senin (5/10/2026). Pasukan Anthony Hudson keok dari Indonesia dalam adu penalti di Stadion Utama Gelora Bung Karno.
Thailand sedianya tampil ngotot sejak awal pertandingan. Tim tamu bahkan tak ciut meski harus bermain dengan 10 orang sejak menit ke-80 usai kartu merah Nicholas Mickelson.
Thailand mampu memaksa duel imbang 1-1 jelang akhir babak kedua. Thailand bahkan sempat unggul 2-1 pada extra time, sebelum gol Elkan Baggot membuat laga tuntas 2-2 dan dilanjutkan ke adu penalti.
Bintang Timnas Thailand Chanathip Songkrasin mengapresiasi perjuangan rekan setimnya di final FIFA ASEAN Cup 2026. Dia menilai turnamen ini jadi pelajaran penting bagi para pemain muda menatap Piala Asia 2027.
""Hari ini, semua orang, terutama para pemain muda, berjuang sangat keras. Suasana di tim kami fantastis. Awalnya saya yakin kami bisa memenangkan kejuaraan, tetapi ada beberapa insiden di lapangan,"" kata Chanathip usai laga Indonesia vs Thailand, dilansir dari Thairath Sport.
""Tentu saja kami telah melakukan yang terbaik. Sebagai salah satu pemain senior di tim, saya bangga dengan semua pemain muda yang akan maju untuk menjadi pemain kunci bagi tim di masa depan,"" dia menambahkan.
""Kami akan bertemu mereka lagi di Piala Asia, jadi kami membutuhkan lebih banyak pilihan. Sekarang kami memiliki lebih banyak pilihan, tetapi itu tergantung pada seleksi pelatih,"" ujarnya.
Thailand memang membawa beberapa pemain muda sepanjang FIFA ASEAN Cup 2026. Ada Waris Choolthong (22 tahun), Jude Soonsup-Bell (22), Kakana Khamyok (22), Iklas Sanron (21), dan Teerapat Pruetong (19). Iklas bahkan mencetak gol di laga final kontra Indonesia.
(bay/aff)",sport
62,"Indonesia berhasil menjadi juara FIFA ASEAN Cup 2026. Calvin Verdonk menilai pencapaian ini menjadi modal sip menuju Piala Asia 2027.
Indonesia juara FIFA ASEAN Cup 2026 dengan mengalahkan Thailand lewat adu penalti di Jakarta, Senin (5/10/2026) malam WIB. Kedua tim sebelumnya bermain imbang 2-2 selama 120 menit.
Indonesia nantinya akan bertemu Thailand lagi di Piala Asia 2027 di Arab Saudi. Skuad Garuda masuk ke Grup F, yang juga terdapat Qatar dan Jepang.
""Itu sebabnya pertandingan ini penting karena Thailand berada di grup yang sama dengan kami, begitu juga Jepang. Mereka adalah tim-tim Asia seperti ini, Anda tahu,"" kata Verdonk.
""Kami punya peluang menghadapi Thailand dan Qatar. Kami juga punya peluang melawan Jepang, tetapi mereka berada di level yang berbeda,"" sambungnya.
Indonesia pada perhelatan Piala Asia 2023 melaju sampai 16 besar. Pada babak grup saat itu, Indonesia juga bersama Jepang dan kalah 1-3.
""Kami memiliki pemain dengan kualitas bagus, tetapi kami masih harus berkembang,"" pemain Lille itu menegaskan.
(ran/mrp)",sport
63,"Tim sepakbola putra Indonesia membuat sejarah dengan menjadi juara setelah penantian 35 tahun. Keberhasilan di FIFA ASEAN Cup 2026 akan dikenang selamanya.
Indonesia juara FIFA ASEAN Cup 2026 dengan mengalahkan Thailand lewat adu penalti di Jakarta, Senin (5/10/2026) malam WIB. Kedua tim sebelumnya bermain imbang 2-2 selama 120 menit.
Ini adalah gelar juara pertama Indonesia di kancah sepakbola. Tim sepakbola putra senior Indonesia terakhir kali juara sebagai peraih medali emas SEA Games 1991.
""Apa yang kita lakukan dalam hidup akan dikenang selamanya. Sejarah tercipta,"" kata Emil Audero.
Keberhasilan ini menjadi suka cita seluruh penduduk Indonesia. Sebagai salah satu negara paling gila sepakbola, merayakan gelar juara menjadi hal paling langka, bahkan sekadar di kancah ASEAN.
Indonesia selama ini belum bisa menjadi yang terbaik di Piala AFF. Indonesia sebelumnya cuma enam kali menjadi runner-up di pentas Piala AFF.
""Terima kasih kepada seluruh penggemar yang telah mendukung kami sepanjang turnamen ini. Terima kasih juga kepada semua orang yang bekerja di balik layar dan membantu membuat semuanya berjalan lebih mudah. Ini benar-benar menjadi hari yang bersejarah. Juara!"" Emil menegaskan.
(ran/yna)",sport
64,"Joey Pelupessy menjadi salah satu pemain senior di Timnas Indonesia saat ini. Sukses mengangkat trofi FIFA ASEAN Cup 2026 membuatnya senang.
Indonesia baru saja juara FIFA ASEAN Cup 2026. Tim Merah Putih menangkan laga final atas Thailand lewat adu penalti 4-2, usai berimbang 2-2 dalam 120 menit di Stadion Utama Gelora Bung Karno, Senin (5/10) malam.
Di laga itu, Pelupessy bermain penuh. Ia tampil selama 120 menit di lini tengah Garuda.
Pelupessy adalah salah satu pemain senior di skuad Indonesia saat ini. Usianya sudah 33 tahun, tertua kedua setelah Jordi Amat (34). Di FIFA ASEAN Cup 2026, ia juga tak tergantikan dengan selalu bermain penuh di total empat laga.
Pemain yang baru memilih membela Timnas Indonesia tahun lalu itu merasa senang masih bisa merasakan gelar juara internasional di usianya saat ini. Apalagi Joey Pelupessy menilai FIFA ASEAN Cup 2026 adalah ajang yang besar.
""Ini keren banget. Saya benar-benar menikmatinya, bahwa saya masih bisa merasakan pengalaman ini di usia yang sekarang. Saat saya datang ke sini empat belas hari lalu, saya tidak tahu apa yang akan bakal didapatkan, tapi begitu tiba, saya langsung menyadari ini benar-benar acara besar,"" kata Pelupessy kepada Tubantia.
""Spanduk-spanduk FIFA terlihat di mana-mana. Saya peka terhadap detail-detail seperti ini. Di final, Presiden Indonesia hadir, Presiden FIFA Infantino juga ada di sana, dan mantan pemain sepak bola top seperti Dimitar Berbatov dan Pedro juga datang untuk membawa piala ke stadion.""
""Kalau ada orang-orang seperti ini, kamu tahu ini sungguh nyata,"" ungkap pemain berdarah Maluku itu.
(yna/ran)",sport
65,"Joey Pelupessy mengungkap cerita 'miris' usai Indonesia juara FIFA ASEAN Cup 2026. Gelandang 33 tahun itu tak bisa merayakan kemenangan Garuda berlama-lama.
Indonesia juara FIFA ASEAN Cup 2026 usai mengalahkan Thailand di final. Bermain di Stadion Utama Gelora Bung Karno, Senayan, Senin (5/10, pasukan John Herdman menang adu penalti 4-2, usai berimbang 2-2 dalam 120 menit.
Pemain Indonesia kemudian larut dalam euforia. Namun, ada dua penggawa Merah Putih yang tak bisa ikut lama-lama berpesta.
Mereka adalah Kevin Diks dan Joey Pelupessy. Keduanya langsung meninggalkan GBK tak lama usai pertandingan, lengkap dengan koper barangnya.
Keduanya harus segera terbang kembali ke Eropa, pulang ke klub masing-masing. Diks kembali ke Borussia Moenchengladbah di Jerman, sementara Joey Pelupessy ke Belgia bersama Lommel SK.
Pelupessy, kepada media Tubantia, mengaku sedih tak bisa ikut lama-lama pesta dengan pemain Indonesia lainnya. Ia mengaku cuma sebentar merayakannya dan harus langsung pergi ke bandara mengejar pesawat.
""Para pemain lainnya pergi ke kota untuk bersenang-senang setelah pertandingan. Saya sebenarnya ingin ikut, tapi hanya Kevin Diks dan saya ditinggal,"" katanya.
""Saya sempat mengangkat piala sebentar, merayakan sedikit di ruang ganti, lalu kami berangkat ke bandara,"" kata pemain berusia 33 tahun itu.
Klub-klub memang akan kembali berlaga usai jeda internasional berakhir. Diks akan membela Moenchengladbah melawan FC Koln, Minggu (11/10). Sementara Lommel yang diperkuat Joey Pelupessy akan melawan Beveren di Liga Pro Belgia, Sabtu (10/10).
(yna/ran)",sport
66,"Ole Romeny bicara soal kemenangan Indonesia di final FIFA ASEAN Cup 2026. Striker Garuda itu mengungkap sedikit penyesalan.
Indonesia menjadi juara FIFA ASEAN Cup 2026 dengan mengalahkan Thailand di final. Bermain di SUGBK, Senayan, Senin (5/10), tuan rumah menang 4-2 lewat adu penalti, usai berimbang 2-2 dalam 120 menit.
Di laga itu, Indonesia sedianya bisa unggul duluan. Tak lama usai Thailand bermain dengan 10 orang, Dean James bikin gol dan membawa keunggulan di menit ke-84.
Keunggulan itu tak bisa dijaga Indonesia dengan baik. Gawang Emil Audero malah bobol oleh Peeradol Chamrasamee. Skor 1-1 memaksa laga lanjut ke babak tambahan.
Di babak tambahan itu, Thailand malah sempat berbalik unggul lewat Sanron Iklas. Tapi, Elkan Baggott keluar jadi pahlawan lewat golnya dan memaksa laga imbang 2-2, lanjut ke adu penalti. Babak itu kemudian dimenangkan Indonesia, usai dua penendang Thailand gagal memasukkan bola.
Ole Romeny mengaku Indonesia harusnya bisa menjaga keunggulan atas Thailand, yang bermain dengan 10 orang. Namun, ia mengaku senang sebab Indonesia akhirnya bisa tetap memaksakan adu penalti dan juara FIFA ASEAN Cup 2026.
""Tentu saja, kami seharusnya tidak membiarkan hal itu terjadi saat melawan tim yang hanya beranggotakan sepuluh orang,"" kata Romeny kepada NOS.
""Tapi hal itu justru membuat rasa lega setelah perpanjangan waktu dan semakin lega saat adu penalti. Sudah lama sekali kami tidak meraih gelar, sudah saatnya,"" katanya.
Lebih lanjut, Romeny mengatakan trofi FIFA ASEAN Cup 2026 bisa menjadi penebusan Indonesia usai gagal ke Piala Dunia 2026. Ia kini menyebut Piala Dunia 2030 bakal jadi target yang bagus untuk dikejar.
""Sungguh luar biasa melihat dampaknya terhadap orang-orang saat ini. Ada banyak kekecewaan setelah gagal lolos ke Piala Dunia, tapi saat itu memang belum waktunya bagi kami. Kini, kita harus membangunnya selangkah demi selangkah, dan Piala Dunia 2030 adalah target yang sangat bagus,"" kata Ole Romeny.
(yna/mrp)",sport
67,"Penantian 35 tahun itu akhirnya selesai. Momen Timnas Indonesia mengangkat trofi datang juga, menjadi obat bagi inner child yang terluka.
FIFA ASEAN Cup 2026 menjadi ajang yang dimenangi Indonesia. Di babak final, tim Merah Putih mampu mengalahkan Thailand setelah melalui pertarungan yang sangat sengit.
Di Stadion Utama Gelora Bung Karno, Jakarta, Senin (5/10/2026), Indonesia bermain imbang 2-2 melawan 10 pemain Thailand hingga 120 menit. Kemenangan dipastikan tim asuhan John Herdman itu lewat adu tendangan penalti dengan skor 4-2.
Lemari trofi Indonesia kini tak kosong lagi. Timnas juga tak akan lagi menjadi meme saat turnamen di ASEAN kembali digelar pada masa depan.
Generasi 80-an dan 90-an Jadi Saksi Kegagalan Timnas
Indonesia terakhir kali mengangkat trofi bersama tim senior terjadi pada SEA Games 1991. Saat itu, SEA Games masih menggunakan tim senior dalam cabang sepak bola, dan Indonesia berhasil keluar sebagai juara.
Setelah itu, trofi seperti menjauh dari Timnas Indonesia. Indonesia memang masih beberapa kali mampu melangkah jauh dan mencapai partai final, tetapi selalu gagal mengakhiri turnamen sebagai juara.
Salah satu kegagalan yang paling diingat terjadi pada SEA Games 1997. Bermain sebagai tuan rumah, Indonesia kembali punya kesempatan mengakhiri dahaga gelar. Namun, Thailand menjadi penghalang. Setelah bermain imbang hingga waktu normal dan perpanjangan waktu, Indonesia akhirnya kalah lewat adu penalti dan harus puas dengan medali perak.
Kegagalan di SEA Games itu kemudian berlanjut di level senior lainnya. Di Piala AFF, Indonesia enam kali mencapai final, tetapi semuanya berakhir sebagai runner-up. Empat kali Indonesia kalah dari Thailand, sementara dua final lainnya berakhir dengan kekalahan dari Singapura dan Malaysia.
| Suporter Timnas Indonesia pernah menjadi saksi kegagalan-kegagalan Timnas Indonesia. Foto: Rifkianto Nugroho/detikcom | 
Bagi penggemar Timnas yang lahir pada era 1980-an dan 1990-an, rentetan kegagalan itu menjadi bagian dari pengalaman tumbuh bersama sepak bola Indonesia. Mereka melihat sendiri bagaimana harapan muncul setiap kali turnamen dimulai, lalu kembali runtuh ketika gelar juara gagal diraih.
Bukan cuma soal kalah di lapangan. Perjalanan Timnas juga diwarnai berbagai polemik. Ada insiden 'sepak bola gajah' pada Piala AFF 1998, isu kekalahan yang disengaja saat menghadapi Malaysia di final Piala AFF 2010, hingga dualisme Timnas pada 2014 akibat konflik di tubuh federasi.
Semua itu terjadi dalam rentang waktu yang panjang, dari akhir 1990-an hingga awal 2020-an. Tahun berganti, pemain datang dan pergi, tetapi satu hal tetap sama, yakni trofi juara tak kunjung kembali. Eh, malah Timnas lekat dijuluki spesialis runner-up.
Meminjam istilah parenting kekinian, generasi pendukung Timnas yang tumbuh pada era 1980-an dan 1990-an mungkin tidak punya banyak core memory yang indah bersama Timnas. Ingatan mereka justru dipenuhi kekalahan, kontroversi, dan kegaduhan di luar lapangan.
Karena itu, ketika akhirnya Timnas Indonesia kembali mengangkat trofi setelah 35 tahun, rasanya bukan sekadar kemenangan sebuah pertandingan. Ada luka lama yang ikut terobati.
John Herdman Sempat Diragukan
John Herdman datang ke Timnas Indonesia pada Januari 2026 dengan reputasi sebagai pelatih yang punya rekam jejak kuat. Pelatih asal Inggris itu dikenal sebagai history maker setelah mencatat prestasi bersama Timnas Putri Selandia Baru serta Timnas Putri dan Putra Kanada.
Bersama Timnas Putri Kanada, Herdman berhasil mempersembahkan dua medali perunggu Olimpiade, masing-masing pada 2012 dan 2016. Setelah beralih menangani tim putra, ia kembali mencatat sejarah dengan membawa Kanada lolos ke Piala Dunia 2026.
Namun, perjalanan Herdman bersama Indonesia tidak langsung berjalan mulus. Turnamen pertamanya, Piala AFF 2026, justru berakhir mengecewakan. Dengan skuad yang di atas kertas cukup mewah, Indonesia hanya finis di posisi ketiga fase grup dan gagal melaju ke semifinal.
Indonesia memang mampu meraih kemenangan atas Kamboja dan Timor-Leste di ajang itu. Namun, hasil tersebut tak cukup untuk membawa Skuad Garuda lolos setelah dihajar Vietnam 0-3 dan hanya bermain imbang 1-1 melawan Singapura.
Kegagalan itu sempat menimbulkan tanda tanya terhadap Herdman. Pelatih yang sebelumnya dikenal mampu membawa tim-timnya mencetak sejarah kini harus menghadapi tantangan baru, yakni mengakhiri penantian panjang Indonesia untuk meraih gelar juara.
Tekanan semakin besar ketika FIFA ASEAN Cup 2026 bergulir. Bermain di kandang sendiri dengan kekuatan pemain seperti Thom Haye, Ragnar Oratmangoen, hingga Mitchell Baker, Indonesia datang dengan satu target: JUARA.
| John Herdman menjawab keraguan dengan juara FIFA ASEAN Cup 2026. Foto: Rifkianto Nugroho/detikfoto | 
Setelah kegagalan di Piala AFF, Herdman tahu tak ada ruang untuk kembali terpeleset. Dia harus membuktikan bahwa kegagalan pada turnamen pertamanya bersama Indonesia hanyalah sebuah episode, bukan gambaran dari kemampuan tim yang dibangunnya.
Jawaban awal datang saat Indonesia mengalahkan Singapura 2-0. Namun, hasil itu tak berlanjut kala Timnas tampil di laga kedua.
Kevin Diks cs kemudian ditahan imbang 0-0 oleh Malaysia. Hasil itu membuat persaingan di grup semakin ketat dan posisi Indonesia belum aman. Tiket ke final pun harus ditentukan pada laga terakhir melawan Bangladesh.
Syaratnya tidak mudah. Indonesia wajib menang dengan margin besar untuk mengamankan posisi teratas dari kejaran Malaysia. Di saat yang sama, Malaysia juga menghadapi Singapura dan masih berpeluang merebut posisi Indonesia.
Dalam situasi serba genting itu, Skuad Garuda justru tampil menggila. Indonesia menggilas Bangladesh 9-2, dengan Mitchell Baker mencetak lima gol. Dua gol pada masa injury time, masing-masing melalui Kevin Diks dan Baker, menjadi penentu. Indonesia akhirnya unggul produktivitas gol atas Malaysia dan memastikan melaju ke babak final.
Drama berujung manis itu langsung disambut gegap gempita. Bumbunya makin komplet dengan keributan kecil antara warganet Indonesia dan Malaysia di media sosial. Namanya juga sepak bola, kemenangan rasanya memang belum lengkap kalau belum ada bahan saling ledek.
Buat kami, generasi yang tumbuh bersama Timnas sejak era 1980-an dan 1990-an, ada kebahagiaan yang terasa begitu personal. Setelah puluhan tahun melihat Indonesia datang ke final, berharap, lalu pulang tanpa trofi, kali ini tetap saja kami kembali seolah diberi alasan untuk bermimpi. Mungkin kecil, mungkin masih ragu, tapi tetap ada satu pertanyaan yang muncul, bagaimana kalau kali ini benar-benar bisa? Bagaimana kalau kali ini benar-benar waktunya?
Hanya saja, tetap tak bisa dimungkiri, pengalaman puluhan tahun rupanya punya cara sendiri untuk mengerem euforia itu. Ada suara kecil yang mengingatkan untuk jangan terlalu yakin. Kami sudah terlalu sering melihat harapan tumbuh tinggi lalu patah di ujung perjalanan.
Kekecewaan yang Terobati di GBK
Final Indonesia vs Thailand di SUGBK berlangsung sengit. Harapan mulai menyala lagi pada menit ke-84 ketika Indonesia mendapat tendangan bebas yang dieksekusi Dean James. Bola meluncur ke gawang dan membawa Skuad Garuda unggul 1-0.
Thailand semakin dalam masalah setelah Nicholas Mickelson mendapat kartu kuning kedua akibat pelanggaran terhadap Ole Romeny. Unggul jumlah pemain dan hanya beberapa menit dari kemenangan, Indonesia tampak berada di jalur yang tepat.
Namun, sepak bola kembali menunjukkan betapa cepat keadaan bisa berubah. 
Bermain dengan 10 orang, Thailand justru mencetak gol balasan pada menit ke-87 lewat Iklas Sanron. Skor 1-1 bertahan hingga waktu normal berakhir dan laga harus dilanjutkan ke babak tambahan.
'Kutukan' Indonesia saat menghadapi Thailand seolah kembali menghantui. Pada menit ke-111, Peeradol Chamrasamee menjebol gawang Indonesia dan membalikkan keadaan. Thailand unggul 2-1, sementara waktu Indonesia untuk menyelamatkan gelar semakin menipis.
Sebagian pendukung Indonesia mulai meninggalkan tribun. Dengan waktu yang terus berjalan dan skor 1-2, mereka mungkin sudah merasa tahu bagaimana cerita ini akan berakhir, Indonesia kembali kalah dari Thailand di partai final.
Namun, ketika sebagian penonton mulai menyerah, Skuad Garuda justru belum selesai. Lima menit setelah Thailand berbalik unggul, Elkan Baggott mencetak gol penyama kedudukan. SUGBK yang sempat diliputi kekecewaan kembali meledak. Indonesia hidup lagi.
Skor 2-2 bertahan hingga babak tambahan berakhir. Trofi pun harus ditentukan lewat adu penalti.
Di titik ini, ketegangan mencapai puncaknya. Semua penendang Indonesia berhasil menjalankan tugasnya. Thailand tak seberuntung itu. Tembakan Sarach Yooyen membentur tiang, sementara sepakan Nattapong Sayriya berhasil diblok Emil Audero. Indonesia juara FIFA ASEAN Cup 2026!
Peluit panjang berubah menjadi ledakan kegembiraan. Pemain berhamburan, tribun kembali bergemuruh, dan mereka yang sempat meninggalkan stadion mungkin hanya bisa menyesal karena melewatkan lima menit paling gila dalam perjalanan Timnas. Setelah 35 tahun, Indonesia akhirnya mengangkat trofi lagi.
| Ribuan suporter memadati kawasan Bundaran Hotel Indonesia (HI), Jakarta Pusat, Senin (5/10/2026), untuk merayakan keberhasilan Timnas Indonesia menjuarai FIFA ASEAN Cup 2026. Foto: Rifki Afifan Pridiasto / detikfoto | 
Pendukung Timnas yang lahir pada 1980-an dan 1990-an mempunyai cara sendiri untuk merayakan keberhasilan Indonesia. Mereka mengunggah foto-foto momen mendukung Timnas dengan akhir yang mengecewakan.
Final Piala AFF 2010, final Piala AFF 2016, hingga final Piala AFF 2021 menjadi beberapa momen yang diunggah pendukung Indonesia.
Salah satu pendukung Indonesia yang paling diingat adalah Hendri Mulyadi. Dia menginvasi lapangan saat Indonesia melawan Oman pada 2010 di ajang Kualifikasi Piala Asia. Pendukung asal Cikarang, Jawa Barat, itu begitu frustrasi dengan Timnas hingga ingin turun ke lapangan untuk mencetak gol ke gawang lawan. Saat itu, Indonesia kalah 1-2 dari Oman.
Kini, semua core memory buruk itu telah terobati. Indonesia sudah meraih trofi. Anak-anak yang dulu tumbuh dengan luka sepak bola akhirnya mempunyai satu kenangan yang berbeda: malam ketika mereka melihat Indonesia menjadi juara.
Namun, cerita Timnas dan Herdman belum selesai. Piala Asia 2027 sudah menanti. Empat tahun lalu, Indonesia sudah mencetak sejarah dengan lolos ke babak 16 besar Piala Asia. Kini, ekspektasi tentu lebih tinggi. Setelah akhirnya mengetahui bagaimana rasanya menjadi juara, suporter Indonesia boleh bermimpi lebih jauh.
Sebab, mungkin inilah hadiah terbesar dari penantian selama 35 tahun: bukan hanya sebuah trofi, melainkan kesempatan bagi generasi berikutnya untuk tumbuh dengan core memory yang jauh lebih indah tentang Timnas Indonesia.
Dan untuk generasi 80-an dan 90-an, inner child itu akhirnya bisa tersenyum.
(cas/aff)",sport
68,"Persib Bandung langsung melakoni laga tandang berat usai jeda internasional. Maung Bandung dijadwalkan bertandang ke markas klub Thailand, Port FC.
Duel antara Port FC kontra Persib merupakan rangkaian pertandingan fase grup ASEAN Club Championship. Laga tersebut akan berlangsung di PAT Stadium, Bangkok, pada Kamis (8/10/2026) dengan kickoff pukul 19.00 WIB dan disiarkan langsung oleh RCTI.
Berdasarkan catatan Soccerway, Persib telah tiga kali berhadapan dengan Port FC. Hasilnya, Pangeran Biru belum pernah meraih kemenangan dengan catatan dua kali tumbang dan sekali imbang.
Kendati demikian, Persib kini memiliki kedalaman skuad yang lebih kuat berkat kehadiran sejumlah amunisi baru. Pemain-pemain seperti Ragnar Oratmangoen, Sandy Walsh, Balsam Sekulic, hingga Mariano Peralta kini memperkuat tim kebanggaan publik Kota Kembang tersebut.
Di kompetisi domestik, Persib juga telah menunjukkan performa yang cukup meyakinkan. Dari tiga pertandingan awal Liga 1, anak asuh pelatih Igor Tolic itu mencatatkan dua kemenangan dan satu kekalahan.
Sementara itu, modal berharga turut dikantongi Maung Bandung usai mencetak sejarah di AFC Asian Champions League 2 dengan menaklukkan FC Seoul 0-1 di kandang lawan. Tren positif di Korea Selatan tersebut menjadi suntikan moral penting dalam lawatan ke Bangkok.
Jadwal ASEAN Club Championship
Port FC vs Persib Bandung
PAT Stadium, Bangkok
Kamis (8/10)
Pukul 19.00 WIB
Live RCTI
(cas/aff)",sport
69,"Rizky Ridho kemarin meminta maaf ketika Timnas Indonesia tersingkir cepat di Piala AFF 2026. Kini Ridho bahagia, bisa cium piala FIFA ASEAN Cup 2026.
Timnas Indonesia buka puasa gelar juara selama 35 tahun lamanya. Senin (5/10) di SUGBK, Jakarta, Garuda menang atas Thailand di final FIFA ASEAN Cup 2026.
Skor imbang 1-1 di waktu normal, dengan Thailand main dengan 10 orang di menit-menit akhir. Imbang lagi 2-2 di perpanjangan waktu, lalu Indonesia menang adu penalti 4-2.
Rizky Ridho menumpahkan kebahagiannya. Dalam sosial media pribadinya, Ridho mengunggah soal kegagalan di Piala AFF 2026 kemarin dan kini keberhasilan menangi FIFA ASEAN Cup.
Di Piala AFF, Timnas Indonesia tersingkir cepat di fase grup. Indonesia cuma punya 7 poin, di bawahnya Singapura (8 poin), dan Vietnam (10 poin).
""Tentunya kami kecewa, otomatis suporter juga pasti lebih kecewa dari kami. Jadi saya mohon maaf mewakili Timnas Indonesia,"" kata Ridho usai laga Singapura vs Indonesia.
""Mungkin nanti kami lihat lagi evaluasi apa yang kami perlukan untuk ke FIFA ASEAN Cup yang terdepan,"" ujar sang kapten.
Di FIFA ASEAN Cup 2026, Rizky Ridho main empat kali seluruhnya jadi pengganti. Ridho bisa kemas satu gol ke gawang Bangladesh, serta berikan assist untuk gol Elkan Baggott di laga kontra Thailand untuk paksa skor 2-2.
""A1 cium piala,"" tulis unggahan Ridho.
""Sekarang sama-sama kita rayakan,"" tulisnya pada foto dirinya yang menatap trofi FIFA ASEAN Cup 2026.
| Baca juga: Kata-kata Menyentuh dari Asnawi buat Egy | 
(aff/cas)",sport
70,"Ada momen di final FIFA ASEAN Cup 2026 yang bikin suporter Thailand geram. Itu ketika, Justin Hubner ledek Nattapong Sayriya!
Timnas Indonesia buka puasa gelar juara selama 35 tahun lamanya. Senin (5/10) di SUGBK, Jakarta, Garuda menang atas Thailand di final FIFA ASEAN Cup 2026.
Skor imbang 1-1 di waktu normal, dengan Thailand main dengan 10 orang di menit-menit akhir. Imbang lagi 2-2 di perpanjangan waktu, lalu Indonesia menang adu penalti 4-2.
Dirangkum media-media Thailand, para suporter Tim Gajah Perang mengecam aksi bek Timnas Indonesia, Justin Hubner. Itu ketika, penendang terakhir Thailand, Nattapong Sayriya gagal penaltinya!
Tembakan Nattapong ditepis Emil Audero yang membacanya dan bergerak ke kiri gawang. Para pemain Indonesia lantas berlari menghampiri Emil.
Justin Hubner yang ikut berlari, lantas meledek Nattapong. Malah, Hubner juga mendorong badannya Nattapong.
Nattapong tampak emosi, tapi tidak mengejar. Hubner membalikkan badan saat sudah jauh, kembali meledeknya.
Aksi Justin Hubner itu dikecam oleh para suporter Thailand. Mereka menilai Hubner kekanak-kanakan dan tidak punya mental sebagai pemenang sejati.
Meski begitu, kedua kubu tampak baik-baik saja. Kedua kesebelasan bersalaman sebelum pengalungan medali.
Tapi pemain Thailand lainnya, Manuel Bihr... tidak mau salaman sama Hubner tuh!
Saksikan Live DetikSore:
(aff/cas)",sport
71,"Persib Bandung mengusung ambisi besar untuk memulai kampanye ASEAN Club Championship dengan raihan kemenangan. Tekad kuat tersebut diungkapkan langsung oleh penyerang anyar Maung Bandung, Luka Menalo.
Persib dijadwalkan melakoni pertandingan perdana fase grup ASEAN Club Championship 2026 dengan bertandang ke markas Port FC. Laga tersebut akan berlangsung di PAT Stadium, Bangkok, pada Kamis (8/10/2026).
Bagi Persib, turnamen ini menjadi ajang kompetitif ketiga yang harus dijalani pada musim ini. Sebelumnya, Pangeran Biru telah berjibaku di kancah Liga 1 serta AFC Champions League Two.
Meski harus melakoni laga tandang yang berat, kubu Persib tetap mematok target tiga poin penuh. Luka Menalo menegaskan bahwa kesiapan tim sudah berada di jalur yang tepat.
""Persiapan berjalan sangat baik. Kami siap,"" ujar Menalo, dikutip dari situs resmi klub.
""Liga Thailand adalah kompetisi yang bagus. Kami sudah menganalisis kekuatan mereka dan menonton rekaman pertandingan mereka. Menurut saya, mereka tim yang bagus, tetapi kami punya modal kuat dan saya berharap kami bisa memulai kompetisi ini dengan raihan tiga poin,"" imbuhnya.
Kendati demikian, rekor pertemuan tidak sepenuhnya memihak Persib. Berdasarkan catatan Soccerway, dari tiga kali bentrokan sebelumnya melawan Port FC, Pangeran Biru belum pernah menang dengan catatan dua kali kalah dan sekali imbang.
(cas/krs)",sport
72,"Timnas Indonesia sukses menuntaskan misi besar dengan merengkuh gelar juara FIFA ASEAN Cup 2026. Skuad Garuda keluar sebagai yang terbaik sekaligus menjadi tim paling tajam sepanjang turnamen. Berikut adalah rincian data dan faktanya.
Bermain di Stadion Utama Gelora Bung Karno, Jakarta, Senin (5/10/2026) malam WIB, Indonesia memastikan gelar juara usai mengatasi perlawanan Thailand melalui drama adu penalti. Setelah bermain imbang 2-2 hingga 120 menit, tim Merah Putih unggul 4-2 dalam babak toss-ball tersebut.
Indonesia sempat memimpin lebih dulu berkat gol Dean James pada menit ke-84. Namun, keunggulan itu hanya bertahan tiga menit sebelum Thailand menyamakan kedudukan via Iklas Sanron, sekaligus memaksakan pertandingan berlanjut ke babak tambahan.
Thailand sebenarnya harus bermain dengan 10 orang sejak menit ke-84 setelah Nicholas Mickelson menerima kartu kuning kedua usai melanggar Ole Romeny.
Kendati unggul jumlah pemain, Indonesia gagal menyudahi laga lebih awal dan justru kebobolan pada menit ke-111 melalui aksi pemain Thailand, Peeradol Chamrasamee.
Beruntung,, Indonesia mampu menyamakan kedudukan menjadi 2-2 lewat gol Elkan Baggott pada menit ke-116. Pada babak adu penalti, empat eksekutor Indonesia sukses menjalankan tugasnya, sementara dua algojo Thailand, Sarach Yooyen dan Nattapong Sayriya, gagal mengeksekusi penalti. Indonesia pun mengunci gelar juara.
Berikut adalah 7 data fakta menarik di balik kesuksesan tersebut:
1. Indonesia meraih gelar juara tingkat kawasan untuk pertama kalinya setelah 35 tahun. Terakhir kali Indonesia menjadi kampiun adalah saat meraih emas SEA Games 1991, ketika pesta olahraga Asia Tenggara tersebut masih memainkan kategori tim senior.
2. Indonesia sukses memutus rekor buruk saat menghadapi Thailand di partai final. Dalam lima kesempatan laga puncak sebelumnya, Indonesia selalu dipecundangi tim Gajah Perang, yakni pada final SEA Games 1997, Piala AFF 2000, Piala AFF 2002, Piala AFF 2016, dan Piala AFF 2020 (2021).
3. Penyerang muda Indonesia, Mitchell Baker, keluar sebagai pencetak gol terbanyak di FIFA ASEAN Cup 2026. Pemain berusia 19 tahun itu memborong sejumlah gol penting, termasuk saat membantu Indonesia menang dengan skor telak 9-2 atas Bangladesh.
4. Indonesia tercatat sebagai tim paling subur sepanjang turnamen. Tim asuhan John Herdman itu membukukan total 13 gol dari empat pertandingan, atau memiliki rata-rata ketajaman 3,25 gol per laga.
5. Indonesia mengakhiri turnamen tanpa tersentuh kekalahan dalam empat pertandingan, dengan catatan tiga kali menang dan sekali imbang.
6. Indonesia sukses memutus puasa kemenangan melawan Thailand yang sudah berjalan dalam tujuh pertandingan terakhir. Sebelum final FIFA ASEAN Cup 2026, Indonesia menelan empat kekalahan dan tiga kali imbang melawan Thailand. Kemenangan terakhir atas Thailand diraih pada 14 Desember 2016 di leg pertama final Piala AFF 2016 (skor 2-1).
7. Pelatih John Herdman sukses mempersembahkan trofi mayor pertama dalam kariernya menangani tim nasional putra. Sebelumnya, juru taktik asal Inggris itu pernah membawa Timnas Kanada putra menjadi runner-up Concacaf Nations League. Sementara bersama sepak bola wanita, Herdman meraih emas Pan American Games 2011 bersama Kanada, juara Algarve Cup 2016, serta menjuarai OFC Women's Championship 2010 bersama Selandia Baru.
(cas/aff)",sport
73,"Arsenal dinilai harus meningkatkan performa saat menjalani laga tandang. Mantan striker The Gunners, Theo Walcott, yang mengungkap pendapat itu.
Sebelum jeda internasional, Arsenal menelan kekalahan telak saat melawan Brighton & Hove Albion. Bertanding di American Express Stadium pada 19 September 2026, Meriam London dihancurkan The Seagulls 0-3.
Gawang Arsenal yang dikawal oleh David Raya bergantian dibobol oleh Pascal Gross, Charalampos Kostoulas, dan Andres Chema. Arsenal menelan kekalahan pertama musim ini di Liga Inggris.
Berkaca pada hasil itu, Walcott menilai bahwa performa tandang Arsenal harus ditingkatkan. Walcott juga menyebut satu nama pemain yang disarankan agar tak dimainkan Mikel Arteta saat tandang.
""Mereka masih sedikit rapuh saat bermain tandang. Saya menyukai Tzolis, tetapi dari apa yang saya lihat saat tandang, saya tidak begitu terkesan. Sangat sulit untuk benar-benar bersinar saat bermain tandang. Anda bisa saja memiliki para pemain yang hebat di kandang atau hebat saat latihan, tetapi tidak bisa [melakukannya] di laga tandang saat hal itu benar-benar penting,"" kata Walcott seperti dikabarkan oleh Sportskeeda.
""Jangan mainkan dia, mainkan orang lain, mainkan seseorang yang mau bekerja untuk tim atau melakukan sesuatu yang berbeda,"" kata dia menambahkan.
Arsenal akan beraksi lagi pada 10 Oktober 2026. Tim asal London Utara itu akan menjamu Leeds United di Emirates Stadium.
(cas/krs)",sport
74,"Mantan striker Argentina Sergio Aguero terkesan dengan trio penyerang Chelsea. Tapi ia juga menyoroti struktur permainan The Blues secara keseluruhan.
Chelsea membentuk trio penyerang yang amat menjanjikan dengan adanya Joao Pedro, Cole Palmer, dan Morgan Rogers. Ketiga pemain ini sudah berkontribusi delapan gol dan enam asis di Premier League.
Akan tetapi daya gedor itu tak diimbangi dengan struktur yang solid. Chelsea masih kesulitan membendung lawan hingga kebobolan 12 gol sejauh ini.
Catatan 12 gol yang bersarang di gawang mereka itu adalah yang terburuk di Liga Inggris setelah lima pekan. Eks pemain Manchester City Sergio Aguero menilai ini problem yang harus diselesaikan Xabi Alonso sebagai manajer, untuk membuka potensi penuh tim.
""Mereka pemain-pemain yang bagus, tapi kalaupun Anda punya tiga penyerang yang cemerlang, kalau timnya tak solid di tengah atau pertahanan, para penyerang bisa mencetak tiga gol dan lawan mencetak empat gol,"" kata Aguero kepada Stake dikutip Metro.
""Anda berakhir kalah 3-4. Untuk menjaga tiga penyerang yang Anda tahu sangat bagus, Anda juga butuh struktur yang andal di belakang mereka sehingga tim tidak terlalu kepayahan.""
""Barcelona pernah melakukannya dengan tiga penyerangnya di puncak permainan mereka, sebagaimana Real Madrid dan City. Tapi Anda butuh tim di belakang mereka, yang bisa menjaga keunggulan setelah mencetak gol.""
(raw/cas)",sport
75,"Pemain baru Barcelona Anthony Gordon masih mencari gol pertamanya. Gordon mengakui, dirinya butuh waktu dan percaya diri akan mencetak banyak gol.
Setelah ditebus dari Newcastle United seharga 80 juta euro di bursa transfer musim panas lalu, Gordon langsung jadi andalan Blaugrana. Winger internasional Inggris itu dimainkan dimainkan di tujuh dari delapan pertandingan Barcelona di LaLiga dan Liga Champions.
Lima assist jadi kontribusi Gordon di lima startnya di kompetisi domestik. Namun, Gordon jadi satu-satunya pemain depan Barca yang belum membobol gawang lawan.
Anthony Gordon tidak khawatir karena belum pecah telur. Pesepakbola berusia 25 tahun ini yakin, mencetak gol untuk Barcelona hanya soal waktu saja.
""Aku memang belum mendapatkan banyak kesempatan untuk mencetak gol. Faktanya, ini adalah sesuatu yang pernah terjadi di sepanjang karierku,"" ucap dia kepada majalah Barca, diwartakan Mundo Deportivo.
""Di setiap klub, dan setiap fase, aku membutuhkan sedikit waktu sebelum aku mulai mencetak gol secara reguler. Namun, aku yakin aku akan mencetak banyak gol,"" cetus Gordon.
Upaya Anthony Gordon mengukir namanya di papan skor akan berlanjut selepas jeda internasional. Pada akhir pekan ini, Barcelona dijadwalkan menjamu Getafe pada lanjutan LaLiga, Sabtu (10/10).
(rin/rin)",sport
76,"Emiliano Martinez sedang memulai kariernya bersama Chelsea. Kepindahan itu rupanya didorong oleh rasa sakit usai kalah di final Piala Dunia 2026.
Emi Martinez, yang membela Argentina, harus mengakui keunggulan Spanyol 0-1 dalam final pada musim panas lalu. Albiceleste gagal mempertahankan gelar juara dunia, sekaligus gagal memenangi titel keempatnya.
Sekitar sebulan berikutnya, kiper berusia 34 tahun itu meninggalkan Aston Villa untuk menyeberang ke Chelsea. Emi Martinez ditebus senilai 7,5 juta pound sterling setelah manajer Xabi Alonso tidak puas dengan dua opsi utamanya: Robert Sanchez dan Mike Penders.
Emiliano Martinez mengaku, dirinya membutuhkan penyegaran secara mental setelah kekalahan menyakitkan dari Spanyol. Bagi dia, pindah ke Chelsea jadi keputusan terbaik.
""Butuh waktu beberapa saat bagiku untuk memikirkan: kekalahan di final Piala Dunia sangat menyakitkan. Aku telah mencoba pindah klub untuk menyegarkan mentalku, dan aku sukses,"" ucap Emi Martinez kepada TyC Sports.
""Aku datang ke sini, dan itu adalah hal terbaik yang kulakukan karena aku merasa berguna, cepat, dan nyaman. Pada akhirnya, aku harus mewakiliki negaraku, keluargaku, dan aku harus melakukan yang terbaik.""
Seiring kepergian Sanchez ke Como, Emiliano Martinez langsung jadi kiper nomor satu Chelsea. Martinez kebobolan 10 gol dalam empat penampilan di Premier League, di mana the Blues meraih satu kemenangan dan dua kekalahan.
(rin/rin)",sport
77,"Liverpool sudah pasti lagi harap-harap cemas. Sebab, bek muda Jeremy Jacquet dipulangkan dalam kondisi cedera.
Jacquet selalu bermain di dua pertandingan terakhir Prancis di UEFA Nations League, yang merupakan dua caps pertamanya. Performanya mengundang decak kagum.
Jacquet tidak demam panggung seraya menunjukkan penampilan layaknya bek senior yang sudah kenyang pengalaman. Tapi, Jacquet harus menepi ketika Prancis bertemu Belgia di matchday keempat kemarin.
Posisinya digantikan Leny Yoro sehingga menimbulkan pertanyaan, Jacquet kenapa? Sehari setelah kemenangan 4-1 atas Belgia, Federasi Sepakbola Prancis (FFF) mengumumkan Jacquet mengalami cedera hamstring kiri.
| Baca juga: Van Dijk Permudah Adaptasi Jacquet | 
Otot hamstring Jacquet sedikit tertarik sehingga harus beristirahat demi pemulihan kondisi. Tidak disebutkan seberapa lama Jacquet harus menepi.
Yang pasti Jacquet ini diragukan tampil saat Liverpool menjamu Manchester City di Anfield akhir pekan ini. Ada potensi posisi Jacquet digantikan Ronaldo Araujo atau Joe Gomez.
Ini tentu jadi pukulan telak untuk manajer The Reds Andoni Iraola, karena Alexander Isak dan Cody Gakpo juga cedera saat membela negaranya masing-masing.
Jacquet sendiri selalu tampil jadi starter sebanyak enam kali dari tujuh laga di seluruh ajang musim ini.
(mrp/ran)",sport
78,"Riccardo Calafiori senang dengan performanya di awal musim ini. Sebab dia lebih dibebaskan untuk menyerang oleh Mikel Arteta.
Calafiori memang lagi diplot sebagai bek kiri utama Arsenal, setelah musim lalu bergantian dengan Miles Lewis-Skelly. Sebab, Calafiori sempat beberapa kali absen musim lalu karena cedera.
Tapi, kondisi Calafiori kini sudah fit betul dan terbukti dia menjawabnya lewat performa di lapangan. Dia punya enam penampilan di seluruh ajang musim ini dengan satu gol dan dua assist.
Performa ini kemudian diteruskan ke level timnas ketika bikin satu gol saat Italia melibas Turki 3-1 di matchday keempat UEFA Nations League. Calafiori di laga itu benar-benar dibebaskan untuk membantu penyerangan dari sisi kiri.
| Baca juga: Walcott: Arsenal Kurang Garang Saat Tandang | 
Sejak pindah ke Arsenal, Calafiori memang punya statistik yang lebih baik dengan lima gol dan tujuh assist dari 71 laga. Saat masih di Bologna, Calafiori bikin dua gol dan lima assist.
Bagi Calafiori, performanya musim ini tak lepas dari instruksi Arteta selaku manajer Arsenal agar dirinya lebih aktif dalam membangun serangan.
""Ketika saya punya insting untuk melakukan serangan, saya harus melakukannya karena seperti itulah permainan saya,"" ujar Calafiori seperti dikutip Tribuna.
""Namun, saya juga harus melakukanya dengan timing yang tepat.""
(mrp/yna)",sport
79,"Premier League kembali bergulir akhir pekan ini setelah jeda internasional. Liga Inggris langsung menyajikan big match Liverpool vs Manchester City.
Premier League memasuki Matchweek 6 dan kembali dimainkan mulai Sabtu (10/10/2026). Jeda internasional membuat kompetisi berhenti selama 19 hari sebelum kembali bergulir.
Laga pembuka mempertemukan Arsenal dengan Leeds United di Emirates Stadium. Arsenal datang dengan misi bangkit setelah menelan kekalahan 0-3 dari Brighton & Hove Albion sebelum jeda. Sementara itu, Leeds menjadi salah satu tim yang belum terkalahkan hingga Matchweek 5.
Pada Sabtu malam, perhatian kemudian tertuju ke Old Trafford. Manchester United menjamu Tottenham Hotspur dalam duel dua tim tradisional papan atas yang sama-sama mengincar momentum kebangkitan.
Namun, sajian utama hadir pada Minggu (11/10). Liverpool akan menjamu Manchester City di Anfield.
Manchester City datang dengan catatan sempurna setelah memenangi lima pertandingan awal Premier League. Liverpool, yang mengoleksi sembilan poin, akan berusaha menghentikan laju The Citizens sekaligus memanfaatkan laga kandang.
| Baca juga: Haaland Kelelahan | 
Duel Liverpool vs Man City menjadi pertandingan yang paling dinanti pada Matchweek 6. Pertandingan tersebut juga mempertemukan dua penyerang yang sedang bersaing di daftar pencetak gol, Erling Haaland dan Alexander Isak.
Berikut jadwal lengkap Liga Inggris akhir pekan ini:
- Sabtu, 10 Oktober 2026 
  - 18.30 WIB - Arsenal vs Leeds United
  - 21.00 WIB - Aston Villa vs Brentford
  - 21.00 WIB - Chelsea vs Bournemouth
  - 21.00 WIB - Ipswich Town vs Fulham
  - 21.00 WIB - Sunderland vs Brighton
  - 23.30 WIB - Manchester United vs Tottenham Hotspur
- Minggu, 11 Oktober 2026 
  - 20.00 WIB - Crystal Palace vs Nottingham Forest
  - 20.00 WIB - Hull City vs Everton
  - 22.30 WIB - Liverpool vs Manchester City
- Selasa, 13 Oktober 2026 
  - 02.00 WIB - Coventry City vs Newcastle United
(krs/aff)",sport
80,"Cesc Fabregas mulai dilirik banyak tim top Eropa. CEO Como Mirwan Suwarso menegaskan, pihaknya tidak akan menghalangi Fabregas jika memang ingin pergi.
Fabregas digadang-gadang sebagai pelatih top masa depan usai melejitkan Como. Sejak menempati kursi pelatih tim utama pada musim panas 2024, Fabregas memimpin I Lariani bertahan di Serie A usai finis ke-10, lalu mengukir sejarah dengan menembus Liga Champions untuk pertama kalinya setelah finis keempat di akhir 2025/2026.
Como meneruskan momentumnya dengan start lumayan di Liga Italia musim ini. Tiga kemenangan, termasuk melawan runner-up musim lalu Napoli 2-1, sekali imbang dan sekali kalah. Como menempati posisi delapan klasemen dengan selisih tiga poin saja dari juara bertahan Inter Milan dan Capolista AS Roma (13 poin).
Sepak terjang Cesc Fabregas ini kabarnya dipantau mantan-mantan klubnya semasa jadi pemain; Arsenal, Chelsea, Barcelona, dan nama tim yang mengejutkan Real Madrid. Adapun gosip yang menyebut bahwa Fabregas punya klausul di dalam kontraknya yang memungkinkan dia pindah ke Barca, Chelsea, atau Arsenal dengan kompensasi yang sangat sedikit.
Kontrak Fabregas bersama Como 1907 masih berlangsung sampai musim panas 2028. Mirwan Suwarso mengungkapkan, Como tidak akan menghalangi bahkan seandainya Fabregas memutuskan pergi esok hari.
""Dia tidak butuh sebuah klausul untuk pergi ke mana pun yang dia mau,"" ucap Mirwan kepada sebuah acara bincang-bincang dengan Piers Morgan.
""Di dalam bisnis seperti ini, dia itu seorang teman lebih dari apa pun yang lain. Dia bisa pergi ke mana pun dia mau, kapan pun dia mau. Saya bahkan bisa bilang, seandainya besok dia menghubungi saya dan bilang, 'Hei, saya ingin pergi ke Leverkusen'. Saya akan bilang, jika itu adalah sesuatu yang kamu ingin lakukan, maka pergilah.""
""Saya tidak memerlukan kompensasi apapun,"" Mirwan Suwarso mengatakan tentang masa depan Cesc Fabregas.
(rin/aff)",sport
81,"Real Madrid start lambat sehingga ketinggalan cukup jauh dari Barcelona di LaLiga. Legenda Madrid, Luka Modric, percaya Los Blancos bisa membalikkan situasi.
Madrid dalam tekanan untuk kembali juara setelah dipecundangi Barca dalam dua musim terakhir. Investasi besar dilakukan dengan mendaratkan pelatih top Jose Mourinho, serta pemain-pemain macam Marc Cucurella, Denzel Dumfries, Ibrahima Konate, Bernardo Silva, Carlos Espi, dan Yan Diomande.
Meski demikian, El Real belum tampak meyakinkan. Madrid meraih lima kemenangan dengan dua kekalahan di tujuh pertandingan pertama di Liga Spanyol. Di sisi lain, Barcelona justru tampil mengerikan untuk mengemas laju 100 persen.
Menuju jornada 8 di akhir pekan ini, Real Madrid menempati peringkat empat klasemen LaLiga dengan 15 poin. Kylian Mbappe dkk berjarak enam poin dari Barca yang menduduki posisi teratas.
Luka Modric, pemilik empat medali juara LaLiga, menegaskan kompetisi tidak berakhir di bulan Oktober. Bintang veteran AC Milan ini mengatakan, Madrid punya semua yang dibutuhkan untuk menjegal Barcelona.
""Real Madrid kesulitan? Ini kan masih awal musim,"" cetus mantan pemenang Ballon d'Or ini kepada AS. ""Menurutku, Madrid bersama Mourinho, memiliki sebuah tim yang fantastis yang siap bersaing untuk semua titel juara di musim ini.""
""Tidak ada yang perlu dikhawatirkan atau dipikirkan bahwa semuanya sudah selesai karena Barcelona unggul enam poin. Tim ini sepenuhnya mampu memangkas jarak dan memenangi liga,"" imbuh Luka Modric.
Misi Real Madrid mengejar Barcelona akan dimulai lagi saat menjamu Villarreal pada Minggu (11/10) dinihari WIB.
(rin/aff)",sport
82,"LaLiga kembali bergulir akhir pekan ini. Barcelona masih menjadi sorotan utama setelah menyapu bersih tujuh pertandingan pertama dengan kemenangan.
Barcelona memimpin klasemen dengan 21 poin dari tujuh laga. Blaugrana juga tampil produktif dengan mencetak 31 gol dan baru kebobolan tujuh kali.
Akhir pekan ini, Barcelona akan menjamu Getafe di Spotify Camp Nou, Sabtu (10/10/2026) malam WIB. Getafe datang dengan catatan dua kemenangan, dua imbang, dan tiga kekalahan dari tujuh pertandingan.
Barcelona tentu membidik kemenangan kedelapan secara beruntun untuk mempertahankan posisi di puncak sekaligus menjaga rekor 100 persennya.
Persaingan di papan atas juga menarik karena Atletico Madrid dan Real Betis sama-sama mengoleksi 16 poin, sedangkan Real Madrid berada di posisi keempat dengan 15 poin.
Madrid akan bertanding beberapa jam setelah Barcelona. Los Blancos menjamu Villarreal pada Minggu (11/10) dini hari WIB. Duel tersebut menjadi kesempatan bagi Madrid untuk memangkas jarak dengan Barcelona.
Jadwal Liga Spanyol
- Sabtu, 10 Oktober 
  - 02.00 WIB - Málaga vs Espanyol
  - 19.00 WIB - Rayo Vallecano vs Athletic Bilbao
  - 21.15 WIB - Alavés vs Atlético Madrid
  - 23.30 WIB - Barcelona vs Getafe
- Minggu, 11 Oktober 
  - 02.00 WIB - Real Madrid vs Villarreal
  - 19.00 WIB - Elche vs Celta Vigo
  - 21.15 WIB - Real Sociedad vs Deportivo La Coruña
  - 23.30 WIB - Real Betis vs Osasuna
- Senin, 12 Oktober 
  - 02.00 WIB - Racing Santander vs Valencia
- Selasa, 13 Oktober 
  - 02.00 WIB - Levante vs Sevilla
(krs/aff)",sport
83,"Perjalanan panjang Tim Kebanggaan Indonesia di level ASEAN akhirnya berbuah manis. Setelah melewati sederet laga dengan tensi tinggi, Indonesia mengakhiri penantian selama 35 tahun untuk kembali meraih gelar di level senior.
Skuad Garuda menuntaskan perjalanan mereka di kompetisi tingkat ASEAN dengan gelar juara setelah mengalahkan Thailand melalui adu penalti dengan skor 4-2 pada laga final di Stadion Utama Gelora Bung Karno (SUGBK), Senayan, Jakarta, Senin (5/10/2026).
Hasil tersebut menjadi momen spesial bagi para pemain, tim pelatih, hingga jutaan masyarakat yang mengikuti perjuangan Tim Kebanggaan Indonesia sejak pertandingan pertama. Apresiasi juga datang dari berbagai pihak yang selama ini mendukung perjalanan olahraga Indonesia, termasuk Le Minerale.
""Terima kasih, Atlet Kebanggaan Indonesia. Terima kasih sudah berjuang dan membuat Indonesia bangga!"" tulis Le Minerale melalui kanal digital resminya, Selasa (6/10/2026).
Kemenangan tersebut bukan hasil dari satu pertandingan. Di baliknya terdapat proses panjang, mulai dari latihan dengan intensitas tinggi, persiapan dari satu laga ke laga berikutnya, hingga upaya setiap pemain untuk menjaga kondisi agar dapat tampil optimal ketika membawa nama Indonesia.
Bagi Le Minerale, dukungan terhadap olahraga Indonesia juga bukan hal yang baru. Jejak keterlibatannya di sepak bola nasional setidaknya telah terlihat sejak 2018 melalui Le Minerale Football Camp, program bagi pesepakbola muda yang kala itu menghadirkan pemain muda Indonesia untuk berbagi pengalaman dan motivasi kepada peserta.
Dukungan tersebut kemudian berkembang dalam berbagai bentuk seiring perjalanan atlet-atlet Indonesia di berbagai kompetisi. Tidak hanya hadir melalui aktivitas olahraga, Le Minerale juga mengangkat sosok dan cerita para pemain agar masyarakat dapat mengenal perjalanan mereka lebih dekat.
Pada 2024, misalnya, Le Minerale menghadirkan kemasan edisi khusus atlet sepak bola Indonesia yang menampilkan berbagai atlet kebanggaan Indonesia. Aktivitas tersebut menjadi salah satu bentuk apresiasi kepada para pemain sekaligus membawa cerita perjuangan mereka lebih dekat kepada masyarakat.
Dalam perkembangannya, sejumlah pemain lain juga hadir dalam berbagai aktivitas komunikasi Le Minerale. Cerita mengenai latihan, perjuangan, hingga keseharian para pemain menjadi bagian dari cara untuk menghadirkan sisi lain perjalanan atlet di luar momentum pertandingan.
Dukungan terhadap olahraga juga berjalan beriringan dengan perhatian terhadap kebutuhan cairan dan mineral selama aktivitas fisik. Dalam latihan maupun pertandingan dengan intensitas tinggi, menjaga kecukupan cairan menjadi salah satu bagian penting dalam menjaga kondisi tubuh. Le Minerale hadir dalam konteks tersebut melalui dukungan hidrasi di berbagai aktivitas dan kompetisi olahraga.
Namun pada akhirnya, pencapaian Indonesia di level ASEAN lahir dari kerja keras seluruh tim. Setiap pemain menjalankan perannya masing-masing, mulai dari menciptakan peluang, menjaga organisasi permainan, menahan serangan lawan, hingga hadir pada momen-momen menentukan ketika pertandingan berjalan ketat.
Seluruh peran tersebut menyatu menjadi kekuatan Tim Kebanggaan Indonesia. Kerja kolektif, konsistensi, serta semangat untuk memberikan yang terbaik membawa Indonesia terus melangkah hingga akhirnya mencapai puncak kompetisi di tingkat ASEAN.
Setelah penantian panjang, gelar tersebut bukan hanya menjadi milik para pemain yang berada di lapangan, tetapi juga menjadi momen kebanggaan bagi masyarakat Indonesia yang terus mengikuti dan mendukung perjalanan mereka.
(prf/ega)",sport
84,"Euforia atas keberhasilan Tim Kebanggaan Indonesia menjuarai kompetisi sepak bola Asia Tenggara masih dirasakan masyarakat. Sejak pertandingan pertama hingga laga penentuan, dukungan publik terus mengalir kepada para atlet yang berjuang membawa Indonesia meraih gelar juara.
Di tengah perayaan tersebut, muncul ajakan kepada masyarakat untuk tidak hanya merayakan hasil akhir, tetapi juga memberikan apresiasi kepada para atlet atas proses panjang yang telah mereka jalani.
Ajakan tersebut disampaikan Le Minerale melalui kanal digital resminya, Selasa (6/10/2026). Le Minerale mengajak masyarakat menyampaikan ucapan terima kasih kepada seluruh atlet kebanggaan Indonesia yang telah berjuang sepanjang kompetisi.
""Kemenangan ini menjadi kebanggaan bagi masyarakat Indonesia. Namun, di balik hasil yang diraih, terdapat proses panjang berupa latihan, disiplin, kerja keras, dan pengorbanan para atlet. Karena itu, kami mengajak masyarakat untuk bersama-sama menyampaikan apresiasi dan terima kasih kepada seluruh atlet kebanggaan yang telah berjuang membawa nama Indonesia,"" tulis Le Minerale dalam kanal digital resminya.
Perjalanan menuju gelar juara tidak hanya ditentukan oleh satu pemain maupun satu pertandingan. Seluruh anggota skuad memiliki peran dalam menghadapi rangkaian laga dengan situasi dan tekanan yang berbeda.
Selain strategi dan kemampuan teknis di lapangan, kesiapan fisik juga menjadi bagian penting dalam menunjang performa atlet. Proses tersebut mencakup latihan, pemulihan, pemenuhan nutrisi, serta kebutuhan cairan selama menjalani persiapan maupun pertandingan.
Le Minerale menjadi salah satu brand yang telah terlibat dalam berbagai aktivitas yang berkaitan dengan olahraga dan dukungan terhadap atlet Indonesia dalam beberapa tahun terakhir.
Keterlibatan tersebut antara lain dilakukan melalui kegiatan edukasi mengenai hidrasi dan pemenuhan mineral, pembinaan olahraga, serta dukungan terhadap berbagai aktivitas dan kompetisi olahraga.
Pada 2018, misalnya, Le Minerale terlibat dalam kegiatan pembinaan pesepak bola usia muda melalui program yang turut memberikan edukasi mengenai pentingnya hidrasi dan kesiapan fisik dalam berolahraga.
Dukungan terhadap atlet kemudian berlanjut dalam berbagai momentum olahraga pada tahun-tahun berikutnya. Pada 2024, Le Minerale juga menghadirkan kemasan bertema ""Atlet Kebanggaan Indonesia"" sebagai bentuk apresiasi terhadap perjuangan atlet yang membawa nama Indonesia.
Pada 2026, Le Minerale kembali mendukung kebutuhan hidrasi dan mineral para atlet dalam menjalani latihan, persiapan, hingga kompetisi.
Rangkaian kegiatan tersebut menunjukkan keberlanjutan dukungan Le Minerale terhadap aktivitas olahraga dan atlet Indonesia, tidak hanya pada saat momentum kemenangan berlangsung.
Melalui ajakan apresiasi kali ini, masyarakat diharapkan dapat turut memberikan penghargaan kepada para atlet, tidak hanya atas hasil yang diraih, tetapi juga atas proses dan perjuangan yang telah dijalani sepanjang kompetisi.
(prf/ega)",sport
85,"Kemenangan Tim Kebanggaan Indonesia di Kompetisi ASEAN 2026 menjadi hasil dari kerja keras panjang para pemain, baik saat bertanding maupun dalam menjaga kesiapan tubuh di luar lapangan.
Di tengah jadwal latihan dan pertandingan dengan intensitas tinggi, kondisi fisik menjadi salah satu faktor penting yang harus terus dijaga.
Bukan hanya soal strategi, teknik, atau mental bertanding. Pemenuhan kebutuhan cairan dan mineral juga menjadi bagian dari keseharian atlet agar tubuh tetap siap menjalani berbagai aktivitas fisik.
Bagi atlet yang menjalani aktivitas fisik dengan intensitas tinggi, mineral memiliki peran penting dalam mendukung fungsi tubuh selama beraktivitas. Dilansir dari jurnal ""Dietary Supplements and Sports Performance: Minerals"" yang diterbitkan National Library of Medicine, mineral berperan penting dalam mendukung fungsi tubuh atlet.
Adapun peran mineral bagi atlet meliputi kontraksi otot, menjaga irama jantung tetap normal, menghantarkan impuls saraf, mengangkut oksigen, serta mendukung fosforilasi oksidatif dan aktivasi enzim. Mineral juga berperan dalam fungsi kekebalan tubuh, aktivitas antioksidan, kesehatan tulang, serta menjaga keseimbangan asam-basa darah.
Karena itu, bukan hanya kecukupan cairan yang perlu diperhatikan, tetapi juga kualitas mineral yang dikonsumsi. Salah seorang dokter umum, dr. Tjahyadi Soegiono pun menjelaskan peranan air mineral berkualitas dalam menjaga kebugaran dan kesegaran tubuh para atlet.
Ia menegaskan manfaat air mineral berkualitas untuk mencegah cedera akibat panas tubuh yang berlebih.
""Air mineral yang berkualitas sangat penting bagi seorang atlet untuk menghindarkan mereka dari kekurangan cairan dan juga mineral. Mereka memiliki kebutuhan cairan dan mineral yang lebih banyak dari orang lainnya. Oleh karenanya air mineral dengan kandungan mineral esensial-lah yang sangat dibutuhkan oleh tubuh terutama atlet,"" ungkapnya dalam keterangan tertulis.
| Pemain Timnas Indonesia Foto: dok. Istimewa | 
Le Minerale menjadi salah satu air mineral yang terlihat menemani aktivitas sejumlah atlet, termasuk Ragnar Oratmangoen, Rizky Ridho, dan sejumlah pesepakbola lainnya. Dalam berbagai kesempatan, para atlet tersebut terlihat membawa Le Minerale saat menjalani aktivitas maupun pertandingan.
""Saya selalu percaya le minerale. sejak saya ke indonesia hanya memilih ini, karena rasanya sehat dan mengandung mineral esensial,"" ujar Ragnar Oratmangoen.
Pilihan tersebut tak lepas dari kandungan mineral yang terdapat di dalam air mineral. Mineral dibutuhkan tubuh untuk mendukung sejumlah fungsi penting, mulai dari kontraksi otot, penghantaran impuls saraf, hingga menjaga keseimbangan cairan dan elektrolit. Bagi atlet yang memiliki aktivitas fisik tinggi, asupan cairan dan mineral menjadi bagian penting untuk menunjang kebutuhan tubuh selama berolahraga.
Pilihan terhadap mineral berkualitas menjadi relevan bagi atlet yang dituntut untuk terus menjaga kesiapan tubuh. Mulai dari menjalani latihan, mempersiapkan diri menghadapi pertandingan, hingga berlaga membawa nama Indonesia.
Perjalanan hingga menjadi yang terbaik di ASEAN pun tidak terjadi dalam satu malam. Ada latihan, disiplin, konsistensi, serta upaya menjaga kesiapan tubuh yang terus dilakukan sepanjang kompetisi.
Pada akhirnya, gelar juara memang ditentukan di atas lapangan. Namun performa para atlet juga dibentuk melalui berbagai persiapan yang dilakukan sejak jauh sebelum pertandingan dimulai.
Dan di balik setiap perjuangan menuju kemenangan, pemenuhan kebutuhan cairan dan mineral berkualitas menjadi salah satu bagian penting yang perlu diperhatikan.
(prf/ega)",sport
86,"Di balik penampilan apik para atlet di arena tanding, ada konsistensi dalam menjaga kondisi fisik sehari-hari. Bagi atlet profesional, mereka harus pintar-pintar mengelola kondisi fisik agar tidak cepat tumbang saat bertanding.
Mulai dari latihan, masa recovery, waktu istirahat, pola tidur, hingga pilihan asupan harian diatur dengan disiplin agar tubuh siap menghadapi aktivitas dengan intensitas tinggi. Termasuk dalam memilih air mineral harian, yang berperan penting dalam menjaga asupan cairan tubuh di tengah aktivitas yang menguras energi.
Sepanjang perjalanan Tim Kebanggaan Indonesia di laga ASEAN 2026, tuntutan fisik terhadap para pemain terbilang tinggi. Jadwal pertandingan yang berdekatan hingga final yang berlangsung sampai babak tambahan membuat kesiapan tubuh menjadi salah satu aspek penting.
Dalam kondisi seperti itu, pemenuhan kebutuhan cairan dan mineral menjadi bagian yang perlu diperhatikan.
Sebab, memilih air mineral bukan hanya perkara menghilangkan rasa haus. Bagi atlet dengan aktivitas fisik tinggi, kandungan dan kualitas mineral juga menjadi salah satu pertimbangan dalam memilih air mineral untuk dikonsumsi.
Kepercayaan terhadap Le Minerale di dunia olahraga pun telah berlangsung sejak lama. Le Minerale telah menjadi pilihan para atlet hingga dipercaya di berbagai event olahraga internasional sebagai air mineral berkualitas.
Dari Ragnar Oratmangoen, Rizky Ridho, hingga deretan atlet lainnya, Le Minerale menjadi pilihan untuk memenuhi kebutuhan cairan sekaligus mendapatkan mineral berkualitas di tengah aktivitas mereka sebagai atlet profesional.
Pada akhirnya, Tim Kebanggaan Indonesia berhasil menutup perjalanan di ASEAN sebagai juara. Hasil tersebut tentu lahir dari kualitas permainan, strategi, kerja keras, serta kekompakan seluruh tim.
Namun di balik performa yang terlihat di lapangan, ada proses panjang yang terus dijalani para atlet untuk menjaga kesiapan tubuh.
Dan bagi para atlet yang dituntut untuk selalu siap memberikan performa terbaik, memilih air mineral dengan mineral berkualitas menjadi salah satu bagian dari standar keseharian mereka.
(prf/ega)",sport
87,"Perjalanan Tim Kebanggaan Indonesia hingga menjadi yang terbaik di ASEAN tidak hanya menuntut kualitas permainan di lapangan.
Rangkaian pertandingan dengan intensitas tinggi juga menuntut para pemain untuk terus menjaga kesiapan tubuh dari satu laga ke laga berikutnya.
Sepanjang kompetisi, Tim Kebanggaan Indonesia menghadapi beragam situasi. Ada pertandingan yang berjalan dengan tempo cepat, tekanan tinggi, hingga laga yang memaksa pemain bekerja keras sampai menit-menit akhir.
Puncaknya terjadi pada partai final. Pertandingan berjalan ketat hingga harus dilanjutkan ke babak tambahan sebelum Tim Kebanggaan Indonesia akhirnya memastikan gelar juara.
Situasi seperti itu membuat kesiapan fisik menjadi bagian yang tidak bisa dipisahkan dari keseharian para pemain. Sebab bagi pesepakbola profesional, persiapan tidak berhenti ketika peluit panjang berbunyi.
Setelah pertandingan, pemain masih harus menjalani recovery dan kembali mempersiapkan tubuh untuk laga berikutnya. Terlebih dalam sebuah turnamen, waktu pemulihan yang tersedia tidak selalu panjang.
Di tengah tuntutan tersebut, pemenuhan kebutuhan cairan dan mineral menjadi salah satu hal yang perlu diperhatikan.
Aktivitas fisik dengan intensitas tinggi membuat tubuh kehilangan cairan melalui keringat. Karena itu, memenuhi kebutuhan cairan menjadi bagian dari keseharian atlet selama menjalani latihan, pertandingan, hingga recovery.
Namun bagi atlet profesional, memilih air mineral bukan hanya soal menghilangkan rasa haus.
Atlet profesional memiliki standar tinggi terhadap apa yang dikonsumsi untuk menjaga kesiapan tubuh, termasuk dalam memilih air mineral. Bukan hanya kebutuhan cairan yang diperhatikan, tetapi juga kualitas mineral yang didapatkan.
Le Minerale pun menjadi pilihan para atlet untuk memenuhi keduanya. Kandungan mineral berkualitas menjadikan Le Minerale relevan bagi para atlet yang menjalani aktivitas fisik tinggi dan membutuhkan pemenuhan cairan serta mineral sebagai bagian dari kesehariannya.
Standar tersebut tidak hanya berlaku ketika atlet turun bertanding. Mulai dari latihan, recovery, hingga kembali mempersiapkan diri menghadapi pertandingan berikutnya, perhatian terhadap cairan dan mineral berkualitas menjadi bagian dari rutinitas yang terus dijaga.
Performa Tim Kebanggaan Indonesia sepanjang turnamen pun memperlihatkan besarnya tuntutan yang harus dijalani para pemain. Mereka dituntut untuk terus memberikan kemampuan terbaik dalam berbagai kondisi, termasuk ketika pertandingan berlangsung lebih lama dari waktu normal.
Pada akhirnya, keberhasilan menjadi juara tentu lahir dari kualitas permainan, strategi, kerja keras, dan kerja sama seluruh pemain di lapangan.
Namun di balik performa yang terlihat saat pertandingan, ada standar dan disiplin yang terus dijaga dalam keseharian.
Mulai dari latihan, recovery, istirahat, hingga memastikan kebutuhan cairan dan mineral berkualitas tetap terpenuhi menjadi bagian dari persiapan untuk kembali memberikan yang terbaik di lapangan.
(prf/ega)",sport
88,"Rizky Ridho punya cerita tersendiri dalam keberhasilan Tim Kebanggaan Indonesia menjadi yang terbaik di ASEAN.
Pemain yang mengawali perjalanan sepakbolanya dari Surabaya itu ikut hadir di salah satu momen paling menentukan dalam laga final melawan Thailand di Stadion Utama Gelora Bung Karno, Senin (5/10/2026).
Pertandingan berjalan penuh drama.
Indonesia dan Thailand bermain imbang 1-1 selama 90 menit sehingga laga harus dilanjutkan ke babak tambahan.
Situasi kemudian semakin sulit setelah Thailand berbalik unggul 2-1 pada menit ke-110.
Waktu terus berjalan. Tim Kebanggaan Indonesia hanya memiliki beberapa menit untuk menyelamatkan pertandingan.
Di tengah tekanan tersebut, Ridho ikut memainkan perannya.
Masuk ke lapangan pada menit ke-60, Ridho tidak hanya membantu menjaga keseimbangan permainan. Ketika Tim Kebanggaan Indonesia membutuhkan gol, ia ikut maju membantu serangan.
Pada menit ke-116, Ridho mengirimkan umpan tarik yang berhasil diteruskan Elkan Baggott menjadi gol.
Skor berubah menjadi 2-2.
Gol tersebut kembali menghidupkan asa Tim Kebanggaan Indonesia sekaligus membawa pertandingan menuju adu penalti.
Dalam babak penentuan itu, Indonesia tampil lebih tenang dan akhirnya menang 4-2 untuk memastikan gelar juara di level ASEAN.
Momen tersebut menjadi salah satu cerita menarik dalam perjalanan Ridho. Sebagai pemain yang lebih identik dengan tugas menjaga pertahanan, ia justru mampu memberikan kontribusi ofensif ketika tim berada dalam situasi yang sangat membutuhkan.
Namun perjalanan Ridho tentu bukan hanya soal satu umpan di pertandingan final.
Dari mengawali langkah sepakbolanya di Surabaya hingga dipercaya menjadi bagian dari Tim Kebanggaan Indonesia, Ridho telah melewati proses panjang untuk berkembang sebagai pemain.
Tuntutan yang dihadapi juga terus meningkat. Dari pertandingan domestik hingga panggung regional, ia harus menjaga konsistensi sekaligus mampu beradaptasi dengan berbagai situasi permainan.
Di balik perjalanan tersebut, bagi Rizky Ridho, menjaga kondisi fisik tidak berhenti saat peluit latihan selesai berbunyi. Di luar lapangan, bek tangguh ini memiliki kebiasaan disiplin untuk memperhatikan pemulihan tubuhnya mulai dari porsi istirahat hingga asupan harian.
Ia sadar betul bahwa aktivitas fisik berintensitas tinggi menuntut hidrasi yang maksimal. Karena itu, Ridho selalu memastikan kebutuhan cairan tubuhnya terpenuhi dengan memilih air mineral berkualitas yang kaya akan mineral esensial untuk mendukung kesegaran dan performanya.
Dalam kesehariannya sebagai atlet, Ridho menjadi salah satu dari deretan atlet yang memilih Le Minerale untuk memenuhi kebutuhan cairan sekaligus mendapatkan mineral berkualitas. Pilihan ini menjadi bagian dari perhatian atlet terhadap kualitas asupan yang dikonsumsi di tengah tuntutan aktivitas sebagai seorang profesional.
Ridho menjadi satu dari banyak atlet kebanggaan yang memiliki perannya masing-masing sepanjang perjalanan Indonesia di ASEAN.
Dari lini depan hingga pertahanan, setiap pemain memberikan kontribusi dengan caranya masing-masing.
Bagi Ridho, umpan pada menit ke-116 menjadi salah satu momen yang akan melekat dalam perjalanan tersebut.
Sebab beberapa menit kemudian, Tim Kebanggaan Indonesia bukan lagi sekadar finalis.
Mereka resmi menjadi yang terbaik di ASEAN.
(prf/ega)",sport
89,"Perjalanan Tim Kebanggaan Indonesia di kompetisi ASEAN 2026 bukan hanya soal kemenangan. Sejumlah laga juga menjadi ujian bagi para pemain untuk tetap tenang dan memberikan kontribusi ketika tekanan meningkat.
Ragnar Oratmangoen menjadi salah satu pemain yang menunjukkan kontribusinya sejak awal kompetisi. Saat menghadapi Singapura pada laga pembuka, Ragnar mencetak gol pada menit ke-13 dan membantu Tim Kebanggaan Indonesia membuka perjalanan dengan kemenangan 2-0.
Seiring berjalannya kompetisi, tantangan yang dihadapi pun semakin besar. Tim Kebanggaan Indonesia menutup fase grup sebagai juara Grup A dengan tujuh poin sebelum melangkah ke final menghadapi Thailand.
Laga final kemudian menjadi salah satu ujian terberat. Tim Kebanggaan Indonesia sempat tertinggal 1-2 pada babak tambahan setelah Thailand mencetak gol pada menit ke-110. Namun tekanan tersebut tidak membuat perjuangan berhenti.
Rizky Ridho ikut memainkan peran penting dalam momen kebangkitan tersebut. Umpan tariknya diteruskan Elkan Baggott menjadi gol penyama kedudukan 2-2 pada menit ke-116. Tim Kebanggaan Indonesia kemudian menang 4-2 melalui adu penalti dan memastikan diri menjadi yang terbaik di ASEAN.
Momen Ragnar di awal turnamen hingga kontribusi Ridho di laga final memperlihatkan bagaimana pemain dengan peran berbeda mampu hadir ketika tim membutuhkan.
Namun perjalanan tersebut tentu bukan hasil dari satu atau dua nama. Kemenangan lahir dari kerja kolektif, kesiapan setiap pemain, serta kemampuan tim menjaga fokus dalam berbagai situasi pertandingan.
Di balik kesiapan menghadapi berbagai momen tersebut, para atlet juga menjalani rangkaian persiapan untuk menjaga kondisi tubuh di tengah padatnya aktivitas dan tingginya intensitas pertandingan.
Pemenuhan kebutuhan cairan dan mineral menjadi salah satu bagian yang diperhatikan dalam keseharian atlet. Dari Ragnar Oratmangoen, Rizky Ridho, hingga deretan atlet lainnya, Le Minerale menjadi pilihan untuk memenuhi kebutuhan cairan sekaligus mendapatkan mineral berkualitas di tengah aktivitas mereka sebagai atlet profesional.
Pilihan para atlet terhadap Le Minerale menunjukkan bahwa kualitas dari apa yang dikonsumsi juga menjadi perhatian di balik persiapan mereka. Sebab ketika tuntutan di lapangan semakin tinggi, setiap bagian dari persiapan ikut diperhatikan, termasuk memastikan kebutuhan cairan dan mineral tetap terpenuhi.
Pada akhirnya, perjalanan di ASEAN memperlihatkan bahwa Tim Kebanggaan Indonesia tidak hanya mampu mencetak gol dan meraih kemenangan, tetapi juga mampu melewati tekanan hingga momen terakhir.
Dari gol Ragnar di awal perjalanan, kontribusi Ridho pada laga final, hingga perjuangan seluruh pemain di sepanjang kompetisi, masing-masing mengambil peran untuk satu tujuan yang sama: membawa Tim Kebanggaan Indonesia menjadi yang terbaik di ASEAN.
(prf/ega)",sport
90,"Tim Kebanggaan Indonesia berhasil menutup perjalanan di kompetisi ASEAN 2026 dengan menjadi yang terbaik. Di balik pencapaian tersebut, Maarten Paes menjadi salah satu sosok yang ikut memberikan kontribusi penting sejak fase grup.
Paes mendapat kesempatan menjaga gawang Tim Kebanggaan Indonesia dalam dua pertandingan fase grup. Hasilnya, dua laga tersebut berhasil dilewati tanpa kebobolan.
Saat menghadapi Singapura, Paes membantu Indonesia meraih kemenangan 2-0. Ujian lebih berat kemudian datang ketika menghadapi Malaysia.
Tim Kebanggaan Indonesia harus bermain dengan 10 pemain sejak babak pertama. Malaysia memberikan tekanan besar, tetapi Paes dan lini belakang mampu menjaga gawang tetap aman hingga pertandingan berakhir 0-0.
Dua clean sheet tersebut menjadi bagian penting dalam perjalanan Indonesia menuju fase berikutnya.
Kontribusi Paes pun tidak hanya terlihat dari catatan di atas lapangan.
Jelang partai puncak, Paes sempat membagikan pesan emosional melalui akun LinkedIn pribadinya. Ia menyebut kesempatan meraih trofi bersama Tim Kebanggaan Indonesia di hadapan pendukung sendiri sebagai momen yang sangat berarti dalam kariernya.
Dalam unggahan tersebut, Paes juga menyinggung perjalanan Tim Kebanggaan Indonesia yang harus melewati berbagai situasi untuk bisa mencapai final.
Ia mengingat kembali kemenangan 9-2 atas Bangladesh yang memastikan langkah Indonesia ke laga puncak.
Bagi Paes, perjalanan tersebut bukan hanya soal hasil pertandingan.
Ia melihat bagaimana para pemain dan staf dengan latar belakang berbeda mampu menyatu menjadi satu tim. Menurutnya, Tim Kebanggaan Indonesia semakin matang dari satu pertandingan ke pertandingan berikutnya.
Paes juga menyoroti dua kemenangan, satu hasil imbang, dan dua clean sheet melawan rival-rival langsung sebagai salah satu tanda perkembangan tim sepanjang kompetisi.
Perjalanan tersebut kemudian berakhir manis.
Tim Kebanggaan Indonesia sukses menaklukkan Thailand di partai final melalui adu penalti setelah pertandingan berlangsung ketat hingga babak tambahan.
Meski tugas di bawah mistar pada laga final dijalankan penjaga gawang lain, kontribusi Paes sejak fase grup tetap menjadi bagian dari perjalanan Tim Kebanggaan Indonesia hingga menjadi yang terbaik di ASEAN.
Sebagai atlet profesional dan bagian dari Le Minerale Squad, Paes menghadapi tuntutan untuk terus menjaga kesiapan di tengah padatnya latihan dan pertandingan. Tuntutan tersebut membuat kualitas dari apa yang dikonsumsi menjadi salah satu hal yang ikut diperhatikan, termasuk dalam memilih air mineral.
Maarten Paes menjadi salah satu atlet dalam Le Minerale Squad yang memilih Le Minerale untuk memenuhi kebutuhan cairan sekaligus mendapatkan mineral berkualitas dalam kesehariannya sebagai atlet profesional.
Pilihan Paes terhadap Le Minerale juga menjadi bagian dari cerita yang lebih luas tentang standar para atlet terhadap air mineral yang mereka konsumsi. Bukan sekadar untuk memenuhi kebutuhan cairan, tetapi juga memperhatikan kualitas mineral yang didapatkan di tengah tingginya aktivitas fisik.
Dua clean sheet, performa konsisten, hingga keyakinannya terhadap perkembangan tim menjadi bagian dari cerita Paes sepanjang kompetisi ASEAN.
Pada akhirnya, gelar juara memang diraih sebagai sebuah tim.
Dan perjalanan Maarten Paes menunjukkan bahwa untuk mencapai puncak, setiap kontribusi memiliki arti.
(prf/ega)",sport
91,"Perjalanan Tim Kebanggaan Indonesia di level ASEAN menjadi panggung bagi banyak pemain untuk menunjukkan kontribusinya.
Bukan hanya satu nama yang tampil menonjol. Di berbagai lini, para pemain saling melengkapi dan hadir di momen-momen penting untuk menjaga Tim Kebanggaan Indonesia tetap kompetitif.
Di antara mereka, Ragnar Oratmangoen dan Rizky Ridho menjadi dua nama yang ikut mencuri perhatian.
Ragnar memberi warna dari lini depan. Pergerakannya, kemampuannya mencari ruang, hingga kontribusinya dalam fase menyerang menjadi salah satu bagian dari permainan Tim Kebanggaan Indonesia.
Sementara itu, Rizky Ridho menunjukkan peran berbeda dari lini belakang. Ketenangan, kemampuan membaca permainan, serta keberaniannya mengambil keputusan di situasi penting membuatnya ikut menjaga keseimbangan tim.
Perbedaan peran tersebut menggambarkan satu hal yakni perjalanan Tim Kebanggaan Indonesia tidak dibangun oleh satu pemain saja.
Setiap lini membutuhkan kontribusi yang berbeda. Ada pemain yang membuka peluang, menjaga organisasi permainan, hingga mereka yang mampu mengambil peran ketika pertandingan memasuki momen krusial.
Di luar lapangan, Ragnar dan Ridho juga punya satu kesamaan. Keduanya menjadi bagian dari deretan Le Minerale Squad, bersama para atlet lain yang membawa kebanggaan Indonesia melalui perjuangan mereka di berbagai arena olahraga.
Meski datang dari cabang olahraga, karakter, dan peran yang berbeda, para atlet memiliki standar tinggi terhadap apa yang menjadi bagian dari keseharian mereka. Termasuk dalam memilih air mineral yang dikonsumsi.
Ragnar mengungkapkan pengalamannya menjadi bagian dari Le Minerale Squad. Ia menyebut keterlibatan tersebut menjadi pengalaman yang membanggakan, terlebih karena Le Minerale merupakan produk dalam negeri.
Hal itu disampaikan Ragnar melalui unggahan di akun TikTok @ragnaroratmangoenn. Ia mengaku bangga dapat menjadi bagian dari produk asal Indonesia sekaligus mendapat dukungan dalam menjalani aktivitasnya sebagai atlet.
""Saya sangat bangga menjadi bagian dari produk dalam negeri, yang asli milik Indonesia. Saya juga semakin bangga bisa mewakili merek besar yang benar-benar mendukung kerja keras saya sebagai seorang atlet,"" ujar Ragnar.
Ragnar juga bercerita soal momen ketika dirinya melihat wajahnya terpampang di papan reklame untuk pertama kalinya. Menurutnya, pengalaman tersebut terasa seperti mimpi.
""Melihat diri saya sendiri terpampang di papan reklame di Indonesia untuk pertama kalinya sungguh terasa seperti mimpi. Saya hampir tidak percaya, namun saya merasa sangat bangga dan bersyukur atas momen tersebut,"" katanya.
Le Minerale menjadi pilihan Ragnar, Rizky Ridho, hingga deretan atlet lainnya untuk mendapatkan mineral berkualitas. Pilihan tersebut sekaligus menunjukkan bagaimana kualitas mineral menjadi salah satu hal yang diperhatikan oleh para atlet dengan tuntutan aktivitas fisik yang tinggi.
Pada akhirnya, pencapaian Tim Kebanggaan Indonesia di ASEAN kembali menunjukkan bahwa kebanggaan tidak pernah lahir dari satu nama.
(prf/ega)",sport
92,"UEFA turut siap menghukum Manchester City terkait kasus pelanggaran finansial. UEFA tunggu putusan Premier League dulu.
Manchester City sudah dinyatakan bersalah oleh komisi independen soal pelanggaran finansial, pada Jumat (25/9). City didakwa 114 kasus pelanggaran dari total 115 kasus yang dituduhkan
Itu berupa persoalan laporan keuangan, pembayaran kepada pemain dan manajer, aturan profitabilitas dan keberlanjutan, regulasi UEFA, serta kewajiban klub untuk bekerja sama dalam proses investigasi.
| Baca juga: Manchester City Segera Dihukum Tahun Ini? | 
Dilansir dari Sky Sports, UEFA sudah mulai ancang-ancang beri hukuman ke Manchester City. Namun, UEFA akan tunggu putusan pihak Premier League dan komisi independen.
Sejauh ini, City sudah ajukan banding. Pihak komisi independen yang akan beri hukuman, serta pihak Premier League juga bisa ajukan banding andai hukumannya dirasa terlalu ringan.
UEFA terus memantau situasi. Pada tahun 2020, UEFA pernah beri hukuman ke Manchester City!
Ketika itu, City bersalah melanggar aturan finansial dan kena denda 30 juta Euro plus larangan tampil di kompetisi antarklub Eropa selama dua tahun. City kemudian mengajukan banding ke Pengadilan Arbitrase Olahraga (CAS), hukuman larangan tampil dibatalkan dan nilai denda dikurangi menjadi 10 juta Euro.
(aff/krs)",sport
93,"Pelatih speed tim panjat tebing, Fitriyani, mengungkapkan rasa puas atas performa anak asuhnya di Asian Games 2026. Tapi ada evaluasi!
Salah satu sorotan adalah Aditya Tri Syahria nomor speed putra. Setelah pada babak kualifikasi berhasil menduduki peringkat pertama sekaligus memecahkan rekor Asian Games dengan catatan waktu 4,62 detik. Ia gagal meraih medali usai melakukan kesalahan start (false start) di babak final.
""Aditya sudah rekor Asia dan di dunia, dia juga nomor dua tercepat. Tapi mungkin karena jam terbang dan pengendalian diri mungkin kita harus evaluasi ke depannya dan banyak berlatih reaksi start lagi,"" ujar Fitriyani saat memberi keterangan kepada media.
Walau begitu, secara keseluruhan, Fitriyani menilai, peak performance tim speed benar-benar keluar di Nagoya. Semua catatan waktu melampaui hasil latihan, seperti Desak Made Rita Kusuma Dewi 6,06 detik, Aditya 4,62 detik, Veddriq Leonardo 4,78 detik, dan Berthdigna Devi Surya Kusuma. berada di peringkat lima dengan catatan waktu terbaik 6,49 detik.
""Alhamdulillah, peak performanya pas semua. Waktunya itu di luar latihan semua, itu naik semua. Kami sangat puas dan mungkin harus lebih berbenah lagi ke depannya,"" katanya.
Selanjutnya, tim akan langsung mengalihkan fokus ke ajang terakhir musim ini, World Climbing series Santiago di Chile mulai 23-25 Oktober 2026. Ajang ini menjadi penentu peringkat dunia atlet speed secara keseluruhan tahun ini.
""Desak kemarin enggak ikut dua series karena fokus ke Asian Games, Guiyang dan Chongqing, jadi poinnya turun. Sementara ini di peringkat tiga. Ini harus ikut biar naik peringkat lagi,"" jelas Fitriyani.
Selain Desak, dua atlet putra yakni Robby Al Hilmi Antasyafi yang saat ini peringkat 3 dan Nursamsa Raharjati peringkat 4 juga akan diberangkatkan untuk mengejar overall juara dunia.
""Robby dan Raharjati masih bisa naik lagi tergantung hasil Chile,"" tambah peraih medali emas Asian Games 2018 ini.
Untuk jangka panjang, tim juga akan menyiapkan diri menuju kualifikasi Olimpiade Los Angeles 2028 yang akan dimulai April 2027.
""Persiapan ke depan kita akan persiapan ke kualifikasi Olimpiade di 2027. Ada empat turnamen qualifier, ada jatah per negara dan per benua,"" ungkapnya.
Fitriyani optimistis peluang Indonesia tetap besar, mengingat catatan waktu atlet-atlet masih sangat bersaing di level dunia. Selain itu, atlet-atlet seperti Rajiah Sallsabillah, Berthdigna Devi Surya Kusuma, Kadek Adi Asih, dan Veddriq Leonardo juga masih disiapkan sebagai tulang punggung.
""Kalau atletnya masih kita belum tahu (buat kualifikasi Olimpiade) karena akan ada Seleknas bulan ini untuk tim baru. Tapi untuk senior-senior ini kami anggap mereka berkesempatan dan sudah siap untuk kualifikasi Olimpiade,"" tutupnya.
(mcy/aff)",sport
94,"Menpora Erick Thohir senang kontingen Indonesia melampaui target medali emas di Asian Games Aichi-Nagoya 2026. Cabang gagal siap-siap mandiri.
Kontingen Merah-Putih menyelesaikan perjuangan di multievent empat tahunan terbesar di Asia dengan torehan lima medali emas.
Kepingan itu berasal dari bulutangkis dua medali emas dari beregu putra dan ganda putra atas nama Leo Rolly Carnando/Daniel Marthin, angkat besi persembahan Rahmat Erwin Abdullah kelas 75kg putra, panjat tebing melalui Desak Made Rita Kusuma Dewi nomor speed putri, dan panahan cabang compound persembahan Nurisa Dian Ashrifah.
Erick bangga sebab catatan emas itu diukir oleh cabang-cabang olahraga Olimpiade. Bagaimana pun, kerja keras harus terus dilanjutkan menatap multievent selanjutnya. Terlebih, ke depan ada SEA Games 2027 dan Olimpiade Los Angeles 2028.
""Ya, melebihi target. Dan saya senang medali-medali itu dikumpulkan dari cabang-cabang Olimpiade. Ada panahan, ada bulutangkis, angkat besi, lalu panjat tebing,"" kata Erick saat ditemui di kawasan Jakarta Utara, Selasa (6/10/2026).
""Nah, ini yang kita minggu depan, saya sudah minta mulai refocusing buat Pelatnas SEA Games 2027 dan Olimpiade. Kita mulai sekarang. Karena sesuai dengan arahan Bapak Presiden (Prabowo Subianto) kami mau ada Pelatnas jangka panjang, jadi kita sudah mulai lagi,"" ujarnya.
Terhadap cabang-cabang yang tidak memenuhi target, Erick Thohir menegaskan akan melakukan evaluasi termasuk memberikan punishment.
""Sama, ada rewards dan punishment. Karena sekarang semua anggaran itu spesifik sesuai dengan targetnya seperti apa,"" kata Erick.
""Padel kemarin mandiri. Jadi ya kalau memang yang janji (target) ya kita janjikan juga mandiri,"" lanjutnya.
Saat ditanya lebih lanjut, apakah cabor tak sesuai target akan di-mandiri-kan? Soal itu, Erick tak menjawab secara gamblang.
""Ya enggak, yang berjanji, tidak menepatinya, kita juga menjanjikan untuk mandiri. Itu punishment-nya? Ya enggak seperti itu, kita beri kesempatan,"" ucap Erick Thohir.
(mcy/rin)",sport
95,"Indonesia mencetak sejarah dengan menjadi tuan rumah 2026 CMAS World Championship Underwater Photo and Video untuk pertama kalinya. Kejuaraan dunia yang digelar di Pemuteran, Bali, tersebut diikuti peserta dari 19 negara.
Ajang yang diselenggarakan oleh Confédération Mondiale des Activités Subaquatiques (CMAS) itu resmi dibuka pada 5 Oktober 2026 di Taman Sari Bali Resort & Spa, Desa Pemuteran, Kecamatan Gerokgak, Kabupaten Buleleng.
Ketua Umum PB POSSI Makhruzi Rahman mengatakan Indonesia harus melalui proses seleksi dan bersaing dengan sejumlah negara sebelum dipercaya menjadi tuan rumah.
Menurut Makhruzi, kesiapan lokasi, konsep penyelenggaraan, hingga kepanitiaan menjadi faktor penting dalam proses pemilihan tuan rumah.
""Sekitar dua bulan lalu kita berebut dengan negara-negara yang juga ingin melaksanakan kegiatan ini. Alhamdulillah, kita terpilih setelah memaparkan kesiapan Indonesia, mulai dari lokasi hingga kepanitiaan untuk kejuaraan ini,"" ujar Makhruzi.
Sebelum menetapkan Pemuteran sebagai lokasi pertandingan, PB POSSI sempat menjajaki sejumlah wilayah seperti Labuan Bajo, Manado, Kalimantan, dan Wakatobi.
Pemuteran akhirnya dipilih dengan mempertimbangkan kondisi gelombang dan arus pada Oktober serta faktor keamanan peserta selama melakukan penyelaman.
""Kita sudah menjajaki Labuan Bajo, Manado, Kalimantan, dan Wakatobi, karena bulan Oktober, gelombang dan arus harus diperhitungkan. Akhirnya Pemuteran kita pilih karena relatif lebih tenang dan dari sisi keamanan peserta dapat kita jamin,"" kata Makhruzi.
Menurut dia, kejuaraan dunia tersebut juga menjadi kesempatan untuk memperkenalkan Pemuteran kepada wisatawan mancanegara sebagai salah satu destinasi wisata selam di Indonesia.
""Dalam rangka pariwisata, Pemuteran ini jarang diketahui orang luar negeri. Dengan adanya kegiatan ini, Pemuteran menjadi lebih dikenal sebagai salah satu spot diving,"" tuturnya.
2026 CMAS World Championship Underwater Photo and Video tidak hanya menjadi ajang untuk menentukan karya foto dan video bawah air terbaik. Kehadiran peserta dari 19 negara juga menjadi momentum untuk memperkenalkan kekayaan laut Indonesia sekaligus menyampaikan pesan mengenai pentingnya menjaga kelestarian ekosistem bawah laut.
Direktur CMAS Kerim Sabuncuoglu menegaskan, kompetisi tersebut harus berjalan beriringan dengan upaya menjaga lingkungan.
Para peserta diminta mengabadikan keindahan bawah laut menggunakan kamera tanpa mengganggu ataupun merusak ekosistem yang menjadi objek karya mereka.
""Kejuaraan ini bukan hanya kompetisi, tetapi juga tentang konservasi koral. Oleh karena itu, saya berharap para peserta berhati-hati dengan kamera ketika berada di bawah air dan tetap menjaga lingkungan,"" ujar Sabuncuoglu.
Ia juga mengingatkan para peserta untuk mempersiapkan seluruh peralatan sebelum melakukan penyelaman agar dapat menghasilkan karya terbaik.
""Sebelum menyelam, saya berharap kalian mempersiapkan semuanya dengan baik dan menghasilkan foto terbaik. Dengan demikian, ketika pulang nanti, kalian tidak hanya membawa hasil kompetisi, tetapi juga pengalaman berkesan dan menarik dari Indonesia,"" katanya.
Penyelenggaraan kejuaraan dunia ini diharapkan memberikan dampak lebih luas bagi Indonesia. Selain memperkenalkan kekayaan bawah laut, ajang tersebut turut mempromosikan Pemuteran sebagai destinasi selam, mendorong perkembangan sport tourism dan industri olahraga, serta meningkatkan kesadaran mengenai pentingnya menjaga ekosistem laut untuk generasi mendatang.
(ran/mrp)",sport
96,"Menpora Erick Thohir mengapresiasi perkembangan cabang olahraga padel yang mulai membangun keseimbangan antara liga dan Timnas sebagai dua sayap pembinaan.
Hal itu disampaikan Erick saat membuka secara resmi penyelenggaraan Liga Padel Indonesia 2026, di kawasan Jakarta Utara, Selasa (6/10/2026). Menurutnya, langkah ini sebagai keseimbangan yang harus dilakukan oleh seluruh cabang olahraga, tidak hanya padel.
""Senang, bangga, dan bersyukur ketika banyak cabang olahraga mulai memikirkan dua sayap, satu liga dan satu Timnas,"" kata Erick.
Erick mencontohkan capaian tim padel Indonesia di Asian Games Aichi-Nagoya 2026 yang hampir meraih emas, namun akhirnya membawa pulang perak dan perunggu usai dikalahkan tim Jepang sebagai bukti pembangunan tim nasional berjalan.
""Sekarang liga juga berjalan sebagai bentuk komersialisasi. Karena tentu saja, sekarang ada banyak kompetisi untuk pemain tim nasional, yang berpartisipasi di klub-klub, saya dengar ada 10 klub, dan ini dapat meningkatkan jam terbang mereka untuk banyak kompetisi,"" ujarnya.
""Saya juga senang mendengar bahwa pemain asing di Liga Padel ini juga tidak bermain dalam satu grup saja. Jadi, misalnya ada dua pemain, mereka harus berbaur. Ini juga merupakan bagian dari membangun atau mentransfer pengetahuan dari pemain asing dan Indonesia.""
""Ini adalah hal yang positif. Jadi, saya berharap, tidak hanya padel, klub olahraga lain juga melakukan hal yang sama,"" imbaunya.
| Baca juga: Karena Gaya Hidup Sehat Bukan Cuma Olahraga | 
Direktur PT Liga Padel Indonesia Rudi Laksmana menyebut kompetisi diikuti 10 klub profesional dan akan berlangsung hingga awal tahun 2027.
""Kami berharap dapat terus menjalankan liga ini secara konsisten. Selain mencari atlet untuk tim kami, ekosistem ini akan terus meningkatkan perekonomian komunitas,"" kata Rudi dalam kesempatan yang sama.
""Saat ini sudah ada wilayah di Makassar, Kalimantan, dan tentu saja Bali. Insya Allah, akan ada dua (tambahan daerah untuk musim berikutnya) lagi.""
""Ini adalah bukti bahwa padel bukan hanya sekadar olahraga. Pengelolaannya baik, mulai dari dukungan federasi, dukungan pemerintah, hingga liga yang menciptakan ekosistem yang baik. Semoga ini akan menjadi bidang yang mampu berprestasi,"" harap Rudi.
(mcy/rin)",sport
97,"Pegokar cilik Syabil Umar Basalamah baru saja merajai ajang regional Asia Pasifik. Kini dia bisa bersiap taklukkan dunia di Italia.
Syabil yang memperkuat Delta Garage Racing Team mendapat tiket IAME X30 World Final di sirkuit Witerbo, 17-18 Oktober 2026. Ini setelah Syabil memastikan diri sebagai juara kelas Mini kejuaraan IAME Asia Pacific yang digelar sepanjang 2026.
Terakhir, Syabil berjaya pada ajang Infinity IAME Series Asia di LYL Karting Circuit Malaysia, 7-8 Februari lalu, dengan merebut juara 1. Kelas Mini di event tersebut, diikuti puluhan pegokart dari berbagai negara.
Siswa kelas 5 SD Green Montessory International School Jakarta Selatan ini menjadi satu-satunya pegokart Mini Class dari region Asia Pacific yang mendapatkan tiket otomotis ke World Final.
""Saya tidak sama sekali nol ke Viterbo. Karena sebelumnya saya pernah balapan di sana. Semoga ini menjadi modal penting, agar saya bisa kompetitif dan meraih hasil terbaik, bersaing dengan para juara pegokart dari seluruh dunia,"" ungkap Syabil dalam rilsi kepada detikSport.
Bagi Syabil, yang tak terkalahkan di sepanjang 2026 di Sentul International Karting Circuit (SIKC) Bogor, menyebut ini bukan pengalaman pertama tarung di World Final karting.
Tahun lalu, putra pebalap Sportcars senior Umar Abdullah ini juga mendapatkan tiket otomatis ke Rok Superfinal ke South Garda, Lonato, Italia sebagai runner up Rok Cup Asia.
Musim ini, pegokart yang kini ditangani DRM Motorsport itu banyak menambah jam terbang dengan mengikuti berbagai event gokart di Malaysia, Singapura, Thailand, Macau, Spanyol, Perancis hingga Italia.
Dari mengikuti berbagai event gokart tersebut, Syabil berhasil menjadi juara dan naik podium di IAME Macau, Thailand, Singapura, Malaysia serta dua kali naik podium di Italia.
""Menambah jam terbang sangat penting untuk Syabil, guna merasakan berbagai karakter sirkuit, merasakan persaingan lebih ketat serta bersaing dengan pegokart dari berbagai negara di dunia,"" terang Umar.
(mrp/ran)",sport
98,"Pengurus Besar Federasi Karate-Do Indonesia (PB FORKI) baru saja membentuk Guardian Girls Karate Indonesia. Apa itu?
Guardian Girls Karate Indonesia terbentuk berdasarkan licensing agreement antara World Karate Federation (WKF) sebagai induk organisasi karate dunia dan PB FORKI. Perjanjian tersebut ditandatangani oleh Presiden WKF Antonio Espinos Ortueta dan Ketua Umum PB FORKI Hadi Tjahjanto sebagai dasar pengembangan program GGK di Indonesia melalui kegiatan seminar dan pelatihan.
Program GGK diadakan sebagai bagian dari upaya membekali perempuan dengan kemampuan dasar bela diri melalui olahraga karate. Shihan Ucok Marisi Sihotang ditunjuk sebagai Direktur GGK Indonesia.
""Guardian Girls Karate Indonesia telah terbentuk secara sah di bawah naungan Federasi Karate-Do Indonesia berdasarkan licensing agreement antara World Karate Federation sebagai induk organisasi karate dunia dengan FORKI,"" ujar Hadi saat memberikan arahan kepada Direktur Teknik GGK dan instruktur GGK Indonesia, Sensei Puspa Meonk, di Pendopo Wijaya, Cilandak, Jakarta, Selasa (6/10/2026)
Menurutnya, setelah terbentuknya GGK Indonesia, langkah selanjutnya adalah melengkapi personel sekaligus menyusun program yang sesuai dengan arahan WKF. Hadi menjelaskan program GGK tidak hanya ditujukan untuk mengenalkan olahraga karate, tetapi juga memberikan bekal dasar bela diri kepada perempuan yang belum memiliki kemampuan tersebut.
""Saya berharap program-program GG Karate selain melatih para perempuan Indonesia yang belum memiliki basic bela diri, untuk dibekali dasar karate dalam menghadapi ancaman baik berupa agresor maupun pelecehan terhadap perempuan, kegiatan ini juga sebagai misi kemanusiaan yang dapat dilakukan GGK Indonesia,"" tutur Hadi.
Penunjukkan Shihan Ucok Marisi Sihotang sebagai Direktur Teknik GGK Indonesia telah dituangkan melalui Surat Keputusan Ketua Umum PB FORKI. Dengan demikian, pelaksanaan program GGK Indonesia berada dalam koordinasi dan pembinaan PB FORKI.
Dalam pelaksanaannya, GGK Indonesia didukung dua instruktur perempuan yang telah memiliki lisensi GGK dari WKF, yakni Sensei Puspa Meonk dan Sensei Tenne. Keduanya mengikuti pelatihan GGK Internasional WKF pada Maret 2026 yang berafiliasi dengan Kayomada International Foundation di Osaka, Jepang.
Hadi menilai keberadaan instruktur yang telah mengikuti pelatihan internasional menjadi salah satu dukungan dalam menjalankan pelatihan dan pembinaan GGK di Indonesia sesuai dengan misi yang telah ditetapkan.
Dengan dua srikandi karate yang telah memiliki lisensi GGK International maka pelatihan dan pembinaan GGK di Indonesia akan berjalan sesuai misi tersebut,"" papar Hadi.
Hadi berharap GGK Indonesia dapat terus berkembang dan menjangkau perempuan di berbagai wilayah Indonesia. Program tersebut diharapkan menjadi bagian dari upaya memberikan keterampilan bela diri sekaligus mendukung misi kemanusiaan melalui olahraga karate.
""GGK Indonesia berkomitmen untuk memajukan GGK di seluruh Indonesia melalui Federasi Karate-Do Indonesia sejalan dengan misi membantu perempuan Indonesia menghadapi situasi kekerasan berbasis gender melalui praktik olahraga karate,"" pungkas Hadi.
(mrp/yna)",sport
99,"Veddriq Leonardo masih punya keinginan besar untuk tampil di Olimpiade Los Angeles 2028. Kegagalan meraih medali di Asian Games 2026 tak menyurutkan motivasi peraih emas Olimpiade Paris 2024 itu.
Veddriq tersingkir di babak semifinal nomor speed putra Asian Games 2026 setelah mencatatkan waktu 4,95 detik. Hasil tersebut membuatnya gagal memenuhi harapan untuk kembali meraih medali bagi Indonesia.
Capaian itu juga belum lebih baik dibandingkan penampilannya di Asian Games 2022 Hangzhou. Atlet kelahiran 11 Maret 1997 tersebut sebelumnya meraih medali perak nomor Men's Speed Relay dan medali perunggu nomor Men's Speed.
Meski demikian, kegagalan di Asian Games 2026 tidak membuat Veddriq kehilangan motivasi. Dia bahkan sudah mulai mengalihkan fokus ke persiapan menuju Olimpiade Los Angeles 2028, dengan babak kualifikasi yang akan dimulai pada 2027.
""Ya, ini baru beres Asian Games dan ada fokus baru nih, ini mau persiapan buat Olimpiade di 2028, tapi kualifikasinya 2027. Jadi memang harus balik buat persiapan lagi,"" kata Veddriq dalam keterangannya kepada media.
Veddriq Soroti Persaingan yang Makin Merata
Veddriq menyadari persaingan speed putra kini semakin ketat. Karena itu, dia menilai persiapan perlu dilakukan dengan sejumlah penyesuaian, baik dari sisi teknik maupun fisik.
""Yang pertama untuk kompetitor kita sekarang sudah merata catatan waktunya. Kalau dulu Indonesia memang diunggulkan, sekarang memang semua negara sudah hampir rata,"" dia mengungkapkan.
""Seperti China, itu sudah pasti unggulan. Jepang, lalu sekarang kita ada Kazakhstan, dan juga beberapa negara lain yang memang kadang bisa memberikan kejutan. Jadi memang kita harus lebih meningkatkan performa gitu.""
""Latihannya memang mungkin ada sedikit penyesuaian kalau menurut saya pribadi gitu. Ya teknik dan fisik, itu yang masih bisa kita upgrade,"" tambahnya.
Veddriq pun tetap memiliki tekad untuk mengulang kesuksesan di Olimpiade. Meski sudah pernah meraih medali emas di Paris 2024, dia masih ingin menjaga motivasi untuk kembali tampil di pesta olahraga terbesar dunia tersebut.
""Yang pasti tetap menjaga keinginan dan motivasi diri ya. Kita lihat juga di Indonesia saja sudah ketat gitu persaingan. Kayak di China juga lebih ketat lagi, mereka lebih struggle lagi buat bisa mewakili negara gitu,"" ujarnya.
""Dan saya juga termotivasi lah, apalagi Olimpiade ini kan enggak lama lagi, masih ada jangka waktu lah untuk memperbaiki diri dan meningkatkan kapasitas diri,"" ucap Veddriq.
Veddriq Fokus Recovery
Di sisi lain, Veddriq memilih untuk lebih dulu memulihkan kondisi fisiknya. Dia mengungkapkan masih ada cedera yang belum pulih sepenuhnya.
""Tapi saya realistis ya. Kalau catatan waktu dan latihan ya saya masih bisa mengikuti. Ya sekarang lebih fokus buat recovery dulu. Memang ada cedera yang masih belum sembuh seratus persen gitu.""
Setelah kondisi fisiknya membaik, Veddriq akan mengarahkan fokus utamanya pada proses kualifikasi Olimpiade. Menurutnya, kelolosan menjadi target pertama sebelum memikirkan strategi untuk Los Angeles 2028.
""Jadi memang lebih me-maintain lah dan melihat situasi kondisi. Kalau untuk Olimpiade, berarti fokusnya kualifikasi aja dulu. Karena kalau sudah lolos kualifikasi nanti berikutnya tinggal bahas strateginya saja ya. Yang penting kita maintenance aga siapapun lah nanti (yang lolos),"" ujarnya.
Veddriq menegaskan keinginannya untuk kembali tampil di Olimpiade masih terjaga. ""Tapi saya tetep juga punya keinginan buat bisa qualified gitu di Olimpiade,"" tegas Veddriq.
(mcy/krs)",sport
100,"Judo Indonesia gagal meraih hasil maksimal di Asian Games 2026. Pelatih Timnas Judo Indonesia, Putu Wiradamungga Adesta, menyebut hasil tersebut menjadi alarm penting bagi tim untuk menghadapi persaingan menuju kualifikasi Olimpiade Los Angeles 2028.
Indonesia menurunkan enam judoka pada ajang multievent empat tahunan terbesar di Asia yang berlangsung 19 September hingga 4 Oktober lalu. Keenamnya sama-sama terhenti di babak 16 besar.
Mereka adalah Muhammad Rizqi Maulana (60 kg), Muhammad Fathur Rohman (66 kg), Sastra Darma (90 kg), I Gede Agastya Darma Wardana (+100 kg), Dinny Febriani/Chelsie (-57 kg), dan Indah Permatasari (+78 kg). ""Pertama-tama saya apresiasi dulu perjuangan anak-anak kemarin sudah optimal,"" kata Putu dalam keterangannya kepada media.
Putu menilai salah satu persoalan yang perlu dibenahi adalah pengalaman bertanding di level Asian Games, terutama bagi judoka yang baru pertama kali tampil.
""Sebenarnya, ada beberapa part yang harus kami bisa jelaskan, terutama untuk yang teman-teman yang baru ikut pertama kali Asian Games, itu mungkin harus bisa mengerti gimana cara bermain di level yang seperti ini,"" ujarnya.
Detail Kecil Jadi Pembeda
Putu menjelaskan tantangan yang dihadapi para judoka Indonesia bukan hanya soal kemampuan secara permainan. Detail teknis dalam pertandingan juga menjadi faktor yang bisa menentukan hasil akhir.
""Ada beberapa memang secara permainan sudah bagus dan ada memang belum bisa menemukan performa optimalnya di sini. Jadi memang ada hal kecil yang ternyata itu berakibat lawan mendominasi di lapangan.""
Karena itu, Putu meminta para atlet meningkatkan persiapan, termasuk mempelajari pertandingan melalui video dan lebih cerdas dalam mengambil keputusan saat bertanding.
""Ya, mungkin di SEA Games kita bisa dikatakan berhasil cuma ini another challenge lagi. Jadi dengan (hasil) ini saya meminta semuanya lebih giat lagi, lebih sering nonton video, lebih cerdas lagi dalam bertanding,"" katanya.
Hasil di Asian Games 2026 menjadi pengingat bagi tim judo Indonesia untuk bekerja lebih keras. Apalagi, target berikutnya adalah mengejar tiket ke Olimpiade Los Angeles 2028.
""Iya tentunya jadi alarm buat kami semua, terutama tim pelatih dan atlet. Sebab, memang kalau mau mengejar di tingkat Asia, kami harus jauh lebih kerja keras lagi. Mungkin tiga kali atau empat kali lipat dari Asian Games menjadi kemarin,"" tuturnya.
Judo Indonesia Siapkan Diri ke Asia Open
Setelah Asian Games 2026, tim judo Indonesia akan menjalani recovery selama dua hingga tiga hari di Ciloto. Setelah itu, para atlet akan mempersiapkan diri untuk mengikuti Asia Open yang rencananya berlangsung pada akhir Oktober.
Sementara itu, proses pengumpulan poin menuju kualifikasi Olimpiade Los Angeles 2028 disebut sudah dimulai sejak World Championships di Baku pada 15 Oktober. Indonesia tidak ambil bagian dalam ajang tersebut karena waktu persiapannya terlalu mepet.
Putu juga belum dapat memastikan atlet yang akan disiapkan untuk mengejar tiket Olimpiade. Meski begitu, dia menilai peluang Indonesia masih terbuka.
""Kalau peluang pasti terbuka karena memang sistem yang dibuat sama IF-nya (International Federation) bagus sih, jadi mengakomodir semua negara sebanyak-banyaknya buat bisa lolos. Jadi untuk Indonesia masih tetap ada peluang,"" ucap Olympian 2012 London ini.
Menurut Putu, keikutsertaan dalam berbagai turnamen dan kemampuan memilih kejuaraan yang tepat akan menjadi bagian penting dalam upaya mengumpulkan poin.
""Yang penting ikut dan tadi peringkatnya hasil hasil dari ikut itu dan pintar milih kejuaraannya juga sih,"" katanya.
(mcy/krs)",sport
101,"Nippon Paint Group menandatangani perjanjian definitif untuk mengakuisisi sejumlah bisnis cat dekoratif AkzoNobel di Asia Pasifik. Akuisisi tersebut mencakup bisnis di Vietnam, Malaysia, Singapura, Thailand, Australia, dan Papua Nugini, serta 100% kepemilikan pada joint venture bisnis cat dekoratif AkzoNobel di Indonesia.
Adapun nilai transaksi akuisisi tersebut mencapai US$1,35 miliar. Perjanjian ditandatangani pada 3 Oktober 2026, dengan penyelesaian transaksi diperkirakan berlangsung menjelang akhir 2026 untuk Indonesia dan pertengahan 2027 untuk wilayah lainnya, setelah memperoleh persetujuan regulator dan menyelesaikan proses carve-out.
Nilai transaksi tersebut mencapai US$1,35 miliar. Perjanjian-perjanjian tersebut ditandatangani pada 3 Oktober 2026. Penyelesaian transaksi diperkirakan berlangsung menjelang akhir 2026 untuk Indonesia dan pertengahan 2027 untuk wilayah lainnya, setelah memperoleh persetujuan regulator dan menyelesaikan proses carve-out.
Nippon Paint menilai bisnis cat dekoratif AkzoNobel memiliki fondasi yang kuat dan telah mapan di kawasan tersebut. Hal ini didukung oleh merek-merek yang dikenal luas, hubungan yang telah terjalin dengan pelanggan, serta sistem manufaktur dan pasokan yang solid.
Akuisisi tersebut juga akan menambahkan merek Dulux ke dalam portofolio Nippon Paint Group di Asia Tenggara, sehingga semakin memperluas pilihan produk yang tersedia bagi pelanggan.
Memperluas Platform melalui Penambahan Portofolio Produk dan Kapabilitas R&D
Nippon Paint berharap akuisisi ini dapat mendukung ketersediaan produk, memperluas pilihan bagi pelanggan, serta meningkatkan layanan di pasar-pasar terkait.
Transaksi ini juga akan menambah kapabilitas manufaktur dan R&D (Research & Development) dalam operasional regional Nippon Paint Group, termasuk tiga fasilitas produksi dan satu pusat R&D di Malaysia. Setelah transaksi selesai, akuisisi ini juga membuka peluang untuk meningkatkan efisiensi operasional di berbagai aspek, termasuk manufaktur, rantai pasok, dan logistik.
""Akuisisi ini mencerminkan keyakinan kami terhadap masa depan bisnis, pasar, dan yang terpenting, sumber daya manusia kami,"" ujar Director, Representative Executive Officer & Co-President Nippon Paint Holdings Co., Ltd. sekaligus Group Chief Executive Officer, NIPSEA Group, Wee Siew Kim dalam keterangannya, Rabu (7/10/2026).
""Asia Tenggara merupakan kawasan dengan pertumbuhan yang tangguh, dan kami menyambut baik bergabungnya bisnis-bisnis ini ke dalam Grup."" lanjutnya.
Setelah transaksi selesai, kedua organisasi akan bekerja sama untuk memastikan proses transisi berjalan dengan lancar sekaligus menjaga keberlangsungan bisnis.
Untuk informasi lebih lanjut, silakan merujuk pada pengumuman resmi mengenai akuisisi ini dari Nippon Paint Holdings Co., Ltd.
Simak juga Video 'Bappenas Ungkap Belum Ada Target Spesifik Pengurangan Timbal pada Cat':
(Nippon Paint/sls)",finance
102,"Menteri Ketenagakerjaan Yassierli menyebut Rancangan Undang-Undang (RUU) tentang Pelindungan Ketenagakerjaan akan memperkuat pelindungan bagi pekerja hingga pengusaha. RUU tersebut juga menegaskan keseimbangan antara hak, kewajiban, dan kepentingan para pihak dalam hubungan industrial.
RUU tentang Pelindungan Ketenagakerjaan ini berlanjut ke Pembicaraan Tingkat II Rapat Paripurna yang akan dilaksanakan hari ini, Selasa (6/10/2026).
""Pemerintah memandang bahwa RUU tentang Pelindungan Ketenagakerjaan memiliki arti penting dalam memberikan pelindungan, kepastian hukum, sekaligus menindaklanjuti Putusan Mahkamah Konstitusi Nomor 168/PUU-XXI/2023 serta menyelaraskan berbagai ketentuan ketenagakerjaan yang selama ini tersebar dalam berbagai peraturan perundang-undangan,"" kata Yassierli dalam keterangan tertulis, Selasa (6/10/2026).
Menurut Yassierli, RUU tersebut secara keseluruhan memperkuat pelindungan ketenagakerjaan bagi pekerja/buruh, pencari kerja, peserta pemagangan, maupun pengusaha. RUU ini juga menegaskan prinsip keadilan, kesetaraan, nondiskriminasi, keselamatan dan kesehatan kerja (K3), serta keseimbangan hak, kewajiban, dan kepentingan para pihak dalam hubungan industrial.
""Di sisi lain, RUU ini juga memperkuat sistem pengawasan dan penegakan hukum ketenagakerjaan agar lebih efektif, profesional, proporsional, dan memberikan kepastian hukum, dengan tetap memperhatikan keberlangsungan dunia usaha,"" ujar Yassierli.
Pembahasan RUU Pelindungan Ketenagakerjaan sebelumnya dilakukan melalui Panja pemerintah dan DPR RI. Dalam rapat kerja tersebut, Panja menyampaikan laporan hasil pembahasan sebagai bagian dari rangkaian penyelesaian RUU, termasuk pembacaan naskah RUU tentang Pelindungan Ketenagakerjaan.
Rapat kemudian dilanjutkan dengan penyampaian pendapat akhir mini masing-masing fraksi serta pendapat akhir pemerintah. Setelah itu, dilakukan penandatanganan naskah RUU tentang Pelindungan Ketenagakerjaan.
""Berdasarkan seluruh hasil pembahasan bersama DPR RI dan setelah mempertimbangkan secara sungguh-sungguh seluruh pandangan serta masukan dalam proses pembahasan, Pemerintah menyatakan dapat menerima RUU tentang Pelindungan Ketenagakerjaan dan menyetujui agar RUU tersebut dilanjutkan ke Pembicaraan Tingkat II untuk selanjutnya diambil keputusan dalam Rapat Paripurna DPR RI,"" kata Yassierli.
Tonton juga video ""Buruh Berdatangan di Depan DPRD DKI, Siap Kawal RUU Ketenagakerjaan""
(hrp/fdl)",finance
103,"Menteri Koordinator Bidang Perekonomian Airlangga Hartarto buka-bukaan terkait penyebab pertumbuhan ekonomi nasional Indonesia masih tertinggal dibandingkan negara tetangga seperti Vietnam, mulai dari lambatnya perkembangan sektor industri berteknologi tinggi hingga kalah cepat dalam mengamankan perundingan dagang internasional.
Airlangga mengatakan saat rata-rata pertumbuhan ekonomi Indonesia masih tertahan di kisaran 5%, sementara Vietnam sudah melaju ke kisaran 9%. Menurutnya, perbedaan kecepatan pertumbuhan ini salah satunya dipicu oleh keberhasilan Vietnam dalam melakukan lompatan ke sektor digitalisasi, industri semikonduktor, dan kecerdasan buatan (artificial intelligence/AI).
""Kesempatan untuk naik dari 5%, kita rata-rata 5%, kalau kita mau mengejar Vietnam yang bisa mencapai 9%, maka kita harus lari juga ke digitalisasi, semikonduktor, AI. Jadi itu seluruhnya leverage yang Vietnam sudah lakukan lebih dulu dari Indonesia,"" katanya dalam acara 'BIG Downstream Insight', Jakarta Selatan, Selasa (6/10/2026).
Dalam hal ini, Airlangga mengibaratkan pengaruh peningkatan industri berbasis teknologi tinggi terhadap pertumbuhan ekonomi nasional layaknya tangga eskalator, di mana Indonesia saat ini masih tertahan di level industri menengah dan belum berhasil melompat ke sektor jasa modern serta digitalisasi seperti Vietnam.
""Kalau kita melihat ekonomi dalam bentuk eskalator, jadi dari agriculture kita naik eskalatornya ke industri, namun dari industri ini harus dinaikkan lagi ke digitalisasi, services, dan lain-lain. Vietnam sudah ke sana, India juga sudah di sana, maka kita yang belum naik dari level 2 ke level 3. Kalau itu kita bisa lakukan, maka pertumbuhan 8% itu bisa dicapai,"" ujar Airlangga.
Lebih lanjut, menurutnya faktor lain yang turut mempengaruhi laju ekonomi Vietnam lebih pesat dari Indonesia adalah ketersediaan Kawasan Ekonomi Khusus (KEK) yang sangat masif.
Dalam hal ini, ia mengatakan total KEK yang dimiliki Indonesia baru di kisaran 24.000 hektare. Sementara Vietnam memiliki lebih dari 2 juta hektare kawasan ekonomi yang dibantu juga dengan kepastian hukum dan kualitas pelayanan investasi yang berani.
""Indonesia punya special economic zones itu kira-kira 24.000 hektare. Vietnam punya special economic zone 2 juta hektare. Jadi dia lebih masif dari kita, lebih berani, dan sebetulnya dari segi kepastian usaha mereka juga memberikan pelayanan yang baik kepada para investor,"" terangnya.
Dari sisi lain dari sektor perdagangan internasional, Airlangga menilai Vietnam juga lebih agresif dalam mengamankan kerja sama dengan pasar-pasar utama dunia seperti Uni Eropa dan Amerika Serikat.
""Kita tentu ada persaingan dengan Vietnam, dan satu hal yang mereka mendahului kita adalah mereka sudah menandatangani kerja sama dengan Eropa lebih dulu dari kita, CEPA. Kemudian dengan Amerika Serikat juga mereka mendapatkan treatment daripada tarif dan non-tarif yang lebih baik dari Indonesia,"" jelas Airlangga.
""Jadi inilah yang mendorong Vietnam ekspornya lebih cepat dari kita, namun mereka tidak punya domestic market. Jadi mereka yang menanam investasi di Vietnam itu harus mendorong untuk menuju ekspor,"" pungkasnya.
Tonton juga video ""Prabowo Bicara soal Serangan ke RI: Ekonomi Diganggu-Kekayaan Dicuri""
(igo/fdl)",finance
104,"Badan Pemeriksa Keuangan (BPK) RI memberikan opini Wajar Tanpa Pengecualian (WTP) atas Laporan Keuangan Pemerintah Pusat (LKPP) Tahun 2025. Hal ini diungkapkan oleh Ketua Badan Pemeriksa Keuangan (BPK) Isma Yatun dalam Sidang Paripurna DPR RI Ke-9 Masa Persidangan Tahun 2026-2027.
""BPK memberikan opini Wajar Tanpa Pengecualian (WTP) atas Laporan Keuangan Pemerintah Pusat Tahun 2025,"" ujar Isma.
Isma menyampaikan opini WTP ini didasari atas Ikhtisar Hasil Pemeriksaan Semester (IHPS) I Tahun 2026, yang mana BPK merangkum 762 laporan hasil pemeriksaan (LHP). Rinciannya terdiri atas 706 LHP keuangan, 20 LHP kinerja, dan 36 LHP dengan tujuan tertentu.
IHPS tersebut juga memuat hasil pemantauan tindak lanjut rekomendasi hasil pemeriksaan, penyelesaian kerugian negara atau daerah, serta pemanfaatan hasil pemeriksaan investigatif, penghitungan kerugian negara, dan pemberian keterangan ahli.
Selain memberikan WTP untuk LKPP 2025, BPK memberikan opini WTP kepada 96 Laporan Keuangan Kementerian/Lembaga (LKKL) dan satu Laporan Keuangan Bendahara Umum Negara (LKBUN). Sementara itu, satu LKKL mendapatkan opini Wajar Dengan Pengecualian (WDP).
""BPK juga memberikan opini WTP kepada 96 LKKL dan 1 LKBUN, serta opini Wajar Dengan Pengecualian atas 1 LKKL,"" katanya.
Pada tingkat pemerintah daerah, dari 546 laporan keuangan pemerintah daerah yang diperiksa BPK, 509 pemerintah daerah memperoleh opini WTP, 35 Pemda memperoleh opini WDP, dan 2 Pemda mendapatkan opini Tidak Menyatakan Pendapat.
BPK juga telah memeriksa 4 laporan keuangan badan lainnya, yakni LK Tahunan Bank Indonesia, LK Otoritas Jasa Keuangan, LK Lembaga Penjamin Simpanan, dan LK Badan Pengelola Keuangan Haji Tahun 2025. Hasilnya, BPK memberikan dengan opini Wajar Tanpa Pengecualian.
""Nilai pemeriksaan sesungguhnya bukan berakhir pada pemberian opini, melainkan pada perubahan yang dihasilkannya,"" katanya.
Tonton juga video ""Menkeu: Hingga Agustus 2026, APBN Defisit Rp 240,1 T""
(hrp/fdl)",finance
105,"Menteri Koordinator Bidang Perekonomian Airlangga Hartarto mempertanyakan penilaian dari lembaga pemeringkat (rating agency) global yang dinilai terlampau ketat atas indikator fiskal Indonesia, sedangkan banyak negara yang memiliki banyak utang mendapatkan rating yang lebih positif.
Airlangga menjelaskan pemerintah Indonesia selalu disiplin dalam menjaga defisit anggaran di bawah 3%. Selain itu pemerintah juga selalu menjaga rasio utang terhadap Produk Domestik Bruto (PDB) nasional di kisaran 39%.
Angka tersebut dinilai jauh lebih rendah jika dibandingkan beberapa negara maju dan berkembang lainnya seperti Amerika Serikat (AS), India, Jepang, hingga Singapura yang memiliki rasio utang jauh melampaui PDB mereka. Namun negara-negara ini memiliki rating lebih baik dari Indonesia.
""Kita selama ini tentu dipaku dengan Indonesia punya budget deficit di bawah 3% dan debt to GDP ratio sekarang kita sekitar 39%. Bandingkan dengan Amerika yang 5,8% deficit-nya, kemudian utangnya terhadap GDP 123,3%,"" katanya dalam acara BIG Downstream Insight, Jakarta Selatan, Selasa (6/10/2026).
""Kemudian India minus 4,4% dan debt-nya 83,10%. Jepang deficit-nya minus 0,6% cuman hutangnya 248,7%, dan negara tetangga kita Singapura dia budget positif 1,9% tapi debt-nya di 171,3%"" sambung Airlangga.
Atas dasar perbandingan inilah Airlangga kemudian menyayangkan sorotan berlebihan dari sejumlah lembaga pemeringkat internasional terhadap postur APBN Indonesia, padahal negara-negara lain diberikan kelonggaran yang jauh lebih besar.
""Nah pertanyaannya kenapa ada kelompok rating agency yang heboh dan mematok Indonesia di angka-angka yang sebetulnya dibandingkan negara-negara yang tadi saya sebut makroprudensial kita relatif konservatif. Nah ini tentunya kan pertanyaannya kalau yang lain boleh kok Indonesia nggak boleh?"" tegasnya.
Di luar itu, Airlangga memaparkan saat ini ekonomi Indonesia masih mampu tumbuh di angka 5,05%. Angka berada di atas rata-rata pertumbuhan ekonomi global yang diproyeksikan sekitar 3% oleh berbagai lembaga internasional.
""Berbagai lembaga menilai pertumbuhan global rata-rata 3% sekian baik IMF, World Bank. Indonesia masih mampu tumbuh di 5,05% dan tentu kita berharap bahwa menjelang semester kedua angkanya juga tidak jauh dari angka di semester pertama,"" ujar Airlangga.
Dalam hal ini, Airlangga menegaskan sektor industri pengolahan dan industri non-migas masih jadi penopang utama pertumbuhan ekonomi nasional. Di mana kontribusi sektor pengolahan capai 18,50% terhadap PDB, kemudian sektor non-migas sebesar 16,83%.
""Kita juga sampaikan bahwa sektor yang mendominasi dan menjadi kontributor terbesar adalah di sektor industri pengolahan, dan industri non-migas pun tumbuh 5,32% dan kontribusinya adalah 16,83% kepada PDB nasional,"" pungkasnya.
Tonton juga video ""Suahasil Umumkan Pemerintah Lunasi Utang BLBI Sejak Krisis 1998""
(igo/fdl)",finance
106,"Dewan Perwakilan Rakyat (DPR) resmi mengesahkan Rancangan Undang-Undang (RUU) Perlindungan Ketenagakerjaan menjadi undang-undang. Pengesahan ini dilakukan oleh Ketua DPR RI Puan Maharani dengan ditandai ketukan palu dalam sidang Paripurna DPR RI Ke-9 Masa Persidangan Tahun 2026-2027, Selasa (6/10/2026).
""Sekarang kami akan menanyakan kepada setiap fraksi apakah RUU Perlindungan Ketenagakerjaan dapat disetujui menjadi Undang-undang,"" tanya Puan.
""Setuju,"" ujar peserta rapat.
""Alhamdulillah,"" saut Puan.
Kemudian,Puan sekali lagi bertanya kembali kepada seluruh anggota DPR yang hadir. ""Selanjutnya, kami akan menanyakan sekali lagi kepada anggota dewan, apakah RUU tentang Perlindungan Ketenagakerjaan dapat disetujui untuk disahkan menjadi Undang-undang,"" tanya Puan lagi.
""Setuju,"" ucap peserta rapat yang hadir di lokasi.
Sebelumnya, Pemerintah dan Komisi IX, menyepakati Rancangan Undang-Undang tentang Pelindungan Ketenagakerjaan dilanjutkan ke tingkat II Rapat Paripurna. Keputusan itu diambil dalam rapat kerja pengambilan keputusan tingkat I bersama pemerintah yang dipimpin Wakil Ketua DPR RI Sufmi Dasco Ahmad di Kompleks Parlemen, Senayan, Jakarta, Senin (5/10/2026).
Menteri Ketenagakerjaan Yassierli menyampaikan apresiasi dan penghargaan yang setinggi-tingginya kepada pimpinan DPR RI, pimpinan Komisi IX DPR RI dan seluruh anggota Komisi 9 DPR RI khususnya Panitia Kerja RUU tentang Perlindungan Ketenagakerjaan atas seluruh proses pembahasan yang telah dilaksanakan secara intensif.
""Pemerintah memandang bahwa RUU tentang Perlindungan Ketenagakeerjaan memiliki arti penting dalam memberikan perlindungan, kepastian hukum, dan sekaligus menindaklanjuti putusan MK No.168/-PUU-21/2023 serta menyelaraskan berbagai ketentuan ketenagakerjaan yang selama ini tersebar dalam berbagai peraturan perundang-undangan,"" katanya.
""Pemerintah berpandangan bahwa RUU tentang Perlindungan Ketenagakerjaan secara keseluruhan memperkuat perlindungan ketenaga kerjaan baik bagi pekerja atau buruh, pencari kerja, peserta pemagangan, maupun pengusaha,"" sambungnya.
Yassierli mengatakan RUU ini menegaskan adanya prinsip keadilan, kesetaraan, non-diskriminasi, memperhatikan aspek K3, serta keseimbangan hak, kewajiban, dan kepentingan para pihak dalam hubungan industrial.
Di sisi lain, RUU ini juga memperkuat sistem pengawasan dan penegakan hukum ketenagakerjaan agar lebih efektif, profesional, proporsional, dan memberikan kepastian hukum dengan tetap memperhatikan keberlangsungan dunia usaha.
""Berdasarkan seluruh hasil pembahasan bersama DPR RI dan setelah mempertimbangkan secara sungguh-sungguh seluruh pandangan serta masukan dalam proses pembahasan, pemerintah menyatakan dapat menerima RUU tentang Perlindungan Ketenagakerjaan dan menyetujui agar RUU tersebut dilanjutkan ke pembicaraan tingkat dua untuk selanjutnya diambil keputusan dalam rapat paripurna DPR RI,"" terangnya.
Tonton juga video ""Buruh di Purwakarta Turun ke Jalan,Tuntut Kepastian Hukum UU Ketenagakerjaan""
(hrp/fdl)",finance
107,"Menteri Investasi dan Hilirisasi/Badan Koordinasi Penanaman Modal (BKPM) Rosan Roeslani, buka-bukaan soal nasib kementeriannya setelah pemerintah membentuk Kementerian Koordinator (Kemenko) Bidang Hilirisasi dan Transisi Energi.
Rosan mengaku masih menunggu arahan terkait penugasan baru setelah hadirnya kemenko tersebut. Namun ia tak menjelaskan lebih lanjut pembagian kerja akan berbentuk Peraturan Presiden (Perpres) atau regulasi lainnya.
""Kita nunggu arahan saja. Kita nunggu arahan,"" ungkap Rosan kepada wartawan di Hotel Kempinski, Jakarta, Selasa (6/10/2026).
Rosan menegaskan Kementerian Investasi dan Hilirisasi/BKPM akan terus berkoordinasi dengan kementerian koordinator terkait. Ia juga memastikan Kementerian Investasi dan Hilirisasi/BKPM tetap berjalan meski pemerintah telah membentuk Kementerian Koordinator Bidang Hilirisasi dan Transisi Energi.
""Ya kita ikutin aja nanti, yang penting kita koordinasi selalu baik,"" pungkasnya.
Sebagai informasi, Bahlil Lahadalia resmi dilantik Presiden Prabowo Subianto sebagai Menteri Koordinator Bidang Hilirisasi dan Transisi Energi. Ini menjadi tugas baru Bahlil setelah selama ini dia menjabat sebagai Menteri ESDM.
Pelantikan Bahlil dilakukan di Istana Negara, Jakarta Pusat, Kamis (1/10/2026). Pelantikan dilakukan berdasarkan Keputusan Presiden nomor 104P tahun 2025 tentang Pemberhentian dan Pengangkatan Menteri Keuangan Kabinet Merah Putih periode 2024-2029.
Bahlil mengakui rangkap jabatan ini menjadi amanah serta tanggung jawab besar. Ia menyatakan siap bekerja secara maksimal menjalankan tugas-tugasnya, baik sebagai Menteri ESDM maupun Menko Hilirisasi dan Transisi Energi.
""Saya dilantik sebagai Menko Hilirisasi dan Transisi Energi, sekaligus merangkap jadi Menteri ESDM. Saya tahu ini adalah amanah, tanggung jawab negara yang saya harus emban,"" ujar Bahlil usai pelantikan di Istana Negara, Jakarta, Kamis (1/10/2026).
Tonton juga video ""Bahlil Kini Rangkap Jabatan Menko Hilirisasi dan Menteri ESDM""
(acd/acd)",finance
108,"Menteri Perdagangan (Mendag) Budi Santoso menargetkan perjanjian dagang Indonesia dengan Uni Eropa atau Indonesia-European Union Comprehensive Economic Partnership Agreement (IEU-CEPA) bisa diteken akhir Oktober dan mulai berlaku Januari 2027. Perjanjian dagang tersebut dalam tahap kesepakatan penggunaan bahasa dalam dokumen perjanjian.
Budi mengatakan, Indonesia ingin dokumen perjanjiannya menggunakan Bahasa Indonesia dan Bahasa Inggris. Namun, pihak Uni Eropa sempat berdiskusi apakah dokumen tersebut perlu diterjemahkan ke dalam seluruh bahasa resmi negara anggota Uni Eropa.
""Nah, kemarin sudah mulai ada gambaran sih, mudah-mudahan cukup Bahasa Indonesia, Bahasa Inggris,"" ujar Budi di kantornya, Jakarta Pusat, Selasa (6/10/2026).
Budi menargetkan IEU-CEPA dapat ditandatangani pada akhir Oktober. Hal tersebut juga telah dipastikan saat bertemu dengan Menteri Perdagangan Prancis pada forum G20.
""Kita kejar karena kemarin sudah kita bertemu dengan seluruh Dubes EU yang dipimpin Pak Menko Perekonomian, dan kita sepakat bahwa akhir Oktober ini kita selesaikan penandatangannya, kemungkinan di Jakarta,"" jelasnya.
Ia menargetkan agar seluruh proses ratifikasi rampung pada akhir Desember. Dengan begitu, perjanjian ini bisa efektif berlaku pada Januari 2027. Langkah cepat ini menjadi krusial mengingat fasilitas preferensi tarif melalui Generalized System of Preferences (GSP) dari Uni Eropa akan segera berakhir.
""Mudah-mudahan akhir Desember selesai, sehingga per Januari sudah berlaku. Jadi kita tidak kena GSP yang sudah berakhir itu pokoknya target utama itu dulu yang akan kita lakukan,"" imbuhnya.
Sebelumnya, Presiden Prabowo Subianto meminta agar perjanjian dagang dengan Uni Eropa atau Indonesia-European Union Comprehensive Economic Partnership Agreement segera dirampungkan.
Menteri Koordinator Bidang Perekonomian Airlangga Hartarto mengatakan saat ini dokumen IEU-CEPA sedang dalam tahap finalisasi kelengkapan bahan berbahasa Inggris sebelum diserahkan ke Parlemen Eropa.
""Bapak Presiden juga minta agar IEU-CEPA itu segera diselesaikan. Karena IEU-CEPA diharapkan sekarang dalam proses untuk diproses dalam kelengkapan bahannya dalam Bahasa Inggris untuk dibawa ke Parlemen Eropa,"" ujar Airlangga di Kompleks Istana Kepresidenan, Jakarta Pusat, Selasa (22/9/2026).
Setelah itu, dokumen yang berisi perjanjian dagang ini juga harus diterjemahkan ke Bahasa Indonesia dan diserahkan ke Dewan Perwakilan Rakyat (DPR) untuk diratifikasi.
Tonton juga video ""Permintaan AS Kelola Mineral Kritis RI dalam Pembahasan Danantara""
(rea/ara)",finance
109,"Menteri Perdagangan Budi Santoso mengakui harga kedelai yang menjadi bahan baku tahu dan tempe naik. Lonjakan harga ini dipicu oleh dinamika perdagangan global, termasuk gejolak harga minyak dunia.
""Sekarang kan memang kondisi perdagangan global, harga minyak dan sebagainya,"" ujar Budi di kantornya, Jakarta Pusat, Selasa (6/10/2026).
Budi menyebut berdasarkan data Sistem Pemantauan Pasar dan Kebutuhan Pokok (SP2KP), harga kedelai saat ini berada di kisaran Rp 13.200/kilogram (kg). Menurut Budi, angka ini naik dari sebelumnya yang berada di level Rp 12.000/kg.
Terkait kenaikan harga kedelai, Budi telah berkomunikasi dengan Kementerian Koordinator Bidang Pangan. Ia menyebut jalan keluar dari kenaikan harga kedelai ini akan dibahas dalam rapat koordinasi dengan Kementerian Koordinator Bidang Pangan (Kemenko Pangan), termasuk opsi pemberian subsidi yang pernah dilakukan sebelumnya.
""Harga kedelai sekarang saya cek di SP2KP kan Rp 13.200-an ya kalau salah ya. Dari Rp 12.000an. Tadi kami juga sudah komunikasi dengan Kemenko Pangan. Nanti secepatnya kita akan adakan rapat. Kalau dulu kan sudah dikasih subsidi ya. Nah nanti kita tunggu arahan pimpinan apakah subsidi ada,"" beber ia.
Sebelumnya, harga kedelai ini memicu perajin memperkecil ukuran tahu dan tempe. Harga kedelai yang sebelumnya Rp 9.500/kg kini menjadi Rp 11.600/kg, bahkan ada yang mencapai Rp 12.000/kg di beberapa daerah.
Wakil Ketua Umum Gabungan Koperasi Produsen Tempe Tahu Indonesia (Gakoptindo) Kusnoto mengatakan, tekanan usaha pada 2026 dinilai lebih berat dibandingkan 2022 karena kenaikan tidak hanya terjadi pada kedelai. Perajin juga menghadapi kenaikan berbagai biaya mulai dari bahan bakar minyak (BBM), plastik kemasan, hingga ongkos angkutan.
""Kalau sekarang bukan hanya kedelai saja. Plastik naik, minyak goreng naik, daya beli juga seperti ini,"" kata Kusnoto, kepada detikcom, Sabtu (3/10/2026).
Ia mencontohkan, dalam sehari perajin yang menggunakan 1 kuintal kedelai bisa menghasilkan 22 batang tempe. Jika satu batang dijual Rp 10.000 dan dipotong menjadi tujuh bagian, omzet kotornya Rp 1,54 juta. Namun, setelah dikurangi berbagai biaya produksi, keuntungan yang tersisa sangat tipis.
""Harga jual tahu dan tempe belum naik, alhasil disiasati mengecilkan ukuran. Sebagian besar mengurangi produksi, satu dua sudah mulai ada yang menghentikan produksinya karena dampak kedelai mahal,"" lanjutnya.
Tonton juga video ""Mendag Dorong UMKM Bersaing di Pasar Internasional""
(rea/ara)",finance
110,"Utusan Khusus Presiden Bidang Iklim dan Energi, Hashim Djojohadikusumo, membantah anggapan tentang Indonesia Gelap. Menurutnya, sejumlah indikator ekonomi dan kesejahteraan masyarakat justru menunjukkan kondisi sebaliknya, yakni Indonesia Terang.
Hashim menyebut, Indonesia berhasil mencapai swasembada beras lebih cepat dari target yang sebelumnya ditetapkan Presiden Prabowo Subianto. Ia mengatakan, cadangan beras pemerintah saat ini mencapai sekitar 5,3 juta ton dan terus bertambah.
Ia bahkan menyebut kapasitas gudang milik pemerintah tidak mampu menampung seluruh cadangan beras hingga harus menyewa gudang milik swasta. Hashim mengklaim, capaian ini menjadi yang pertama bagi Indonesia dalam 42 tahun terakhir.
""Ini adalah kali pertama Indonesia kembali mencapai swasembada beras dalam kurun waktu 42 tahun terakhir. Ini merupakan salah satu pencapaian besar kita. Maka dari itu, ketika ada yang menyebut Indonesia Gelap, jawabannya adalah tidak, Indonesia Terang. Kita berhasil melampaui target tiga tahun lebih cepat,"" ungkap Hashim dalam acara International Sustainability Forum di Hotel Kempinski, Jakarta, Selasa (6/10/2026).
Pemerintah juga menargetkan swasembada kedelai dalam waktu tiga tahun ke depan. Langkah ini dilakukan untuk menjaga stabilitas pangan dalam negeri.
""Ketahanan pangan Indonesia secara mendasar sangat solid. Rakyat kita terjamin ketahanan pangannya,"" jelasnya.
Hashim mengatakan, Indonesia juga berhasil mencapai swasembada beras. Di samping itu, pemerintah juga telah menetapkan program food estate seluas 2 juta hektar tanpa harus mengalihfungsikan kawasan hutan di Papua.
Ia menambahkan, pemerintah juga menetapkan kebijakan strategis sebagai bentuk keberpihakan terhadap petani dalam negeri. Salah satunya dengan menaikkan harga pembelian pemerintah (HPP) untuk gabah/beras sebesar 50% dari Rp 4.000 menjadi Rp 6.500 dan memangkas harga pupuk sebesar 20%.
""Tingkat kesejahteraan 120 juta rakyat Indonesia yang bergantung pada sektor pertanian dan pertanaman padi kini mencapai tingkat tertinggi sejak era 1980-an,"" pungkasnya.
Tonton juga video ""Mentan Ungkap 25 Merek Beras Fortifikasi Diduga Abal-abal""
(acd/acd)",finance
111,"Badan Pemeriksa Keuangan (BPK) melaporkan telah menyelamatkan keuangan negara sebesar Rp 49,28 selama periode semester I tahun 2026. Penyelamatan tersebut berasal dari pengungkapan berbagai permasalahan keuangan hingga ketidakhematan dan ketidakefisienan.
Hal ini disampaikan Ketua BPK Isma Yatun dalam Sidang Paripurna DPR RI Ke-9 Masa Persidangan Tahun 2026-2027 atas laporan Ikhtisar Hasil Pemeriksaan Semester (IHPS) I Tahun 2026.
""IHPS juga mengungkapkan peran BPK dalam mendukung upaya penyelamatan keuangan negara sebesar Rp 49,28 triliun,"" kata Isma.
Isma menyampaikan bahwa dari total Rp 49,28 triliun tersebut, sebesar Rp 45,6 triliun berasal dari pengungkapan permasalahan kerugian, potensi kerugian, dan kekurangan penerimaan.
Kemudian permasalahan ketidakhematan, ketidakefisienan, dan ketidakefektifan terutama pada BUMN dan badan lainnya dengan nilai Rp 3,68 triliun.
Adapun dari nilai Rp 45,6 triliun tersebut, sebanyak Rp Rp 1,8 triliun di antaranya telah berhasil dikembalikan ke kas negara atau daerah atau perusahaan atau badan lainnya saat pemeriksaan berlangsung.
BPK juga berkontribusi dalam mendukung pemberantasan korupsi melalui pemeriksaan investigatif dengan nilai indikasi kerugian negara Rp 43,39 miliar. Sementara penghitungan kerugian negara menghasilkan nilai kerugian sebesar Rp 2,21 triliun.
""Lebih jauh, IHPS I Tahun 2026 membawa kita pada satu pesan penting, sejumlah persoalan tata kelola keuangan negara tidak dapat lagi diselesaikan oleh satu entitas secara sendiri-sendiri. Kompleksitas dan keterkaitan antarpermasalahan membutuhkan sinergi lintas sektor agar penyelesaiannya dapat lebih menyeluruh dan berkelanjutan,"" katanya.
Tonton juga video ""BPK Ungkap Kementerian/Lembaga Raih WTP Tahun 2025""
(hrp/fdl)",finance
112,"Rancangan Undang-Undang (RUU) tentang Pelindungan Ketenagakerjaan resmi disahkan menjadi undang-undang (UU) dalam Rapat Paripurna DPR RI hari ini. Pengesahan dilakukan setelah pemerintah bersama DPR menyelesaikan pembahasan RUU tersebut.
Menteri Ketenagakerjaan (Menaker) Yassierli mengatakan regulasi tersebut menjadi tindak lanjut konkret atas Putusan Mahkamah Konstitusi (MK). UU tersebut juga menyelaraskan sejumlah norma ketenagakerjaan yang sebelumnya tersebar dan dinilai kerap menimbulkan ketidakpastian.
""RUU ini tidak hanya berhasil menyatukan dan menyelaraskan norma yang sebelumnya tersebar dan kerap memicu ketidakpastian, tetapi secara fundamental mengukuhkan pilar pelindungan ketenagakerjaan yang jauh lebih berkeadilan,"" kata Yassierli dalam Rapat Paripurna di DPR RI, Jakarta, Selasa (6/10/2026).
| Baca juga: RI Resmi Punya UU Ketenagakerjaan Baru! | 
Yassierli kemudian membeberkan delapan poin penting dalam aturan tersebut. Pertama, UU tersebut mempertegas perlindungan hak pekerja atau buruh melalui jaminan kesempatan dan perlakuan yang sama dalam seluruh aspek ketenagakerjaan.
Prinsip non-diskriminasi diperkuat mulai dari proses rekrutmen, pengupahan, pengembangan karier hingga hubungan kerja. Dengan demikian, setiap pekerja memperoleh perlakuan yang adil, bermartabat dan setara di tempat kerja.
""RUU ini memperkuat prinsip non-diskriminasi Termasuk dalam proses rekrutmen, pengupahan, pengembangan karir, dan hubungan kerja Sehingga setiap pekerja memperoleh perlakuan yang adil, bermartabat, dan setara di tempat kerja,"" tuturnya.
Kedua, perlindungan pencari kerja diperkuat melalui penyediaan informasi pasar kerja yang terbuka. Kewajiban penyediaan informasi dan pelaporan lowongan kerja diarahkan untuk menjamin kesetaraan akses terhadap kesempatan kerja sekaligus mencegah praktik percaloan, penipuan dan lowongan kerja fiktif.
Ketiga, memberikan kepastian hukum dan perlindungan bagi peserta pemagangan melalui penegasan status serta pembatasan waktu pemagangan. Peserta magang juga mendapat uang saku, perlindungan keselamatan dan kesehatan kerja (K3), kepesertaan Jaminan Kecelakaan Kerja (JKK) dan Jaminan Kematian (JKM), serta sertifikat pemagangan.
Keempat, perlindungan dalam proses penempatan tenaga kerja diperkuat melalui prinsip objektivitas, keadilan, transparansi dan non-diskriminasi. Perhatian khusus diberikan kepada kelompok rentan, penyandang disabilitas serta masyarakat di daerah tertinggal agar memperoleh kesempatan kerja yang setara.
Kelima, UU tersebut memperkuat keseimbangan hak, kewajiban serta kepentingan para pihak dalam hubungan industrial. Hak pekerja untuk berorganisasi, menyampaikan aspirasi dan berpartisipasi dalam hubungan industrial turut ditegaskan, termasuk kepastian hukum dalam penyelesaian perselisihan hubungan industrial.
Keenam, K3 ditegaskan sebagai hak fundamental pekerja atau buruh yang wajib dijamin pengusaha melalui penerapan sistem manajemen K3 secara terintegrasi. Perlindungan tidak hanya berorientasi pada penanganan kecelakaan kerja, tetapi juga pencegahan risiko, pengendalian bahaya dan penciptaan lingkungan kerja yang aman dan sehat.
Ketujuh, pengawasan ketenagakerjaan diperkuat menjadi instrumen perlindungan dan penegakan hukum yang lebih profesional, independen, responsif dan proaktif. Kewenangan pengawas dalam pemeriksaan, pengumpulan data hingga pemberian perintah perbaikan diperkuat untuk memastikan setiap pelanggaran norma ketenagakerjaan ditindaklanjuti.
Kedelapan, penegakan hukum diperkuat melalui pengenaan sanksi administratif dan pidana yang tegas, proporsional dan berjenjang terhadap pengusaha yang melanggar norma perlindungan pekerja atau buruh.
""Sanksi diarahkan untuk menciptakan efek jera yang terukur, mencegah pengulangan pelanggaran Serta memastikan kepatuhan terhadap kewajiban hukum ketenaga kerjaan,"" tutup Yassierli.
Tonton juga video ""Buruh di Purwakarta Turun ke Jalan,Tuntut Kepastian Hukum UU Ketenagakerjaan""
(ily/ara)",finance
113,"Menteri Perdagangan (Mendag) Budi Santoso mengakui harga telur mengalami kenaikan sekitar Rp 26.200 per kilogram (kg) dari sebelumnya di level Rp 22.000 per kg. Namun, Budi memastikan harganya masih di bawah Harga Acuan Penjualan (HAP) di tingkat konsumen yang ditetapkan Rp 30.000/kg.
""Telur hari ini Rp 26.200-an, harga acuannya kan Rp 30.000. Artinya, masih di bawah harga acuan, memang naik dari sebelumnya yang dulu sampai Rp 22.000, Rp 24.000, sekarang ke Rp 26.000,"" ujar Budi di kantornya, Jakarta Pusat, Selasa (6/10/2026).
Budi memastikan pemerintah ingin menjaga harga-harga kebutuhan bahan pokok, termasuk telur. Namun, ia menilai diperlukan harga yang ideal sehingga peternak tidak dirugikan.
Ia mencontohkan harga jual telur di level Rp 22.000/kg atau Rp 24.000/kg membuat peternak merugi akibat tidak mampu membeli pakan. Kondisi ini sempat memicu aksi protes hingga telur dibuang.
""Telur itu ketika harga Rp 22.000, Rp 24.000, peternak kan tidak bisa berproduksi. Ya karena tidak bisa beli pakan dan sebagainya. Makanya dulu ada demo sampai telur dibuang-buang. Nah ketika mendekati Rp 30.000 itu sebenarnya harga yang ideal,"" beber Budi.
Menurutnya, harga acuan yang dipatok Rp 30.000/kg merupakan titik ideal yang mempertemukan kepentingan produsen dan konsumen. Dengan harga tersebut, peternak dapat menutup biaya produksi dan membeli pakan. Sementara dari sisi konsumen, harganya tetap dikalkulasikan agar terjangkau oleh daya beli masyarakat.
""Kita hitung dulu berapa biaya produksi, biaya distribusi dan sebagainya. Kita hitung, oh ketemunya angka sekian. Kita jadi ketika harga ideal maka peternak tetap jalan, konsumen juga kita lindungi. Dengan harga yang sesuai dengan daya beli masyarakat,"" jelas Budi.
Pada saat yang sama, Budi juga memastikan ketersediaan beras premium di ritel tetap aman. Beras premium sebelumnya dilaporkan sempat kosong karena dinilai ada kaitannya dengan masalah beras fortifikasi yang sedang diselidiki oleh Kementerian Pertanian (Kementan) dan aparat penegak hukum (APH).
""Kan sekarang sudah ini ya, sudah diisi oleh Bulog itu ya di retail modern saya pikir nggak ada masalah stoknya cukup,"" tambah Budi.
Tonton juga video ""Mendag Ungkap Ada Aturan Baru soal Penyaluran MinyaKita""
(rea/ara)",finance
114,"Larangan menahan ijazah pekerja kini diatur dalam Undang-Undang (UU) tentang Pelindungan Ketenagakerjaan. Rancangan undang-undang (RUU) tersebut resmi disahkan menjadi UU dalam Rapat Paripurna DPR RI hari ini.
Menteri Ketenagakerjaan (Menaker) Yassierli mengatakan, salah satu aturan baru dalam UU tersebut adalah kepastian larangan penahanan ijazah maupun dokumen pribadi lainnya. Ketentuan tersebut berlaku dalam proses perekrutan dan penempatan tenaga kerja.
""Kepastian larangan atas penahanan ijazah dan dokumen pribadi lainnya dalam proses perekrutan dan penempatan tenaga kerja,"" kata Yassierli dalam Rapat Paripurna di DPR RI, Jakarta, Selasa (6/10/2026).
| Baca juga: RI Resmi Punya UU Ketenagakerjaan Baru! | 
Selain larangan penahanan ijazah, UU Pelindungan Ketenagakerjaan mengatur sejumlah ketentuan baru lainnya, salah satunya pengaturan dana cadangan pesangon dan Jaminan Kehilangan Pekerjaan (JKP) bagi pekerja atau buruh yang terkena pemutusan hubungan kerja (PHK).
Aturan tersebut juga memberikan kepastian perlindungan terhadap hak pekerja perempuan, termasuk hak cuti melahirkan dan keguguran beserta upahnya. Perlindungan bagi tenaga kerja penyandang disabilitas turut dipertegas.
""Lima, kepastian pelindungan hak-hak pekerja atau buruh perempuan, hak cuti melahirkan dan keguguran berikut upahnya. Enam, kepastian pelindungan bagi tenaga kerja penyandang disabilitas,"" ujar Yassierli.
Pemerintah juga memperluas ruang lingkup perlindungan terhadap pekerjaan fleksibel untuk merespons jenis pekerjaan baru yang muncul di masa mendatang. Selain itu, peningkatan produktivitas tenaga kerja akan diperkuat melalui kolaborasi pengusaha, pekerja, serikat pekerja atau serikat buruh, dan pemerintah.
UU tersebut turut mengatur pelaksanaan survei kebutuhan hidup layak oleh Badan Pusat Statistik (BPS) setelah berkoordinasi dengan Dewan Pengupahan Nasional. Peran Dewan Pengupahan Daerah juga diperkuat.
Ketentuan baru lainnya menyangkut pekerja alih daya atau outsourcing di Badan Usaha Milik Negara (BUMN). Pemerintah mewajibkan penyelenggaraan alih daya di lingkungan BUMN dilakukan oleh anak perusahaan.
""Dan terakhir, penguatan pelindungan pekerja buruh alih daya pada BUMN, yaitu dengan mewajibkan penyelenggaraan alih daya oleh anak perusahaan,"" tutup Yassierli.
Tonton juga video ""Buruh di Purwakarta Turun ke Jalan,Tuntut Kepastian Hukum UU Ketenagakerjaan""
(ily/ara)",finance
115,"Nyoman Adhi Suryadnyana dan Khaidir Abdurrahman resmi menjadi anggota Badan Pemeriksa Keuangan (BPK). Pengesahan dilakukan dalam Rapat Paripurna ke-9 DPR Masa Persidangan I Tahun Sidang 2026-2027.
Ketua DPR RI Puan Maharani awalnya meminta persetujuan anggota sidang terkait hasilfit and proper test oleh Komisi XI DPR RI yang memilih Nyoman dan Khaidir sebagai Anggota BPK. Peserta sidang kemudian memberikan persetujannya.
""Sekarang perkenankan kami menanyakan kepada sidang dewan yang terhormat apakah laporan komisi XI DPR RI terhadap hasil uji kelayakn fit and proper test calon anggota BPK RI periode 2026-2031 tersebut dapat disetujui? setuju. Terima kasih,"" ujar Puan dalam rapat tersebut di DPR RI, Jakarta, Selasa (6/10/2026).
Sementara itu,Ketua Komisi XI DPR RI Mukhamad Misbakhun berharap terpilihnya Nyoman danKhaidir dapat memperkuat kinerja BPK. Kinerja yang kredibel penting demi mendapatkan kepercayaan masyarakat dalam setiap audit yang dilakukan BPK.
""Dengan terpilihnya dua anggota baru BPK RI periode 2026-2031 ini, diharapkan secara kelembagaan BPK RI semakin kuat dan semakin kredibel, serta semakin mendapatkan kepercayaan masyarakat, karena di setiap audit yang dilakukan BPK, di sana tercermin akuntabilitas pengelolaan keuangan negara yang diaudit mendalam dan profesional,"" sebut Misbakhun.
Diberitakan sebelumnya, penetapan dua calon anggota BPK tersebut dilakukan setelah dilakukannya rapat internal Komisi XI DPR Masa Sidang I tahun sidang 2026-2027 pada Senin (5/10/2026). Secara total ada 23 calon anggota BPK yang melakukan fit and proper yang dibagi ke dalam dua panel.
""Berdasarkan hasil Rapat Internal Komisi XI DPR RI yang diselenggarakan secara musyawarah untuk mufakat, Komisi XI DPR RI telah menyepakati dan menetapkan Nyoman Adhi Suryadnyana, dan Saudara Khaidir Abdurrahman sebagai calon anggota Badan Pemeriksa Keuangan Republik Indonesia (BPK RI) terpilih untuk periode 2026-2031,"" seperti dikutip dari keterangan tertulis Komisi XI, DPR RI, Senin (5/10/2026).
Tonton juga video ""BPK Ungkap Kementerian/Lembaga Raih WTP Tahun 2025""
(ily/ara)",finance
116,"Pemerintah menargetkan nilai investasi di sektor hilirisasi dapat mencapai Rp 3.800 triliun dalam kurun waktu empat tahun ke depan. Penanaman investasi sebesar ini diharapkan menjadi mesin penciptaan lapangan kerja baru di Tanah Air.
Menteri Koordinator Bidang Perekonomian Airlangga Hartarto mengatakan target setinggi itu merupakan rencana investasi hilirisasi yang didorong pemerintah untuk mengembangkan industri pengolahan dan meningkatkan nilai tambah sumber daya alam di dalam negeri.
""Kalau kita lihat dari segi lapangan kerja, hilirisasi diharapkan bisa mempekerjakan 3,5 juta tenaga kerja, dan ini sekali lagi investasi ke depan ditargetkan bisa Rp 3.800 triliun dalam 4 tahun ke depan,"" katanya di acara BIG Downstream Insight, Jakarta Selatan, Selasa (6/10/2026).
Airlangga optimis target tersebut dapat tercapai mengingat tren positif investasi sektor hilirisasi yang sudah terlihat dari capaian paruh pertama tahun ini. Di mana nilai realisasi menunjukkan pertumbuhan yang konsisten dibandingkan periode yang sama tahun lalu.
""Realisasi hilirisasi di semester I (2026) Rp 300 triliun, ini naik 6,9% atau 7% terhadap dibandingkan dengan tahun lalu,"" ujarnya.
Ia menjelaskan ke depan program hilirisasi nasional ini akan mencakup 28 komoditas unggulan yang tersebar di 8 sektor strategis. Hilirisasi diarahkan tidak hanya dilakukan pada komoditas mineral, namun juga sumber daya alam lain yang dapat diperbarui termasuk komoditas berbasis pertanian, perkebunan, dan kehutanan.
""Kemudian investasi yang dibutuhkan untuk 28 komoditas itu adalah US$ 618 billion dan harapannya bisa meningkatkan ekspor menjadi US$ 857 billion dan dengan nilai tambah US$ 235,9,"" tutur Airlangga.
Meski begitu, ia menegaskan hilirisasi tidak sama dengan industrialisasi. Menurutnya hilirisasi merupakan salah satu cabang daripada industrialisasi yang juga tidak boleh diabaikan pemerintah mengingat kontribusinya yang sangat besar terhadap Produk Domestik Bruto (PDB) nasional.
""Hilirisasi salah satu daripada industri dan berbagai manufaktur lain yang didorong adalah tentunya seperti sektor otomotif, sektor tekstil produk tekstil, sektor fast moving consumer goods, kemudian sektor strategis lain,"" ujar Airlangga.
""Nah itu juga banyak yang perlu kita dorong agar kontribusi industri terhadap GDP itu bisa lebih tinggi dari 20%,"" tambahnya.
Tonton juga video ""Bahlil Kini Rangkap Jabatan Menko Hilirisasi dan Menteri ESDM""
(igo/fdl)",finance
117,"Ketentuan baru mengenai pekerja alih daya atau outsourcing di Badan Usaha Milik Negara (BUMN) diwajibkan dilakukan melalui anak perusahaan. Hal ini diatur dalam Undang-Undang (UU) tentang Pelindungan Ketenagakerjaan yang disahkan dalam Rapat Paripurna DPR RI hari ini.
""Dan terakhir, penguatan pelindungan pekerja/buruh alih daya pada BUMN, yaitu dengan mewajibkan penyelenggaraan alih daya oleh anak perusahaan,"" kata Menteri Ketenagakerjaan (Menaker) Yassierli dalam Rapat Paripurna DPR RI, di Jakarta, Selasa (6/10/2026).
Aturan mengenai outsourcing BUMN menjadi salah satu dari sejumlah ketentuan baru yang dimasukkan dalam UU Pelindungan Ketenagakerjaan. Aturan lainnya mencakup dana cadangan pesangon dan Jaminan Kehilangan Pekerjaan (JKP) bagi pekerja yang terkena pemutusan hubungan kerja (PHK).
UU tersebut juga mengatur larangan penahanan ijazah dan dokumen pribadi lainnya dalam proses perekrutan dan penempatan tenaga kerja. Perlindungan hak pekerja perempuan, termasuk cuti melahirkan dan keguguran beserta upahnya, turut diatur.
""Kepastian larangan atas penahanan ijazah dan dokumen pribadi lainnya dalam proses perekrutan dan penempatan tenaga kerja,"" tegas Yassierli.
Yassierli menilai UU Pelindungan Ketenagakerjaan secara keseluruhan telah merefleksikan keseimbangan antara perlindungan hak dasar pekerja atau buruh dengan keberlangsungan dunia usaha.
Tonton juga video ""Demo Buruh di DPR, Tuntut Janji UU Ketenagakerjaan-Hapus Outsourcing""
(ily/ara)",finance
118,"Indonesia resmi memiliki Undang-Undang (UU) tentang Pelindungan Ketenagakerjaan yang baru. Aturan tersebut mengubah sejumlah ketentuan terkait pemutusan hubungan kerja (PHK) hingga besaran pesangon yang diterima.
Menteri Ketenagakerjaan (Menaker) Yassierli mengatakan, salah satu perubahan dalam aturan baru tersebut adalah tidak adanya lagi faktor pengali 0,5 kali dalam penghitungan pesangon. Menurutnya, pesangon yang diterima pekerja paling sedikit menggunakan pengali satu kali.
""Nanti kalau lebih detailnya nanti deh, kita tunggu aja draftnya, tapi jelas kalau kemarin masih ada istilahnya pesangonnya pengalinya 0,5 itu tentu sudah tidak ada lagi,"" kata Yassierli di DPR RI, Selasa (6/10/2026).
| Baca juga: RI Resmi Punya UU Ketenagakerjaan Baru! | 
Saat ditanya apakah pengali pesangon menjadi satu kali atau dua kali, Yassierli menegaskan besarannya minimal satu kali. Namun, besaran yang diterima pekerja nantinya tetap bergantung pada sejumlah faktor.
""Nanti dilihat aja detailnya. Tergantung pengalinya itu karena faktor apa dan kemudian berapa lama dia bekerja. Minimal satu kali,"" sambungnya.
Selain perubahan pesangon, Yassierli mengatakan ketentuan mengenai PHK juga diperketat. Menurutnya, perusahaan tidak bisa dengan mudah melakukan PHK terhadap pekerja dengan menggunakan alasan tertentu, termasuk efisiensi.
""Dan tidak ada juga alasan perusahaan mem-PHK dengan mudah karena alasannya apakah karena efisiensi dan seterusnya,"" tegas Yassierli.
Meski demikian, Yassierli belum menjelaskan secara terperinci ketentuan baru mengenai alasan maupun mekanisme PHK tersebut. Ia meminta publik menunggu naskah aturan untuk melihat ketentuan secara lengkap.
Aturan baru tersebut juga memperkenalkan dana cadangan pesangon. Yassierli menjelaskan kebijakan ini dilatarbelakangi kondisi perusahaan yang dalam sejumlah kasus tidak memiliki dana ketika harus membayar pesangon kepada pekerja.
""Realitas sekarang kalau kita lihat ternyata ketika perusahaannya itu ingin membayar dana pesangon alasannya kami sudah tidak punya dana dan seterusnya. Makanya di undang-undang ini, sebagai payungnya bahwa akan ada dana cadangan pesangon,"" jelas Yassierli.
Mekanisme dana cadangan pesangon belum diatur secara terperinci dalam UU tersebut. Ketentuan lebih lanjut mengenai dana cadangan pesangon akan dituangkan dalam Peraturan Pemerintah (PP).
Tonton juga video ""Buruh di Purwakarta Turun ke Jalan,Tuntut Kepastian Hukum UU Ketenagakerjaan""
(ily/ara)",finance
119,"Menteri Perdagangan (Mendag) Budi Santoso mengatakan transaksi ekspor dari program Usaha Mikro Kecil dan Menengah (UMKM) Bisa Ekspor mencapai US$ 347 juta atau setara Rp 6,21 triliun (kurs Rp 17.900) pada Januari hingga Agustus 2026.
Budi mengatakan mempunyai perwakilan atase perdagangan dan Indonesia Trade Promotion Center (ITPC) di 33 negara dengan total 46 perwakilan. Melalui program ini, pelaku UMKM dapat bertemu dengan calon pembeli dari luar negeri.
""Tahun lalu transaksinya mencapai US$ 134,8 juta. Tahun ini sampai Januari sampai Agustus transaksinya sudah US$ 347 juta,"" ujar Budi dalam Kick Off Fasilitas Sertifikasi Barcode Produk Pangan di Kemendag, Jakarta Pusat, Selasa (6/10/2026).
Budi menjelaskan sebagian besar UMKM yang ikut program ini belum pernah ekspor. Menurutnya, tujuan program ini agar semua pelaku usaha dapat melakukan ekspor, tidak hanya perusahaan besar saja.
Tak hanya program UMKM Bisa Ekspor, pihaknya juga mendorong UMKM masuk ritel modern dalam negeri. Salah satunya, fasilitas sertifikasi barcode yang bekerja sama dengan perusahaan GS1 Indonesia untuk produk pangan kemasan dan perawatan kecantikan.
""Kita sudah punya kerja sama dengan Aprindo dengan Hippindo kalau kita lihat sekarang banyak produk-produk lokal kita ini yang sudah ada di ritel modern,"" jelas Budi.
Budi menjelaskan pada tahap awal ada 50 UMKM yang telah melalui proses kurasi.
Menurut Budi, barcode ini mempermudah layanan, penyimpanan, hingga distribusi produk. Adapun syaratnya, yakni produk harus mempunyai daya saing dan bagus.
""Konsumen punya standar yang kemudian direpresentasikan ke dalam ritel. Ritel juga punya standar. Karena kalau ritel enggak punya standar ya konsumen juga enggak mau pasti beli barang yang lebih bagus,"" beber ia.
Pada saat yang sama, Budi menjelaskan Trade Expo Indonesia yang akan berlangsung pada 14-18 Oktober di ICE BSD ini, sebanyak 5.400 buyer asing telah mengonfirmasi kehadiran. Namun, ia optimis jumlah buyer yang datang akan semakin bertambah.
Pada TEI 2025, jumlah buyer yang datang 8.045 dengan nilai transaksi US$ 22,8 miliar. Tahun ini, Budi menargetkan transaksi TEI US$ 17,5 miliar.
Tonton juga video ""Driver Ojol Bakal Jadi UMKM, Perpres Dikebut Sebelum 17 Agustus""
(rea/ara)",finance
120,"Dewan Perwakilan Rakyat (DPR) resmi mengesahkan Rancangan Undang-Undang (RUU) Perlindungan Ketenagakerjaan menjadi undang-undang. Buruh buka suara terhadap pengesahan ini.
Presiden Konfederasi Serikat Pekerja Seluruh Indonesia (KSPSI) Andi Gani Nena Wea menyampaikan apresiasi atas lahirnya Undang-Undang (UU) Perlindungan Ketenagakerjaan.
Berbicara di atas mobil komando di hadapan massa buruh, Andi Gani menyebut UU Perlindungan Ketenagakerjaan sebagai bagian baru dalam perjalanan perjuangan pekerja di Indonesia.
""UU Perlindungan Ketenagakerjaan merupakan sejarah baru pembuatan konstitusi di Indonesia. DPR RI dan Pemerintah membuka diri untuk berdiskusi dan menyampaikan argumentasi masing-masing secara demokratis,"" kata Andi Gani di Jakarta, Selasa (6/10/2026).
Menurutnya, perjuangan buruh yang berlangsung selama bertahun-tahun hingga berbulan-bulan menghasilkan sejumlah ketentuan yang dinilai mengakomodasi tuntutan utama pekerja.
Andi Gani mengakui tidak seluruh pihak akan merasa puas dengan hasil pembahasan UU tersebut. Menurutnya, perbedaan pandangan merupakan hal yang biasa dalam demokrasi.
""Perjuangan berbulan-bulan ini tentu ada yang puas, ada yang sangat puas, dan ada juga yang tidak puas. Itu hal yang biasa dalam demokrasi,"" ujarnya.
Andi Gani menyebut sebagian besar konfederasi yang tergabung dalam KBPBI menerima UU Perlindungan Ketenagakerjaan karena memuat sejumlah poin yang dinilai penting bagi buruh.
Ia juga menyampaikan apresiasi kepada pimpinan DPR dan Panja Komisi IX yang terlibat dalam pembahasan aturan tersebut.
Andi Gani secara khusus menyebut Wakil Ketua DPR Sufmi Dasco Ahmad, Cucun Ahmad Syamsurijal, Saan Mustopa, Ketua DPR Puan Maharani, serta jajaran Panja Komisi IX.
""KBPBI menghargai dedikasi keras dari pimpinan DPR, khususnya Pak Dasco, Pak Cucun, Pak Saan, Mbak Puan, dan juga Panja Komisi IX yang sudah sangat luar biasa berjuang,"" ungkapnya.
Sementara itu, Wakil Presiden KSPSI R. Abdullah membeberkan sejumlah poin dalam UU Perlindungan Ketenagakerjaan yang menurutnya telah mengakomodasi tuntutan buruh.
Abdullah menyampaikan apresiasi kepada DPR dan pemerintah karena telah mengakomodasi hal-hal yang selama ini menjadi poin penting dalam perjuangan buruh.
""Hal-hal yang dianggap substansial dan crucial point, Koalisi Besar menyatakan berterima kasih kepada DPR maupun pemerintah sudah mengakomodir hal-hal yang dianggap selama ini menjadi poin-poin penting,"" kata Abdullah.
Poin pertama adalah mengenai pengupahan. Abdullah menyebut aturan mengenai upah minimum, baik provinsi maupun kabupaten/kota, termasuk upah minimum sektoral, telah memiliki parameter yang disepakati.
Parameter tersebut mencakup pertumbuhan ekonomi dan inflasi yang dikalikan dengan alpha dalam rentang 0,5 hingga 1.
Poin kedua berkaitan dengan pemutusan hubungan kerja (PHK). Abdullah menyebut terdapat tiga aspek yang diatur, yakni tata cara PHK, jenis PHK, dan kompensasi pesangon. Abdullah menegaskan PHK harus terlebih dahulu melalui proses perundingan bipartit antara serikat pekerja dan pengusaha.
""Bahwa PHK harus melalui proses perundingan bipartit antara serikat kerja dengan pengusaha,"" katanya.
Menurut Abdullah, proses PHK juga harus melalui tahapan-tahapan yang telah ditentukan.
Sementara untuk kompensasi pesangon, ketentuannya disebut kembali mengacu pada UU Nomor 13 Tahun 2003. Abdullah menilai adanya ketentuan tersebut memberikan kepastian mengenai hak pesangon pekerja. Ia mencontohkan kasus PT Sri Rejeki Isman Tbk (Sritex).
""Ke depan tidak ada lagi seorang pekerja yang khawatir pesangonnya tidak dibayar oleh perusahaan. Contoh kasus Sritex, nanti ke depan sudah tidak ada lagi,"" tegasnya.
Poin ketiga adalah pembatasan outsourcing. Abdullah menyebut jenis pekerjaan yang dapat dialihdayakan akan dibatasi dalam UU tersebut.
""Sangat dibatasi tentang outsourcing. Jadi pekerjaan-pekerjaan yang dibolehkan di-outsourcing sangat dibatasi oleh UU ini, hanya dimungkinkan empat jenis pekerjaan plus satu sektor pertambangan,"" ujarnya.
(fdl/fdl)",finance
121,"Badan Pemeriksa Keuangan (BPK) mencatat 81,4% rekomendasi hasil pemeriksaan yang dilakukan pada periode 2005 hingga 2025 telah selesai ditindaklanjuti oleh berbagai pihak. Hal ini tertuang dalam Ikhtisar Hasil Pemeriksaan Semester (IHPS) I Tahun 2026.
Ketua BPK Isma Yatun menyampaikan hasil dari tindak lanjut tersebut telah dilakukan penyetoran uang dan atau penyerahan aset ke negara, daerah, atau perusahaan oleh entitas dari hasil pemeriksaan tahun 2005 sebesar Rp 163,61 triliun.
""Termasuk Rp 3,68 triliun yang berasal dari hasil pemeriksaan periode 2025,"" kata Isma dalam Sidang Paripurna DPR RI Ke-9 Masa Persidangan Tahun 2026-2027, Selasa (6/10/2026).
Selain itu, BPK mencatat hasil pemantauan penyelesaian ganti kerugian negara atau daerah yang telah ditetapkan mencapai Rp 6,23 triliun selama periode 2005 hingga semester I 2026.
Isma menyampaikan dari jumlah tersebut, Rp 2,27 triliun telah dilunasi. Kemudian Rp1,9 triliun masih dalam proses angsuran dan Rp 211,46 miliar telah dilakukan penghapusan.
""Dengan demikian, masih terdapat sisa kerugian sebesar Rp 1,85 triliun atau 29,7% dari total kasus kerugian yang telah ditetapkan,"" ujarnya.
""Angka tersebut mengingatkan kita bahwa keberhasilan pemeriksaan tidak berhenti pada rekomendasi, tapi pada perubahan yang dihasilkannya, yakni kerugian dipulihkan, tata kelola diperbaiki, dan manfaat keuangan negara semakin nyata bagi masyarakat,"" sambungnya.
Tonton juga video ""BPK Ungkap Kementerian/Lembaga Raih WTP Tahun 2025""
(fdl/fdl)",finance
122,"Pengusaha yang tergabung dalam Badan Pengurus Pusat Himpunan Pengusaha Muda Indonesia (BPP HIPMI) menyoroti pentingnya kepastian regulasi setelah DPR RI bersama pemerintah mengesahkan Undang-Undang tentang Pelindungan Ketenagakerjaan dalam Rapat Paripurna DPR RI, Selasa (6/10/2026).
Ketua Umum BPP HIPMI, Ade Jona Prasetyo, mengatakan kepastian regulasi ketenagakerjaan dibutuhkan dunia usaha, termasuk untuk mengambil keputusan investasi, melakukan ekspansi, dan membuka lapangan kerja.
""Pengusaha membutuhkan kepastian untuk berusaha, dan pekerja membutuhkan kepastian untuk bekerja. Ketika keduanya mendapatkan kepastian, dunia usaha akan lebih percaya diri melakukan investasi dan ekspansi. Pada akhirnya yang kita harapkan adalah semakin banyak lapangan kerja berkualitas yang tercipta bagi masyarakat Indonesia,"" katanya dalam keterangan tertulis, Selasa (6/10/2026).
Menurut Ade Jona, HIPMI menyambut positif pengesahan UU Pelindungan Ketenagakerjaan. Menurutnya, perlindungan pekerja dan pertumbuhan dunia usaha perlu berjalan beriringan.
""HIPMI menyambut positif lahirnya Undang-Undang Pelindungan Ketenagakerjaan. Bagi kami, perlindungan pekerja dan pertumbuhan dunia usaha bukan dua kepentingan yang harus dipertentangkan. Perusahaan yang sehat membutuhkan pekerja yang produktif dan sejahtera, sementara kesejahteraan pekerja juga membutuhkan dunia usaha yang terus tumbuh dan menciptakan lapangan kerja,"" ujar Ade Jona.
Sebelum disahkan dalam Rapat Paripurna, Rancangan Undang-Undang Pelindungan Ketenagakerjaan telah mendapat persetujuan pemerintah dan seluruh fraksi dalam pembicaraan tingkat I di Komisi IX DPR RI.
Rancangan tersebut terdiri atas 23 bab dan 313 pasal. Isinya mencakup perlindungan pekerja, kepastian hukum bagi pekerja dan pemberi kerja, kesempatan kerja, produktivitas, pengupahan, hubungan industrial, pengawasan, hingga perubahan dunia kerja dan transformasi digital.
Ade Jona mengatakan tantangan ketenagakerjaan ke depan tidak hanya terkait perlindungan pekerja. Menurutnya, peningkatan produktivitas, kompetensi sumber daya manusia, penciptaan pekerjaan baru, serta kemampuan regulasi mengikuti perubahan model bisnis dan teknologi juga menjadi perhatian.
""Semangatnya harus menjaga keseimbangan. Hak pekerja harus terlindungi, tetapi pada saat yang sama perusahaan juga harus mempunyai ruang untuk tumbuh, berinovasi, dan menyerap lebih banyak tenaga kerja. Hubungan industrial yang sehat adalah ketika pekerja dan perusahaan sama-sama tumbuh,"" ujar Ade Jona.
Ia menilai tahap berikutnya setelah pengesahan UU adalah memastikan aturan tersebut dapat diterapkan secara konsisten dan memberikan kepastian bagi pekerja maupun dunia usaha.
Karena itu, HIPMI memandang dialog antara pemerintah, pekerja, dan dunia usaha tetap diperlukan dalam pelaksanaan kebijakan ketenagakerjaan.
Menurutnya, ketiga pihak memiliki tujuan yang sama untuk menciptakan perekonomian yang produktif dan kompetitif serta meningkatkan kesejahteraan masyarakat.
Sebagai organisasi pengusaha muda dengan jaringan di 38 provinsi dan kabupaten/kota di Indonesia, HIPMI menyatakan siap menyosialisasikan kebijakan ketenagakerjaan kepada pelaku usaha serta menyampaikan masukan dari pengusaha muda di daerah dalam tahap implementasi.
""HIPMI siap menjadi mitra pemerintah. Kita ingin implementasi undang-undang ini benar-benar mampu menciptakan hubungan industrial yang semakin baik, meningkatkan produktivitas, memberikan kepastian bagi dunia usaha, dan membuka semakin banyak kesempatan kerja,"" kata Ade Jona.
""Pada akhirnya ukurannya sederhana: pekerja semakin sejahtera, pengusaha semakin produktif, investasi bertumbuh, dan semakin banyak masyarakat Indonesia mendapatkan pekerjaan yang layak. Pekerja dan pengusaha harus maju bersama,"" tutupnya.
Simak juga Video 'Prabowo soal Iklim Investasi RI Dibandingkan dengan Malaysia-Vietnam':
(igo/fdl)",finance
123,"PT Kereta Cepat Indonesia China (KCIC) memberikan promo tiket kereta cepat Jakarta-Bandung Whoosh dalam rangkaian acara 10.10. Melalui promo ini masyarakat dapat menikmati diskon hingga 50% atau potongan harga hingga Rp 150.000 untuk perjalanan yang lebih hemat.
General Manager Corporate Secretary KCIC, Eva Chairunisa, mengatakan diskon ini bisa didapatkan melalui pembelian tiket di mitra penjualan resmi. Hal ini dilakukan untuk memberikan kemudahan dan nilai tambah bagi masyarakat saat menggunakan Whoosh.
""Melalui promo 10.10 ini, masyarakat dapat menikmati perjalanan Whoosh yang cepat dan nyaman dengan harga lebih hemat. Berbagai pilihan promo dapat dimanfaatkan untuk merencanakan perjalanan, baik untuk berwisata, mengunjungi keluarga, maupun keperluan bisnis,"" ujar Eva dalam keterangan resminya, Selasa (6/10/2026).
Secara rinci ia menjelaskan untuk pembelian melalui platform tiket.com, masyarakat dapat memperoleh diskon tiket Whoosh hingga 50% untuk perjalanan satu arah pada rute Jakarta-Bandung dan Jakarta-Karawang.
Dalam hal ini, promo berlangsung pada 5-11 Oktober 2026 melalui mekanisme flash sale dengan kuota terbatas. Pada 5-9 Oktober dan 11 Oktober 2026, ada flash sale tiket Whoosh tersedia pukul 10.00-12.00 WIB.
Khusus pada 10 Oktober 2026, masyarakat memiliki dua kesempatan untuk mendapatkan promo, yaitu pukul 10.00-12.00 WIB dan 19.00-21.00 WIB. Promo dapat digunakan untuk tanggal keberangkatan kapan pun sesuai ketersediaan tiket dan ketentuan yang berlaku.
Sementara untuk pembelian melalui Traveloka, masyarakat dapat memperoleh potongan harga tiket Whoosh hingga Rp 150.000 dengan memasukkan kode promo 1010NAIKWHOOSH. Promo berlaku untuk pembelian pada 1-10 Oktober 2026 dengan periode keberangkatan kapan pun sesuai ketersediaan tiket dan ketentuan yang berlaku.
Terdapat dua skema promo Traveloka, yaitu diskon 2% dengan potongan maksimal Rp 100.000 untuk minimum transaksi Rp 400.000, serta diskon 2% dengan potongan maksimal Rp 150.000 untuk minimum transaksi Rp 300.000 bagi pembelian tiket untuk dua penumpang. Kode promo dimasukkan saat melakukan pemesanan tiket Whoosh melalui Traveloka.
Eva mengimbau masyarakat untuk memperhatikan ketentuan masing-masing platform mitra penjualan tersebut termasuk periode pembelian, waktu dilakukan flash sale, minimum transaksi, dan ketersediaan kuota. Untuk informasi lengkap mengenai mekanisme serta syarat dan ketentuan promo dari masing-masing platform dapat dilihat melalui aplikasi tiket.com dan Traveloka.
""Kami mengajak masyarakat untuk memanfaatkan promo sesuai kebutuhan perjalanan dan mencatat waktu flash sale karena kuotanya terbatas. Dengan merencanakan perjalanan sejak awal, masyarakat dapat memilih jadwal yang sesuai sekaligus memanfaatkan penawaran yang tersedia,"" tutur Eva.
Untuk informasi lebih lanjut, masyarakat dapat menghubungi Customer Service di stasiun atau Contact Center KCIC melalui WhatsApp chat dan panggilan di 0811-8888-111, email cs@kcic.co.id, serta DM Instagram @keretacepat_id.
Simak juga Video 'Utang Whoosh Beralih ke Kemenkeu, Ndak Bahaya Ta?':
(igo/fdl)",finance
124,"Pemerintah berencana menjadikan koperasi sebagai unit pelayanan penyaluran gaji pegawai negeri sipil (PNS) dan pembayaran pensiun. Rencana ini masih dalam proses pembahasan di Kementerian Keuangan (Kemenkeu) untuk memperkuat fungsi koperasi.
""Kemarin kami juga membicarakan tentang bagaimana saya bersama Menteri Keuangan akan memastikan koperasi bisa menjadi unit layanan jasa untuk membayar gaji pegawai negeri dan pensiun,"" ungkap Menteri Koperasi (Menkop), Ferry Juliantono, dikutip dari Antara, Selasa (6/10/2026).
Ia menjelaskan, langkah ini akan memperkuat layanan koperasi kepada masyarakat sekaligus meningkatkan daya saing dengan perbankan. Rencana ini juga menjadi bagian dari Rancangan Undang-Undang (RUU) Perkoperasian yang tengah dibahas di Dewan Perwakilan Rakyat (DPR).
Dalam RUU tersebut, Ferry mengatakan akan ada pembentukan badan pengawas koperasi di luar Otoritas Jasa Keuangan (OJK). Selain itu, RUU itu juga memuat fungsi baru Lembaga Penjamin Simpanan (LPS) untuk melindungi simpanan masyarakat di koperasi.
""Kalau itu terjadi dalam waktu dekat keberadaan koperasi-koperasi akan bisa bersaing dengan perbankan yang ada di Indonesia,"" ujarnya.
Sebagai informasi, Ferry mengaku telah mencermati draf Rancangan Undang-Undang (RUU) tentang Perubahan Keempat atas Undang-Undang Nomor 25 Tahun 1992 tentang Perkoperasian.
Ferry menilai UU Perkoperasian yang ada saat ini sudah berusia 34 tahun dan tidak lagi relevan dengan dinamika zaman. RUU inisiatif DPR ini dipandang sebagai momentum besar untuk menata ulang ekosistem koperasi secara holistik dan komprehensif.
""UU Nomor 25 Tahun 1992 dalam perkembangannya dinilai sudah tidak relevan. Ini adalah momentum besar bagi bangsa untuk menata secara menyeluruh kehidupan perkoperasian di Indonesia,"" ujar Ferry dalam Rapat Kerja bersama Komisi VI DPR, dikutip dari keterangan tertulis, Rabu (17/6/2026).
Simak juga Video 'Prabowo soal Gaji-PNS Kurang Baik: Uangnya Gak Ada':",finance
125,"Elon Musk kembali menyandang status sebagai triliuner. Di mana kekayaan Elon Musk melonjak US$ 65 miliar atau sekitar Rp 1.163 triliun dalam sehari hingga mencapai US$ 1,04 triliun atau setara Rp 18.616 triliun (Kurs Rp 17.900).
Berdasarkan Bloomberg Billionaires Index dikutip, Senin (6/10/2026), kenaikan kekayaan Elon Musk terjadi seiring menguatnya nilai saham SpaceX dan Tesla Inc.
Adapun saham SpaceX naik 13% sejak awal Oktober, sementara Tesla menguat 6,7%.
Dengan begitu, ini menjadi kali pertama dalam tiga bulan terakhir kekayaan taipan teknologi berusia 55 tahun itu kembali mencapai angka 13 digit. Elon Musk sendiri sebelumnya pernah menjadi triliuner pertama di dunia pada Juni ketika saham SpaceX melonjak setelah penawaran umum perdana (initial public offering/IPO) yang memecahkan rekor.
Namun, status triliuner itu tak bertahan lama setelah saham SpaceX merosot akibat kekhawatiran atas valuasi perusahaan yang dinilai terlalu tinggi.
Pada akhir Juli, penurunan kekayaan Musk lebih dari US$ 600 miliar dari puncaknya melampaui kekayaan bersih siapa pun yang pernah masuk dalam daftar 500 orang terkaya di dunia versi Bloomberg, selain Musk sendiri.
Pada Senin, Analis Morgan Stanley menyebut SpaceX sebagai salah satu cara termurah untuk mendapatkan eksposur terhadap ""strong optionality"" di sektor antariksa dan kecerdasan intelijen.
Pernyataan itu menambah dorongan bagi reli saham perusahaan yang bergerak di bidang antariksa, kecerdasan buatan (AI), dan media sosial tersebut. Sahamnya telah rebound 58% dari level terendah pada Agustus.
Sementara itu, Tesla pada pekan lalu melaporkan penjualan kuartal III yang lebih baik dari perkiraan. Bloomberg mencatat kepemilikan Musk di SpaceX dan Tesla menyumbang lebih dari 98% dari total kekayaannya.
Simak juga Video 'Elon Musk Bidik Produksi 200 Gigawatt Energi Surya di Luar Angkasa':
(hrp/fdl)",finance
126,"Satuan Tugas Penertiban Kawasan Hutan (Satgas PKH) secara resmi menyerahkan dana hasil denda administratif dan penyelamatan keuangan negara hasil kerja Satgas Penertiban Kawasan Hutan dan Pertambangan (PKH) kepada pemerintah melalui Kementerian Keuangan.
Total nilai penyelamatan keuangan negara tersebut mencapai total Rp 13,2 triliun atau tepatnya Rp 13.241.335.681.910,13. Proses penyerahan ini disaksikan langsung oleh Presiden Prabowo Subianto
""Pada kesempatan ini kami menegaskan komitmen Satgas PKH untuk memastikan bahwa setiap hasil penertiban kawasan hutan dapat dipertanggungjawabkan secara transparan dan memberikan manfaat nyata bagi negara,"" kata Jaksa Agung Sanitiar (St) Burhanuddin di Kantor Kejaksaan Agung, Jakarta Pusat, Selasa (6/10/2026).
""Kami melaporkan sekaligus menyerahkan uang sebesar Rp 13.241.335.681.910,13 kepada negara melalui Kementerian Keuangan untuk disetorkan ke kas negara,"" sambungnya.
Secara rinci ia menjelaskan uang tersebut berasal dari penagihan denda administratif bidang kehutanan yang mencapai Rp 3.475.738.523.741,13 atau Rp 3,4 triliun. Kemudian ada juga penerimaan dari penanganan perkara pidana khusus sebesar Rp 1.535.750.234.271 atau Rp 1,5 triliun.
Terakhir, Kejagung turut menyerahkan uang penerimaan pajak atas wajib pajak yang ditangani Satgas PKH mencapai Rp 8.229.846.923.898 atau Rp 8,2 triliun.
Selain itu menyerahkan dana hasil pemulihan keuangan negara, Satgas PKH yang diwakili Burhanuddin menyerahkan kembali kawasan hutan tahap VIII dengan total lahan yang dikembalikan mencapai 259.230,73 hektare.
Dari jumlah tersebut, 140.762,04 hektare merupakan kawasan sektor perkebunan yang diserahkan kepada Kementerian Kehutanan untuk dikelola Agrinas Palma Nusantara.
Kemudian, 118.256,74 hektare berupa hutan konservasi dan hutan lindung diserahkan kepada Kementerian Kehutanan untuk dilakukan reforestasi. Sementara 211,95 hektare kawasan dari sektor pertambangan juga diserahkan kepada Kementerian Kehutanan.
Secara keseluruhan, Satgas PKH mencatat kawasan hutan yang berhasil dikuasai kembali dari sektor perkebunan mencapai 6.206.212,14 hektare. Sementara dari sektor pertambangan mencapai 14.633,79 hektare.
""Bagi kami, capaian tersebut merupakan wujud nyata kehadiran negara dalam menjaga kekayaan alam, penegakan kewibawaan hukum, dan memastikan bahwa sumber daya yang merupakan milik negara pada akhirnya dapat diberikan manfaat yang sebesar-besarnya bagi kemakmuran rakyat,"" pungkasnya.
Simak juga Video 'Pakar Ungkap Siapa yang Menikmati Pertumbuhan Ekonomi':
(igo/fdl)",finance
127,"Menteri Koordinator Bidang Perekonomian Airlangga Hartarto membeberkan alasan pertumbuhan ekonomi Vietnam jauh lebih tinggi daripada Indonesia. Mulai dari faktor lompatan sektor industri teknologi hingga kecepatan dalam mengamankan perjanjian dagang dengan negara lain.
Airlangga mengatakan saat rata-rata pertumbuhan ekonomi Indonesia masih tertahan di kisaran 5%, sementara Vietnam sudah melaju ke kisaran 9%. Menurutnya, perbedaan kecepatan pertumbuhan ini salah satunya dipicu oleh keberhasilan Vietnam dalam melakukan lompatan ke sektor digitalisasi, industri semikonduktor, dan kecerdasan buatan (artificial intelligence/AI).
""Kesempatan untuk naik dari 5%, kita rata-rata 5%, kalau kita mau mengejar Vietnam yang bisa mencapai 9%, maka kita harus lari juga ke digitalisasi, semikonduktor, AI. Jadi itu seluruhnya leverage yang Vietnam sudah lakukan lebih dulu dari Indonesia,"" katanya dalam acara 'BIG Downstream Insight', Jakarta Selatan, Selasa (6/10/2026).
Airlangga mengibaratkan pengaruh peningkatan industri berbasis teknologi tinggi terhadap pertumbuhan ekonomi nasional layaknya tangga eskalator. Indonesia saat ini tertahan di level industri menengah dan belum berhasil melompat ke sektor jasa modern serta digitalisasi seperti Vietnam.
""Kalau kita melihat ekonomi dalam bentuk eskalator, jadi dari agriculture kita naik eskalatornya ke industri, namun dari industri ini harus dinaikkan lagi ke digitalisasi, services, dan lain-lain. Vietnam sudah ke sana, India juga sudah di sana, maka kita yang belum naik dari level 2 ke level 3. Kalau itu kita bisa lakukan, maka pertumbuhan 8% itu bisa dicapai,"" ujar Airlangga.
Lebih lanjut, menurutnya faktor lain yang turut mempengaruhi laju ekonomi Vietnam lebih pesat dari Indonesia adalah ketersediaan Kawasan Ekonomi Khusus (KEK) yang sangat masif.
Dalam hal ini, ia mengatakan total KEK yang dimiliki Indonesia baru di kisaran 24.000 hektare. Sementara Vietnam memiliki lebih dari 2 juta hektare kawasan ekonomi yang dibantu juga dengan kepastian hukum dan kualitas pelayanan investasi yang berani.
""Indonesia punya special economic zones itu kira-kira 24.000 hektare. Vietnam punya special economic zone 2 juta hektare. Jadi dia lebih masif dari kita, lebih berani, dan sebetulnya dari segi kepastian usaha mereka juga memberikan pelayanan yang baik kepada para investor,"" terangnya.
Dari sisi lain dari sektor perdagangan internasional, Airlangga menilai Vietnam juga lebih agresif dalam mengamankan kerja sama dengan pasar-pasar utama dunia seperti Uni Eropa dan Amerika Serikat.
""Kita tentu ada persaingan dengan Vietnam, dan satu hal yang mereka mendahului kita adalah mereka sudah menandatangani kerja sama dengan Eropa lebih dulu dari kita, CEPA. Kemudian dengan Amerika Serikat juga mereka mendapatkan treatment daripada tarif dan non-tarif yang lebih baik dari Indonesia,"" jelas Airlangga.
""Jadi inilah yang mendorong Vietnam ekspornya lebih cepat dari kita, namun mereka tidak punya domestic market. Jadi, mereka yang menanam investasi di Vietnam itu harus mendorong untuk menuju ekspor,"" pungkasnya.
(igo/fdl)",finance
128,"Utusan Khusus Presiden Bidang Iklim dan Energi, Hashim Djojohadikusumo, menegaskan sejumlah indikator menunjukkan kondisi Indonesia terang, bukan gelap seperti anggapan yang beredar. Salah satunya terlihat dari capaian ketahanan pangan nasional.
Hashim mengatakan Indonesia berhasil mencapai swasembada beras lebih cepat dari target yang ditetapkan Presiden Prabowo Subianto. Saat ini, cadangan beras pemerintah telah mencapai sekitar 5,3 juta ton dan masih terus bertambah.
""Gudang-gudang penyimpanan beras kita saat ini terisi penuh, per hari ini, cadangan beras pemerintah telah mencapai sekitar 5,3 juta ton dan terus bertambah dengan cepat,"" ungkap Hashim dalam acara International Sustainability Forum di Hotel Kempinski, Jakarta Pusat, Selasa (6/10/2026).
| Baca juga: Hashim Ungkap Rencana RI Geber PLTS-Nuklir | 
Ia bahkan menyebut kapasitas gudang milik pemerintah tidak mampu menampung seluruh cadangan beras hingga harus menyewa gudang milik swasta. Hashim mengklaim, capaian ini menjadi yang pertama bagi Indonesia dalam 42 tahun terakhir.
""Ini adalah kali pertama Indonesia kembali mencapai swasembada beras dalam kurun waktu 42 tahun terakhir. Ini merupakan salah satu pencapaian besar kita. Maka dari itu, ketika ada yang menyebut Indonesia Gelap, jawabannya adalah tidak, Indonesia Terang. Kita berhasil melampaui target tiga tahun lebih cepat,"" tegasnya.
Pemerintah juga menargetkan swasembada kedelai dalam waktu tiga tahun ke depan. Langkah ini dilakukan untuk menjaga stabilitas pangan dalam negeri.
""Ketahanan pangan Indonesia secara mendasar sangat solid. Rakyat kita terjamin ketahanan pangannya,"" jelasnya.
Hashim mengatakan, Indonesia juga berhasil mencapai swasembada beras. Di samping itu, pemerintah juga telah menetapkan program food estate seluas 2 juta hektar tanpa harus mengalihfungsikan kawasan hutan di Papua.
Ia menambahkan, pemerintah juga menetapkan kebijakan strategis sebagai bentuk keberpihakan terhadap petani dalam negeri. Salah satunya dengan menaikkan harga pembelian pemerintah (HPP) untuk gabah/beras sebesar 50% dari Rp 4.000 menjadi Rp 6.500 dan memangkas harga pupuk sebesar 20%.
""Tingkat kesejahteraan 120 juta rakyat Indonesia yang bergantung pada sektor pertanian dan pertanaman padi kini mencapai tingkat tertinggi sejak era 1980-an,"" pungkasnya.
(ahi/acd)",finance
129,"Pemerintah tengah membahas rencana menjadikan koperasi sebagai unit layanan untuk menyalurkan gaji Pegawai Negeri Sipil (PNS) dan pembayaran pensiun. Langkah ini dilakukan untuk memperkuat daya saing koperasi agar mampu bersaing dengan perbankan.
Menteri Koperasi (Menkop), Ferry Juliantono, mengatakan rencana tersebut masih dibahas bersama Kementerian Keuangan (Kemenkeu) untuk memperkuat peran koperasi.
""Kemarin kami juga membicarakan tentang bagaimana saya bersama Menteri Keuangan akan memastikan koperasi bisa menjadi unit layanan jasa untuk membayar gaji pegawai negeri dan pensiun,"" ungkap Ferry dikutip dari Antara, Selasa (6/10/2026) kemarin.
Ia menjelaskan, langkah ini diharapkan dapat memperkuat layanan koperasi kepada masyarakat sekaligus meningkatkan daya saingnya dengan perbankan. Rencana ini masuk dalam Rancangan Undang-Undang (RUU) Perkoperasian yang tengah dibahas di DPR.
Dalam RUU tersebut, Ferry mengatakan akan ada pembentukan badan pengawas koperasi di luar Otoritas Jasa Keuangan (OJK). Selain itu, RUU itu juga memuat fungsi baru Lembaga Penjamin Simpanan (LPS) untuk melindungi simpanan masyarakat di koperasi.
""Kalau itu terjadi dalam waktu dekat keberadaan koperasi-koperasi akan bisa bersaing dengan perbankan yang ada di Indonesia,"" ujarnya.
Sebagai informasi, Ferry mengaku telah mencermati draf Rancangan Undang-Undang (RUU) tentang Perubahan Keempat atas Undang-Undang Nomor 25 Tahun 1992 tentang Perkoperasian.
Ferry menilai UU Perkoperasian yang ada saat ini sudah berusia 34 tahun dan tidak lagi relevan dengan dinamika zaman. RUU inisiatif DPR ini dipandang sebagai momentum besar untuk menata ulang ekosistem koperasi secara holistik dan komprehensif.
""UU Nomor 25 Tahun 1992 dalam perkembangannya dinilai sudah tidak relevan. Ini adalah momentum besar bagi bangsa untuk menata secara menyeluruh kehidupan perkoperasian di Indonesia,"" ujar Ferry dalam Rapat Kerja bersama Komisi VI DPR, dikutip dari keterangan tertulis, Rabu (17/6).
(acd/acd)",finance
130,"Presiden Prabowo Subianto menyebut pemerintah telah menerima hasil penyelamatan keuangan dan aset negara mencapai Rp 52 triliun atau sekitar US$ 3 miliar dalam dua tahun terakhir.
Hal tersebut dia ungkap dalam acara penyerahan hasil denda administratif dan penyelamatan keuangan negara serta penguasaan kembali kawasan hutan tahap VIII di Kejaksaan Agung, Jakarta.
""Acara seperti ini sudah ke yang 8 kali dan total uang tunai yang diserahkan kurang lebih sudah Rp 52 triliun atau sekitar US$ 3 miliar dolar yang kita selamatkan dalam dua tahun,"" ujar Prabowo.
Ia pun berterima kasih kepada Satgas PKH yang telah bekerja keras selama ini. Prabowo menyampaikan bahwa tugas yang dilakukan Satgas PKH tidak mudah karena selalu mendapatkan perlawanan dari berbagai pihak.
Prabowo menyebutkan perlawanan tersebut berasal dari pihak yang menikmati korupsi, pihak yang menikmati kecurangan-kecurangan, pihak yang menikmati pencurian dan perampokan kekayaan negara.
""Saya ucapkan terima kasih atas kerja keras satgas PKH. Saya Mengerti dan paham bahwa tantangan yang kalian hadapi tidak ringan. Tiap kali ada pemerintah Indonesia mau menertibkan diri. Tiap kali ada unsur-unsur pimpinan bangsa Indonesia yang ingin melawan korupsi, tiap kali ada unsur-unsur kepemimpinan di bangsa ini yang ingin melawan penyelundupan, melawan penyebaran narkotika, melawan penipuan, melawan perampokan kekayaan negara. Tiap kali kita menghadapi perlawanan yang tidak ringan,"" katanya.
Hari ini, Satuan Tugas Penertiban Kawasan Hutan (Satgas PKH) secara resmi menyerahkan dana hasil denda administratif dan penyelamatan keuangan negara kepada pemerintah melalui Kementerian Keuangan.
Total nilai penyelamatan keuangan negara tersebut mencapai total Rp 13,2 triliun atau tepatnya Rp 13.241.335.681.910,13. Proses penyerahan ini disaksikan langsung oleh Presiden Prabowo Subianto
""Pada kesempatan ini kami menegaskan komitmen Satgas PKH untuk memastikan bahwa setiap hasil penertiban kawasan hutan dapat dipertanggungjawabkan secara transparan dan memberikan manfaat nyata bagi negara,"" kata Jaksa Agung Sanitiar (St) Burhanuddin.
""Kami melaporkan sekaligus menyerahkan uang sebesar Rp 13.241.335.681.910,13 kepada negara melalui Kementerian Keuangan untuk disetorkan ke kas negara,"" sambungnya.
Secara rinci ia menjelaskan uang tersebut berasal dari penagihan denda administratif bidang kehutanan yang mencapai Rp 3.475.738.523.741,13 atau Rp 3,4 triliun. Kemudian ada juga penerimaan dari penanganan perkara pidana khusus sebesar Rp 1.535.750.234.271 atau Rp 1,5 triliun.
Terakhir, Kejagung turut menyerahkan uang penerimaan pajak atas wajib pajak yang ditangani Satgas PKH mencapai Rp 8.229.846.923.898 atau Rp 8,2 triliun.
Selain itu menyerahkan dana hasil pemulihan keuangan negara, Satgas PKH yang diwakili Burhanuddin menyerahkan kembali kawasan hutan tahap VIII dengan total lahan yang dikembalikan mencapai 259.230,73 hektare.
Dari jumlah tersebut, 140.762,04 hektare merupakan kawasan sektor perkebunan yang diserahkan kepada Kementerian Kehutanan untuk dikelola Agrinas Palma Nusantara.
Kemudian, 118.256,74 hektare berupa hutan konservasi dan hutan lindung diserahkan kepada Kementerian Kehutanan untuk dilakukan deforestasi. Sementara 211,95 hektare kawasan dari sektor pertambangan juga diserahkan kepada Kementerian Kehutanan.
Secara keseluruhan, Satgas PKH mencatat kawasan hutan yang berhasil dikuasai kembali dari sektor perkebunan mencapai 6.206.212,14 hektare. Sementara dari sektor pertambangan mencapai 14.633,79 hektare.
""Bagi kami, capaian tersebut merupakan wujud nyata kehadiran negara dalam menjaga kekayaan alam, penegakan kewibawaan hukum, dan memastikan bahwa sumber daya yang merupakan milik negara pada akhirnya dapat diberikan manfaat yang sebesar-besarnya bagi kemakmuran rakyat,"" pungkasnya.
Simak juga Video 'Prabowo Seluruh Kekuatan TNI Harus Dipersembahkan buat Lindungi Rakyat':",finance
131,"Presiden Prabowo Subianto mengatakan sampai saat ini praktik suap masih banyak terjadi di Indonesia dan merusak tatanan birokrasi selama puluhan tahun. Bahkan menurutnya, praktik suap ini menyasar berbagai tingkatan pejabat, hingga dirinya sendiri selaku 'RI 1'.
""Kita melihat puluhan tahun institusi-institusi kita dirusak. Menteri-menteri kita, dirjen-dirjen kita mau disogok. Jangankan menteri dirjen, saya mau disogok! Dalam 2 tahun ini berkali-kali saya mau disogok,"" tegas Prabowo di acara Penyerahan Denda Administratif dan Penyelamatan Keuangan Negara oleh Satgas PKH, Jakarta Pusat, Selasa (6/10/2026).
Ia mengatakan selama ini setiap kali ada langkah pemerintah dalam menertibkan para aparatur negara dan melawan penyelewengan seperti tindak korupsi, penyelundupan, perampokan kekayaan negara, hingga peredaran narkotika selalu diwarnai dengan perlawanan dari kelompok yang menikmati kecurangan selalu terjadi.
""Perlawanan-perlawanan ini kita tahu semua datang dari unsur-unsur yang menikmati korupsi. Unsur-unsur yang menikmati kecurangan-kecurangan. Unsur-unsur yang menikmati pencurian dan perampokan kekayaan negara,"" ujar.
Bahkan Prabowo mengaku kerap mendapatkan laporan terkait bagaimana petugas di lapangan kerap mendapatkan ancaman dan gertakan dari kelompok-kelompok tersebut.
""Saya persilakan saudara-saudara dalam Satgas ini atau dalam jajaran pemerintahan saya, siapa yang tidak mau terus di atas jalan yang benar, saya persilakan Saudara minggir dengan baik,"" ucap Prabowo.
Dalam hal ini meskipun mendapat banyak tekanan, Prabowo menegaskan jajarannya tidak akan gentar menghadapi pihak-pihak yang berusaha merusak negara.
""Biar mereka punya uang ratusan triliun, mereka bayar buzzer, mereka bayar algoritma, mereka serang kita di sosmed, mereka membiayai demonstrasi, kita tidak gentar! Kita bersama rakyat! Kita siap mati untuk rakyat!"" ucapnya.
Untuk itu dirinya sangat mengapresiasi para abdi negara yang sampai saat ini masih berpegang teguh pada sumpah jabatannya dan tidak melakukan penyimpangan.
""Saya persilakan saudara-saudara dalam Satgas ini atau dalam jajaran pemerintahan saya, siapa yang tidak mau terus di atas jalan yang benar, saya persilakan saudara minggir dengan baik,"" tutur Prabowo.
""Saya terima kasih yang masih mau berjuang bersama saya, berjuang untuk rakyat kita, berjuang untuk mereka yang tidak bisa bicara, mereka yang tidak punya apa-apa, berjuang mereka yang tidak punya rumah, berjuang untuk mereka yang tidak mengerti makan paginya dari mana, makan sorenya dari mana. Saya terima kasih,"" pungkasnya.
Simak juga Video 'Prabowo Seluruh Kekuatan TNI Harus Dipersembahkan buat Lindungi Rakyat':
(igo/fdl)",finance
132,"Kawasan Blok M, Jakarta Selatan, bakal punya wajah baru. PT MRT Jakarta (Perseroda) menyiapkan transformasi kawasan Blok M dengan luas kawasan yang direncanakan menjadi 10 kali lebih besar dibandingkan saat ini.
Direktur Utama MRT Jakarta Tuhiyat mengatakan, transformasi Blok M akan dilakukan secara bertahap. Pengembangan tersebut mencakup revitalisasi terminal, kawasan mixed-use, peningkatan aksesibilitas dan integrasi, destinasi komersial baru, hingga perluasan ruang terbuka publik.
""Konsep desain fase ultimate untuk menjawab tantangan tadi, kami merencanakan ada lima transformasi utama,"" kata Tuhiyat dalam acara Peluncuran Konsep Desain Transformasi Kawasan Blok M, Jakarta Selatan, Selasa (6/10/2026).
Transformasi pertama dilakukan melalui revitalisasi Terminal Blok M menjadi lebih modern dan terintegrasi. Kemudian, MRT Jakarta akan mengembangkan kawasan mixed-use yang disebut bakal lebih mudah diakses, inklusif, dan dinamis.
Pengembangan berikutnya menyasar aksesibilitas dan integrasi kawasan. Blok M nantinya akan dibuat lebih terhubung, baik antarmoda transportasi maupun antarfungsi bagi pejalan kaki.
""Dan yang keempat transformasi dalam bentuk destinasi komersial yang baru. Dimana nanti akan ada berbagai detail, F&B, lifestyle dan ruang publik dalam satu kawasan,"" ujar Tuhiyat.
MRT Jakarta juga bakal memperluas ruang terbuka publik di kawasan tersebut. Tuhiyat mengatakan luas ruang terbuka publik setelah transformasi ditargetkan menjadi lima kali lipat dibandingkan kondisi saat ini.
""Ruang terbuka publik setelah nanti dibangun akan menjadi lima kali lebih besar dari yang ada. Dari sisi kawasannya secara total 10 kali lebih besar dari yang ada,"" jelasnya.
Tuhiyat mengatakan revitalisasi akan dilakukan secara bertahap. Terminal, kawasan retail, dan podium ditargetkan rampung serta mulai beroperasi pada 2029, sedangkan pembangunan kawasan mixed-use akan diselesaikan secara bertahap pada tahun-tahun berikutnya.
Transformasi juga dilakukan dengan mempertimbangkan kondisi bangunan Blok M yang telah berusia 34 tahun. MRT Jakarta ingin memastikan keamanan dan keselamatan struktur bangunan di tengah tingginya aktivitas di kawasan tersebut.
""Kami ingin memastikan keselamatan dan keamanan struktur dari bangunan ini. Namun di sisi lain Pak Gubernur, ada 334 tenant aktif saat ini dan lebih dari 25 ribu pengunjung setiap hari di Blok M Hub ini,"" tuturnya.
Tak Hilangkan Karakter Blok M
Sementara itu, Gubernur DKI Jakarta Pramono Anung berharap transformasi kawasan tersebut tidak menghilangkan karakter Blok M yang selama ini lekat sebagai salah satu pusat aktivitas anak muda Jakarta.
""Yang pertama, apakah wajah Blok M berubah atau tidak? Apakah Blok M tetap menjadi anak-anak muda Jakarta dari manapun? Sekarang ini selalu bahan ceritanya adalah tentang Blok M. Dan selalu ada yang viral baru dari mana? Blok M. Makanan apapun itu Blok M,"" kata Pramono.
Menurut Pramono, pembangunan nantinya memang akan membuat Blok M menjadi lebih modern, tertata, dan rapi. Namun, ia menekankan perubahan tersebut tidak boleh menghilangkan identitas dan semangat yang selama ini menjadi daya tarik kawasan tersebut.
Ia juga menyoroti rencana perluasan kawasan hingga 10 kali lipat serta ruang publik sekitar lima kali dibandingkan kondisi saat ini. Transformasi Blok M nantinya juga akan berjalan beriringan dengan pengembangan jaringan transportasi publik di Jakarta.
Pramono menargetkan pada 2029 sejumlah proyek transportasi dan penataan kawasan Jakarta juga telah rampung.Pramono berharap transformasi Blok M dapat menjadi bagian dari perubahan wajah Jakarta menjadi lebih baik.
""Apalagi nantinya di tahun 2029, MRT dari utara-selatan sudah selesai. LRT dari Kelapa Gading sampai dengan Dukuh Atas sudah selesai. Pedestrian deck di Dukuh Atas sudah selesai. Extended concourse di Bundaran HI sudah selesai. Taman Semanggi yang sekarang kita rapikan juga sudah selesai,"" tutup Pramono.
(acd/acd)",finance
133,"Presiden Prabowo Subianto berencana menambah jumlah personel Polisi Hutan (Polhut) yang kini sekitar 4.500 orang jadi sekitar 70.000 orang. Rencananya langkah penambahan personel ini dilakukan secara bertahap hingga 3-4 tahun ke depan.
Menurutnya langkah ini penting untuk dilakukan guna memperketat pengawasan kawasan hutan yang memiliki luas hingga puluhan juta hektare sekaligus untuk mengamankan kekayaan negara di sekitar kawasan tersebut.
""Saya telah mengajukan APBN kalau tidak salah tambahan 4.500 Polisi Hutan menjadi 70.000 Polisi Hutan. Saya tidak tahu berapa tahun bisa tercapai,"" ujar Prabowo di acara Penyerahan Denda Administratif dan Penyelamatan Keuangan Negara oleh Satgas PKH, Jakarta Pusat, Selasa (6/10/2026).
Ia memperkirakan pada 2027 nanti jumlah personel Polhut sudah bisa bertambah jadi 21.000 orang. Kemudian jumlah ini akan terus bertambah hingga mencapai target 70.000 personel tadi dalam 3-4 tahun ke depan.
""Dari 70.000 baru bisa, bisa 21.000 tahun 2027. Berarti mungkin 3-4 tahun kita akan sampai 70.000,"" lanjut Prabowo setelah bertanya ke Menteri Keuangan Suahasil Nazara terkait pengajuan tambahan personel Polhut dalam APBN.
Selain Polisi Hutan, pemerintah juga akan memperkuat jajaran Bea Cukai serta aparat keamanan lainnya di jalur perbatasan. Penambahan personel dan armada kapal patroli akan dilakukan untuk mengawasi ratusan pelabuhan dan bandara di Indonesia demi mencegah praktik penyelundupan serta peredaran narkotika.
""Demikian juga Bea Cukai, sekian ratus pelabuhan, sekian ratus lapangan terbang. petugasnya berapa? kapalnya berapa? Demikian juga aparat-aparat keamanan kita lainnya, kita paham itu. Karena itu kita akan mengejar dan memperbaiki,"" pungkas Prabowo.
(igo/fdl)",finance
134,"Presiden Prabowo Subianto menyampaikan Satuan Tugas Penertiban Kawasan Hutan (Satgas PKH) telah menyelamatkan lebih dari 6,2 juta hektare kawasan hutan dengan perkiraan nilai kawasan tersebut hampir mencapai Rp 400 triliun.
Menurut Prabowo, dengan nilai tersebut dapat digunakan untuk membiayai berbagai kebutuhan masyarakat, termasuk perbaikan sekolah dan puskesmas.
""Enam koma dua juta (hektare) ini hampir Rp 400 triliun, saudara-saudara, Rp 400 triliun kita hilangkan kemiskinan. Rp 400 triliun, berapa ribu rumah untuk rakyat? Berapa ribu sekolah bisa kita perbaiki?,"" ujar Prabowo acara dalam penyerahan denda administratif dan penyelamatan keuangan negara, serta penguasaan kembali kawasan hutan tahap VIII yang digelar di Kompleks Kejaksaan Agung Republik Indonesia, Jakarta, Selasa (6/10/2026).
Prabowo kemudian membandingkan nilai tersebut dengan anggaran renovasi sekolah yang telah dilakukan pemerintah sejak 2025. Di mana Prabowo, menyebut sekitar 70 ribu sekolah telah diperbaiki dengan anggaran sekitar Rp 90 triliun dalam dua tahun.
Maka dengan nilai Rp 400 triliun itu, Prabowo menyebutkan hampir seluruh sekolah di Indonesia bisa diperbaiki.
""Artinya, dengan Rp 400 triliun berapa. Saya kira seluruh sekolah Indonesia bisa kita perbaiki. Kita punya sekolah 360.000 sekolah. Rp 400 triliun kita bisa perbaiki semua sekolah Indonesia. Kita bisa perbaiki semua Puskesmas yang tidak pernah diperbaiki selama 20 tahun,"" terangnya.
(fdl/fdl)",finance
135,"Presiden Prabowo Subianto mengapresiasi lembaga negara, Badan Usaha Milik Negara (BUMN) dan berbagai pihak yang telah melakukan bersih-bersih terhadap tindakan penyelewengan maupun korupsi.
Prabowo mengultimatum pihak yang tak mau bersih-bersih. Ia mengatakan tinggal menunggu waktu saja bagi pemerintah untuk mengambil penindakan.
""Saya sangat bangga, sekarang saya katakan dengan contoh yang dirintis oleh Satgas PKH, lembaga-lembaga lain ikut, perusahaan-perusahaan negara sudah mulai membersihkan diri, ya. Yang tidak mau membersihkan diri, tunggu waktunya saja, ya. Karena kita tidak akan berhenti, kita tidak akan ragu-ragu,"" tegas Prabowo dalam acara penyerahan denda administratif dan penyelamatan keuangan negara, serta penguasaan kembali kawasan hutan tahap VIII yang digelar di Kompleks Kejaksaan Agung Republik Indonesia, Jakarta, Selasa (6/10/2026).
Prabowo berpesan kepada pihak yang merasa memiliki kesalahan untuk segera mengakui dan mengembalikan aset atau hasil yang diperoleh secara tidak sah. Menurutnya, langkah tersebut dapat menjadi pertimbangan dalam proses hukum.
""Lebih baik saudara bersihkan diri, tertibkan diri, pengakuan dosa, cepat-cepat lapor, jadi saudara bisa menjadi justice collaborator. Iya kan? 'Pak, saya minta maaf. Kemarin-kemarin saya khilaf, ya, saya tidak kuat iman, tapi saya sadar. Ini saya kembalikan hasil yang saya korupsi',"" kata Prabowo.
""Kalau begitu, semua unsur termasuk hakim pun, iya kan, ada dalam keputusan hakim ada kan, hal-hal yang meringankan. Bahwa dia sudah sadar, dia kerja sama, dia menjadi justice collaborator, dia kembalikan sebagian uang yang dia korupsi demi cinta dia kepada bangsa dan rakyat Indonesia, dan dia bersedia menunjukkan yang lain-lain,"" sambungnya.
Dengan demikian, kata Prabowo, aset yang hilang bisa kembali. Kemudian pihak yang main-main tersebut tidak dikejar-kejar oleh 12 lembaga yang tergabung dalam Satgas PKH.
""Tapi kalau mau main-main taktik, perlawanan diam-diam, deep state, pura-pura patuh tapi menghalangi, ya, sabotase dari dalam, kita bukan bodoh. Saya menahan diri, saya memberi kesejukan. Tapi saya kira kita sudah dalam tahap sudah tidak mau lagi terlalu banyak kompromi,"" tegasnya.
(hrp/fdl)",finance
136,"Asosiasi Fintech Pendanaan Bersama Indonesia (AFPI) menyelenggarakan Musyawarah Nasional (Munas) IV sebagai forum tertinggi organisasi. Forum ini untuk menyampaikan laporan pelaksanaan kepengurusan periode 2023-2026 sekaligus menentukan arah organisasi untuk periode berikutnya.
Mengusung tema 'Bersama Melanjutkan Perjalanan, Menentukan Arah ke Depan', Munas IV AFPI menjadi momentum bagi seluruh anggota untuk memperkuat kesinambungan organisasi di tengah perkembangan industri Pinjaman Daring (Pindar) yang terus bergerak dinamis.
Kepala Departemen Pengawasan Lembaga Keuangan Mikro dan Lembaga Keuangan Lainnya Otoritas Jasa Keuangan (OJK) Adief Razali mengungkapkan penyelenggaraan Musyawarah Nasional IV AFPI memiliki arti yang sangat penting dan strategis agar dapat menjadi momentum penguatan industri Pindar ke depan.
Munas bukan hanya merupakan forum organisasi untuk memilih kepengurusan baru, tetapi juga momentum untuk melakukan konsolidasi industri, mengevaluasi perjalanan yang telah dilalui, serta merumuskan arah pengembangan industri Pindar ke depan agar semakin sehat, berintegritas, dan berkelanjutan.
""AFPI memiliki peran yang sangat penting sebagai wadah asosiasi industri. OJK mengharapkan AFPI dapat terus menjalankan fungsi sebagai mitra strategis dan konstruktif dalam mendukung penguatan standar industri, peningkatan kualitas tata kelola, pengembangan kapasitas sumber daya manusia, serta penguatan disiplin pasar yang sehat dan bertanggung jawab,"" ujar Adief dalam keterangannya, Selasa (6/10/2026).
Ketua Umum AFPI periode 2023-2026 Entjik S. Djafar mengatakan Munas merupakan bagian penting dari tata kelola organisasi untuk memastikan proses evaluasi, regenerasi, dan penentuan arah strategis dapat berlangsung secara terstruktur dan berkesinambungan.
""Munas bukan hanya menjadi forum untuk mengevaluasi apa yang telah dilakukan selama satu periode kepengurusan, tetapi juga menjadi ruang untuk menentukan prioritas dan arah pengembangan organisasi selanjutnya. Setiap periode memiliki tanggung jawab untuk melaksanakan, menyelesaikan, dan mempertanggungjawabkan mandat yang telah diberikan,"" kata Entjik.
Sepanjang periode kepengurusan 2023-2026, AFPI menjalankan berbagai program dan inisiatif untuk memperkuat fondasi industri Pindar sekaligus mendukung terciptanya ekosistem yang bertanggung jawab.
Estafet Kepemimpinan untuk Keberlanjutan AFPI Munas IV AFPI menandai dimulainya periode kepengurusan baru sekaligus menjadi momentum bagi AFPI untuk melanjutkan fondasi organisasi yang telah dibangun dalam periode sebelumnya.
Kepemimpinan baru diharapkan dapat menjaga kesinambungan program dan mandat organisasi, sekaligus menghadirkan inovasi serta pendekatan baru sesuai dengan perkembangan industri Pindar.
Ketua Umum AFPI terpilih periode 2026-2029 Kuseryansyah menyampaikan kepemimpinan baru akan melanjutkan berbagai hal positif yang telah dibangun, dengan tetap membuka ruang bagi penyempurnaan dan perubahan yang diperlukan.
Menurutnya, penguatan tata kelola, advokasi kebijakan, data dan informasi, serta kolaborasi dengan regulator dan seluruh pemangku kepentingan akan tetap menjadi bagian penting dalam perjalanan AFPI ke depan.
""Kami ingin memastikan AFPI terus menjadi rumah bersama bagi industri Pindar. Karena itu, penguatan tata kelola, advokasi yang konstruktif, pengelolaan data dan informasi, serta kolaborasi dengan regulator dan ekosistem akan terus kami dorong. Di saat yang sama, kami ingin membawa program dan semangat baru yang dapat menjawab kebutuhan industri yang terus berkembang,"" ungkap Kuseryansyah.
Kuseryansyah juga turut menyampaikan apresiasi kepada kepengurusan AFPI periode 2023-2026 yang telah menjalankan mandat organisasi dan membangun berbagai fondasi bagi keberlanjutan asosiasi.
Ia menegaskan pergantian kepemimpinan merupakan bagian dari dinamika organisasi, sementara kesinambungan mandat dan kepentingan bersama industri tetap menjadi perhatian utama.
""Kami menyampaikan apresiasi kepada Bapak Entjik S. Djafar beserta seluruh jajaran pengurus atas kontribusi dan fondasi yang telah dibangun selama periode kepengurusan sebelumnya. Apa yang telah dilakukan menjadi bagian penting dari perjalanan AFPI dan akan menjadi pijakan bagi kami untuk melangkah ke depan,"" pungkasnya.
(anl/ega)",finance
137,"Satuan Tugas Penertiban Kawasan Hutan (Satgas PKH) menyerahkan dana hasil denda administratif dan penyelamatan keuangan negara senilai Rp 13,24 triliun atau tepatnya Rp 13.241.335.681.910,13 ke Kementerian Keuangan.
Menteri Keuangan Suahasil Nazara memastikan dana tersebut masuk ke kas negara dan menjadi bagian dari penerimaan APBN 2026.
Dana tersebut akan digunakan untuk membiayai program prioritas Presiden Prabowo Subianto yang disalurkan melalui berbagai pos-pos belanja.
""Rp 13 triliun ya masuk ke kas negara. Jadi pendapatan negara dan nanti keluar melalui belanja negara, berbagai macam belanja, prioritas Presiden, belanja prioritas pemerintah,"" ujar Suahasil saat ditemui di Kejaksaan Agung, Jakarta, Selasa (6/10/2026).
Suahasil menjelaskan dinamika ekonomi dan situasi internasional yang berubah turut memengaruhi belanja negara tahun ini. Dengan begitu, uang ini penting bagi negara.
""Jadi kita lihat tahun ini kan terjadi perubahan yang luar biasa di dunia internasional, berbagai macam dinamika internasional, kita serap di dalam belanja, ya, belanja juga akan meningkat. Jadi nanti kita akan laporkan bagaimana peningkatan belanja tersebut,"" terangnya.
Secara rinci dana Rp 13,24 triliun berasal dari penagihan denda administratif bidang kehutanan yang mencapai Rp 3.475.738.523.741,13 atau Rp 3,4 triliun. Kemudian ada juga penerimaan dari penanganan perkara pidana khusus sebesar Rp 1.535.750.234.271 atau Rp 1,5 triliun.
Terakhir, Kejaksaan Agung juga menyerahkan uang penerimaan pajak atas wajib pajak yang ditangani Satgas PKH mencapai Rp 8.229.846.923.898 atau Rp 8,2 triliun.
Selain itu menyerahkan dana hasil pemulihan keuangan negara, Satgas PKH yang diwakili Burhanuddin menyerahkan kembali kawasan hutan tahap VIII dengan total lahan yang dikembalikan mencapai 259.230,73 hektare.
Dari jumlah tersebut, 140.762,04 hektare merupakan kawasan sektor perkebunan yang diserahkan kepada Kementerian Kehutanan untuk dikelola Agrinas Palma Nusantara.
Kemudian, 118.256,74 hektare berupa hutan konservasi dan hutan lindung diserahkan kepada Kementerian Kehutanan untuk dilakukan reforestasi. Sementara 211,95 hektare kawasan dari sektor pertambangan juga diserahkan kepada Kementerian Kehutanan.
Secara keseluruhan, Satgas PKH mencatat kawasan hutan yang berhasil dikuasai kembali dari sektor perkebunan mencapai 6.206.212,14 hektare. Sementara dari sektor pertambangan mencapai 14.633,79 hektare.
(hrp/hns)",finance
138,"Kementerian Pertanian (Kementan) mempercepat pelaksanaan Horticulture Development in Dryland Areas Sector Project (HDDAP) di Kabupaten Buleleng, Bali. Langkah tersebut dilakukan dengan mengecek langsung kesiapan bantuan
Bantuan diberikan untuk klaster manggis dan durian, Klinik Pengendalian Hama Terpadu (PHT), Soil Microbiology, serta penangkaran benih bawang merah pada September 2026. Hal ini untuk memastikan dukungan program dapat segera dimanfaatkan petani sesuai tahapan pelaksanaan.
Adapun pengecekan dilakukan oleh Tenaga Ahli Menteri Pertanian Subsektor Hortikultura Van Basten Panjaitan bersama tim pelaksana HDDAP. Monitoring difokuskan pada kesiapan benih, sarana produksi, kelompok tani, fasilitator, serta dokumen pendukung kegiatan.
Van Basten mengatakan percepatan pelaksanaan HDDAP perlu dibarengi dengan kesiapan seluruh pihak, terutama pada saat bantuan benih sudah tersedia dan siap didistribusikan kepada petani.
""Ketika benih sudah siap, kita harus memastikan penerima manfaat juga siap. Jangan sampai benih sudah tersedia tetapi proses distribusi dan penanaman terkendala karena kesiapan di lapangan belum selesai,"" ujar Van Basten dalam keterangannya, Selasa (6/10/2026).
Benih Manggis Siap Didistribusikan
Pada klaster manggis, Van Basten menyebabkan benih telah siap untuk dikirim atau dropping. Karena itu, DPIU, direktorat, fasilitator dan kelompok tani diminta segera memastikan kesiapan menerima benih sekaligus menetapkan waktu distribusi yang sesuai dengan kondisi lapangan.
Sementara itu, pupuk masih dalam proses menunggu hasil uji mutu. Adapun sambil menunggu ketersediaan pupuk, petani perlu melakukan persiapan lokasi tanam dan memastikan benih tetap dalam kondisi baik.
Van Basten menjelaskan benih manggis yang telah tersedia dianjurkan untuk dirawat terlebih dahulu di tempat teduh agar kondisinya tetap terjaga sampai pupuk tersedia dan penanaman dapat dilakukan.
""Kita harus menjaga kualitas benih sejak diterima sampai ditanam. Karena itu, sambil menunggu pupuk, benih perlu ditempatkan dan dirawat pada kondisi yang sesuai,"" jelas Van Basten.
Kebutuhan Durian Capai 310 Hektare
Van Basten menambahkan, untuk klaster durian, identifikasi kebutuhan varietas di lapangan telah dilakukan dengan total luasan sekitar 310 hektare.
Ia mengungkapkan penyediaan benih varietas MK Hortimart/Musangking seluas 74,2 hektare siap dilaksanakan pada tiga kelompok tani. Selain itu, benih varietas Oche Banyuwangi atau duri hitam seluas 31,78 hektare siap dilaksanakan pada dua kelompok tani.
Sementara kebutuhan benih varietas Otong seluas 204,94 hektare masih belum dapat dilaksanakan karena menunggu kesiapan benih dari penangkar.
Dari sisi sarana produksi, Van Basten mengatakan pengadaan telah memasuki tahap kontrak dan dijadwalkan dropping pada November 2026. Sementara itu, pengadaan benih MK Hortimart dan Oche Banyuwangi masih dalam tahap persiapan pengadaan.
Alumnus Universitas Indonesia (UI) itu juga menegaskan ketersediaan benih menjadi faktor penting dalam memastikan target pengembangan klaster durian dapat berjalan sesuai rencana.
""Identifikasi kebutuhan sudah dilakukan. Sekarang yang harus kita kawal adalah ketersediaan varietas sesuai kebutuhan petani. Untuk varietas yang masih menunggu penangkar, koordinasi harus dipercepat agar tidak menghambat pelaksanaan di lapangan,"" ujarnya.
Klinik PHT dan Soil Microbiology Disiapkan
Selain klaster buah, Kementan juga menyiapkan dukungan melalui penyediaan Klinik PHT dan Soil Microbiology. Saat ini, proses masih berada pada tahap penyiapan dokumen meliputi RUKK, RAB, DED, pembukaan rekening, spesifikasi teknis, surat pernyataan komitmen penerima bantuan, surat kesepakatan status tanah, surat pernyataan dukungan kegiatan, serta dokumen safeguard.
Van Basten menyebut kelengkapan dokumen menjadi bagian penting sebelum kegiatan dapat dilanjutkan ke tahapan pelaksanaan di lapangan.
""Dokumen harus disiapkan dengan lengkap dan benar sejak awal. Kita ingin pelaksanaan kegiatan cepat, tetapi tetap tertib administrasi dan sesuai dengan ketentuan yang berlaku,"" kata Van Basten.
Penangkar Benih Bawang Merah Menunggu Usulan CPCL
Pada kegiatan penangkaran benih bawang merah, Van Basten mengungkapkan pelaksanaan masih menunggu surat usulan CPCL (Calon Petani dan Calon Lokasi) dari Dinas Kabupaten.
Kementan pun mendorong pemerintah daerah segera menyampaikan usulan CPCL agar proses verifikasi dan tahapan penyiapan kegiatan dapat segera dilakukan.
Van Basten mengatakan koordinasi dengan pemerintah daerah perlu terus diperkuat agar setiap tahapan program HDDAP tidak mengalami keterlambatan.
""Program ini membutuhkan kerja bersama. Pemerintah pusat, pemerintah daerah, fasilitator, kelompok tani dan penangkar harus bergerak dalam satu irama agar seluruh tahapan dapat selesai tepat waktu dan manfaatnya segera dirasakan petani,"" jelasnya.
Melalui monitoring langsung di lapangan, Kementan memastikan pelaksanaan HDDAP di Buleleng terus diarahkan pada percepatan kegiatan, kesiapan petani, ketepatan distribusi bantuan, serta pemenuhan seluruh persyaratan administrasi dan teknis.
(anl/ega)",finance
139,"DPR resmi mengesahkan Rancangan Undang-Undang (RUU) tentang Perlindungan Ketenagakerjaan menjadi undang-undang (UU). Sejumlah ketentuan baru diatur dalam beleid tersebut, mulai aturan pesangon hingga larangan bagi perusahaan menahan ijazah pekerja.
Menteri Ketenagakerjaan (Menaker) Yassierli menjelaskan, salah satu perubahan dalam aturan baru tersebut menyangkut besaran pesangon bagi pekerja yang terkena pemutusan hubungan kerja (PHK). Faktor pengali 0,5 yang sebelumnya dapat berlaku kini tidak lagi digunakan.
""Nanti kalau lebih detilnya nanti deh, kita tunggu aja draftnya. Tapi jelas kalau kemarin masih ada istilahnya pesangon pengalinya 0,5 itu tentu sudah tidak ada lagi,"" kata Yassierli usai Rapat Paripurna DPR di Kompleks Parlemen, Jakarta Selasa (6/10/2026).
Saat ditanya apakah besaran pesangon menjadi lebih tinggi, Yassierli membenarkannya. Ia juga menyebut perusahaan tidak bisa dengan mudah melakukan PHK dengan alasan seperti efisiensi.
""Iya, jadi tidak ada lagi pengalinya 0,5. Dan tidak ada juga alasan perusahaan mem-PHK dengan mudah karena alasannya apakah karena efisiensi dan seterusnya,"" ujarnya.
Menurut Yassierli, besaran pesangon tetap akan mempertimbangkan faktor yang menyebabkan PHK serta masa kerja pekerja. Namun, ia menegaskan penghitungan pesangon dalam aturan baru minimal menggunakan pengali satu kali.
Dana cadangan pesangon tersebut disiapkan untuk mengantisipasi kondisi perusahaan yang tidak memiliki dana ketika harus membayarkan pesangon kepada pekerja yang terkena PHK.
""Jadi realitas sekarang kalau kita lihat ternyata ketika perusahaannya itu ingin membayar dana pesangon alasannya kami sudah tidak punya dana dan seterusnya. Makanya di undang-undang ini, sebagai payungnya bahwa akan ada dana cadangan pesangon. Dan detilnya nanti kita akan atur di PP,"" jelas Yassierli.
Larangan Tahan Ijazah
Selain pesangon, UU Pelindungan Ketenagakerjaan juga mengatur secara tegas larangan penahanan ijazah maupun dokumen pribadi lainnya milik pekerja. Ketentuan tersebut menjadi salah satu substansi baru yang dimasukkan dalam aturan ketenagakerjaan.
Dalam pemaparannya di Rapat Paripurna DPR RI, Yassierli menyebut aturan baru memberikan perlindungan terhadap pencari kerja, peserta pelatihan, dan pemagangan. Pemerintah juga mempertegas larangan penahanan ijazah dan dokumen pribadi lainnya dalam proses ketenagakerjaan.
""Kepastian larangan atas penahanan ijazah dan dokumen pribadi lainnya dalam proses perekrutan dan penempatan tenaga kerja,"" terang Yassierli.
Selain larangan penahanan ijazah, UU Pelindungan Ketenagakerjaan mengatur sejumlah ketentuan baru lainnya. Salah satunya Jaminan Kehilangan Pekerjaan (JKP) bagi pekerja atau buruh yang terkena pemutusan hubungan kerja (PHK).
Aturan tersebut juga memberikan kepastian perlindungan terhadap hak pekerja perempuan, termasuk hak cuti melahirkan dan keguguran beserta upahnya. Perlindungan bagi tenaga kerja penyandang disabilitas turut dipertegas.
""Lima, kepastian pelindungan hak-hak pekerja atau buruh perempuan, hak cuti melahirkan dan keguguran berikut upahnya. Enam, kepastian pelindungan bagi tenaga kerja penyandang disabilitas,"" ujar Yassierli.
Pemerintah juga memperluas ruang lingkup perlindungan terhadap pekerjaan fleksibel untuk merespons jenis pekerjaan baru yang muncul di masa mendatang. Selain itu, peningkatan produktivitas tenaga kerja akan diperkuat melalui kolaborasi pengusaha, pekerja, serikat pekerja atau serikat buruh, dan pemerintah.
UU tersebut turut mengatur pelaksanaan survei kebutuhan hidup layak oleh Badan Pusat Statistik (BPS) setelah berkoordinasi dengan Dewan Pengupahan Nasional. Peran Dewan Pengupahan Daerah juga diperkuat.
Ketentuan baru lainnya menyangkut pekerja alih daya atau outsourcing di Badan Usaha Milik Negara (BUMN). Pemerintah mewajibkan penyelenggaraan alih daya di lingkungan BUMN dilakukan oleh anak perusahaan.
""Dan terakhir, penguatan pelindungan pekerja buruh alih daya pada BUMN, yaitu dengan mewajibkan penyelenggaran alih daya oleh anak perusahaan,"" tutup Yassierli.
(ily/hns)",finance
140,"Laporan keuangan sudah jadi, lalu apa? Banyak pelaku usaha berhenti di tahap mencatat, padahal analisis laporan keuangan usaha yang menentukan arah keputusan berikutnya, mulai dari harga sampai rencana belanja.
Dari Mencatat ke Membaca Angka
Bootcamp Accounting #14: Praktik Akuntansi Dagang & Manufaktur dari Piranha Smart Center (PSC) dan Education Visionary Lab (EVL) memasukkan analisis laporan keuangan sebagai satu tahap tersendiri.
Pesertanya lebih dulu belajar persamaan dasar akuntansi, pencatatan, dan siklus dagang, mulai dari entry jurnal, buku besar, hingga penyusunan laporan keuangan.
Setelah itu ada praktik siklus dagang secara mandiri, sehingga angka yang dibaca berasal dari proses yang dikerjakan sendiri. Tujuannya, kesehatan finansial usaha bisa diproyeksikan lebih akurat dan rapi, lalu dijadikan landasan pengambilan keputusan.
Penganggaran untuk Usaha Dagang dan Manufaktur
Materi berlanjut ke pengantar akuntansi biaya, sistem pengukuran biaya dan penentuan harga pokok produksi, penganggaran, lalu siklus akuntansi manufaktur.
Metodenya berupa pemaparan konsep, demonstrasi langsung, studi kasus, diskusi, dan latihan mandiri dengan file kerja. Seluruhnya berlangsung online interaktif lewat Zoom.
Cocok untuk Siapa
Program ini direkomendasikan bagi mahasiswa akuntansi, keuangan, dan manajemen, staf keuangan dan administrasi, junior accountant, serta pelaku usaha dan UMKM. Setelah selesai, peserta diharapkan mampu mengolah data keuangan lebih tepat dan akurat serta memahami konsep dasar akuntansi.
Jadwal Pelaksanaan
- Hari: Senin dan Selasa
- Tanggal: mulai 12 Oktober 2026, sebanyak 12 pertemuan
- Waktu: 18.30 sampai 20.30 WIB
- Lokasi: Online via Zoom
Peserta mendapat materi dan file latihan, sesi konsultasi pasca pelatihan, e-sertifikat, serta sertifikat fisik. Daftar lewat detikevent kalau kamu ingin paham menganalisis laporan keuangan usaha!
(hns/hns)",finance
141,"Bekerja di bidang keuangan membutuhkan lebih dari sekadar kemampuan mencatat transaksi. Ketika masuk ke dunia kerja, kamu bisa berhadapan dengan proses akuntansi yang lebih kompleks, mulai dari siklus perusahaan dagang hingga perhitungan biaya pada perusahaan manufaktur.
Karena itu, memahami alur akuntansi secara lebih menyeluruh bisa menjadi bekal penting, terutama bagi kamu yang ingin mengembangkan karier di bidang keuangan.
Kenali Akuntansi di Perusahaan Dagang dan Manufaktur
Setiap jenis perusahaan bisa memiliki proses akuntansi yang berbeda. Perusahaan dagang berhubungan dengan aktivitas pembelian dan penjualan barang, sedangkan perusahaan manufaktur juga perlu memperhitungkan proses produksi dan biaya yang terkait.
Hal tersebut dipelajari dalam Bootcamp Accounting #14: Praktik Akuntansi Dagang & Manufaktur dari Piranha Smart Center (PSC) bersama Education Visionary Lab (EVL).
Materinya mencakup persamaan dasar akuntansi, pencatatan transaksi, siklus akuntansi dagang, analisis laporan keuangan, akuntansi biaya, harga pokok produksi, penganggaran, hingga siklus akuntansi manufaktur.
Bukan Cuma Belajar Teori
Supaya lebih dekat dengan kebutuhan pekerjaan, pembelajaran dilengkapi dengan demonstrasi langsung, studi kasus, diskusi, dan latihan mandiri menggunakan file kerja.
Dengan pendekatan tersebut, peserta bisa lebih terbiasa melihat bagaimana konsep akuntansi diterapkan dalam proses kerja, bukan hanya mempelajarinya dari teori.
Program ini cocok untuk mahasiswa akuntansi, keuangan, dan manajemen, staf keuangan dan administrasi, junior accountant, serta pelaku usaha dan UMKM.
Saatnya Perluas Bekal Akuntansi
Bootcamp Accounting #14 berlangsung mulai 12 Oktober 2026 dalam 12 pertemuan, setiap Senin dan Selasa pukul 18.30-20.30 WIB, secara online melalui Zoom.
Peserta mendapatkan materi dan file latihan, konsultasi pasca pelatihan, e-sertifikat, serta sertifikat fisik. Pembelian tiket ditutup pada 11 Oktober 2026 pukul 23.59 WIB.
Yuk perluas skill dengan mempelajari praktik akuntansi dagang dan manufaktur. Cek informasi lengkap Bootcamp Accounting #14 di detikevent!
(hns/hns)",finance
142,"Perluas akses inklusi keuangan dan memberikan solusi pembiayaan terjangkau bagi masyarakat, Pegadaian menghadirkan inovasi layanan terbaru, Gadai Bebas Sewa Modal. Program ini merupakan kredit cepat, aman dan tanpa bunga.
Direktur Pemasaran dan Pengembangan Produk PT Pegadaian (Persero), Selfie Dewiyanti menyampaikan peluncuran Gadai Bebas Sewa Modal merupakan langkah nyata perusahaan dalam mendampingi masyarakat yang membutuhkan solusi finansial cepat dan terpercaya.
Selfie menuturkan program Gadai Bebas Sewa Modal dihadirkan sebagai wujud Pegadaian dalam memberikan pengalaman pertama yang ringan dan tanpa beban bagi masyarakat yang belum pernah memanfaatkan layanan gadai.
""Kami memahami kebutuhan dana mendesak maupun tambahan modal kerja mikro sering kali datang tiba-tiba. Dengan bunga 0% dan biaya administrasi yang sangat terjangkau, kami berharap hadirnya program ini dapat mendorong peningkatan inklusi keuangan serta menjadi solusi finansial yang aman bagi seluruh lapisan masyarakat,"" ujar Selfie dalam keterangan tertulis, Selasa (6/10/2026).
Program ini resmi berlaku mulai 28 September 2026 di seluruh outlet Pegadaian di Indonesia. Melalui program Gadai Bebas Sewa Modal, masyarakat dapat mencoba transaksi gadai untuk dana darurat maupun modal kerja tanpa dibebani bunga (sewa modal 0%).
Inisiatif ini dirancang khusus untuk memberikan kemudahan bagi berbagai lapisan masyarakat, seperti ibu rumah tangga, mahasiswa, pekerja harian lepas, hingga pelaku Usaha Mikro, Kecil, dan Menengah (UMKM).
Dalam program ini, Pegadaian menyediakan plafon uang pinjaman mulai dari Rp50.000 hingga Rp1.000.000 (Golongan Pinjaman A dan B1) dengan jangka waktu (tenor) kredit selama 30 hari. Calon nasabah dapat menjaminkan berbagai jenis aset bergerak yang dimiliki, mulai dari emas, gadget, perlengkapan rumah tangga, maupun peralatan usaha.
Selain pembebasan sewa modal, biaya administrasi yang dikenakan pun sangat terjangkau, yaitu Rp 2.000 untuk pinjaman Rp 50.000 s.d. Rp 200.000; Rp 5.000 untuk pinjaman Rp 200.001 s.d. Rp 500.000; serta Rp 10.000 untuk pinjaman Rp 500.001 s.d. Rp 1.000.000.
Skema Gadai Bebas Sewa Modal berlaku khusus bagi nasabah baru (CIF Baru) yang belum pernah terdaftar atau melakukan transaksi produk pembiayaan di Pegadaian. Setiap nasabah berhak mendapatkan 1 (satu) rekening aktif dalam satu periode kredit.
Masyarakat yang ingin memanfaatkan fasilitas pinjaman tanpa bunga ini dapat langsung mengunjungi outlet Pegadaian terdekat di seluruh Indonesia dengan membawa Kartu Tanda Penduduk (KTP) asli dan barang jaminan.
Melalui berbagai produk dan layanan, Pegadaian terus berupaya Melayani Sepenuh Hati dan mendukung ekonomi kerakyatan dengan mengusung semangat mengEMASkan Indonesia.
(anl/ega)",finance
143,"Sebanyak 33,2 juta warga bakal mendapat bantuan beras dari pemerintah. Total beras yang disiapkan mencapai 1 juta ton, menyasar kelompok masyarakat desil 1 hingga 4.
Menteri Koordinator Bidang Pangan Zulkifli Hasan (Zulhas) mengatakan bantuan tersebut menjadi bagian dari upaya pemerintah menjaga pemenuhan kebutuhan pangan masyarakat berpenghasilan rendah, terutama kebutuhan beras.
""Jadi kami siapkan bantuan beras 1 juta ton atau 1 miliar kilogram untuk 33,2 juta penerima,"" ujar Zulhas saat memonitor penyaluran bantuan pangan periode Oktober-Desember 2026 di Kota Kendari, Provinsi Sulawesi Tenggara (Sultra), dilansir dari Antara, Selasa (6/10/2026).
Zulhas menjelaskan, langkah ini diambil untuk menumbuhkan rasa optimisme di tengah masyarakat seiring mulai merangkaknya harga beras, serta menindaklanjuti arahan presiden.
Kebijakan tersebut telah dilaporkan kepada Presiden dan mendapatkan persetujuan melalui surat resmi dari Menteri Sekretaris Negara.
Mengingat bantuan pangan sebelumnya dijadwalkan selesai pada September, pemerintah memutuskan untuk memperpanjang dan menambah penyalurannya. Bansos beras kali ini diberikan 10 kg per bulan selama Oktober, November, dan Desember 2026.
""Teknis penyaluran bantuan ini akan diberikan sebanyak 10 kilogram per bulan untuk jangka waktu tiga bulan, yang akan dirapel sekaligus untuk periode Oktober, November, dan Desember dengan total 30 kilogram per penerima manfaat,"" terang Zulhas.
Zulhas meminta Bulog dan pemda segera menyalurkan untuk membantu kebutuhan masyarakat. Apalagi, harga beras premium yang mahal dan sulit karena banyak sawah petani yang gagal panen terdampak musim kemarau.
Zulhas juga telah berkoordinasi dengan Menteri Keuangan dan saat ini tinggal menunggu proses pencairan anggaran yang diperkirakan selesai dalam waktu satu hingga dua hari ke depan untuk urusan administrasi.
""Saya kira seminggu dua minggu ini Bulog sudah mulai mendistribusikan seluruh bantuan-bantuan pangan yang saya sebutkan tadi. Ini yang pertama yang darurat, Pak. Ini kategorinya darurat karena musim kemarau,"" ungkapnya.
Selain itu, ia juga mengingatkan pentingnya sektor pertanian dan pangan bagi kesejahteraan masyarakat luas, serta mengajak para kepala daerah mulai dari gubernur, bupati, hingga wali kota untuk terus mensyukuri dan memprioritaskan sektor tersebut demi menjaga stabilitas pangan di daerah.
(ily/hns)",finance
144,"Sudah cukup familiar dengan PPh dan PPN, tapi ingin memahami perpajakan yang lebih kompleks? Ketika pembahasannya mulai berkaitan dengan transaksi lintas negara, pajak internasional, hingga transfer pricing, pengetahuan dasar saja mungkin belum cukup.
Kalau ingin memperluas pemahaman di bidang perpajakan, kamu bisa mempertimbangkan mengikuti Pelatihan Brevet Pajak C + Sertifikasi CPTT Batch 27 yang diselenggarakan oleh Piranha Smart Center (PSC) bersama Education Visionary Lab (EVL).
Belajar Pajak Internasional hingga Transfer Pricing
Brevet Pajak C membahas materi perpajakan yang lebih spesifik, terutama yang berkaitan dengan aktivitas ekonomi lintas negara.
Peserta akan mempelajari pajak internasional, pajak berganda internasional, pemajakan penghasilan luar negeri dari Wajib Pajak Dalam Negeri, kredit pajak luar negeri, hingga transfer pricing.
Pembelajarannya juga nggak hanya berisi teori. Selama enam kali pertemuan, peserta akan mengikuti pemaparan konsep, pembahasan studi kasus, latihan soal, diskusi, dan tanya jawab. Program kemudian ditutup dengan ujian teori pilihan ganda.
Belajar Online di Sela Aktivitas
Nggak perlu datang ke tempat pelatihan karena seluruh sesi dilakukan secara online melalui Zoom. Kelas berlangsung setiap Rabu dan Kamis, mulai 14 Oktober 2026, pukul 18.30-20.30 WIB, dengan total enam kali pertemuan.
Bisa Sekalian Ambil Sertifikasi CPTT
Bagi peserta yang ingin melengkapi pelatihannya dengan sertifikasi, tersedia pilihan paket Certified Professional Tax Technician (CPTT). Sertifikasi tersebut diterbitkan oleh Asosiasi Teknisi Perpajakan Indonesia (ATPI).
Peserta juga mendapatkan e-modul, latihan soal, video rekaman pembelajaran, konsultasi selama dan setelah pelatihan, serta networking dengan komunitas praktisi. Sertifikat pelatihan Brevet C tersedia dalam bentuk softfile dan hardfile yang dikirim ke alamat peserta.
Yuk, cek informasi lengkap dan daftar Pelatihan Brevet Pajak C Batch 27 melalui detikevent!
(hns/hns)",finance
145,"Selama belajar perpajakan, pembahasan yang paling sering ditemui mungkin berkaitan dengan aktivitas di dalam negeri.
Namun, bagaimana kalau sebuah perusahaan mulai melakukan transaksi dengan pihak dari negara lain? Situasinya tentu bisa menjadi lebih kompleks karena ada aturan perpajakan dari lebih dari satu negara yang perlu diperhatikan.
Ketika Transaksi Mulai Melibatkan Negara Lain
Transaksi lintas negara bisa menimbulkan berbagai pertanyaan dalam proses perpajakannya. Misalnya, bagaimana penghasilan dari luar negeri dikenakan pajak, bagaimana menghindari pajak berganda, atau bagaimana perlakuan pajak ketika terdapat transaksi antara pihak yang memiliki hubungan istimewa.
Materi seperti ini dibahas dalam Pelatihan Brevet Pajak C + Sertifikasi CPTT Batch 27 yang diselenggarakan Piranha Smart Center (PSC) bersama Education Visionary Lab (EVL).
Peserta akan mempelajari pajak internasional, pajak berganda internasional, pemajakan penghasilan luar negeri dari Wajib Pajak Dalam Negeri, kredit pajak luar negeri, hingga transfer pricing.
Nggak Hanya Belajar dari Teori
Memahami istilah perpajakan tentu berbeda dengan mengetahui bagaimana konsep tersebut digunakan dalam suatu kasus. Karena itu, pembelajaran dalam program ini juga dilengkapi dengan studi kasus dan latihan soal.
Selama enam kali pertemuan, peserta akan mendapatkan pemaparan konsep dan peraturan, membahas kasus, mengikuti latihan, serta berdiskusi dan tanya jawab. Program kemudian ditutup dengan ujian teori pilihan ganda.
Belajar Pajak Internasional di Sela Kesibukan
Buat yang tetap bekerja atau kuliah, pelatihan ini berlangsung secara online melalui Zoom sehingga tidak perlu datang ke lokasi. Kelas dilaksanakan setiap Rabu dan Kamis, mulai 14 Oktober 2026, pukul 18.30-20.30 WIB, dengan total enam kali pertemuan.
Peserta juga mendapatkan e-modul dan video rekaman pembelajaran, sertifikat pelatihan Brevet C dalam bentuk softfile dan hardfile, serta fasilitas konsultasi selama dan setelah pelatihan.
Bagi peserta yang ingin melanjutkan ke tahap sertifikasi, tersedia paket Certified Professional Tax Technician (CPTT) yang diterbitkan oleh Asosiasi Teknisi Perpajakan Indonesia (ATPI).
Yuk, cek informasi lengkap Pelatihan Brevet Pajak C + Sertifikasi CPTT Batch 27 dan daftar melalui detikevent!
Tonton juga video ""Suahasil Jamin Kanal Aduan Cukai-Pajak Tetap Dibuka""
(hns/hns)",finance
146,"Harga emas Antam hari ini mengalami kenaikan setelah kemarin sempat turun. Harga emas Antam 24 karat saat ini naik Rp 10.000 per gram dan berada di level Rp 2.580.000 per gram.
Berdasarkan situs Logam Mulia Antam, Rabu (7/10/2026), satuan harga emas hari ini yang terkecil ukuran 0,5 gram berada di angka Rp 1.340.000. Sementara harga emas 10 gram dijual dengan harga Rp 25.295.000 dan ukuran emas terbesar yakni 1.000 gram (1 kg) dibanderol Rp 2.520.600.000.
Jika ditarik dalam sepekan terakhir, harga emas Antam bergerak dari rentang Rp 2.570.000 - Rp 2.595.000 per gram. Sedangkan dalam sebulan terakhir, harga emas Antam juga menguat di rentang Rp 2.570.000 - Rp 2.638.000 per gram.
| Baca juga: Harga Emas Antam Hari Ini Jatuh Cukup Dalam | 
Sementara untuk buyback, harga emas naik sebesar Rp 15.000 per gram menjadi Rp 2.391.000 per gram. Harga buyback adalah jika Anda ingin menjual emas, maka Antam akan membelinya dengan harga tersebut.
Sesuai Peraturan Menteri Keuangan (PMK) Nomor 81 Tahun 2024, setiap transaksi buyback dengan nilai di atas Rp 10.000.000 akan dikenakan Pajak Penghasilan (PPh) Pasal 22 sebesar 1,5%. PPh Pasal 22 tersebut akan dipotong langsung dari total nilai transaksi pada saat pelaksanaan buyback.
Berikut rincian harga emas Antam hari ini dari 1 Gram hingga 1.000 Gram, Rabu (7/10/2026).
Harga emas 0,5 gram: Rp 1.340.000
Harga emas 1 gram: Rp 2.580.000
Harga emas 2 gram: Rp 5.100.000
Harga emas 3 gram: Rp 7.625.000
Harga emas 5 gram: Rp 12.675.000
Harga emas 10 gram: Rp 25.295.000
Harga emas 25 gram: Rp 63.112.000
Harga emas 50 gram: Rp 126.145.000
Harga emas 100 gram: Rp 252.212.000
Harga emas 250 gram: Rp 630.265.000
Harga emas 500 gram: Rp 1.260.320.000
Harga emas 1.000 gram: Rp 2.520.600.000
Demikian rincian harga emas hari ini keluaran Antam 1 gram hingga 1.000 gram, Rabu (7/10/2026).
Tonton juga video ""Harga Emas Antam Ambruk Hari Ini""
(ily/ara)",finance
147,"Menteri Koordinator Bidang Perekonomian Airlangga Hartarto menegaskan jumlah jam kerja di Indonesia tetap 40 jam per minggu seperti yang sudah disepakati antara pemerintah, dunia usaha, dan para pekerja.
Pernyataan ini disampaikan seiring munculnya usulan dari salah satu kelompok pengusaha agar jam kerja ditambah jadi 45 jam per minggu dari sebelumnya 40 jam per minggu.
""Saya rasa sudah kita sepakati di 40 jam (per minggu). Kalau 45 jam (seminggu), ya, ikut regulasi perlindungan tenaga kerjanya,"" ujar Menko Airlangga saat ditemui usai acara BIG Downstream Insight, Jakarta Pusat, Selasa (7/10/2026).
Sebelumnya, Asosiasi Persepatuan Indonesia (Aprisindo) mengusulkan untuk menaikkan jam kerja menjadi 45 jam per minggu. Perwakilan Aprisindo, Hariyanto, pada Rabu (30/9) mengatakan, hal ini menyusul Indonesia yang ia nilai tertinggal dalam jumlah jam kerja dibandingkan Vietnam yang mencapai 48 jam per minggu.
""Saat ini kita kalah dalam hal jam kerja, satu minggu 48 jam di Vietnam, sedangkan kita 40 jam. Dari situ saja kita sudah kalah 20%. Saat ini kita ingin mengusulkan untuk menaikkan jam kerja menjadi 45 jam,"" ujar Hariyanto seperti dikutip dari Antara.
Adapun aturan terkini terkait jam kerja di Indonesia tertuang dalam Undang-Undang Nomor 11 Tahun 2020 Tentang Cipta Kerja (UU Cipta Kerja).
Dalam undang-undang tersebut, terdapat dua skema jam kerja yang berlaku di perusahaan yang ada di Indonesia.
Pertama, adalah 7 jam kerja dalam sehari atau 40 jam dalam seminggu yang berlaku untuk 6 hari kerja dengan ketentuan libur 1 hari. Skema kedua adalah 8 jam kerja dalam sehari atau 40 jam dalam satu minggu yang berlaku untuk 5 hari kerja dengan ketentuan libur 2 hari.
Sementara itu, pemerintah telah menyetujui Rancangan Undang-Undang (RUU) Pelindungan Ketenagakerjaan untuk dilanjutkan ke tahap Pembicaraan Tingkat II dengan DPR RI pada Senin (5/10).
Menteri Ketenagakerjaan (Menaker) Yassierli mengatakan, pemerintah berpandangan bahwa RUU tentang Pelindungan Ketenagakerjaan secara keseluruhan memperkuat perlindungan ketenagakerjaan, baik bagi pekerja atau buruh, pencari kerja, peserta pemagangan, maupun pengusaha.
Selain itu, ia mengatakan RUU ini juga memperkuat sistem pengawasan dan pendekatan hukum ketenagakerjaan agar lebih efektif, profesional, proporsional, dan memberikan kepastian hukum dengan tetap memperhatikan keberlangsungan dunia usaha.
Tonton juga video ""Momen Dasco dan Kapolri Naik Mobil Orasi Sapa Massa Buruh di DPR""
(igo/fdl)",finance
148,"Danantara Indonesia mendorong masuknya investasi ke sektor pusat data (data center) di Indonesia, seiring upaya memperkuat kepastian regulasi.
Managing Director Global Relations and Communications Danantara Pahala Nugraha Mansury mengatakan Danantara Investment Management (DIM) tengah memprioritaskan proyek-proyek yang memiliki prospek imbal hasil komersial, termasuk infrastruktur digital yang pertumbuhannya dinilai sedang sangat pesat.
""Salah satu sektor yang momentumnya sedang sangat baik sekali adalah investasi di bidang data center atau infrastruktur digital,"" ujarnya dalam keterangan tertulis, Rabu (7/10/2026).
Menurut Pahala, pengembangan pusat data tidak hanya berkaitan dengan pembangunan infrastruktur digital. Industri tersebut membutuhkan dukungan berbagai sektor, terutama ketersediaan energi listrik dan air yang andal.
Karena itu, Danantara bersama Kementerian Investasi tengah menggodok penyederhanaan serta penyelarasan regulasi yang berkaitan dengan seluruh ekosistem pendukung pusat data. Langkah tersebut diharapkan dapat membuat proses investasi berjalan lebih terintegrasi.
""Kami berharap nantinya bisa bekerja sama dengan Kementerian Investasi, misalnya, untuk bisa melakukan streamlining peraturan-peraturan yang terkait dengan sektor pengembangan untuk data center,"" ucap Pahala.
Upaya tersebut juga disiapkan untuk membuka ruang bagi Danantara menjadi mitra bagi perusahaan teknologi global atau hyperscaler yang melihat Indonesia sebagai tujuan investasi. Salah satu mekanisme yang disiapkan adalah skema co-investment.
Melalui skema tersebut, Danantara tidak hanya berperan sebagai pengelola investasi, tetapi juga terlibat langsung dalam proyek yang dikembangkan bersama investor global. Keterlibatan ini dinilai dapat menciptakan iklim investasi yang lebih kondusif.
Menurut Pahala, keterlibatan langsung Danantara sebagai investor atau skin in the game juga menjadi faktor penting dalam memastikan keberlanjutan manfaat ekonomi dari proyek yang dijalankan.
""Masalah kepastian aturan ini semoga bisa lebih teratasi dengan keberadaan kami yang punya skin in the game,"" pungkasnya.
Tonton juga video ""LRT Manggarai-Dukuh Atas Butuh Rp 2,7 T, Pramono: Bisa Obligasi-Danantara""
(fdl/fdl)",finance
149,"CEO Danantara Rosan Roeslani memberikan sinyal soal aksi korporasi penawaran saham perdana atau initial public offering (IPO) Badan Usaha Milik Negara (BUMN). IPO BUMN ini rencananya dilakukan tahun depan.
Rosan mengatakan pihaknya masih memperhitungkan BUMN apa saja yang akan melantai di Bursa Efek tahun depan. Dia belum mau mengungkap BUMN apa saja yang dimaksud.
""Nanti ya. Kan kita lagi identifikasi nih, kita sedang memperhitungkan. Mungkin nanti di sebelum akhir tahun ini kita akan mengkonfirmasikan beberapa perusahaan yang kita sudah lihat mempunyai potensi, mempunyai appetite, dan juga mempunyai responsnya akan positif dari masyarakat, dari dunia usaha, dan juga baik dalam maupun luar negeri,"" ujar Rosan di Hotel Raffles, Jakarta, Rabu (7/10/2026).
Meski belum memberikan nama pasti BUMN apa yang bakal IPO, Rosan memberikan kisi-kisi sektor BUMN yang dimaksud. ""Kisi-kisi, ada di sektor finansial tuh ada. Ada di sektor infrastrukturnya juga pasti ada, di sektor pertambangan juga ada,"" katanya.
Rosan mengatakan rencana IPO tersebut menjadi salah satu langkah Danantara untuk meningkatkan transparansi dan akuntabilitas pengelolaan BUMN. Dengan menjadi perusahaan terbuka, kinerja BUMN dinilai akan mendapat pengawasan lebih luas dari pasar dan pemangku kepentingan.
""Ini juga sebagai salah satu bentuk dari transparansi kita dalam rangka kita meningkatkan juga akuntabilitas kita. Karena kalau kita ada di bursa, yang kalau saya bilang kan jadi lebih banyak yang lihatin ya, baik itu bursa, baik OJK. Kalau berhubungan dengan finansial juga apa, bisa dari apa, pemangku kepentingan lainnya, masyarakat,"" terangnya.
""Dan tentunya pertumbuhan dari BUMN-BUMN kita ini kita ingin juga dirasakan langsung oleh masyarakat, ya. Baik dari segi value-nya maupun dari segi operasional dan juga manfaatnya dari keberadaan BUMN itu sendiri,"" sambungnya.
Tonton juga video ""Isu Keamanan AI Bikin Altman Buka Suara: OpenAI Tak Akan IPO di 2026""
(hrp/fdl)",finance
150,"Presiden Konfederasi Serikat Pekerja Indonesia (KSPI) Said Iqbal mengungkap sejumlah ketentuan Pemutusan Hubungan Kerja (PHK) dalam Undang-Undang (UU) Pelindungan Ketenagakerjaan yang baru.
Menurutnya, aturan PHK dalam beleid tersebut diperketat sehingga perusahaan tidak bisa dengan mudah memberhentikan pekerja. Perusahaan wajib memberitahukan rencana PHK dan melakukan perundingan bipartit.
""Dalam Undang-Undang yang baru ini, PHK dibuat tidak mudah, pengusaha atau pemberi kerja melakukan PHK. Jadi wajib memberi tahu kepada buruh atau pekerja ketika akan terjadi PHK, itu wajib. Kemudian harus memanggil pekerja buruh yang di-PHK, atau istilahnya perundingan bipartit,"" katanya dalam konferensi pers secara virtual, Rabu (7/10/2026).
Apabila tidak ada kesepakatan, perselisihan dapat dilanjutkan ke tahap mediasi melalui dinas tenaga kerja setempat. Pekerja juga dapat mengajukan gugatan ke Pengadilan Hubungan Industrial (PHI).
Said mengatakan, pekerja dapat menolak PHK dari perusahaan. Gugatan ke PHI dapat dilakukan dengan pendampingan serikat pekerja maupun secara mandiri.
Selama proses perselisihan belum menghasilkan putusan berkekuatan hukum tetap atau inkrah, perusahaan tetap wajib membayar upah pekerja. Di sisi lain, pekerja juga tetap wajib datang ke perusahaan dan menjalankan pekerjaannya.
""Pengusaha wajib tetap membayar upah buruh, buruh tetap wajib datang ke perusahaan, menerima perintah kerja. Nah, yang perlu digarisbawahi dengan kata lain, upah selama proses, sebelum ada keputusan inkrah dari Mahkamah Agung, wajib dibayarkan oleh pengusaha,"" tegas Said.
Draft Final Belum Bisa Diakses
Said mengatakan draft final UU Pelindungan Ketenagakerjaan belum dapat diakses KSPI. Menurutnya, masih diperlukan proses sinkronisasi antar pasal hingga penyelarasan definisi dalam beleid tersebut.
""Sampai hari ini belum ada final draft, draft terakhir yang sudah disahkan tersebut yang bisa kita akses, termasuk KSPI pun belum bisa mengakses. Karena harus ada sinkronisasi antar pasal, titik koma, menghindari tumpang tindih definisi-definisi antar ayat, sehingga perlu dilakukan sinkronisasi,"" jelas Said.
Menurut Said, proses tersebut diperkirakan membutuhkan waktu paling cepat dua minggu dan paling lama sekitar satu bulan. Setelah proses itu selesai, dokumen akan masuk ke Kementerian Sekretariat Negara.
Meski belum memperoleh draft final, Said mengaku telah mendapatkan sejumlah catatan mengenai isi beleid tersebut. Ia menilai ketentuan dalam UU Pelindungan Ketenagakerjaan lebih baik dibandingkan klaster ketenagakerjaan dalam UU Cipta Kerja.
""Sehingga boleh dikatakan Undang-Undang ini memang jauh lebih baik dari Omnibus Law Undang-Undang Cipta Kerja, klaster ketenagakerjaan, dan agak lebih baik dari Undang-Undang Nomor 13 Tahun 2003,"" tutup Said.
Tonton juga video ""UU Perlindungan Ketenagakerjaan Disahkan, Bos Buruh: Terima Kasih Prabowo""
(ily/ara)",finance
151,"Direktorat Jenderal Pajak (DJP) Kementerian Keuangan menerbitkan aturan penyediaan perangkat yang digunakan dalam pelaksanaan Meterai Teraan Digital (MTD). Hal tersebut tertuang dalam Peraturan Direktur Jenderal Pajak Nomor PER-11/PJ/2026 tentang Penyedia Printer Meterai Teraan Digital yang mulai berlaku sejak 22 September 2026.
Direktur Penyuluhan Pelayanan dan Hubungan Masyarakat DJP Inge Diana Rismawanti mengatakan penerbitan aturan ini menjadi bagian penting dalam pelaksanaan pembayaran Bea Meterai yang menggunakan Meterai Teraan Digital.
""Melalui aturan ini, penyedia, perangkat, hingga pengawasannya diatur secara jelas agar pelaksanaannya berjalan sesuai dengan ketentuan,"" ujar Inge dalam keterangan tertulis, Rabu (7/10/2026).
Inge menjelaskan penerbitan PER-11/PJ/2026 merupakan tindak lanjut atas penggunaan MTD yang telah diatur dalam Peraturan Menteri Keuangan Nomor 78 Tahun 2024 tentang Ketentuan Pelaksanaan Bea Meterai. Pengaturan tersebut dilakukan untuk meningkatkan pelayanan dalam pemenuhan kewajiban pembayaran Bea Meterai sekaligus memberikan kepastian dalam pelaksanaan pembayaran Bea Meterai menggunakan MTD.
Secara sederhana, MTD merupakan meterai berupa label yang dibubuhkan pada dokumen menggunakan Printer MTD. Printer MTD merupakan perangkat khusus yang terhubung dengan Sistem Meterai Teraan Digital milik DJP dan memiliki spesifikasi yang ditentukan oleh DJP.
Untuk dapat ditunjuk sebagai Penyedia Printer MTD, pihak yang mengajukan permohonan harus menyampaikan surat permohonan kepada Direktur Jenderal Pajak secara elektronik melalui saluran yang telah ditentukan. Pemohon juga harus memenuhi sejumlah persyaratan, antara lain berbadan hukum dan berkedudukan di Indonesia, memenuhi ketentuan perpajakan, serta memiliki infrastruktur teknologi informasi, termasuk pusat data yang berlokasi di Indonesia.
Setelah ditunjuk, Penyedia Printer MTD wajib menjaga kerahasiaan data, serta menerapkan pelindungan konsumen. DJP melakukan pengawasan terhadap pemenuhan kewajiban tersebut dan dapat memberikan sanksi berupa teguran, penghentian sementara, hingga pencabutan penunjukan apabila ketentuan tidak dipenuhi.
""Melalui pengaturan ini, pelaksanaan Meterai Teraan Digital memiliki mekanisme yang jelas, mulai dari penyedia yang dapat memberikan layanan, hingga pengawasannya. DJP akan memastikan seluruh proses tersebut berjalan sesuai dengan ketentuan yang telah ditetapkan,"" beber Inge.
Tonton juga video ""Tak Ada Perpanjangan Lapor SPT Buat Wajib Pajak Orang Pribadi""
(rea/ara)",finance
152,"Konfederasi Serikat Pekerja Indonesia (KSPI) dan Partai Buruh mengusulkan kenaikan upah minimum 2027 sebesar 7,5-9,5%. Presiden KSPI Said Iqbal mengatakan penetapan upah minimum tahun depan masih akan menggunakan aturan lama.
Said menjelaskan usulan tersebut dihitung berdasarkan inflasi dan pertumbuhan ekonomi. Ia menyebut rata-rata inflasi nasional pada Oktober 2025 hingga September 2026 sebesar 3,20%, sedangkan rata-rata pertumbuhan ekonomi dalam periode yang sama sebesar 5,43%.
""Pertumbuhan ekonominya rata-rata dengan kurun waktu yang sama Oktober 2025 sampai September 2026 5,43%, sehingga kalau dimasukin rumus ambil indeks tertentu yang paling tinggi guru meminta paling tinggi 0,9,"" kata Said dalam konferensi pers virtual, Rabu (7/10/2026).
Dengan menggunakan indeks tertentu sebesar 0,9, hasil perhitungan kenaikan upah minimum berada di kisaran 7,7%. Namun, KSPI kemudian menurunkan batas bawah usulan menjadi 7,5% karena tingkat inflasi dan pertumbuhan ekonomi berbeda di setiap provinsi.
""Jadi rumusnya 3,20% ditambah 5,43% kali 0,9. Kira-kira akan dapat sama dengan 7,7%. Nah, KSPI dan Partai Buruh menurunkan karena kan nanti beda-beda inflasi dan pertumbuhan ekonomi setiap provinsi,"" jelasnya.
Sementara batas atas 9,5% diambil dengan mempertimbangkan inflasi dan pertumbuhan ekonomi di Maluku Utara. Menurut Said, jika menggunakan rumus yang sama, kenaikan upah minimum di daerah tersebut dapat mencapai sekitar 14%.
""Dengan rumus yang sama itu didapat sekitar 14%. Nggak mungkin 2 digit. Biasanya di bawah 10%. Maka kami turunkan menjadi yang di Maluku Utara tertinggi 9,5%. Jadi ketemulah angka kenaikan upah minimum 2027, 7,5% sampai dengan 9,5%,"" ujarnya.
Aturan Pengupahan di UU Perlindungan Ketenagakerjaan
Said juga mengungkap perubahan skema penetapan upah minimum dalam UU Pelindungan Ketenagakerjaan yang baru. Salah satu perubahan adalah kewajiban Dewan Pengupahan mempertimbangkan kebutuhan hidup layak (KHL) sebelum menentukan kenaikan upah minimum.
Dewan Pengupahan yang terdiri dari unsur serikat buruh, pengusaha, dan pemerintah terlebih dahulu melakukan survei kebutuhan hidup layak atau menggunakan data Badan Pusat Statistik (BPS). Apabila upah minimum suatu daerah masih berada di bawah kebutuhan hidup layak, besaran upah harus terlebih dahulu diarahkan menuju KHL.
""Kalau upah minimum di satu daerah itu lebih kecil dari hasil survei BPS, atau mungkin Dewan Pengupahan, dia harus menuju kebutuhan hidup layak dulu. Baru setelah itu dinaik,"" jelas Said.
Sementara apabila upah minimum telah berada di atas kebutuhan hidup layak, penetapan kenaikan akan menggunakan formula yang terdiri dari inflasi, pertumbuhan ekonomi, dan indeks tertentu.
Said mengatakan indeks tertentu dalam UU Pelindungan Ketenagakerjaan ditetapkan pada rentang 0,5 hingga 1,0. Batas atas tersebut meningkat dibandingkan ketentuan yang berlaku saat ini sebesar 0,9.
""Dalam draf DPR yang kemudian disetujui oleh pemerintah, jadi indeks tertentunya itu adalah 0,5 sampai 1,0. Dan itu yang berulang-ulang KSPI dan Partai Buruh minta itu kan, 1,0,"" tutup Said.
Tonton juga video ""UU Perlindungan Ketenagakerjaan Disahkan, Bos Buruh: Terima Kasih Prabowo""",finance
153,"Anak usaha Garuda Indonesia, PT Garuda Maintenance Facility Aero Asia Tbk (GMF), meraih konsesi selama 20 tahun untuk mengoperasikan fasilitas perawatan pesawat di Bandara Internasional Muscat, Oman. Kesepakatan dengan Otoritas Penerbangan Sipil Oman (CAA) tersebut membuka jalan bagi perluasan layanan perusahaan Indonesia di Timur Tengah.
Perjanjian ditandatangani oleh Direktur Utama (Dirut) GMF Andi Fahrurrozi, dan Presiden CAA Oman Eng Naif Ali Hamed Al-Abri, dalam Civil Aviation Investment Forum (CAIF) 2026, di Kantor Pusat CAA, Muscat, Oman.
GMF merupakan bagian dari Garuda Indonesia Group yang berada dalam pengelolaan Danantara Indonesia. Bagi industri penerbangan nasional, konsesi di Oman menjadi tonggak penting untuk memperluas kiprah di luar negeri dengan membawa pengalaman dan kemampuan teknis perawatan pesawat yang dibangun di Indonesia.
Fasilitas tersebut akan dikembangkan untuk layanan perawatan, perbaikan, dan overhaul pesawat, atau Maintenance, Repair, and Overhaul (MRO). Posisi strategis Oman diharapkan membuka akses yang lebih luas ke pasar Timur Tengah, Afrika, dan Eropa, sekaligus melengkapi jangkauan layanan GMF dari basis operasinya di Indonesia.
""Pengembangan MRO di Oman menjadi langkah awal untuk membangun kehadiran operasional GMF yang lebih dekat dengan pelanggan di Timur Tengah dan kawasan sekitarnya. Dengan pengalaman dan kapabilitas yang dimiliki, GMF melihat peluang untuk menjangkau pasar perawatan yang lebih luas sekaligus berkontribusi pada penguatan industri aviasi Oman,"" ujar Andi, dalam keterangan tertulis, Rabu (7/10/2026).
Dalam skema kerja sama tersebut, CAA Oman berperan sebagai pemilik hanggar dan pemberi konsesi. Otoritas itu juga menjalankan fungsi regulator untuk memastikan pemenuhan ketentuan serta standar keselamatan penerbangan yang berlaku di Oman.
Sementara itu, GMF akan mengembangkan dan mengoperasikan hanggar beserta fasilitas pendukungnya. Pengembangan dilakukan secara bertahap, mengikuti kebutuhan pasar dan rencana bisnis yang disepakati.
Pada forum yang sama, GMF turut menandatangani Commemoration Document bersama Mach Aerospace International untuk mendukung pengembangan kemampuan teknis dan tenaga kerja di bidang penerbangan. Kolaborasi tersebut menjadi bagian dari persiapan layanan perawatan pesawat di Oman.
Keberhasilan GMF memperoleh konsesi 20 tahun di Oman menjadi catatan membanggakan bagi industri penerbangan Indonesia. Langkah anak usaha BUMN ini membuka jalan bagi pengembangan fasilitas perawatan pesawat di luar negeri, sekaligus menunjukkan potensi keahlian yang dibangun di Indonesia untuk mengambil peran lebih besar dalam industri penerbangan global.
Tonton juga video ""Kebut Restrukturisasi, Danantara Kini Sudah Tutup 290 BUMN""
(hnu/ega)",finance
154,"PT Bank Rakyat Indonesia (Persero) Tbk atau BRI berkolaborasi dengan Mobile Legends: Bang Bang (MLBB) menghadirkan Program BRI Junio dengan Kartu Debit edisi khusus serta berbagai benefit bagi nasabah. Kolaborasi ini memadukan layanan perbankan dengan gim mobile yang dekat dengan keseharian anak dan remaja di Indonesia.
Program ini dapat diikuti oleh nasabah baru yang membuka rekening BRI Junio maupun nasabah eksisting yang melakukan penggantian kartu, dengan melakukan bundling aktivasi BRImo Orang Tua dan Kartu Debit BRI Junio serta mengaktifkan fitur Automatic Fund Transfer (AFT) minimal Rp100.000 per bulan dari rekening orang tua ke rekening anak.
Adapun nasabah yang melakukan setoran awal/top up fresh fund minimal Rp1 juta berhak mendapatkan 1 paket KAYOU Collectible Card Mobile Legends: Bang Bang. Selanjutnya, nasabah berhak mendapatkan tambahan cashback sebesar Rp50.000 bila mempertahankan saldo minimal Rp1 juta hingga akhir bulan.
Peserta program juga berkesempatan mendapatkan gratis biaya administrasi bulanan rekening BRI Junio sesuai syarat dan ketentuan yang berlaku. Program ini berlangsung pada September hingga Desember 2026, dengan benefit tersedia selama persediaan masih ada.
Setiap nasabah hanya berhak memperoleh benefit sebanyak satu kali dan pemberian benefit tidak berlaku secara kelipatan berdasarkan nominal top up.
Direktur Network and Retail Funding BRI, Aquarius Rudianto mengatakan program ini merupakan bagian dari pengembangan BRI Junio untuk menghadirkan layanan yang semakin dekat dengan kebutuhan generasi muda, seiring perkembangan aktivitas digital yang semakin lekat dalam keseharian anak dan remaja.
""BRI terus berupaya menghadirkan pengalaman perbankan yang tidak hanya aman dan mudah, tetapi juga relevan dengan perkembangan gaya hidup dan minat generasi muda. Melalui kolaborasi dengan Mobile Legends: Bang Bang, kami ingin menghadirkan pengalaman menabung yang lebih menarik sekaligus mendorong kebiasaan mengelola keuangan sejak dini melalui pendekatan yang dekat dengan keseharian anak dan remaja,"" ujar Aquarius dalam keterangannya, Rabu (7/10/2026).
Program BRI Junio bersama MLBB juga mendukung upaya BRI memperluas literasi dan inklusi keuangan melalui pendekatan yang sesuai dengan perkembangan ekosistem digital. Kehadiran layanan perbankan dalam aktivitas yang dekat dengan minat anak dan remaja menjadi sarana untuk memperkenalkan pentingnya menabung serta pengelolaan keuangan sejak dini.
Di sisi lain, kolaborasi dengan MLBB turut mencerminkan keterlibatan BRI dalam perkembangan ekosistem esports dan industri kreatif digital di Indonesia. BRI melihat perkembangan kedua ekosistem tersebut sebagai bagian dari dinamika gaya hidup generasi muda sekaligus membuka ruang bagi BRI untuk membangun kolaborasi dengan berbagai pihak yang memiliki kedekatan dengan segmen tersebut.
""Melalui program ini, kami ingin membangun kedekatan generasi muda dengan layanan keuangan melalui pendekatan yang relevan dengan keseharian mereka. Harapannya, kebiasaan menabung dan mengelola keuangan dapat mulai dibangun sejak dini dan berkembang menjadi fondasi literasi keuangan yang baik hingga mereka dewasa,"" pungkas Aquarius.
Tonton juga video ""Dirut BRI Paparkan Evolusi Industri Perbankan""
(ega/ega)",finance
155,"Ajang MotoGP Mandalika 2026 semakin dekat. PT Bank Syariah Indonesia (Persero) Tbk (BSI) turut menghadirkan kemudahan bagi masyarakat yang ingin menyaksikan langsung balapan kelas dunia tersebut melalui mobile banking BYOND by BSI.
BSI menawarkan promo spesial tiket MotoGP Mandalika berupa diskon hingga Rp375.000 bagi pengguna BYOND yang membeli tiket kategori VIP Hospitality Premiere menggunakan Virtual Account (VA) BSI.
Promo tersebut bertepatan dengan pelaksanaan MotoGP Mandalika 2026 yang berlangsung pada 9-11 Oktober 2026 di Pertamina Mandalika International Circuit, Nusa Tenggara Barat (NTB), dan berlaku hingga 11 Oktober 2026. Kehadiran promo ini menjadi bagian dari upaya BSI memperkuat peran BYOND by BSI sebagai aplikasi yang tidak hanya memenuhi kebutuhan transaksi finansial, tetapi juga mendukung berbagai aktivitas lifestyle masyarakat, khususnya generasi muda.
""Saat ini BYOND by BSI semakin diminati anak-anak muda, terlebih saat ini mobile banking ini semakin lengkap dengan fitur-fitur yang bisa memenuhi kebutuhan seperti pembelian tiket, pembayaran, donasi, beli emas hingga layanan lokasi masjid terdekat hingga arah kiblat.Inilah keunikan BYOND by BSI yang menjadi sahabat finansial, sosial dan spiritual,"" ungkap Corporate Secretary BSI, Wisnu Sunandar dalam keterangannya, Rabu (7/10/2026).
Wisnu menambahkan, saat ini BYOND LYFE menghadirkan layanan kebutuhan travelling, misalnya kemudahan pemesanan tiket kereta api dan pesawat terbang dalam satu aplikasi. Sementara untuk perjalanan spiritual, saat ini di BYOND tersedia beragam pilihan paket umrah dari mitra travel terpercaya.
Selain itu, nasabah bisa memilih beragam paket umrah dengan harga yang kompetitif. Salah satunya adalah paket umrah weekend yang bisa dipesan mulai dari dua puluh jutaan rupiah per orang.
BYOND LYFE juga memfasilitasi anak-anak muda atau pengguna yang mencari pembiayaan kendaraan melalui fitur BSI OTO. Fitur tersebut memudahkan nasabah memilih kendaraan serta mengetahui informasi pembiayaan.
""Kami memperkuat layanan dan ekosistem transaksi untuk menjawab kebutuhan nasabah yang semakin beragam, khususnya generasi muda. Keunikan gaya hidup Gen Z dan milenial turut mendorong kebutuhan akan layanan perbankan yang tidak hanya memenuhi kebutuhan finansial, tetapi juga gaya hidup halal lainnya,"" ujarnya.
Lebih lanjut, Wisnu optimis bahwa jumlah pengguna BYOND yang saat ini mencapai lebih dari 10 juta akan terus meningkat hingga akhir tahun ini, terlebih fitur Bank Emas semakin lengkap. Hal tersebut didukung dengan layanan terintegrasi e-channel pendukung lainnya yang tersebar di seluruh Indonesia.
(ega/ega)",finance
156,"Pemerintah memasukkan skema dana cadangan pesangon dalam Undang-Undang (UU) Ketenagakerjaan yang baru. Skema tersebut diharapkan memberikan kepastian pembayaran pesangon kepada pekerja ketika mengalami pemutusan hubungan kerja (PHK).
Menteri Ketenagakerjaan Yassierli mengatakan, kebijakan dana cadangan pesangon dilatarbelakangi kondisi perusahaan yang dalam sejumlah kasus tidak memiliki dana ketika harus membayar pesangon kepada pekerja.
""Realitas sekarang kalau kita lihat ternyata ketika perusahaannya itu ingin membayar dana pesangon alasannya kami sudah tidak punya dana dan seterusnya. Makanya di undang-undang ini, sebagai payungnya bahwa akan ada dana cadangan pesangon,"" kata Yassierli saat ditemui di Kompleks DPR RI Selasa kemarin, dikutip Rabu (7/10/2026).
Meski demikian, mekanisme dana cadangan pesangon belum diatur secara terperinci dalam UU tersebut. Ketentuan lebih lanjut mengenai skema tersebut nantinya akan dituangkan dalam Peraturan Pemerintah (PP).
Sementara itu, Presiden Konfederasi Serikat Pekerja Indonesia (KSPI) Said Iqbal menilai keberadaan dana cadangan pesangon menjadi salah satu ketentuan yang lebih baik dibandingkan aturan sebelumnya.
Ia menggambarkan mekanismenya dapat menyerupai pembayaran iuran jaminan sosial. Pengusaha nantinya menyetorkan dana secara berkala ke lembaga yang ditentukan pemerintah untuk membentuk cadangan pesangon pekerja.
""Jadi sekarang buruh ini sudah terjamin. Jadi si pengusaha sekarang wajib menempatkan dananya terpisah dari harta kekayaan perusahaan di satu lembaga milik pemerintah. Yaitu membayar cadangan pesangon,"" kata Said Iqbal dalam konferensi pers virtual, Rabu (7/10/226).
Said menegaskan mekanisme tersebut masih harus diperjelas dalam aturan turunannya, salah satu yang menjadi sorotan KSPI dan Partai Buruh adalah belum jelasnya pihak yang harus membayar iuran cadangan pesangon.
""Kalau nilainya bagus, cadangan pesangon jadi sudah ada kepastian, kepastian dibayar pesangon. Tapi pertanyaannya siapa yang bayar?"" tanya Said Iqbal.
Said juga menyoroti belum jelasnya sanksi bagi perusahaan yang tidak membayar iuran cadangan pesangon. Menurutnya, kepastian sanksi diperlukan agar kewajiban membentuk dana cadangan tersebut benar-benar dijalankan pengusaha.
Ia membandingkannya dengan kewajiban pembayaran iuran jaminan sosial yang memiliki konsekuensi hukum apabila tidak dipenuhi perusahaan. Said khawatir skema cadangan pesangon hanya menjadi ketentuan di atas kertas apabila tidak disertai mekanisme dan sanksi yang tegas.
""Takutnya jadi macan kertas. Pasalnya bagus, baik, lebih bagus menurut kita, tapi dia macan kertas kalau enggak ada sanksinya,"" tutup Said.
Tonton juga video ""UU Perlindungan Ketenagakerjaan Disahkan, Bos Buruh: Terima Kasih Prabowo""
(ily/ara)",finance
157,"DOKU bersama Sabre Indonesia berkolaborasi meningkatkan efisiensi pengelolaan dana dan pembayaran bagi jaringan travel agent Sabre di Indonesia.
Melalui integrasi Deposit System DOKU, Sabre Indonesia dapat mengelola dana secara lebih terintegrasi. Sementara itu, travel agent mendapat pilihan pembayaran yang lebih fleksibel untuk mendukung operasional dan pengembangan bisnis.
Co-Founder dan CEO DOKU sekaligus Head of Antom Indonesia, Himelda Renuat mengatakan kerja sama ini melanjutkan komitmen DOKU dalam mendorong kemajuan industri perjalanan melalui kapabilitas pembayaran yang relevan dengan dinamika bisnis.
""Industri perjalanan terus berkembang, begitu pula kebutuhan bisnis di dalamnya. Kami melihat pembayaran memiliki peran yang semakin strategis dalam memberikan ruang bagi pelaku usaha untuk bergerak dan menangkap lebih banyak peluang. Bersama Sabre, kami ingin memberikan kemudahan yang membantu travel agent menjalankan bisnis dengan lebih adaptif dan mendorong pertumbuhan bisnis mereka,"" ujar Himelda dalam keterangannya, Rabu (7/10/2026).
Adapun kolaborasi ini hadir seiring terus berkembangnya industri perjalanan dan pariwisata di Indonesia. Data Badan Pusat Statistik (BPS) mencatat jumlah penumpang penerbangan internasional sepanjang 2025 mencapai 20,5 juta orang, tumbuh 8,14% dibandingkan tahun sebelumnya.
Sementara itu, sektor pariwisata memberikan kontribusi langsung sebesar Rp1.138,9 triliun atau 4,78% terhadap perekonomian nasional pada 2025. Perkembangan ini mendorong kebutuhan akan infrastruktur transaksi yang semakin adaptif terhadap dinamika bisnis di sepanjang rantai industri perjalanan.
| Foto: DOKU | 
Sabre Indonesia merupakan perusahaan teknologi perjalanan dan penyedia layanan Global Distribution System (GDS) yang menghubungkan berbagai pelaku dalam ekosistem perjalanan. Hal ini meliputi maskapai penerbangan, hotel, hingga penyedia layanan transportasi, dengan berbagai channel distribusi melalui satu platform yang terintegrasi.
Melalui teknologi Sabre, travel agent dapat mengakses ketersediaan produk dan harga secara real-time, melakukan reservasi, hingga menerbitkan tiket dalam satu sistem. Kapabilitas ini membantu mitra menjalankan proses bisnis secara lebih efisien sekaligus memberikan pilihan perjalanan yang semakin luas kepada pelanggan.
Di Indonesia, Sabre Indonesia telah menjadi bagian penting dalam ekosistem distribusi perjalanan dengan melayani 670 travel agent serta terkoneksi ke 420 maskapai penerbangan dan mitra strategis lainnya.
Melalui Deposit System, Sabre Indonesia nantinya dapat mengelola dana dari berbagai partner travel agent secara lebih terpusat dalam satu sistem. Di sisi lain, opsi deposit top up dan kartu kredit memberikan keleluasaan bagi travel agent dalam mengatur pembayaran dan arus kas sesuai siklus bisnis masing-masing. Dengan demikian, proses transaksi dapat berjalan lebih praktis bagi travel agent dalam mengelola bisnis.
Direktur Utama Sabre Indonesia, Arsena Permasadhie mengatakan kolaborasi dengan DOKU merupakan bagian dari transformasi bisnis Sabre Indonesia untuk terus memperkuat relevansi layanan, menjawab kebutuhan mitra, sekaligus memberikan nilai tambah bagi pertumbuhan industri perjalanan dan pariwisata nasional.
""Transformasi bagi kami bukan hanya tentang menghadirkan teknologi, tetapi tentang bagaimana teknologi tersebut dapat semakin memudahkan mitra dalam menjalankan dan mengembangkan bisnisnya,"" paparnya.
""Sabre selama ini menghubungkan maskapai, hotel, penyedia transportasi, dan channel distribusi melalui satu ekosistem. Kolaborasi dengan DOKU melengkapi ekosistem tersebut dari sisi pembayaran, sehingga mitra kami memiliki pilihan transaksi yang lebih luas, proses yang lebih seamless, dan kesempatan untuk menjalankan bisnis secara lebih efisien,"" imbuh Arsena.
| Foto: DOKU | 
Menurut Arsena, kolaborasi tersebut juga mencerminkan komitmen Sabre Indonesia untuk terus berkembang dari sekadar penyedia teknologi distribusi menjadi mitra strategis yang mampu menghadirkan solusi yang semakin terintegrasi bagi industri perjalanan.
""Kami ingin setiap pengembangan yang kami lakukan memiliki dampak yang nyata bagi mitra. Semakin mudah mereka terkoneksi, bertransaksi, dan melayani pelanggan, semakin besar pula peluang bagi ekosistem perjalanan Indonesia untuk tumbuh bersama,"" jelas Arsena.
Penandatanganan Perjanjian Kerjasama ini menjadi tahap awal kerja sama DOKU dan Sabre Indonesia. Kedua perusahaan selanjutnya akan mempersiapkan integrasi dan aspek operasional yang diperlukan sebelum Deposit System dapat digunakan oleh jaringan partner travel agent Sabre di Indonesia.
Ke depan, DOKU dan Sabre Indonesia juga membuka peluang untuk memperluas kerja sama sejalan dengan perkembangan kebutuhan pembayaran dan transaksi di industri perjalanan Indonesia.
Tonton juga video ""Tipu Turis Asing Rp 85 Juta, Bos Travel Agent Labuan Bajo Ditetapkan Tersangka""
(akd/ega)",finance
158,"Otoritas Jasa Keuangan (OJK) dan Lembaga Penjamin Simpanan (LPS) buka suara soal rencana pemerintah dalam memperkuat fungsi koperasi sebagai penyalur gaji pegawai negeri sipil (PNS) dan pembayaran pensiun. Langkah ini disebut untuk memperkuat daya saing koperasi yang mampu bersaing dengan perbankan.
Ketua Dewan Komisioner LPS, Anggito Abimanyu, mengaku belum mengetahui rencana tersebut. Ia mengatakan masih menunggu informasi lebih lanjut dari pemerintah.
""Saya kurang tahu, saya hanya membaca saja. Tapi saya kurang tahu gimana kebijakannya,"" singkat Anggito kepada wartawan di Kompleks Parlemen, Senayan, Jakarta, Rabu (7/10/2026).
Hal serupa juga diungkap Kepala Eksekutif Pengawas Perbankan OJK, Dian Ediana Rae, yang mengaku belum mengetahui rencana tersebut. Menurutnya, perlu ada penyesuaian fungsi intermediasi antara koperasi dengan perbankan.
""Belum tahu ya tapi itu mungkin nanti saya perlu kita koordinasikan aja. Karena tentu kan nanti perlu ada penyesuaian ya, karena kan yang namanya lembaga intermediasi itu kan, payment system itu kan selama ini kan memang adanya di, yang besar-besarkan dan menjangkau seluruh wilayah itu kan, memang bank-bank gitu kan,"" ungkap Dian kepada wartawan di Kompleks Parlemen, Senayan, Jakarta.
Dian mengaku belum mengetahui mekanisme intermediasi koperasi jika nantinya diberi mandat menyalurkan gaji PNS, termasuk apakah penyalurannya akan dilakukan langsung oleh koperasi atau tetap melalui perbankan. Namun, ia memastikan belum ada pembahasan khusus dengan pemerintah terkait rencana tersebut.
""Kita belum tahu ini bagaimana mekanismenya nanti kalau dengan koperasi, apakah koperasi nanti menggunakan, bisa mengelola rekening sendiri atau bagaimana, kita belum tahu. Apakah itu menggunakan bank dan lain sebagainya. Nah ini sama sekali terus terang kalau dari OJK kita belum ada pembicaraan mengenai masalah itu,"" jelasnya.
Dian juga belum merinci dampak pengalihan penyaluran gaji ke koperasi terhadap persaingan memperebutkan dana murah perbankan. Menurutnya, hal tersebut masih perlu dibahas lebih lanjut.
Rencana Koperasi Salurkan Gaji PNS
Pemerintah berencana menjadikan koperasi sebagai unit pelayanan penyaluran gaji PNS dan pembayaran pensiun. Rencana ini masih dalam proses pembahasan di Kementerian Keuangan (Kemenkeu) untuk memperkuat fungsi koperasi.
""Kemarin kami juga membicarakan tentang bagaimana saya bersama Menteri Keuangan akan memastikan koperasi bisa menjadi unit layanan jasa untuk membayar gaji pegawai negeri dan pensiun,"" ungkap Menteri Koperasi (Menkop), Ferry Juliantono, dikutip dari Antara, Selasa (6/10).
Ia menjelaskan, langkah ini akan memperkuat layanan koperasi kepada masyarakat sekaligus meningkatkan daya saing dengan perbankan. Rencana ini juga menjadi bagian dari Rancangan Undang-Undang (RUU) Perkoperasian yang tengah dibahas di Dewan Perwakilan Rakyat (DPR).
Dalam RUU tersebut, Ferry mengatakan akan ada pembentukan badan pengawas koperasi di luar OJK. Selain itu, RUU itu juga memuat fungsi baru LPS untuk melindungi simpanan masyarakat di koperasi.
""Kalau itu terjadi dalam waktu dekat keberadaan koperasi-koperasi akan bisa bersaing dengan perbankan yang ada di Indonesia,"" ujarnya.
Tonton juga video ""Prabowo Minta Dana BOS Bisa Dipakai untuk Gaji Guru Non-ASN""
(acd/acd)",finance
159,"Para peternak ayam petelur dari berbagai daerah yang tergabung dalam Pinsar Petelur Nasional (PPN) menyampaikan keluhanannya di hadapan Komisi IV DPR RI. Dikatakan melonjaknya harga pakan ayam membuat biaya operasional kian mencekik usaha peternakan rakyat hingga terancam berhenti berproduksi.
Perwakilan Pinsar Petelur Nasional (PPN), Suardi, mengungkapkan bahan pakan ayam petelur khususnya jagung dan bungkil kedelai merupakan biaya terbesar dari total modal utama produksi mereka. Kondisi ini membuat komponen pakan menjadi faktor penentu utama kelangsungan usaha peternakan.
""50% beban produksi peternak itu ada di jagung. Satu hal yang tidak kalah penting adalah 25% itu berasal dari bungkil kedelai,"" jelasnya dalam Rapat Dengar Pendapat Umum (RDPU) dengan Komisi IV DPR RI di Kompleks Parlemen Senayan, Jakarta Pusat, Rabu (7/10/2026).
Dalam hal ini, ia menjelaskan harga bungkil kedelai normal berada di kisaran Rp 7.200-7.500 per kilogram. Namun saat ini harga bahan pakan ayam petelur itu sudah naik jadi Rp 9.900-10.000 per kilogram jika dibeli dari BUMN-BUMN yang mendapatkan tugas untuk melakukan importasi dan penjualan bahan pakan tersebut.
""Harga bungkil kedelai itu Rp 7.200 sampai Rp 7.500. Tapi hari ini kita bicara bungkil kedelai itu harganya Rp 9.900 sampai Rp 10.000. Sebuah lonjakan yang cukup tinggi,"" jelasnya.
""Kalau kita datangkan bungkil kedelai dari Argentina atau Brasil hari ini, itu sampai di Indonesia memang ada kenaikan karena international market naik. Harganya itu kalau tiba di November, itu harganya Rp 8.500 sampai Rp 8.600. Tapi kalau kita beli dari BUMN yang ditunjuk oleh pemerintah, harganya hari ini adalah Rp 9.999 hampir Rp 10.000,"" terang Suardi lagi.
Tidak hanya harga bungkil kedelai, peternak ayam petelur juga mengeluhkan kenaikan harga bahan pakan yang lain seperti jagung dan katul. Bahkan untuk jagung, selain harganya yang kini sudah cukup tinggi, saat ini ketersediaan pasokannya di pasar juga dinilai sangat terbatas.
""Jika kita hitung hari ini dengan kondisi jagung rata-rata hampir Rp 8.000 diterima oleh peternak ini, ketemu komposisi harga pakan adalah Rp 8.155,"" jelasnya.
Di sisi lain, melonjaknya biaya modal pakan tidak sebanding dengan harga jual telur di pasaran yang justru mengalami penurunan drastis. Sebab menurutnya harga jual telur di pasaran saat ini terus merosot jauh di bawah Harga Acuan Pembelian (HAP) pemerintah.
""Harga telur setelah bulan April sampai hari ini juga jauh di bawah Peraturan Badan Pangan Nasional Nomor 6 Tahun 2024 yang di situ dituliskan bahwa harga pembelian di kandang Rp 26.500 per kilogram. Kenyataan yang diterima oleh para peternak mulai bulan April sampai dengan hari ini masih jauh dari HAP tersebut, rata-rata di angka Rp 19.200-20.000 bahkan pada bulan Juni kemarin harga telur ada di titik nadir Rp 17.100,"" keluhnya.
Untuk itu para peternak ayam petelur ini benar-benar berharap mendapat perhatian dari DPR RI dan bantuan dari pemerintah agar masalah ini dapat terselesaikan. Sebab jika tidak, maka besar kemungkinan usaha mereka harus ditutup.
""Hari ini (harga telur) Rp 20.000 (per kilogram), di Blitar malah sudah Rp 19.000. Bulan Juni kemarin titik nadir harga telur di kandang Rp 17.100. Selama 6 bulan, kami merugi Rp 5.000 sampai Rp 7.000. Itu adalah kondisi kami,"" tutur Suardi.
(igo/fdl)",finance
160,"Komisi IV DPR RI mengusulkan pemerintah membentuk lembaga atau badan khusus yang bertugas mengelola masalah pakan untuk sektor peternakan nasional. Langkah ini diusulkan guna mengatasi krisis pakan yang kerap memicu lonjakan biaya produksi dan merugikan para peternak di berbagai daerah, salah satunya peternak ayam petelur.
Ketua Komisi IV DPR RI Siti Hediati Hariyadi atau lebih dikenal sebagai Titiek Soeharto, menilai keluhan terkait pasokan dan harga pakan peternak merupakan masalah yang sudah berulang kali mereka terima. Padahal menurutnya pakan ternak merupakan hal mendasar yang membutuhkan tata kelola khusus dari pemerintah.
""Memang masalah ini, masalah pakan, pakan ternak menjadi cukup memusingkan ya. Tapi tidak ada yang tidak ada jalannya. Mestinya pakan ternak ini dikoordinasi oleh suatu lembaga yang memang khusus dia mengurusi pakan baik itu untuk ternak ayam, ayam pedaging, ayam petelur, sapi, kambing, sapi-kambing susunya juga,"" ujar Titiek Soeharto dalam RDPU dengan Komisi IV DPR RI di Kompleks Parlemen Senayan, Jakarta Pusat, Rabu (6/10/2026).
Ia menambahkan, keterlibatan badan khusus pemerintah ini bertujuan agar rantai pasok impor hingga distribusi tidak lagi didominasi oleh pihak swasta yang berpotensi memicu lonjakan harga di tingkat peternak.
""Nah ke depan nih Komisi IV kita minta supaya ada satu badan yang bisa khusus ngurusi pakan ini. Jadi kalau ada keluhan-keluhan mengenai pakan, ya kita tanyanya kenapa kamu? kekurangan apa? Jadi tidak tidak swasta-swasta yang mengimpor pakan atau bahan baku pakan, tapi badan pemerintah ini yang mengimpor, mereka mengolah, dan mendistribusikan kepada para peternak dengan harga yang wajar ya,"" tegasnya.
Di luar itu, Titiek mengaku akan segera menghubungi pihak-pihak terkait seperti Menteri Pertanian (Mentah) Andi Amran Sulaiman dan Bulog untuk menyediaka pasokan pakan terutama jagung dengan harga yang terjangkau. Menurutnya hal ini seharusnya mudah dilakukan mengingat klaim pemerintah yang mengatakan saat ini Indonesia juga sudah swasembada jagung.
""Habis ini saya telepon Pak Menteri dan Bulog supaya harga jagungnya ini bisa distabilkan lagi gitu, ya, terutama untuk para peternak-peternak ini. Orang katanya, saya juga akan nanya lagi, katanya sampeyan sudah swasembada. Kalau swasembada bisa memenuhi kebutuhan seluruh rakyat Indonesia mengenai jagung ini kan? Jadi Pak, kami akan usahakan,"" ujar Titiek.
| Baca juga: Tolong! Produsen Telur Terancam Gulung Tikar | 
Untuk diketahui, para peternak ayam petelur dari berbagai daerah yang tergabung dalam Pinsar Petelur Nasional (PPN) sempat menyampaikan keluhanannya di hadapan Komisi IV DPR RI. Melonjaknya harga pakan ayam membuat biaya operasional kian mencekik usaha peternakan rakyat hingga terancam berhenti berproduksi.
Perwakilan nsar Petelur Nasional (PPN), Suardi, mengungkapkan bahan pakan ayam petelur khususnya jagung dan bungkil kedelai merupakan biaya terbesar dari total modal utama produksi mereka. Kondisi ini membuat komponen pakan menjadi faktor penentu utama kelangsungan usaha peternakan.
""50% beban produksi peternak itu ada di jagung. Satu hal yang tidak kalah penting adalah 25% itu berasal dari bungkil kedelai,"" jelasnya dalam Rapat Dengar Pendapat Umum (RDPU) dengan Komisi IV DPR RI di Kompleks Parlemen Senayan, Jakarta Pusat, Rabu (7/10/2026).
Dalam hal ini, ia menjelaskan harga bungkil kedelai normal berada di kisaran Rp 7.200-7.500 per kilogram. Namun saat ini harga bahan pakan ayam petelur itu sudah naik jadi Rp 9.900-10.000 per kilogram jika dibeli dari BUMN-BUMN yang mendapatkan tugas untuk melakukan importasi dan penjualan bahan pakan tersebut.
Tidak hanya harga bungkil kedelai, peternak ayam petelur juga mengeluhkan kenaikan harga bahan pakan yang lain seperti jagung dan katul. Bahkan untuk jagung, selain harganya yang kini sudah cukup tinggi, saat ini ketersediaan pasokannya di pasar juga dinilai sangat terbatas.
Masalahnya di tengah lonjakan biaya modal pakan yang dialami peternak saat ini tidak sebanding dengan harga jual telur di pasaran yang justru mengalami penurunan drastis. Sebab menurutnya harga jual telur di pasaran saat ini terus merosot jauh di bawah Harga Acuan Pembelian (HAP) pemerintah.
Untuk itu para peternak ayam petelur ini benar-benar berharap mendapat perhatian dari DPR RI dan bantuan dari pemerintah agar masalah ini dapat terselesaikan. Sebab jika tidak, maka besar kemungkinan usaha mereka harus ditutup.
""Hari ini (harga telur) Rp 20.000 (per kilogram), di Blitar malah sudah Rp 19.000. Bulan Juni kemarin titik nadir harga telur di kandang Rp 17.100. Selama 6 bulan, kami merugi Rp 5.000 sampai Rp 7.000. Itu adalah kondisi kami,"" tutur Suardi.
(igo/fdl)",finance
161,"Pengesahan Undang-Undang (UU) Perlindungan Ketenagakerjaan mendapat respons positif dari kalangan buruh. Hampir 90% usulan dan poin yang diperjuangkan buruh disebut masuk dalam beleid tersebut.
Salah satu yang terlibat dalam proses negosiasi antara gerakan buruh, DPR RI, dan pemerintah adalah Presiden Konfederasi Serikat Pekerja Seluruh Indonesia (KSPSI) sekaligus motor Koalisi Besar Perjuangan Buruh Indonesia (KBPBI), Andi Gani Nena Wea.
Sejumlah tuntutan buruh menjadi bagian dari pembahasan hingga masuk dalam UU Perlindungan Ketenagakerjaan.
Salah satunya terkait ketentuan upah sebesar 50% bagi pekerja pada industri padat karya menengah. Andi Gani disebut mendorong agar ketentuan tersebut ditolak.
Selain itu, Desk Ketenagakerjaan Polri juga didorong mendapat ruang dalam UU Perlindungan Ketenagakerjaan, khususnya untuk menjalankan fungsi penyidikan terhadap tindak pidana ketenagakerjaan.
Sejumlah poin lain yang disebut masuk dalam UU tersebut antara lain ketentuan cuti haid yang tidak diwajibkan menggunakan surat keterangan dokter.
Kemudian, terdapat ketentuan mengenai anggaran pendidikan dan pelatihan bagi pekerja.
Aturan outsourcing juga menjadi salah satu poin yang dibahas. Dalam UU baru, outsourcing dibatasi hanya untuk jenis pekerjaan tertentu.
Bagi kalangan buruh, hampir 90% usulan yang diperjuangkan disebut telah masuk dalam UU setelah melalui proses pembahasan antara serikat pekerja, DPR RI, dan pemerintah.
Setelah UU disahkan, perhatian berikutnya tertuju pada pelaksanaannya di lapangan. Hal tersebut akan menentukan penerapan berbagai ketentuan yang telah masuk dalam aturan baru tersebut.
Andi Gani juga kembali terpilih secara aklamasi sebagai Presiden ASEAN Trade Union Council (ATUC) untuk periode 2026-2031. ATUC merupakan wadah serikat pekerja tingkat ASEAN yang menghimpun 22 juta buruh dari negara-negara Asia Tenggara.
Selain di organisasi buruh, Andi Gani menjabat sebagai Presiden Komisaris Ajaib Group.
Presiden Konfederasi Buruh Merdeka Indonesia (KBMI) Daeng Wahidin menilai, Andi Gani merupakan pimpinan salah satu konfederasi buruh besar yang telah berada pada posisi mapan secara ekonomi sehingga tidak lagi menjadikan kepentingan materi sebagai orientasi utama perjuangannya.
""Sudah selesai dengan masalah duniawi,"" ungkap Daeng Wahidin dalam menggambarkan sosok Andi Gani.
Bagi Andi Gani dan KBPBI, pembahasan tidak berhenti setelah UU disahkan. Penerapan aturan di lapangan menjadi tahap berikutnya untuk melihat apakah ketentuan yang telah masuk dalam UU dapat memberikan perlindungan dan kepastian bagi pekerja.
(igo/fdl)",finance
162,"Ajaib terus memperkuat layanan Saham Amerika untuk menjawab kebutuhan investor ritel yang ingin membangun portofolio lebih beragam tanpa harus berpindah platform. Melalui Ajaib, investor dapat mengakses saham Indonesia sekaligus lebih dari 600 Saham Amerika dan ETF, mengelola saldo dalam Rekening USD, hingga order beli dengan sistem Buying Power yang lebih fleksibel.
Pilihan Saham Amerika dan ETF di Ajaib mencakup berbagai sektor, mulai dari teknologi, kesehatan, keuangan, energi, hingga konsumer. Bagi investor yang belum ingin memilih saham satu per satu, ETF memberi eksposur ke banyak saham atau satu sektor sekaligus melalui satu instrumen.
Sejak pertama kali menghadirkan layanan Saham Amerika pada Februari 2025, Ajaib terus mencatat peningkatan minat dari investor ritel. Pada Agustus 2026, jumlah pengguna yang bertransaksi Saham Amerika di Ajaib tumbuh 2,5 kali lipat 1 dibandingkan periode yang sama tahun sebelumnya.
AVP Digital & Marketing Ajaib, Azizah menjelaskan bahwa ETF juga semakin diminati, terutama oleh investor pemula, sebagai cara praktis untuk mulai berinvestasi di pasar global.
""Pertumbuhan ini mencerminkan perubahan cara investor Indonesia, terutama generasi muda, memandang investasi. Mereka tidak lagi membatasi diri pada pasar domestik, tetapi ingin menjadi bagian dari pertumbuhan perusahaan-perusahaan terbaik dunia. Kami ingin memastikan peluang itu dapat diakses setiap investor Indonesia, cukup dari satu aplikasi,"" ujar Azizah dalam keterangan tertulis, Selasa (6/10/2026).
Pengalaman Investasi yang Lebih Menyeluruh
Selain pilihan yang luas, Ajaib menyediakan rekening USD. Saldo yang belum diinvestasikan tetap berpotensi memperoleh yield hingga 4,63% p.a.,* terdiri dari yield dasar hingga 3,63% p.a.,* dan bonus 1% p.a.* Adapun untuk dana baru yang memenuhi syarat dengan minimum US$5.000 Yield dihitung harian dan dibagikan setiap bulan dalam bentuk saldo USD.
Ajaib memperbarui sistem Buying Power untuk mempermudah transaksi order beli saham Amerika Serikat (AS) bagi para penggunanya. Melalui pembaruan ini, saldo lain di akun Ajaib dapat digunakan saat saldo utama USD tidak mencukupi dengan memberikan persetujuan pada halaman order.
Bagi investor yang ingin mulai mencoba, Ajaib menggelar program Trading Saham AS Pertama Kali dengan total hadiah saldo rekening Saham Amerika senilai 30 juta. Program berlangsung pada 14 September hingga 14 Oktober 2026, dengan syarat transaksi kumulatif minimal US$100 selama periode program, sesuai syarat dan ketentuan yang berlaku.
Simak juga Video 'Pasar Saham AS Naik Seusai Pengumuman Program Baru Trump':
(prf/ega)",finance
163,"PT VKTR Teknologi Mobilitas Tbk (VKTR) resmi menyerahkan 2 unit bus listrik 8 meter Arjuno kepada penyedia jasa transportasi sektor pertambangan, PT Bagong Dekaka Makmur, di Malang, Senin (5/10/2026). Penyerahan dua unit bus listrik mendorong adopsi kendaraan listrik komersial sektor pertambangan di Indonesia.
Penyerahan dua unit Arjuno menjadi bagian dari langkah Bagong Dekaka Makmur mengadopsi kendaraan listrik untuk operasional pertambangan. Bagi VKTR, penggunaan Arjuno menunjukkan kendaraan listrik mulai dipandang sebagai solusi untuk meningkatkan efisiensi operasional.
""Keputusan Bagong Dekaka Makmur untuk kembali menggunakan kendaraan listrik menunjukkan bahwa industri lokal memiliki kemampuan untuk menjawab kebutuhan operasional yang semakin spesifik,"" kata Direktur Utama VKTR, Ardiansyah Bakrie, dalam keterangan tertulisnya, Selasa (6/10/2026).
Menurutnya, penyerahan ini menunjukkan kendaraan listrik menjadi solusi yang dapat diterapkan di lapangan sekaligus membantu operator menjalankan bisnis lebih efisien. Kolaborasi ini juga mendorong penguatan ekosistem kendaraan listrik komersial, mulai dari manufaktur, karoseri, rantai pasok, tenaga kerja, hingga layanan purnajual dan dukungan teknis.
Penggunaan kendaraan listrik di sektor dengan tingkat utilisasi tinggi seperti pertambangan juga menunjukkan elektrifikasi dapat berjalan seiring dengan kebutuhan bisnis. Jika mampu memberikan performa dan efisiensi yang sesuai, kendaraan listrik semakin relevan bagi pelaku industri.
""Kami terbuka untuk berkolaborasi dengan lebih banyak operator dan pelaku industri untuk menghadirkan kendaraan listrik komersial yang tidak hanya lebih bersih, tetapi juga memberikan value bagi bisnis,"" tutup Ardi.
Arjuno sendiri adalah bus listrik 8 meter yang dirancang untuk mendukung kebutuhan mobilitas dengan tingkat utilisasi tinggi. Bus ini memiliki kapasitas hingga 25 penumpang, baterai berkapasitas 210 kWh, serta jarak tempuh hingga 350 kilometer.
Kebutuhan daya dapat disesuaikan dengan pola dan jadwal operasional armada, mengingat pengisian DC hingga penuh sekitar 90 menit. Keunggulan ini relevan untuk kebutuhan transportasi pekerja maupun mobilitas internal di area pertambangan yang memiliki rute, jadwal, dan pola utilisasi yang relatif terukur.
Kendaraan listrik ini juga memiliki potensi memberikan efisiensi biaya operasional melalui penggunaan energi yang lebih efisien dan kebutuhan perawatan yang lebih rendah.
""Dalam operasional pertambangan, kendaraan harus mampu mengikuti ritme kerja, memiliki reliability yang baik, dan memberikan efisiensi dalam jangka panjang. Pengalaman positif bersama Lokon dan VKTR semakin memperkuat keyakinan kami bahwa kendaraan listrik dapat menjadi alternatif yang kompetitif dan relevan untuk mendukung kebutuhan operasional pertambangan,"" ujar Direktur Utama, Bagong Dekaka Makmur, Budi Susilo.
(acd/acd)",finance
164,"PT Bayan Resources Tbk (BYAN) mengubah perjanjian jual beli saham bersyarat dengan PT Jhonlin Baratama milik Andi Syamsuddin Arsyad atau Haji Isam. Perubahan tersebut terkait transaksi penjualan saham Bayan milik Dato' Low Tuck Kwong dan Elaine Low.
Perubahan dilakukan terhadap Perjanjian Jual Beli Saham Bersyarat (PJBS) yang sebelumnya ditandatangani pada 16 September 2026. Perubahan perjanjian kemudian ditandatangani Dato' Low Tuck Kwong, Elaine Low, dan Jhonlin Baratama pada 1 Oktober 2026.
""Perubahan tersebut mencakup pembaruan atas jumlah saham biasa Perseroan yang akan dialihkan kepada Pembeli, yaitu dari semula sejumlah 10.000.000.500 saham biasa menjadi 10.084.088.370 saham biasa Perseroan,"" tulis manajemen Bayan Resources dalam keterbukaan informasi, dikutip Selasa (6/10/2026).
Pelaksanaan dan penyelesaian transaksi masih bergantung pada pemenuhan sejumlah kondisi pendahuluan. Setelah transaksi rampung dan seluruh persyaratan terpenuhi, Jhonlin Baratama akan memiliki 10.084.088.370 saham Bayan Resources.
Bayan menyatakan perubahan perjanjian tersebut tidak menimbulkan dampak material negatif yang dapat mengganggu kegiatan operasional, aspek hukum, kondisi keuangan maupun kelangsungan usaha perseroan.
""Kejadian tersebut tidak menimbulkan dampak material negatif yang dapat mengganggu kegiatan operasional, aspek hukum, kondisi keuangan, dan kelangsungan usaha perseroan,"" terang manajemen Bayan Resources.
(ily/hns)",finance
165,"Lembaga penyedia indeks global, FTSE Russell, mempertahankan status pasar modal Indonesia di Secondary Emerging Market. Hal tersebut diumumkan berdasarkan hasil klasifikasi tahunan yang diunggah dalam FTSE Equity Country Classification - September 2026 Annual Announcement.
Dalam pengumuman tersebut, FTSE tidak memasukkan pasar modal inovasi ke dalam daftar pemantauan (Watch List) atau negara yang berpotensi mengalami reklasifikasi status. Namun, FTSE akan terus memantau perkembangan pasar modal RI dan berkomunikasi dengan pelaku pasar untuk penilaian berkelanjutan.
""Status Indonesia sebagai pasar negara berkembang sekunder tetap tidak berubah. FTSE Russell tidak memasukkan Indonesia ke dalam Daftar Pantauan dan akan terus memantau perkembangan pasar serta berinteraksi dengan pelaku pasar sebagai bagian dari penilaian berkelanjutan,"" tulis pengumuman FTSE dikutip dari laman resminya, Rabu (7/10/2026).
FTSE juga akan memantau perkembangan reformasi pasar modal yang dilakukan Otoritas Jasa Keuangan (OJK) dan Self-Regulatory Organization (SRO). Reformasi ini dinilai untuk mengatasi kekhawatiran investor terkait transparansi dan replikabilitas data di pasar modal RI.
Reformasi tersebut mencakup peningkatan pengungkapan informasi kepada pemegang saham, perluasan kategori klasifikasi investor, persyaratan minimum free float, dan peningkatan alat pengawasan pasar.
""Langkah-langkah ini dimaksudkan untuk mengatasi kekhawatiran yang sebelumnya telah diidentifikasi terkait transparansi dan replikabilitas data. FTSE Russell akan terus memantau implementasi dan efektivitas langkah-langkah ini dan berinteraksi dengan pelaku pasar untuk mengumpulkan umpan balik,"" jelasnya.
| Baca juga: IHSG Hari Ini Dibuka Menguat ke 6.130 | 
Selanjutnya, FTSE akan memberikan penilaian terhadap pasar modal Indonesia jelang peninjauan indeks Desember 2026. Peninjauan tersebut akan mengacu pada perkembangan reformasi pasar modal Indonesia.
FTSE sendiri terus melakukan memantau terkait reformasi pasar modal Indonesia. Sebelumnya, lembaga penyedia indeks global itu juga melakukan penundaan beberapa peninjauan indeks untuk Indonesia pada Maret, Juni, dan September.
""FTSE Russell akan memberikan pembaruan tentang perlakuan terhadap sekuritas Indonesia menjelang peninjauan indeks Desember 2026, dengan mempertimbangkan kemajuan reformasi pasar dan umpan balik yang diterima dari para pemangku kepentingan,"" pungkasnya.
(ahi/ara)",finance
166,"Market Overview
Indeks Harga Saham Gabungan (IHSG) mengakhiri perdagangan Selasa (6/10) di zona hijau. IHSG naik 1,21% ke level 6.192,93.
Penguatan IHSG antara lain ditopang saham BYAN yang melesat 9,80%, disusul AMMN naik 6,89% dan MORA menguat 7,82%. Di sisi lain, sejumlah saham berkapitalisasi besar bergerak melemah, seperti BBCA yang turun 1,21%, BBRI terkoreksi 0,32%, dan BREN turun 1,02%.
Dari aktivitas investor, asing mencatatkan net sell Rp597,49 miliar di pasar reguler. Jika dihitung di seluruh pasar, nilai net sell mencapai Rp629,87 miliar.
Seluruh 11 sektor saham yang tercatat di BEI berakhir menguat. Sektor transportasi menjadi sektor dengan kenaikan paling tinggi, yakni 3,16%.
Sentimen positif juga terlihat dari pasar saham Amerika Serikat. Dow Jones naik 0,49% ke level 51.521, S&P 500 bertambah 0,58% ke 7.818, sedangkan Nasdaq menguat 0,45% ke 27.599.
BYAN menjadi salah satu saham yang memberikan kontribusi besar terhadap pergerakan IHSG. Saham tersebut naik 9,80% dan memberikan pengaruh sebesar 19,67 poin terhadap indeks. Pergerakan BYAN berkaitan dengan perkembangan transaksi akuisisi saham, termasuk peningkatan jumlah saham yang akan dialihkan menjadi 10,08 miliar saham dari sebelumnya 10 miliar saham. Perubahan tersebut menjadi bagian dari perkembangan struktur kepemilikan perseroan.
Sementara itu, ETF EIDO bergerak relatif datar dengan kenaikan 0,08%. Berbeda dengan EIDO, indeks MSCI Indonesia tercatat turun 0,31%.
| Baca juga: IHSG Hari Ini Dibuka Menguat ke 6.130 | 
Berita Emiten
PT Bukit Uluwatu Villa Tbk (BUVA)
BUVA mendapat lampu hijau untuk melaksanakan rights issue atau PMHMETD II. Perseroan memperoleh pernyataan efektif dari OJK pada 5 Oktober 2026.
Dalam aksi tersebut, BUVA menetapkan rasio 4:1 dan akan menerbitkan 6,15 miliar saham baru. Harga pelaksanaan ditetapkan sebesar Rp250 per saham, sehingga dana yang berpotensi diperoleh perseroan mencapai sekitar Rp1,54 triliun.
Dana hasil aksi korporasi tersebut akan digunakan untuk sejumlah kebutuhan pengembangan dan pembiayaan. BUVA mengalokasikan Rp426,34 miliar sebagai penyertaan modal untuk pengembangan West Resort Uluwatu.
Selanjutnya, Rp417,80 miliar akan digunakan untuk pelunasan dipercepat utang kepada Bank Mandiri. Perseroan juga menyiapkan Rp390,34 miliar untuk pembangunan Uluwatu Estate.
Adapun masing-masing Rp 150 miliar dialokasikan untuk renovasi Alila Ubud dan pengembangan Bintan Land. Bagi pemegang saham yang tidak menggunakan haknya dalam aksi tersebut, kepemilikannya berpotensi terdilusi maksimal 20%.
Perdagangan dan pelaksanaan HMETD dijadwalkan berlangsung pada 19-30 Oktober 2026. Sementara itu, cum-right di pasar reguler dan negosiasi ditetapkan pada 13 Oktober 2026, dengan recording date pada 15 Oktober 2026.
PT NexAI Digital Infrastruktur Tbk (MGLV)
MGLV melanjutkan pengembangan bisnis pusat data melalui dua anak usahanya.
Nextier Askara Center (NAC) mengambil alih sekaligus menambah kapasitas data center di Kawasan Industri Jababeka, Cikarang. Tambahan kapasitas sebesar 36 MW tersebut membuat total kapasitas JababekaDC menjadi 42 MW.
Di lokasi lain, Nextier GenAi Center (NGC) mengembangkan data center di KEK Industropolis Batang. Fasilitas BatangDC tersebut dirancang dengan kapasitas hingga 60 MW.
Untuk membiayai pengembangan kedua fasilitas tersebut, MGLV memberikan corporate guarantee atas fasilitas pinjaman BNI yang diterima NAC dan NGC. NAC memperoleh fasilitas pinjaman hingga Rp4,13 triliun, sedangkan NGC memperoleh fasilitas hingga Rp6,63 triliun.
Dengan demikian, total fasilitas yang terkait dengan kedua anak usaha tersebut mencapai Rp10,75 triliun. Nilai ini tercatat sebagai transaksi material karena setara dengan 94,14 kali ekuitas MGLV per 30 Juni 2026 yang sebesar Rp114,23 miliar.
Melalui pengembangan tersebut, MGLV menargetkan kapasitas data center yang dikelolanya dapat mencapai sekitar 102 MW. Angka tersebut meningkat signifikan dibandingkan kapasitas eksisting sebesar 6 MW di Jababeka.
PT IMC Pelita Logistik Tbk (PSSI)
PSSI menambah enam kapal baru untuk memperkuat armadanya. Penambahan tersebut terdiri dari dua kapal tunda atau tugboat dan empat tongkang atau barge.
Kapal-kapal tersebut memiliki kapasitas masing-masing lebih dari 10.000 ton dan dibangun di dua galangan kapal yang berada di Batam. Penambahan armada menjadi bagian dari program peremajaan kapal untuk mendukung kegiatan pengangkutan dry bulk.
Dengan tambahan enam unit tersebut, PSSI bersama entitas anak kini mengoperasikan total 47 unit armada per 30 September 2026.
Perseroan masih menyiapkan penambahan armada berikutnya. PSSI merencanakan dua set tugboat dan barge serta dua barge tambahan yang ditargetkan selesai pada akhir kuartal III 2026 hingga awal kuartal IV 2026.
Selain memperkuat bisnis pengangkutan batu bara, PSSI juga mulai menjajaki segmen liquid bulk. Langkah tersebut menjadi bagian dari upaya perseroan memperluas sumber pendapatan di luar bisnis angkutan batu bara.
Rekomendasi Saham Hari Ini
- ENRG - Buy 1060-1075 | TP 1095-1110 | SL 1010
- AMMN - Buy 4470-4490 | TP 4610-4740 | SL 4250
- BYAN - Buy 13300-13400 | TP 13600-13825 | SL 12575
- IATA - Buy 112-114 | TP 117-119 | SL 107
- MEDC - Buy 1425-1435 | TP 1460-1485 | SL 1360
Disclaimer: Ingat, bahwa segala analisis dan rekomendasi saham dalam artikel ini bersifat informatif sekaligus bukan merupakan ajakan untuk membeli atau menjual saham tertentu.
(ang/ang)",finance
167,"Indeks Harga Saham Gabungan (IHSG) lanjut menguat pada perdagangan pagi ini, Rabu (7/10/2026). Indeks saham menguat menyusul pengumuman FSTE Russell yang mempertahankan Indonesia pada status Secondary Emerging Market.
Berdasarkan data RTI Business, IHSG menguat 0,25% ke level 6.208,66 pagi ini. Namun begitu, indeks saham tercatat volatil dari awal pembukaan pada posisi 6.210,41.
Secara intraday hingga pukul 09.08 WIB, indeks saham sempat melemah pada level 6.191,25. Sementara level tertinggi IHSG pagi ini berada di posisi 6.214,76.
Volume perdagangan tercatat sebanyak 7,19 miliar dengan nilai transaksi sebesar Rp 1,18 triliun pukul 09.08 WIB. Frekuensi saham yang diperdagangkan tercatat sebanyak 148.759 kali.
Tercatat sebanyak 282 saham menguat, 219 saham melemah, dan 219 saham stagnan. Kapitalisasi pasar pagi ini tercatat sebanyak Rp 10.946 triliun.
Sebagai informasi, FTSE Russell mempertahankan status pasar modal Indonesia di Secondary Emerging Market. Hal tersebut diumumkan berdasarkan hasil klasifikasi tahunan yang diunggah dalam FTSE Equity Country Classification - September 2026 Annual Announcement.
Dalam pengumuman tersebut, FTSE tidak memasukkan pasar modal inovasi ke dalam daftar pemantauan (Watch List) atau negara yang berpotensi mengalami reklasifikasi status. Namun FTSE akan terus memantau perkembangan pasar modal RI dan berkomunikasi dengan pelaku pasar untuk penilaian berkelanjutan.
""Status Indonesia sebagai pasar negara berkembang sekunder tetap tidak berubah. FTSE Russell tidak memasukkan Indonesia ke dalam Daftar Pantauan dan akan terus memantau perkembangan pasar serta berinteraksi dengan pelaku pasar sebagai bagian dari penilaian berkelanjutan,"" tulis pengumuman FSTE dikutip dari laman resminya, Rabu (7/10/2026).
Tonton juga video ""Tanyadetikfinance IHSG Rontok Lagi, Apa yang Bikin Pasar Saham Indonesia Ditinggal Investor?""
(ahi/ara)",finance
168,"PT Bayan Resources Tbk (BYAN) tercatat melakukan transaksi jumbo di pasar negosiasi. Transaksi tersebut terjadi setelah pendiri BYAN, Low Tuck Kwong, menandatangani perjanjian jual beli saham bersyarat dengan Andi Syamsuddin Arsyad alias Haji Isam terhadap 10.084.088.370 saham perseroan.
Berdasarkan data transaksi RTI Business, tercatat transaksi BYAN di pasar negosiasi secara bertahap dengan harga Rp 2.588 per saham, yakni pukul 09.31 WIB sebanyak 166.666 lot, pukul 09.38 WIB sebanyak 50.000.000 lot, dan 09.39 WIB sebanyak 50.674.217 lot.
Jika dihitung dengan asumsi 1 lot setara 100 saham, total transaksi tersebut mencakup sekitar 10.084.088.300 lembar saham di pasar negosiasi pagi tadi. Dengan demikian, nilai transaksinya diperkirakan mencapai Rp 26,09 triliun.
Saat ini, BYAN tercatat melemah 6,13% ke harga Rp 12.625 per saham. Perseroan mencatat total volume perdagangan saham sebesar 6,49 juta dengan nilai transaksi sebesar Rp 85,05 miliar.
Low Tuck Kwong Lepas Saham
Kemudian berdasarkan keterbukaan informasi Bursa Efek Indonesia (BEI), Low Tuck Kwong tercatat baru melepas kepemilikan saham atas BYAN sebanyak 33.333.335 di harga Rp 11.025 per saham. Transaksi tersebut terjadi pada tanggal Selasa, 6 Oktober 2026.
Jika diakumulasi, Low Tuck Kwong meraup sekitar Rp 367,50 miliar dari penjualan saham tersebut. Kemudian untuk hak suara, menyusut menjadi 40,15% dengan total kepemilikan saham sebanyak 13.383.588.535 unit.
Perjanjian Jual Beli Saham
Diberitakan sebelumnya, BYAN mengubah perjanjian jual beli saham bersyarat dengan PT Jhonlin Baratama milik Haji Isam. Perubahan tersebut terkait transaksi penjualan saham Bayan milik Low Tuck Kwong dan Elaine Low.
Perubahan dilakukan terhadap Perjanjian Jual Beli Saham Bersyarat (PJBS) yang sebelumnya ditandatangani pada 16 September 2026. Perubahan perjanjian kemudian ditandatangani Dato' Low Tuck Kwong, Elaine Low, dan Jhonlin Baratama pada 1 Oktober 2026.
""Perubahan tersebut mencakup pembaruan atas jumlah saham biasa Perseroan yang akan dialihkan kepada Pembeli, yaitu dari semula sejumlah 10.000.000.500 saham biasa menjadi 10.084.088.370 saham biasa Perseroan,"" tulis manajemen Bayan Resources dalam keterbukaan informasi, dikutip Selasa (6/10/2026).
(acd/acd)",finance
169,"Indeks Harga Saham Gabungan (IHSG) ditutup melemah pada perdagangan hari ini. Pada penutupan pasar, IHSG tercatat di level 6.100.
Berdasarkan data RTI, Rabu (7/10/2026) IHSG ditutup pada level 6.146 atau minus 46,20 poin (0,75%). Sementara pada pembukaan IHSG sudah bertengger zona hijau di level 6.210.
IHSG berada di level tertingginya 6.214 dan terendahnya 6.135.Nilai transaksi indeks pada perdagangan hari ini mencapai Rp 36,16 triliun dengan melibatkan 48,18 miliar lembar saham yang diperdagangkan sebanyak 1.531.777 kali.
Sebanyak 258 saham hari ini menguat, 378 saham melemah dan 157 saham stagnan. IHSG secara bulanan minus 7,96%.
IHSG secara mingguan menguat 1,25%. Secara 6 bulanan, IHSG minus 15,82%. Lalu secara year to date melemah 28,91%.
(rea/ara)",finance
170,"Emiten milik konglomerat Andi Syamsuddin Arsyad alias Haji Isam, PT Jhonlin Agro Raya Tbk (JARR), menggadaikan sahamnya kepada PT Bank Mandiri (Persero) Tbk. Aksi korporasi ini dilakukan terhadap miliaran saham perseroan pada Rabu (30/9) lalu.
Dikutip dari Keterbukaan Informasi, gadai saham ditandai dengan penandatangan akta terhadap saham milik pengendali JARR yakni PT Eshan Agro Sentosa. Gadai saham ini dilakukan untuk peningkatan jaminan atas fasilitas kredit yang diterima JARR dari Bank Mandiri.
Akta gadai saham tersebut dibuat di hadapan notaris dan menjadi bagian dari pengikatan jaminan atas fasilitas kredit dari Bank Mandiri. Adapun jumlah saham yang digadaikan mencapai 100% atau setara 7,997,556,204 lembar saham yang dimiliki Eshan Agro Sentosa.
""Penandatangan Akta Gadai Saham milik PT Eshan Agro Sentosa, yang merupakan pengendali dari perseroan dalam rangka bagian dari pengikatan jaminan atas fasilitas kredit yang diperoleh perseroan dari PT Bank Mandiri (Persero) Tbk,"" tulis Direktur Utama JARR, Indra Irawan, dikutip dari Keterbukaan Informasi, Rabu (10/7/2026).
Perseroan menegaskan, gadai saham tidak mengubah pengendalian Eshan Agro Sentosa atas JARR. Selain itu, transaksi gadai saham tidak menyebabkan dilusi kepemilikan saham dan tidak mengubah jumlah modal ditempatkan maupun modal disetor JARR.
""Direksi perseroan memastikan bahwa transaksi tersebut melalui prosedur yang wajar dan sesuai peraturan perundangan yang berlaku,"" tutupnya.
(acd/acd)",finance
171,"Hal tersebut disampaikan Menteri Lingkungan Hidup/Kepala Badan Pengendalian Lingkungan Hidup (BPLH) Moh Jumhur Hidayat dalam Leader's Plenary pada Pre-COP Leader's Event di Fiji, Selasa (6/10/2026).
Jumhur mengatakan Indonesia telah menyampaikan Kontribusi yang Ditetapkan Secara Nasional atau Nationally Determined Contribution (NDC) sebagai arah menuju NZE 2060 atau lebih cepat.
Dalam pelaksanaannya, pemerintah menilai agenda penurunan emisi perlu tetap berjalan beriringan dengan pertumbuhan ekonomi, ketahanan energi, pengentasan kemiskinan, serta peningkatan ketahanan masyarakat.
""Kami mempercepat aksi iklim di seluruh sektor ekonomi melalui FOLU Net Sink 2030, mengurangi emisi dari limbah dan metana, serta melakukan transformasi industri-baik melalui dekarbonisasi industri yang sudah ada maupun pengembangan industri rendah karbon sejak tahap perancangannya,"" kata Jumhur dalam keterangan tertulis, Rabu (7/10/2026).
Ia menegaskan transisi energi Indonesia harus berlangsung secara adil, teratur, dan berpusat pada masyarakat, sembari memperkuat ketahanan energi, keterjangkauan, serta melindungi kelompok masyarakat yang rentan.
Jumhur menambahkan, keberhasilan agenda perubahan iklim tidak hanya ditentukan oleh besarnya komitmen yang disampaikan dalam forum internasional, tetapi juga oleh kemampuan negara-negara untuk memastikan implementasi yang konkret, terukur, dan memberikan manfaat nyata bagi masyarakat.
""Tantangan dunia saat ini bukan lagi sekadar meningkatkan ambisi, melainkan memastikan bahwa ambisi tersebut benar-benar diwujudkan melalui implementasi yang konkret,"" ujar Jumhur.
Jumhur mengatakan, Persetujuan Paris tetap menjadi acuan dalam menghadapi perubahan iklim. Terlebih, ruang untuk menjaga kenaikan suhu global pada batas 1,5 derajat Celsius semakin menyempit.
""Persetujuan Paris menjadi kompas kita. Namun, ketika ruang untuk menjaga kenaikan suhu 1,5 derajat Celsius semakin menyempit, tugas kita adalah menjembatani komitmen global menjadi hasil nyata, dengan berpedoman pada keadilan serta prinsip tanggung jawab bersama namun berbeda sesuai kemampuan masing-masing negara (common but differentiated responsibilities),"" jelasnya.
Pre-COP31 diselenggarakan di Fiji dan Tuvalu pada 5-9 Oktober 2026 sebagai rangkaian persiapan menuju United Nations Climate Change Conference (COP31) yang akan digelar di Antalya, Turki pada 9-20 November 2026.
Hasil utama dari Pre-COP Leader's Event yang berlangsung satu hari pada 6 Oktober 2026 adalah diadopsinya Deklarasi Taku Pakasoa, sebagai bentuk dukungan masyarakat global, khususnya bagi Negara-Negara Berkembang Pulau Kecil (Small Island Developing States/SIDS).
Lalu terhadap negara-negara sedang Berkembang (Least Developing Countries/LDC) dalam rangka meningkatkan upaya mitigasi dan mengatasi dampak perubahan iklim, meningkatkan ketahanan terhadap risiko kerugian dan kerusakan yang tidak dapat dipulihkan.
Sebagai salah satu SIDS di kawasan Pasifik yang sangat rentan terhadap dampak perubahan iklim, Tuvalu terus menyuarakan urgensi aksi iklim global, khususnya dalam menghadapi ancaman kenaikan permukaan laut. Apabila aksi adaptasi ini tidak dilakukan, maka menyebabkan negara-negara kecil tersebut akan hilang.
Rangkaian Pre-COP31 dihadiri oleh perwakilan dari lebih dari 50 negara, termasuk para kepala negara/pemerintahan, menteri, pejabat tinggi pemerintah, negosiator perubahan iklim serta organisasi internasional. (ily/ara)",finance
172,"Pengembangan biomethane yang memanfaatkan limbah pabrik kelapa sawit di Sumatera Selatan kini mulai mendekati tahap akhir pengembangan. PT Perusahaan Gas Negara (Persero) Tbk (PGN) berkolaborasi Toyota Tsusho Indonesia (TTI) dan PT KIS Biofuels Indonesia (KIS) untuk mengoptimasi pemanfaatan biomethane tersebut dalam rangka memastikan kesediaan pasokan energi domestik masa depan.
PGN hadir dalam groundbreaking biomethane plant yang dikembangkan oleh TTI dan KIS, Senin (5/10/2026). Fasilitas ini memanfaatkan limbah organik kelapa sawit yang ditargetkan memproduksi biomethane sekitar 150.000 MMBTU per tahun.
Inisiatif ini merupakan inisiatif pertama di Indonesia yang memproduksi biomethane di Sumatera dimana wilayah tersebut terdapat banyak pabrik kelapa sawit. Proyek ini juga merupakan bentuk konkret dari Momerandum of Understanding (MoU) terkait pengembangan biomethane di Indonesia antara PGN dan TTI pada 2022 lalu.
Dalam kerja sama ini, PGN berperan sebagai offtaker atau pembeli utama biomethane tersebut. Selain itu, PGN juga berperan sebagai transporter dimana biomethane yang diproduksi oleh PT KIS Toyota Tsusho Biomethane Indonesia (KTBI), perusahaan patungan antara KIS dan TTI, akan disalurkan ke Toyota Motor Manufacturing Indonesia (TMMIN) dan industri lainnya melalui jaringan pipa yang dimiliki oleh PGN.
""Kami mengapresiasi TTI dan KIS yang telah memulai pembangunan fasilitas biomethane ini. Bagi PGN, ini adalah langkah penting untuk menghadirkan gas terbarukan dari sumber domestik ke dalam rantai pasok energi nasional. PGN siap mendukung melalui infrastruktur dan kapabilitas niaga yang kami miliki agar biomethane dapat dimanfaatkan oleh sektor industri,"" ujar Corporate Secretary PGN Fajriyah Usman dalam keterangan tertulis, Selasa (6/10/2026).
Pemanfaatan biomethane menggunakan infrastruktur yang telah tersedia pada saat menggunakan gas bumi, sehingga pelanggan dapat melakukan peralihan bahan bakar ke biomethane melalui modifikasi infrastruktur yang minimal.
Selain untuk ketahanan energi domestik, pemanfaatan biomethane dapat melengkapi penggunaan gas bumi yang terus meningkat seiring dengan berkembangnya upaya dekarbonisasi di sektor industri.
Pemanfaatan limbah cair pabrik kelapa sawit atau POME sebagai bahan baku biomethane memberikan manfaat lingkungan yang signifikan. Metana yang sebelumnya terlepas ke atmosfer dapat ditangkap dan diolah menjadi energi, sehingga mendukung penurunan emisi gas rumah kaca serta target NDC dan Net Zero Emission 2060. Proyek ini juga memperkuat hilirisasi sektor kelapa sawit dengan mengubah limbah menjadi energi bernilai ekonomi.
Menurut Fajriyah, biomethane memiliki peran strategis dalam mendukung swasembada energi dan dekarbonisasi industri. ""Ketika biomethane ini mulai berproduksi, industri seperti TMMIN akan memiliki akses terhadap energi rendah karbon yang mendukung daya saing di tengah tuntutan rantai pasok hijau global. Kami berharap model kolaborasi ini dapat direplikasi di daerah penghasil sawit lainnya,"" tambahnya.
PGN akan terus memperkuat kolaborasi dengan berbagai mitra dalam mengembangkan bisnis rendah karbon, termasuk biomethane, sebagai bagian dari komitmen perusahaan mendukung ketahanan energi nasional dan transisi energi.
Tonton juga video ""Mencari Tahu Asal Semburan Air Berbau Gas di Rungkut Surabaya""
(akd/ega)",finance
173,"Menteri Koordinator Bidang Perekonomian Airlangga Hartarto mengatakan produk panel surya asal Indonesia dikenakan tarif bea masuk hingga 104% di Amerika Serikat (AS). Kondisi membuat pemerintah enggan melanjutkan ekspor produk ini dan pilih untuk menggunakannya di dalam negeri.
Ia menjelaskan kondisi ini berawal dari kondisi Indonesia yang memiliki kapasitas produksi panel surya yang telah mendekati 11 gigawatt (GW). Karena sudah memiliki kapasitas terpasang yang besar, banyak produk panel surya Indonesia kemudian diekspor ke AS.
Namun, lonjakan kinerja ekspor yang cukup signifikan ke Negeri Paman Sam itu, pemerintahan Presiden AS Donald Trump justru malah mengenakan tarif impor yang sangat tinggi. Hal ini dimaksudkan untuk menjaga pasar Paman Sam dari gempuran panel surya Indonesia.
""Beberapa rantai yang kita harus jaga yaitu dari segi bahan baku tentu energi, dan energi ini bisa juga dari surya yang relatif Indonesia sudah mempunyai kapasitas produksi mendekati 11 gigawatt dan ekspor Indonesia naik ke Amerika dalam 1 tahun lebih dari 100% tetapi dampaknya juga langsung Indonesia dikenakan bea masuk untuk solar panel 104%"" kata Airlangga dalam acara BIG Downstream Insight, Jakarta Selatan, Selasa (6/10/2026).
Airlangga mengatakan pengenaan tarif 104% tersebut secara otomatis menutup pintu perdagangan solar panel Indonesia ke AS. Atas dasar inilah pemerintah kemudian mengalihkan fokus untuk menyerap semua produksi dalam negeri melalui program listrik bersih 100 gigawatt peak (GWp).
""Dipastikan kita tidak bisa lagi ekspor solar panel ke Amerika. Oleh karena itu Bapak Presiden mendorong bahwa ini untuk meningkatkan domestic demand dengan agenda untuk mendorong 100 gigawatt peak daripada solar panel,"" jelasnya.
Menurutnya pengalihan produk panel surya ke pasar dalam negeri ini nantinya akan ditingkatkan dengan pengembangan sistem penyimpanan energi (Battery Energy Storage System/BESS) guna memperkuat ekosistem baterai nikel nasional.
""Nah ini nanti diperkirakan dari renewable energy, solar panel beserta battery storage system yang sangat mendukung ekosistem baterai yang sudah disiapkan oleh Indonesia yang berbasis kepada nikel,"" pungkas Airlangga.
Tonton juga video ""Bahaya Tersembunyi di Balik Energi Surya Eropa""
(igo/fdl)",finance
174,"Utusan Khusus Presiden Bidang Iklim dan Energi, Hashim Djojohadikusumo, mengungkap sejumlah program pemerintah di sektor energi. Salah satunya adalah pengembangan energi nuklir.
Berdasarkan informasi yang diterimanya, PT Perusahaan Listrik Negara (Persero) atau PLN menargetkan kapasitas 7 gigawatt (GW) dari pengembangan pembangkit listrik tenaga nuklir (PLTN). Pengembangan energi nuklir ini menjadi salah satu upaya pemerintah untuk mengurangi dampak konflik di Timur Tengah terhadap sektor energi.
""Informasi terakhir yang saya terima dari Pak Darmawan (Direktur Utama PLN) target 7 gigawatt telah dimasukkan ke dalam pemetaan rencana induk energi nasional kita,"" ungkapnya dalam acara International Sustainability Forum di Hotel Kempinski, Jakarta, Selasa (6/10/2026).
Hashim mengatakan, perekonomian suatu negara akan sangat rentan jika bergantung pada sumber energi luar negeri. Karenanya pemerintah menargetkan sejumlah kebijakan untuk memperkuat ketahanan energi domestik, termasuk mendorong pengembangan biofuel.
""Kita semua menyadari betapa rentannya perekonomian suatu negara apabila terlalu bergantung pada sumber energi luar negeri, terlebih dari kawasan dengan situasi politik yang tidak stabil. Oleh sebab itu, pemerintah terus melanjutkan program biofuel,"" jelasnya.
Hashim menambahkan, pemerintah tengah menyiapkan strategi energi hijau dengan menargetkan kapasitas terpasang pembangkit listrik tenaga surya (PLTS) mencapai 100 gigawatt (GW). PLN juga disebut terbuka untuk berdiskusi mengenai pengembangan proyek PLTS dengan kapasitas tersebut.
""Pemerintah telah mengumumkan strategi energi hijau berupa target kapasitas terpasang pembangkit listrik tenaga surya (PLTS) sebesar 100 gigawatt. Bagi Anda yang berminat, Pak Darmawan Prasodjo selaku Direktur Utama PLN turut hadir di sini, saya yakin Pak Darmawan sangat terbuka untuk berdiskusi terkait proyek 100 gigawatt ini,"" pungkasnya.
Tonton juga video ""Prabowo Ingin Setiap Desa Minimal Punya PLTS 1 Megawatt""
(acd/acd)",finance
175,"Menteri Koordinator (Menko) Bidang Pangan, Zulkifli Hasan (Zulhas), mengatakan pemerintah akan membuka lahan baru untuk mendukung campuran bahan bakar minyak (BBM) etanol 20% atau E20. Langkah ini dilakukan untuk memenuhi kebutuhan tebu sebagai bahan baku produksi gula sekaligus etanol.
Zulhas menjelaskan, bahan baku etanol untuk campuran E20 tidak hanya berasal dari tebu, tetapi juga singkong dan komoditas lainnya. Namun ia mengatakan pasokan bahan baku saat ini masih terbatas.
""Ya kebunnya ditambah, ya E20 itu ya antara lain bisa dari tebu, bisa dari singkong, bisa dari yang lain. Kalau sekarang kan kurang kan, jadi kalau kita mau tebu ya harus buka kebun baru,"" ungkap Zulhas kepada wartawan di Hotel Kempinski, Jakarta, Selasa (6/10/2026).
Dalam kesempatan terpisah, Zulhas mengatakan E20 menjadi salah satu dari lima mesin pertumbuhan yang memperkuat daya saing Indonesia. Kelima mesin pertumbuhan itu di antara hutan dan lahan, energi salah satunya B50 dan E20, industri hijau, sektor strategis pertanian, hingga pengelolaan limbah sampah.
Sebelumnya, Menteri Pertanian Andi Amran Sulaiman mengatakan pemerintah akan membuka lahan baru seluas sekitar 1-2 juta hektare untuk menanam tiga komoditas utama bahan baku E20, yakni tebu, singkong, dan jagung. Pemerintah juga akan mendorong pembangunan pabrik etanol di berbagai daerah dengan melibatkan investasi dari swasta dan BUMN.
Menurut Amran, pengembangan etenol ini menjadi bagian dari upaya mendorong kemandirian energi. Proyek ini disebut bisa menghemat devisa mencapai US$ 30 miliar atau sekitar Rp 500 triliun per tahun.
""Etanol ini butuh lahan 1-2 juta hektar dengan tiga komoditas strategis. Insya Allah kita akan bangun pabriknya kita gerakan masif di seluruh Indonesia. Iya, lahan baru,"" ungkap Amran usai rapat di kediamannya di Kalibata, Jakarta, Senin (21/9).
Tonton juga video ""Pemandangan Langit Singapura saat Diselimuti Kabut Asap Karhutla""
(acd/acd)",finance
176,"PT Danantara Investment Management (DIM) mengumumkan investasi strategis senilai US$ 250 juta atau sekitar Rp 4,47 triliun (asumsi kurs Rp 17.891) di HighPeak Energy, Inc (NASDAQ: HPK). Perusahaan yang berbasis di Texas itu bergerak di bidang akuisisi, pengembangan, eksplorasi, serta eksploitasi minyak dan gas bumi di Permian Basin.
Investasi tersebut dilakukan melalui penerbitan saham preferen konvertibel (Convertible Preferred Stocks) secara bertahap. Lewat aksi korporasi ini, Danantara mendapat akses strategis ke portofolio aset minyak HighPeak di Permian Basin.
Investasi tersebut sekaligus memperluas portofolio energi Indonesia di pasar global, sejalan dengan misi DIM untuk berinvestasi di sektor strategis. Sementara itu, HighPeak akan menggunakan dana investasi untuk memperkuat permodalan dan fleksibilitas keuangan guna mendukung pengembangan aset serta pertumbuhan bisnis perusahaan.
""Investasi ini sejalan dengan mandat kami untuk berinvestasi di sektor strategis yang memberikan imbal hasil berkelanjutan dalam jangka panjang sekaligus mendukung kepentingan nasional Indonesia,"" ujar Chief Executive Officer (CEO) DIM, Pandu Sjahrir, dalam keterangan tertulisnya, Selasa (6/10/2026).
Permian Basin dikenal sebagai wilayah penghasil minyak mentah terbesar di Amerika Serikat (AS) dengan kontribusi sebesar 48% dari total produksi negara tersebut selama tahun 2025. Kemudian sejak tahun 2007, pertumbuhan produksi wilayah ini didorong oleh penerapan teknik pengeboran horizontal dan rekahan hidrolik atau fracking (hydraulic fracturing).
Jika kondisi reservoir mendukung, teknik tersebut juga dapat diterapkan pada lapangan migas darat yang sudah matang untuk meningkatkan produktivitas sumur dan perolehan migas. Model ini dinilai relevan untuk Indonesia dalam upaya meningkatkan produksi minyak dan gas bumi domestik.
Setelah transaksi rampung, HighPeak akan menyiapkan program pelatihan dan penugasan bagi tenaga kerja Indonesia untuk meningkatkan kapabilitas sekaligus mendorong pertukaran keahlian teknis.
Dalam kesepakatan investasi tersebut, DIM juga mendapat perlindungan terhadap penurunan nilai investasi serta peluang memperoleh keuntungan dari kenaikan nilai ekuitas melalui konversi menjadi saham biasa. DIM juga memiliki opsi untuk ikut dalam penawaran saham HighPeak berikutnya melalui private placement.
Selain itu, DIM juga akan menempatkan satu perwakilan di jajaran direksi HighPeak. Pandu menegaskan, investasi ini menjadi bagian dari upaya Danantara membangun platform investasi yang terdiversifikasi secara global.
""Kami berharap kerja sama ini dapat memfasilitasi transfer pengetahuan yang mendukung pengembangan sektor energi Indonesia,sekaligus memperkuat hubungan energi dan ekonomi yang telah lama terjalin antara Indonesia danAmerika Serikat,"" jelasnya.
Sementara itu, HighPeak menilai kerja sama dengan DIM akan mempercepat pengembangan portofolio aset minyaknya di Permian Basin. Investasi tersebut akan mendukung pengembangan aset secara berkelanjutan, termasuk melalui perluasan program pengeboran.
Kemitraan ini juga mempertemukan kedua pihak yang memiliki fokus jangka panjang untuk mendorong pertumbuhan bisnis dan menciptakan nilai secara berkelanjutan.
""Kami percaya kerja sama dengan DIM akan mengakselerasi pengembangan aset tersebut melalui investasi berkelanjutan, termasuk perluasan program pengeboran. Kemitraan ini mempertemukan para investor jangka panjang yang memiliki komitmen yang sama terhadap pertumbuhan dan penciptaan nilai yang berkelanjutan,"" ungkap Presiden dan Chief Executive Officer HighPeak, Michael Hollis.
(acd/acd)",finance
177,"Danantara Indonesia, melalui holding investasinya, PT Danantara Investment Management (DIM), mengumumkan investasi senilai US$ 250 juta atau Rp 4,45 triliun (kurs Rp 17.800) ke perusahaan Amerika Serikat(AS), HighPeak Energy, Inc. (NASDAQ: HPK).
Perusahaan tersebut berbasis di Texas, dan bergerak di bidang akuisisi, pengembangan, eksplorasi, serta eksploitasi minyak dan gas bumi di Permian Basin. Transaksi investasi ini dilakukan melalui penerbitan saham preferen konvertibel (Convertible Preferred Stocks) dalam beberapa tahap.
Chief Executive Officer DIM, Pandu Sjahrir menyebut investasi ini memberikan akses strategis terhadap portofolio aset yang didominasi minyak di Permian Basin, wilayah penghasil minyak terbesar di Amerika Serikat.
""Posisi strategis HighPeak di salah satu pasar hulu minyak dan gas bumi paling maju di dunia menjadikannya peluang investasi yang potensial seiring dengan upaya kami membangun platform investasi yang terdiversifikasi secara global,"" ujar Pandu dalam keterangan tertulis, Selasa (6/10/2026).
HighPeak akan menggunakan investasi tersebut untuk memperkuat struktur permodalan dan fleksibilitas keuangan perusahaan, guna mendukung pengembangan dan pertumbuhan portofolio aset berkualitasnya secara berkelanjutan.
""Kami berharap kerja sama ini dapat memfasilitasi pertukaran keterampilan yang mendukung pengembangan sektor energi Indonesia, sekaligus memperkuat hubungan energi dan ekonomi yang telah lama terjalin antara Indonesia dan Amerika Serikat,"" tambah Pandu.
Permian Basin merupakan wilayah penghasil minyak mentah terbesar di Amerika Serikat, yang menyumbang sebesar 48% dari total produksi Amerika Serikat selama tahun 2025, menurut Badan Informasi Energi Amerika Serikat (U.S. Energy Information Administration).
Sejak tahun 2007, pertumbuhan produksi di wilayah ini didorong utamanya oleh penerapan teknik pengeboran horizontal dan rekahan hidrolik atau fracking (hydraulic fracturing).
Apabila kondisi reservoir mendukung, teknik-teknik ini juga dapat diterapkan pada lapangan migas darat yang telah matang untuk meningkatkan produktivitas sumur dan perolehan migas, sehingga dapat menjadi model yang relevan bagi Indonesia dalam upayanya meningkatkan produksi minyak dan gas bumi domestik.
 
Setelah transaksi diselesaikan, HighPeak akan mengembangkan program pelatihan dan penugasan kerja (secondment) bagi tenaga kerja Indonesia, untuk mendukung pengembangan kapabilitas dan pertukaran keahlian teknis.
Berdasarkan ketentuan investasi, DIM akan memperoleh perlindungan terhadap penurunan nilai investasi, dengan kesempatan untuk memperoleh manfaat dari kenaikan nilai ekuitas di masa mendatang melalui konversi menjadi saham biasa.
DIM juga memiliki opsi untuk berpartisipasi dalam penawaran saham HighPeak berikutnya melalui penempatan terbatas (private placement). Selain itu, DIM akan menempatkan satu perwakilan di jajaran direksi HighPeak.
(ily/hns)",finance
178,"Permintaan listrik di Indonesia diproyeksikan terus meningkat dalam beberapa tahun mendatang. Total konsumsi listrik diperkirakan naik dari 539 terawatt hour (TWh) pada 2025 menjadi 1.813 TWh pada 2060.
Sekitar 28% permintaan listrik diperkirakan berasal dari rumah tangga, sedangkan kendaraan listrik (EV) menyumbang sekitar 11% dari total permintaan. Peningkatan kebutuhan listrik diperkirakan sejalan dengan pertumbuhan ekonomi dan proses elektrifikasi untuk mencapai target net zero emissions.
Penelitian Tenggara Strategics dan Centre for Strategic and International Studies (CSIS) Indonesia menunjukkan program konversi kompor LPG ke kompor induksi atau kompor listrik dapat menjadi salah satu sumber tambahan permintaan listrik terbesar dari sektor rumah tangga.
Jika dijalankan secara penuh, program tersebut diperkirakan menciptakan permintaan listrik baru antara 27,62 gigawatt (GW) hingga 53,43 GW. Besarnya tambahan permintaan bergantung pada tingkat efisiensi kompor induksi yang digunakan.
Dengan tambahan permintaan tersebut, program konversi kompor LPG ke kompor induksi dinilai dapat menjadi sumber permintaan listrik untuk mendukung program energi surya 100 GWp.
Saat ini, penggunaan LPG menyumbang sekitar 41,46% dari total konsumsi energi rumah tangga. Di sisi lain, Indonesia masih bergantung pada impor untuk memenuhi kebutuhan LPG. Sekitar 77,6% kebutuhan LPG nasional dipenuhi dari impor.
Konversi kompor LPG ke kompor induksi diperkirakan dapat mengurangi kebutuhan impor LPG. Penggunaan kompor induksi yang lebih efisien juga berpotensi mengurangi kebutuhan subsidi.
Selain rumah tangga, kendaraan listrik menjadi sumber tambahan permintaan listrik. Elektrifikasi transportasi juga diproyeksikan mengurangi ketergantungan Indonesia terhadap impor bensin.
Pada 2025, sekitar 23.660 kiloliter (KL), atau sekitar 65% konsumsi bensin nasional, masih dipenuhi melalui impor. Setiap tambahan 1 juta kendaraan listrik diperkirakan dapat menghemat sekitar 1.250 KL konsumsi bensin per tahun.
Pengembangan industri kendaraan listrik di dalam negeri juga diperkirakan dapat menciptakan hingga 500.000 lapangan kerja baru. Dengan demikian, elektrifikasi transportasi tidak hanya berdampak pada konsumsi BBM, tetapi juga kebutuhan listrik dan pengembangan industri.
Kebutuhan listrik juga datang dari aktivitas industrialisasi, terutama hilirisasi mineral dan pusat data.
Hilirisasi nikel diperkirakan membutuhkan tambahan sekitar 13,6 GW kapasitas pembangkit listrik captive berdasarkan RUPTL 2025-2034. Sementara itu, pengembangan pusat data diproyeksikan menambah permintaan listrik sekitar 1,7 GW hingga pertengahan 2027.
Kebutuhan listrik dari kedua sektor tersebut diperkirakan terus meningkat seiring dengan ekspansi industri hilir dan pertumbuhan pusat data.
Hasil penelitian Tenggara Strategics dan CSIS Indonesia tersebut dipaparkan dalam rangkaian Indonesia International Sustainability Forum (IISF) 2026. Acara dibuka dengan sambutan Direktur Eksekutif CSIS Indonesia Yose Rizal Damuri yang membahas peluang elektrifikasi serta kebutuhan untuk memastikan tambahan permintaan listrik dipenuhi dengan energi yang lebih hijau.
Direktur Konservasi Energi Direktorat Jenderal EBTKE Kementerian ESDM Gigih Udi Atmo menyampaikan keynote speech mengenai pentingnya efisiensi dalam pelaksanaan elektrifikasi agar dapat mendukung ketahanan energi.
Salah satu contohnya adalah konversi kompor LPG ke kompor listrik. Selain mengurangi ketergantungan terhadap LPG, kompor induksi memiliki efisiensi energi yang lebih tinggi dibandingkan kompor LPG.
Dalam diskusi panel, CEO Climate Group Helen Clarkson, OBE, membahas permintaan energi terbarukan dari perusahaan global yang tergabung dalam RE100.
Sekitar 35% anggota RE100 beroperasi di Indonesia. Karena itu, kemampuan Indonesia menyediakan energi hijau menjadi salah satu faktor yang diperhatikan perusahaan-perusahaan tersebut untuk terus beroperasi di Indonesia.
Ketua Umum Indonesia Data Center Provider Organization (IDPRO) Hendra Suryakusuma mengatakan kebutuhan listrik pusat data juga terus meningkat. Permintaannya naik dari 640 MW pada awal tahun ini menjadi 1,7 GW pada pertengahan 2027.
Sekitar 30% anggota IDPRO menargetkan net zero pada 2030. Sektor pusat data juga berpotensi mendukung pengadaan energi terbarukan melalui program energi surya 100 GWp.
""PLN terus memastikan kesiapan penyediaan listrik untuk menjawab kebutuhan energi yang terus meningkat. Salah satu langkah yang kami lakukan adalah melalui pengembangan energi surya 100 GWp secara bertahap, yang pada fase pertama difokuskan untuk mengurangi konsumsi diesel di wilayah yang belum terintegrasi dengan jaringan listrik konvensional, melalui pengembangan PLTS atap maupun PLTS terapung,"" ujar Tri Hardimasyar, EVP Manajemen Aset dan Sistem Manajemen Terintegrasi PT PLN (Persero).
Tonton juga video ""Bahlil Usul Anggaran Rp 815 M buat Program Kompor Listrik""
(fdl/fdl)",finance
179,"Bahlil Lahadalia punya dua jabatan dalam Kabinet Merah Putih yang dipimpin oleh Presiden Prabowo Subianto. Satu sebagai Menteri Energi dan Sumber Daya Mineral (ESDM), satu lagi Menteri Koordinator Bidang Hilirisasi dan Transisi Energi.
Meski rangkap jabatan, Bahlil memastikan tidak ada tambahan gaji ia terima. Ia mengatakan dapat gaji sebagai Menteri ESDM. Hal ini lantaran ia tidak ingin ada pemborosan anggaran negara dengan memberikan gaji tambahan kepada dirinya.
""Penambahan Menko baru ini bukan berarti kita harus melakukan pemborosan. Saya nggak mau, saya tipe saya bukan seperti itu. Jadi kami sudah menyampaikan bahwa Menko Hilirisasi ini karena menterinya satu, jadi kita memakai anggaran dari Kementerian ESDM. Tidak ada Kemenko, nanti di situ dibagi. Yang kedua gajinya juga satu aja, gaji Menteri ESDM, sekalipun dua Keppres gajinya satu aja,"" kata Bahlil di Hotel Raffles, Jakarta, Rabu (7/10/2026).
Bahlil mengatakan untuk saat ini payung hukum berupa Peraturan Presiden (Perpres) yang mengatur terkait struktur hingga ruang lingkup yang diatur Kemenko baru tersebut saat ini masih dalam tahap pembahasan.
Bahkan untuk saat ini, sebagai Menko Hilirisasi dan Transisi Energi, Kementerian yang dipimpinnya beroperasi dengan masih sangat terbatas karena belum memiliki jajaran pejabat definitif. ""Saya mudah-mudahan fit and proper test-nya lulus, saya belum punya deputi, belum punya Sesmen, jadi ketik masih ketik sendiri,"" tambahnya.
Terkait kementerian apa saja yang ada di bawah Kemenko Hilirisasi dan Investasi, Bahlil menyampaikan saat ini setidaknya baru ada dua kementerian yang dipastikan akan berada di bawah koordinasinya yakni Kementerian ESDM serta Kementerian Investasi dan Hilirisasi.
""Saya katakan sejak dari pelantikan bahwa kami lagi melakukan konsolidasi. Kementerian apa saja di bawah kami belum 100% selesai. Tapi saya sedikit memberikan bocoran bahwa kemungkinan besar yang sudah pasti itu adalah ESDM, sama Kementerian Investasi dan Hilirisasi, itu sudah pasti,"" jelas Bahlil.
Selain kedua kementerian tersebut, Bahlil memperkirakan Kementerian Perindustrian (Kemenperin) juga akan berada di bawah koordinasi Kemenko Hilirisasi dan Transisi Energi. Hal ini mengingat program hilirisasi tak lepas dari upaya pemerintah dalam mendorong percepatan industrialisasi nasional.
""Yang mungkin ada satu dua kementerian lagi yang terkait dengan hilirisasi. Kalau kita bicara hilirisasi kan kita bicara industrialisasi, karena instrumen daripada hilirisasi untuk mencapai nilai tambah ya industri. Mungkin juga, mungkin ya, mungkin Kementerian Perindustrian,"" pungkasnya.
Tonton juga video ""Bahlil Kini Rangkap Jabatan Menko Hilirisasi dan Menteri ESDM""
(hrp/fdl)",finance
180,"Menteri Energi dan Sumber Daya Mineral (ESDM) sekaligus Menteri Koordinator Bidang Hilirisasi dan Transisi Energi, Bahlil Lahadalia, membeberkan perkembangan terbaru terkait pembentukan Kementerian Koordinator (Kemenko) Bidang Hilirisasi dan Transisi Energi yang baru dibentuk.
Ia mengatakan untuk saat ini payung hukum berupa Peraturan Presiden (Perpres) yang mengatur terkait struktur hingga ruang lingkup yang diatur Kemenko baru tersebut saat ini masih dalam tahap pembahasan.
""Saya baru dilantik hari Kamis menjadi Menko Hilirisasi dan Transisi Energi sekaligus merangkap menjadi menteri ESDM, dan strukturnya saja, Perpresnya masih pembahasan,"" ujarnya di Hotel Raffles, Jakarta Selatan, Rabu (7/10/2026).
Bahkan untuk saat ini, sebagai Menko Hilirisasi dan Transisi Energi, Kementerian yang dipimpinnya beroperasi dengan masih sangat terbatas karena belum memiliki jajaran pejabat definitif.
""Saya mudah-mudahan fit and proper test-nya lulus, saya belum punya deputi, belum punya Sesmen, jadi ketik masih ketik sendiri,"" tambahnya.
Bahlil mengatakan pemerintah saat ini masih melakukan konsolidasi internal terkait jajaran kementerian yang akan berada di bawah koordinasi Kemenko baru tersebut. Untuk saat ini setidaknya baru ada dua kementerian yang dipastikan akan berada di bawah koordinasinya yakni Kementerian ESDM serta Kementerian Investasi dan Hilirisasi.
""Saya katakan sejak dari pelantikan bahwa kami lagi melakukan konsolidasi. Kementerian apa saja di bawah kami belum 100% selesai. Tapi saya sedikit memberikan bocoran bahwa kemungkinan besar yang sudah pasti itu adalah ESDM, ya, sama Kementerian Investasi dan Hilirisasi, itu sudah pasti,"" jelas Bahlil.
Selain kedua kementerian tersebut, Bahlil memperkirakan Kementerian Perindustrian (Kemenperin) juga akan berada di bawah koordinasi Kemenko Hilirisasi dan Transisi Energi. Hal ini mengingat program hilirisasi tak lepas dari upaya pemerintah dalam mendorong percepatan industrialisasi nasional.
""Yang mungkin ada satu dua kementerian lagi yang terkait dengan hilirisasi. Kalau kita bicara hilirisasi kan kita bicara industrialisasi, karena instrumen daripada hilirisasi untuk mencapai nilai tambah ya industri. Mungkin juga, mungkin ya, mungkin Kementerian Perindustrian,"" pungkasnya.
Tonton juga video ""Bahlil Kini Rangkap Jabatan Menko Hilirisasi dan Menteri ESDM""
(igo/fdl)",finance
181,"Menteri Koordinator Bidang Hilirisasi dan Transisi Energi, Bahlil Lahadalia, menyebut Kemenko baru yang dipimpinnya itu belum memiliki pagu anggarannya sendiri. Untuk saat ini seluruh biaya operasional Kemenko masih menggunakan dana dari anggaran Kementerian Energi dan Sumber Daya Mineral (ESDM) yang juga dipimpinnya.
""Belum punya anggaran tapi nggak apa-apa kita akan optimalkan dari Kementerian ESDM. Saya juga menyampaikan bahwa anggaran untuk Menko Hilirisasi dan Transisi Energi, semua anggarannya memakai anggaran ESDM,"" kata Bahlil saat ditemui di Hotel Raffles, Jakarta Selatan, Rabu (7/10/2026).
Karena biaya operasionalnya yang masih mengandalkan anggaran ESDM, Bahlil menegaskan bahwa kehadiran Kemenko baru tersebut untuk saat ini tidak akan menambah beban APBN.
""Jadi jangan sampai media bilang ini karena menambah Kementerian, pemborosan uang negara, nggak ada. Gaji menterinya juga cuma satu, gaji Menteri ESDM. DIPA-nya juga cuma satu, DIPA Menteri ESDM. Ruang lingkup dan koordinasinya saja yang berbeda,"" ujarnya.
""Saya mengatakan bahwa dengan penambahan Menko baru ini bukan berarti kita harus melakukan pemborosan. Saya nggak mau, saya tipe saya bukan seperti itu,"" sambung Bahlil.
Untuk itu ia kembali menegaskan bahwa untuk saat Kemenko Hilirisasi dan Transisi Energi belum memiliki pagu anggaran. Jadi seluruh biaya operasional akan ditanggung oleh Kementerian ESDM.
""Jadi kami sudah menyampaikan bahwa Menko Hilirisasi ini karena menterinya satu, jadi kita memakai anggaran dari Kementerian ESDM. Tidak ada Kemenko, nanti di situ dibagi,"" tegasnya.
Tonton juga video ""Bahlil Kini Rangkap Jabatan Menko Hilirisasi dan Menteri ESDM""
(igo/fdl)",finance
182,"Menteri Energi dan Sumber Daya Mineral (ESDM) Bahlil Lahadalia menyebut negara akan hemat subsidi listrik hingga Rp 73 triliun jika pembangunan pembangkit listrik tenaga surya (PLTS) berkapasitas 100 gigawatt peak (GWp) rampung.
Bahlil menyampaikan program PLTS 100 GW membutuhkan investasi sebesar US$ 73 miliar. Adapun program ini telah resmi dimulai di 14 PLTS yang tersebar di Provinsi Jawa Barat, Jawa Timur, Kepulauan Bangka Belitung, Kepulauan Riau dengan kapasitas 5,3 GWp beberapa waktu lalu.
""Dan ini Insyaallah kalau semua selesai, mampu kita melakukan efisiensi terhadap subsidi APBN kita kurang lebih sekitar Rp 70 sampai Rp 73 triliun,"" ujar Bahlil di Hotel Raffles, Jakarta, Rabu (7/10/2026).
Menurut Bahlil, penghematan sebesar Rp 70 hingga 73 triliun tersebut penting karena total subsidi dan kompensasi listrik yang dibayarkan pemerintah saat ini telah mencapai lebih dari Rp 200 triliun.
""Karena total subsidi dan kompensasi untuk di listrik sekarang udah lebih dari 200 triliun, besar sekali APBN kita Bapak, Ibu semua. Besar sekali. Jadi memang harus ada inovasi gerakan cepat untuk kita bisa melakukan hal ini,"" terangnya.
Sebelumnya, Presiden Prabowo Subianto telah meresmikan megaproyek Pembangkit Listrik Tenaga Surya (PLTS) berkapasitas 100 Gigawatt peak (GWp). Prabowo meminta agar proyek tersebut dapat selesai dalam kurun waktu tiga tahun.
Permintaan itu disampaikan langsung oleh Prabowo di hadapan jajaran menteri Kabinet Merah Putih, Danantara, PLN hingga Pertamina. Ia pun menanyakan kesiapan para jajarannya untuk menyanggupi target waktu yang dipatok, termasuk Menteri Energi dan Sumber Daya Mineral (ESDM) Bahlil Lahadalia.
""Kita akan membangun 100 gigawatt dan kita tidak main-main. Target kita adalah 100 gigawatt dalam 3 tahun. Menteri ESDM, bisa dalam 3 tahun?"" ujar Prabowo dalam acara Luncurkan Program PLTS 100 GWp dikutip dari Youtube Sekretariat Presiden, Selasa (25/8/2026).
""Siap!"" sahut Bahlil.
Tidak berhenti di situ, Presiden juga meminta komitmen penuh dari CEO Badan Pengelola Investasi Daya Anagata Nusantara (Danantara) Rosan Roeslani, Menteri Koordinator Bidang Perekonomian Airlangga Hartarto, Direktur Utama PLN Darmawan Prasodjo, dan Direktur Utama Pertamina Simon Aloysius Mantiri untuk mengawal megaproyek ini tanpa keraguan.
Menurut Prabowo, proyek ini merupakan langkah nyata agar Indonesia menjadi bangsa yang mandiri dan berdaulat di atas kaki sendiri. Pembangunan 100 GW PLTS diyakini mampu memperkuat ketahanan nasional.
""Kita buktikan lagi, ya. Nanti 3 tahun lagi kita kumpul lagi. Kita sekarang selalu bicara dengan bukti, ya!"" jelas Prabowo.
Tonton juga video ""Prabowo Ingin Setiap Desa Minimal Punya PLTS 1 Megawatt""
(hrp/fdl)",finance
183,"Menteri Energi dan Sumber Daya Mineral (ESDM) Bahlil Lahadalia menyampaikan bahwa baru-baru ini dirinya mendapat protes dari pengusaha tambang lantaran dirinya menerbitkan aturan yang mendorong pemberdayaan kontraktor daerah dalam kegiatan usaha pertambangan.
Adapun aturan tersebut tertuang dalam Keputusan Menteri Energi dan Sumber Daya Mineral (ESDM) Nomor 365.K/MB/01/MEM.B/2026 yang melarang pemegang izin usaha pertambangan untuk melibatkan anak perusahaan maupun afiliasi dalam bidang usaha jasa pertambangan mineral dan batu bara tanpa seizin Menteri ESDM Bahlil Lahadalia.
Bahlil mengatakan bahwa langkah tersebut dilakukan agar kekayaan alam Indonesia tak hanya dinikmati oleh pengusaha tambang besar saja. Dia pun mengibaratkan gaya pengusaha tambang yang protes atas kebijakan tersebut seperti jaring pukat harimau. Hal ini karena semua peluang, dari yang besar hingga kecil, diambil.
""Kemarin saya dikasih protes lagi ketika saya membuat Kepmen bahwa perusahaan untuk kontraktor itu kenapa harus dikasih kepada orang daerah? Memang kadang-kadang kita ini pengusaha ini kadang-kadang lupa. Gaya kita ini seperti jaring pukat harimau. Dari ikan besar sampai ikan kecil kita mau ambil satu sekaligus,"" kata Bahlil di Hotel Raffles, Jakarta, Rabu (7/10/2026).
""Kalau seperti itu di mana keadilan? Jangan biarkan orang daerah menjadi penonton, jadikanlah orang daerah itu menjadi tuan di negeri mereka sendiri. Maka kemudian saya buat Kepmen, kontraktor-kontraktor daerah itu diberdayakan,"" sambungnya.
Dirinya pun mencontohkan apabila sebuah perusahaan memiliki Izin Usaha Pertambangan (IUP) besar di Papua, perusahaan tersebut tidak seharusnya menguasai seluruh jasa penunjang pertambangan, mulai dari kontraktor, penyedia makanan hingga pemasok bahan bakar. Hal ini kata Bahlil tidak memberikan kesaksian bagi masyarakat setempat.
""Contoh kalau (pengusaha A) punya IUP gede, ada kontraktor di pengusaha di Papua, jangan lagi perusahaan (pengusaha A) yang punya IUP, (pengusaha A) juga yang jadi kontraktor, (pengusaha A) juga yang suplai makanan, (pengusaha A) juga yang suplai bensin. Ini mah teori abu leke namanya. Asli ini abu leke. Udah gitu keuntungannya kurang, dia bilang rugi. Macam mana rugi?,"" ujar Bahlil.
Bahlil menyampaikan bahwa dalam kepemimpinan Presiden Prabowo Subianto, hasil kekayaan alam Indonesia harus dimanfaatkan untuk kemakmuran rakyat. Hal ini sesuai dengan amanat Pasal 33 Undang-Undang Dasar 1945.
""Cara penerjemahannya adalah ya kalau kau pegang yang gede, jangan lagi yang kecil kau ambil. Bagi-bagilah, supaya negara ini kuat. Jangan 3-5 orang aja yang kuat, kita butuh 100, 200, ribuan orang yang kuat supaya negara ini bisa bangkit menjadi negara yang besar,"" katanya.
Sebelumnya, Keputusan Menteri Energi dan Sumber Daya Mineral (ESDM) Nomor 365.K/MB/01/MEM.B/2026 telah diteken oleh Menteri ESDM Bahlil Lahadalia pada 18 September lalu. Dalam aturan tersebut disebutkan pemegang izin usaha pertambangan atau izin usaha pertambangan khusus yang menggunakan jasa pertambangan dalam kegiatan usahanya harus menggunakan perusahaan pemegang izin usaha jasa pertambangan dengan ketentuan mengutamakan perusahaan jasa pertambangan pada wilayah kabupaten/kota sekitar wilayah izin usaha pertambangan (WIUP) atau WIUP Khusus.
""Pemegang Izin Usaha Pertambangan atau pemegang Izin Usaha Pertambangan Khusus dilarang melibatkan anak perusahaan dan/atau afiliasi dalam bidang usaha jasa pertambangan mineral dan batubara tanpa persetujuan Menteri,"" tulis diktum kedua dalam beleid tersebut, dikutip Selasa (29/9/2026).
Lebih rinci, larangan pelibatan perusahaan atau afiliasi bidang usaha jasa pertambangan mineral dan batubara mencakup dua hal. Pertama, kepemilikan saham langsung pemegang Izin Usaha Pertambangan (IUP) atau pemegang Izin Usaha Pertambangan Khusus (IUPK) pada pemegang Izin Usaha Jasa Pertambangan (IUJP). Kedua, kesamaan salah satu atau lebih penerima manfaat akhir (beneficial owner) dari pemegang IUP atau IUPK dengan IUJP.
Namun, pemerintah juga memberlakukan pengecualian di mana penggunaan anak perusahaan atau afiliasi tersebut diberikan apabila menjalan penugasan oleh pemerintah meliputi pelaksanaan proyek strategis nasional (PSN), pembangunan fasilitas pengolahan dan/atau pemurnian mineral atau kegiatan pengembangan dan/atau pemanfaatan batubara, dan/atau pemenuhan mineral atau batubara untuk kebutuhan dalam negeri.
Permohonan persetujuan penggunaan anak perusahaan dan/atau afiliasi diajukan kepada Menteri ESDM.
""Pemberian persetujuan atas permohonan penggunaan anak perusahaan dan/atau afiliasi dalam bidang usaha jasa pertambangan mineral dan batubara oleh Menteri diberikan dalam jangka waktu 14 (empat belas) hari kerja sejak permohonan diterima secara lengkap dan benar,"" terang beleid tersebut.
Adapun mekanisme bagi pemegang IUP diterbitkan oleh gubernur sesuai kewenangannya. Dalam hal ini, permohonan persetujuan penggunaan anak perusahaan/afiliasi dalam bidang usaha jasa pertambangan diajukan kepada gubernur.
Tonton juga video ""Saat Deretan Pengusaha Merapat ke Istana Bertemu Prabowo""
(hrp/fdl)",finance
184,"Menteri Koordinator Bidang Hilirisasi dan Transisi Energi yang juga sekaligus Menteri ESDM Bahlil Lahadalia buka opsi moratorium atau pembatasan pembangunan fasilitas pemurnian dan pemrosesan (smelter) nikel yang masih menghasilkan produk setengah jadi. Wacana ini akan dibahas lebih lanjut dan dilaporkan kepada Presiden Prabowo Subianto.
Bahlil mengatakan bahwa langkah tersebut dilakukan berkaitan dengan kondisi risiko oversupply nikel di pasar global. Adapun Bahlil mengatakan bahwa mayoritas industri pengolahan nikel saat ini baru menghasilkan produk dengan tingkat pengolahan sekitar 50-60%.
""Ke depan, kita ingin untuk industri-industri yang sudah terlalu banyak menghasilkan bahan baku setengah jadi, mungkin penting nanti kami rapatkan, kami akan laporkan ke Presiden, tapi dalam diskusi saya dengan tim, penting untuk kita mulai memilih mana industri yang tetap kita lanjutkan dan mana industri yang perlu kita melakukan moratorium, supaya pengelolaan sumber daya alam kita tidak segila-gilaan,"" ujar Bahlil di Hotel Raffles, Jakarta, Rabu (7/10/2026).
Bahlil pun menyampaikan, saat ini kapasitas produksi dan cadangan nikel yang ada telah mencapai sekitar 2,5 juta. Kondisi tersebut dinilai telah menciptakan oversupply sehingga harga nikel mengalami tekanan.
""Dan industri-industri yang menghasilkan setengah jadi ini, kita lagi mengkaji kalau memang kita sudah terjadi oversupply untuk dunia, sekarang kan kita yang dari kebutuhan dan cadangan sekarang ada 2,5 juta. Ini kan oversupply, makanya harganya lagi jatuh,"" katanya.
Sebaliknya, kata Bahlil, industri yang menghasilkan produk hilir secara langsung akan lebih didorong oleh pemerintah. Hal ini diharapkan dapat mengubah struktur ekonomi Indonesia sehingga hilirisasi tidak berhenti pada pengolahan bahan mentah menjadi bahan setengah jadi.
""Kita dapat pertimbangkan untuk industri yang setengah jadi ini kita mulai mencoba untuk meminimalisir, bahkan mungkin kita melakukan moratorium, sementara yang kita dorong adalah industri-industri yang produk hilirnya langsung. Supaya struktur ekonomi kita bisa betul-betul terjadi shifting,"" terangnya.
(hrp/fdl)",finance
185,"Upaya meningkatkan pemanfaatan energi terbarukan terus menjadi bagian dari perjalanan keberlanjutan APP Group. Sejalan dengan langkah tersebut, APP Group bergabung dengan RE100, inisiatif global yang dipimpin The Climate Group untuk mendorong perusahaan menuju penggunaan 100% listrik terbarukan dalam kegiatan operasionalnya.
Keikutsertaan dalam RE100 memperkuat langkah APP Group dalam mendorong transisi energi dan dekarbonisasi operasional, sejalan dengan berbagai inisiatif keberlanjutan yang telah dijalankan perusahaan.
RE100 saat ini menghimpun lebih dari 440 perusahaan terkemuka dunia yang berkomitmen menggunakan 100% listrik terbarukan dalam seluruh kegiatan operasional mereka paling lambat pada 2050. Melalui komitmen kolektif tersebut, RE100 mendorong peningkatan permintaan energi terbarukan sekaligus mempercepat transisi menuju sistem kelistrikan rendah karbon.
Chief Sustainability Officer APP Group Elim Sritaba mengatakan keikutsertaan APP Group dalam RE100 merupakan bagian dari upaya perusahaan untuk semakin mengintegrasikan aksi iklim ke dalam strategi bisnis.
""Bergabung dengan RE100 merupakan langkah penting bagi APP Group dalam melanjutkan integrasi aksi iklim ke dalam strategi bisnis kami. Kami berharap komitmen ini tidak hanya memperkuat upaya transisi yang kami lakukan, tetapi juga turut membangun kesadaran dan momentum yang lebih besar bagi pemanfaatan listrik terbarukan di Indonesia,"" ujar Elim dalam keterangan tertulis, Rabu (7/10/2026).
Dia mengatakan upaya tersebut melanjutkan berbagai langkah yang telah dijalankan APP Group melalui Sustainability Roadmap Vision 2030 (SRV 2030). Dalam peta jalan tersebut, APP Group antara lain menargetkan penurunan intensitas karbon sebesar 30% dibandingkan baseline 2018, disertai peningkatan penggunaan bahan bakar terbarukan dan efisiensi energi di seluruh kegiatan operasional perusahaan.
""Langkah ini juga sejalan dengan Regenesis, platform keberlanjutan APP Group yang memayungi berbagai komitmen dan aksi perusahaan untuk mendorong masa depan yang lebih berkelanjutan,"" ungkapnya.
Momentum bergabungnya APP Group dengan RE100 ditandai dengan penyerahan trofi 'First in Indonesia' oleh CEO The Climate Group Helen Clarkson kepada Elim Sritaba dalam rangkaian kegiatan Indonesia International Sustainability Forum.
Dalam kegiatan operasionalnya, APP Group terus meningkatkan pemanfaatan energi terbarukan dan efisiensi energi di berbagai pabrik. Upaya tersebut antara lain dilakukan melalui penggunaan bahan bakar terbarukan serta pemanfaatan aliran limbah berbasis biofuel pada operasi pulp dan kertas terintegrasi, sepanjang memungkinkan secara teknis dan komersial.
""Berbagai langkah tersebut menjadi bagian dari upaya APP Group untuk mengurangi ketergantungan terhadap bahan bakar fosil sekaligus memperkuat jalur dekarbonisasi perusahaan,"" tuturnya.
""Sebagai perusahaan Indonesia pertama yang bergabung dengan RE100, APP Group memperkuat komitmennya untuk menurunkan emisi, meningkatkan pemanfaatan energi terbarukan dalam kegiatan operasional, serta berkontribusi terhadap masa depan Indonesia yang lebih berkelanjutan dan tangguh,"" sambungnya.
Sementara itu, CEO The Climate Group Helen Clarkson menilai Indonesia memiliki potensi besar untuk menjadi salah satu kekuatan energi terbarukan. Namun, optimalisasi potensi tersebut membutuhkan investasi dunia usaha yang lebih besar pada proyek-proyek energi bersih.
""Indonesia memiliki seluruh modal untuk menjadi kekuatan energi terbarukan, tetapi untuk membuka potensi tersebut dibutuhkan investasi bisnis yang besar dalam proyek energi bersih baru. Perusahaan RE100 seperti APP Group, sebagai anggota pertama kami dari Indonesia, menunjukkan semakin besarnya permintaan terhadap listrik terbarukan yang andal dan terjangkau,"" pungkas Clarkson.
(ega/ega)",finance
186,"Menjelang gelaran Pertamina Grand Prix of Indonesia 2026 pada 9-11 Oktober 2026 di Pertamina Mandalika International Circuit, aktivitas masyarakat dan mobilitas pengunjung di Lombok diperkirakan meningkat. Untuk menjaga ketersediaan energi di tengah momentum tersebut, PT Elnusa Petrofin (EPN), anak usaha PT Elnusa Tbk (IDX: ELSA), memperkuat kesiapan distribusi BBM sekaligus meningkatkan aspek keselamatan dan kesiapan armada serta personel di seluruh Pulau Lombok.
Kesiapan distribusi telah dimulai sejak 4 Oktober 2026 dengan melakukan penyaluran BBM ke SPBU sebagai langkah pengamanan stok menjelang rangkaian event. EPN menyiagakan 28 unit Mobil Tangki (MT) dengan total kapasitas 440 KL dan 136 Awak Mobil Tangki (AMT), serta diperkuat dua unit MT spot charter dengan kapasitas 32 KL.
Distribusi mencakup BBM dari Integrated Terminal (IT) Ampenan menuju 72 SPBU dan 45 Pertashop di Pulau Lombok. Untuk memperkuat kesiapan di kawasan Mandalika, EPN juga menyiapkan SPBU 54.835.08 dan 54.835.14 sebagai SPBU kantong yang menjadi titik perhatian utama selama event berlangsung.
Selain kawasan Mandalika, EPN juga memperkuat distribusi pada sejumlah jalur masuk utama menuju Pulau Lombok. Tiga koridor pelabuhan, yakni Pelabuhan Kayangan di Lombok Timur, Pelabuhan Lembar dan Gili Mas di Lombok Barat, serta Pelabuhan Bangsal di Lombok Utara, menjadi perhatian dalam pengaturan prioritas pengiriman. Langkah ini dilakukan untuk mengantisipasi peningkatan mobilitas masyarakat dan pengunjung yang masuk ke Lombok selama penyelenggaraan event.
Memasuki periode puncak kegiatan, pola distribusi juga disesuaikan untuk mengantisipasi peningkatan kebutuhan. Penyaluran pada Sabtu, 10 Oktober 2026, direncanakan dimulai lebih awal pada pukul 01.00, sementara pada hari pelaksanaan utama, MT akan disiagakan di dua SPBU yang berada paling dekat dengan kawasan sirkuit.
""Kesiapan menghadapi Pertamina Grand Prix of Indonesia kami lakukan bukan hanya dengan memperkuat armada dan personel, tetapi juga memastikan aspek keselamatan dan kesehatan menjadi bagian utama dalam setiap proses distribusi. Kami ingin memastikan kebutuhan BBM masyarakat dan aktivitas di sekitar Mandalika tetap terlayani dengan baik, dengan proses operasional yang aman dan terjaga,"" ujar Direktur Operasi & Pemasaran PT Elnusa Petrofin Ferdiansyah dalam keterangan tertulis, Rabu (7/10/2026).
Berbeda dengan operasional reguler, dia mengatakan EPN melakukan sejumlah penguatan khusus menjelang Pertamina Grand Prix of Indonesia 2026. Dari sisi armada, jadwal servis berkala Mobil Tangki dipercepat dari jadwal reguler untuk memastikan kendaraan yang digunakan berada dalam kondisi optimal.
""Sebelum menjalankan tugas, armada juga menjalani Pre-Trip Inspection (PTI) dan Daily Inspection (DI) yang dilakukan oleh AMT dan mekanik dengan pengawasan tim HSSE,"" ungkapnya.
Dia mengatakan tidak hanya armada, kesiapan AMT juga menjadi perhatian. Selain briefing rutin, AMT diberikan pembekalan mengenai kondisi operasional di lapangan, termasuk mitigasi dan alternatif jalur yang dapat digunakan ketika menghadapi kepadatan lalu lintas.
""Sebelum bertugas, AMT juga menjalani Fit to Work (FTW) untuk memastikan kondisi personel layak menjalankan pekerjaan,"" tuturnya.
Untuk menjaga kesiapan personel selama periode dengan intensitas operasional yang meningkat, EPN melakukan perataan Load of Operation (LO) dengan mengacu pada kebutuhan DOT harian, sehingga beban operasional AMT dapat lebih terjaga. Dukungan bagi personel juga diperkuat melalui penyediaan extra fooding dan pemberian vitamin selama periode operasional.
Penguatan aspek HSSE (Health, Safety, Security and Environment) juga didukung dengan personel HSSE dan personel medis yang disiagakan selama operasional. Pemantauan distribusi juga dilakukan melalui Road Traffic Control (RTC) di lokasi dan RTC pusat, sehingga kondisi operasional dapat terus dipantau dan dikoordinasikan secara cepat.
""Kami melihat kesiapan personel sebagai bagian yang tidak terpisahkan dari ketahanan distribusi. Karena itu, treatment yang diberikan tidak hanya kepada armada, tetapi juga kepada AMT, mulai dari kesiapan fisik, pembekalan menghadapi kondisi jalan, hingga dukungan selama operasional. Harapannya, seluruh personel dapat menjalankan tugas dengan aman dan optimal selama event berlangsung,"" lanjut Ferdiansyah.
Selama penyelenggaraan Pertamina Grand Prix of Indonesia 2026, EPN akan menyiagakan MT dan AMT di sejumlah titik strategis dengan fokus utama pada dua SPBU terdekat dengan sirkuit.
""Koordinasi dilakukan bersama seluruh stakeholders, baik internal maupun eksternal, untuk menjaga kelancaran distribusi serta merespons kebutuhan di lapangan,"" ungkapnya.
Dia menjelaskan kesiapan tersebut menjadi bagian dari upaya EPN menjaga ketahanan BBM di Pulau Lombok, tidak hanya untuk mendukung penyelenggaraan event internasional, tetapi juga memastikan kebutuhan energi masyarakat, wisatawan, dan aktivitas ekonomi tetap terlayani di tengah meningkatnya mobilitas selama Pertamina Grand Prix of Indonesia 2026.
""Melalui penguatan distribusi, percepatan perawatan armada, peningkatan kesiapan AMT, serta pengawasan HSSE yang lebih intensif, Elnusa Petrofin berkomitmen untuk terus hadir menjaga keandalan dan ketahanan energi di Lombok selama Pertamina Grand Prix of Indonesia 2026,"" tutupnya.
(ega/ega)",finance
187,"Yaman - Warga Taiz, Yaman, mengantre berjam-jam untuk mendapatkan gas di tengah kelangkaan bahan bakar. Kondisi ini menambah beban warga di tengah konflik.
Warga mengantre untuk mengisi tabung gas di stasiun pengisian gas cair Al-Hamdi, distrik Al-Mudhaffar, Taiz, Yaman. REUTERS/Stringer
Deretan tabung gas milik warga berjajar di sepanjang jalan dekat stasiun pengisian Al-Hamdi di Taiz. Antrean panjang terjadi akibat terbatasnya pasokan bahan bakar. REUTERS/Stringer
Warga menunggu giliran mendapatkan gas di tengah kelangkaan bahan bakar yang melanda Taiz. Sejumlah warga mengaku harus datang sejak dini hari untuk mengantre. REUTERS/Stringer
Warga menyebut kondisi tersebut telah menjadi bagian dari keseharian akibat sulitnya mendapatkan pasokan energi. REUTERS/Stringer
Kelangkaan bahan bakar terjadi ketika sejumlah wilayah Yaman masih menghadapi ketegangan dan konflik bersenjata. REUTERS/Stringer",finance
188,"Jakarta - Pembangunan Tol Kataraja Seksi 1 yang menghubungkan Jakarta-Banten terus dikebut. Progres proyek kini mencapai 94,9 persen dan mendekati rampung.
Foto udara memperlihatkan proses pembangunan Tol Kataraja Seksi 1 di kawasan Kamal Muara, Penjaringan, Jakarta, Selasa (6/10/2026). Proyek tersebut menjadi bagian dari pengembangan konektivitas transportasi di wilayah Jakarta dan sekitarnya. ANTARA FOTO/Putra M. Akbar
Kehadiran jalan tol ini diharapkan dapat meningkatkan mobilitas masyarakat antara Jakarta dan Banten. Selain itu, infrastruktur tersebut juga ditujukan untuk mendukung kelancaran aktivitas logistik di kawasan yang dilintasinya. ANTARA FOTO/Putra M. Akbar
Progres pembangunan yang hampir mencapai 100 persen menjadi penanda semakin dekatnya penyelesaian Tol Kataraja Seksi 1. ANTARA FOTO/Putra M. Akbar
Proyek ini diharapkan dapat memperkuat konektivitas serta mendukung aktivitas ekonomi dan mobilitas masyarakat di wilayah Jakarta-Banten. ANTARA FOTO/Putra M. Akbar",finance
189,"Menteri Koordinator Bidang Perekonomian Airlangga Hartarto mengungkapkan produk baja Indonesia menghadapi hambatan perdagangan (tariff barrier) yang sangat masif di pasar global. Salah satunya terkait penetapan tarif bea masuk sebesar 50% di Amerika Serikat (AS), Eropa, dan Inggris.
Ia menjelaskan perdagangan komoditas baja nasional kini menjadi perhatian serius banyak negara maju. Sebab komoditas ini dipandang strategis karena menopang kebutuhan infrastruktur sipil, industri militer, hingga teknologi ruang angkasa.
""Steel dianggap sebagai strategic commodity terutama untuk selain untuk kebutuhan sipil juga kebutuhan militer dan ruang angkasa. Oleh karena itu mereka sangat concern terhadap keberadaan steel mill ataupun industri steel supaya tetap ada di negara masing-masing,"" katanya di acara BIG Downstream Insight, Jakarta Selatan, Selasa (6/10/2026).
Untuk menjaga industri baja dalam negeri tetap beroperasi, negara-negara di Eropa hingga Amerika Serikat memutuskan untuk mengenakan tarif impor baja hingga 50%. Masalahnya kebijakan tarif ini berlaku juga untuk produk baja asal Indonesia.
""Akibatnya bagi Indonesia sendiri sebetulnya sangat straightforward di mana mereka dalam tanda petik tidak bisa bersaing dengan Indonesia, mereka mengenakan bea masuk untuk steel 50% di Amerika, Eropa juga nggak mau kalah steel dari Indonesia juga 50%, Inggris juga nggak mau kalah steel dari Indonesia 50%"" tegas Airlangga.
Melihat perlakuan ketat dari negara-negara yang selama ini mengusung perdagangan bebas, Airlangga menegaskan Indonesia juga perlu mengambil langkah proteksi sejenis untuk mengamankan pasar dalam negeri serta menjaga daya saing industri nasional.
""Jadi inilah langkah-langkah yang dilakukan negara lain termasuk negara yang katanya negara maju dan juga mendukung multilateral trade dan ini yang harus kita perhatikan, dan Indonesia juga perlu untuk mengambil langkah-langkah sejenis untuk menjaga agar industri kita tetap kompetitif dan pasar di dalam negeri juga bisa dinikmati oleh produsen-produsen yang ada di dalam negeri,"" pungkasnya.
Tonton juga video ""Prabowo di KTT BRICS: Bertahun-tahun Impor, Kini RI Ekspor Beras-Jagung""
(igo/fdl)",finance
190,"Menteri Perindustrian Muhammad Sarmuji menargetkan produksi rumput laut Indonesia menjadi nomor satu di dunia. Kementerian Perindustrian siap mengambil langkah untuk mempersiapkan ekosistem industri rumput laut nasional.
Hal itu disampaikan Sarmuji dalam Peluncuran Integrated Seaweed Development Action Plan (ISDAP) 2026-2030 di Kementerian PPN/Bappenas, Jakarta Pusat, Selasa (6/10).
""Insyaallah jajaran Kemenperin siap mengambil langkah-langkah untuk mempersiapkan ekosistem industri rumput laut ini sebagai satu potensi baru yang membanggakan kita semua. Mudah-mudahan ini menjadi langkah penting agar produksi rumput laut Indonesia dan seluruh hilirisasinya bisa menjadikan produksi rumput laut Indonesia nomor satu di dunia, seperti yang disampaikan Kepala Bappenas (Rachmat Pambudy),"" kata Sarmuji dalam keterangan tertulis, Rabu (7/10/2026).
Kementerian Perindustrian memperkuat pengembangan industri rumput laut nasional sebagai bagian dari agenda industrialisasi dan hilirisasi, seiring besarnya potensi sumber daya rumput laut Indonesia yang tersebar di berbagai wilayah. Pengembangan komoditas tersebut diarahkan untuk menghasilkan produk bernilai tambah sekaligus membangun rantai nilai industri yang terintegrasi dari hulu hingga hilir. Langkah ini sejalan dengan ISDAP 2026-2030 yang diinisiasi dan dikoordinasikan oleh Kementerian PPN/Bappenas.
""Bagi Kementerian Perindustrian, inisiatif ini merupakan langkah penting untuk memperkuat sinergi pembangunan rumput laut nasional, khususnya dalam industrialisasi, hilirisasi, penciptaan nilai tambah dan pertumbuhan ekonomi,"" ujar Sarmuji.
Menurut Sarmuji, pengembangan industri rumput laut memiliki relevansi dengan kinerja sektor manufaktur nasional yang terus tumbuh positif. Pada triwulan II-2026, industri pengolahan nonmigas tumbuh 5,32%, sedikit lebih tinggi dibandingkan pertumbuhan ekonomi nasional sebesar 5,29%. Pada periode yang sama, sektor ini menyumbang Rp 1.102,88 triliun terhadap Produk Domestik Bruto (PDB), sekitar 38,98% terhadap realisasi investasi nasional, dan sekitar 82,40% terhadap ekspor nasional. Sebanyak 14 dari 15 subsektor industri pengolahan nonmigas juga mencatatkan pertumbuhan positif.
Berdasarkan data Manufacturing Value Added (MVA) tahun 2025 yang dirilis World Bank, nilai tambah industri manufaktur Indonesia mencapai US$ 275,61 miliar, menempatkan Indonesia pada peringkat ke-12 dunia dan pertama di Asia Tenggara. Khusus industri makanan dan minuman, sektor ini memiliki peran strategis dalam menopang pertumbuhan ekonomi nasional.
Pada semester I-2026, industri makanan dan minuman menyumbang 41,86% terhadap PDB industri nonmigas dan 7,16% terhadap PDB nasional, serta tumbuh 6,77%. Dalam pengembangannya, rumput laut menjadi salah satu komoditas yang berpotensi besar diolah menjadi berbagai produk pangan bernilai tambah.
""Rumput laut memiliki peluang pemanfaatan yang luas, tidak hanya sebagai komoditas, tetapi juga sebagai bahan baku berbagai produk bernilai tambah. Produk turunannya antara lain pangan, agar dan karagenan, hingga bahan untuk industri farmasi, kosmetik, nutraceutical, biomaterial, dan bioplastik,"" tutur Menperin.
Kemenperin menilai peningkatan nilai tambah melalui hilirisasi dan diversifikasi produk menjadi bagian penting dalam pengembangan industri rumput laut. Pengembangan tersebut diarahkan pada penguatan kapasitas industri, peningkatan inovasi, pembukaan pasar baru, serta peningkatan daya saing produk Indonesia. Pada saat yang sama, aspek keberlanjutan juga perlu diperhatikan, termasuk ketersediaan bahan baku, kualitas lingkungan, efisiensi sumber daya, serta manfaat bagi masyarakat di sentra produksi.
Arah pengembangan tersebut telah dimasukkan dalam Rencana Induk Pembangunan Industri Nasional (RIPIN) 2026-2045 yang saat ini dalam proses finalisasi. Strategi pengembangannya memperhatikan kesinambungan rantai pasok mulai dari bahan baku hingga produk hilir.
""Pengembangan industri tidak berdiri sendiri, tetapi terhubung dengan sentra produksi bahan baku di hulu serta industri pengguna dan pasar di hilir,"" jelas Sarmuji.
Menurut Sarmuji, pembangunan ekosistem industri rumput laut membutuhkan sinergi antara program pemerintah, investasi swasta, pembiayaan, riset, inovasi, teknologi, serta kerja sama internasional. Sinergi tersebut penting untuk membangun rantai nilai industri yang memberikan efek berganda (multiplier effect) bagi perekonomian nasional.
Melalui perannya dalam pengembangan industri, peningkatan nilai tambah, serta perluasan akses pasar dan ekspor, Kemenperin mendorong agar industrialisasi rumput laut tidak hanya berorientasi pada pengolahan komoditas, tetapi juga membangun rantai nilai dan mengoptimalkan potensi ekonomi biru, yakni konsep ekonomi yang berbasis pada kelestarian ekosistem laut.
Sarmuji berharap ISDAP 2026-2030 dapat menjadi landasan bagi langkah bersama yang lebih terarah dan konkret dalam membangun industri rumput laut nasional.
""Kementerian Perindustrian siap berkontribusi dalam memperkuat hilirisasi, nilai tambah, daya saing, dan akses pasar, serta terus bersinergi dengan seluruh pemangku kepentingan,"" pungkasnya.
(ahi/ara)",finance
191,"PT Perkebunan Nusantara I (PTPN I) Regional 2 memberikan fasilitas bagi penelitian IPB University terhadap tandan kosong (tankos) kelapa sawit. Penelitian terbaru mencakup pengolahan kelapa sawit menjadi produk berbasis komposit seperti rompi antipeluru.
Direktur Utama PTPN I (Persero), Abdul Rivai Ras, mengatakan kolaborasi dengan IPB menjadi bagian dari upaya perusahaan mendorong hasil riset dan inovasi agar tidak hanya berhenti di laboratorium dan menjadi produk bernilai tambah. Menurutnya, kolaborasi ini sejalan dengan hilirisasi dan ekonomi sirkular.
""Kami ingin membangun ekosistem kolaborasi yang menghubungkan riset, industri dan kebutuhan pasar. Ketika inovasi mampu menghasilkan produk yang kompetitif, ramah lingkungan dan memberikan manfaat lebih luas, maka di situlah nilai strategis sebuah kolaborasi benar-benar hadir,"" katanya dalam keterangan tertulis, Rabu (7/10/2026).
Sejak 2015, dosen IPB University meneliti potensi serat dari tandan kelapa sawit yang merupakan limbah pabrik milik PTPN I (Persero) Regional 2, eks PTPN VIII, di Cikasungka, Kabupaten Bogor, Jawa Barat. Penelitian dilakukan di Laboratorium Fisika Fakultas MIPA IPB University dan Pusat Studi Sawit IPB.
Hasil riset tersebut kemudian dikembangkan menjadi berbagai produk biomaterial, seperti helm, sepatu, sandal, pakaian, hingga rompi antipeluru. Produk-produk tersebut menggunakan green composite yang dibuat dari limbah pabrik kelapa sawit.
Dosen sekaligus peneliti IPB, Siti Nikmatin, mengatakan awal sinergi dilakukan dari banyaknya tandan kosong kelapa sawit yang belum dimanfaatkan secara optimal. Melalui berbagai uji laboratorium, ia menemukan formula yang tepat untuk mengolah serat tandan kosong menjadi material komposit.
Material tersebut dikembangkan menjadi berbagai produk yang dapat digunakan untuk kebutuhan industri. Produk olahannya mencakup helm, sepatu, sandal, dan produk lainnya dari green composite.
""Kami bisa membuat helm, sepatu, sandal, dan beberapa produk lainnya dari green composite itu. Kemudian, ada komunikasi dengan PTPN I (Persero) Regional 2 yang dalam konteks ini memiliki banyak bahan baku tandan kosong. Akhirnya, kami membuat kesepakatan bersama untuk mengembangkan hasil penelitian menjadi produk industri manufaktur,"" jelasnya.
Menurut Siti, model kerja sama yang dikembangkan tidak berorientasi pada keuntungan. Dalam kerja sama tersebut, PTPN I (Persero) Regional 2 memberikan pembiayaan untuk pengembangan dan produksi berbagai produk yang dibutuhkan perusahaan, dengan imbal hasil berupa produk.
IPB bekerja sama dengan startup company PT Material Data Space (MDS) dan PT Interstisi Material Maju (IMM) sebagai entitas operasional, untuk memenuhi syarat produksi. Hingga saat ini, PT MDS dan PT IMM telah memproduksi ribuan helm pengaman (safety helmet) dan produk fesyen pesanan PTPN.
Meskipun belum diproduksi dalam skala industri secara berkelanjutan, Siti mengatakan pihaknya telah siap menerima pesanan berbagai produk yang dibutuhkan.
""Kami sudah bisa memproduksi berbagai produk dalam skala besar, tetapi memang belum kontinu. Sifatnya masih berdasarkan PO (purchase order). Untuk helm pesanan PTPN I, jumlahnya sudah cukup banyak. Begitu juga rompi antipeluru yang memenuhi standar Polri, sudah kami produksi dalam skala terbatas. Dalam konteks ini, kami membutuhkan dukungan pemerintah agar hasil penelitian ini dapat berkembang menjadi industri yang memberikan manfaat luas bagi masyarakat,"" katanya.
Siti menambahkan, produk helm sawit yang dihasilkan telah memenuhi Standar Nasional Indonesia (SNI). Demikian juga material antipeluru kaliber 9 x 19 mm telah memiliki sertifikat dari Dislitbang AD pada 2025. Selain itu, produk berbahan dasar serat tandan kosong kelapa sawit tersebut dikembangkan dengan pendekatan ramah lingkungan.
""Bahan yang kami olah menjadi berbagai produk ini merupakan komposit, lebih tepatnya green composite, karena berasal dari bahan nabati. Produk-produk tersebut telah melalui berbagai pengujian sesuai standar yang dipersyaratkan. Harganya juga lebih rendah dibandingkan komposit yang beredar di pasaran. Sebagai gambaran, helm untuk pembalap profesional menggunakan material komposit dan harganya bisa mencapai jutaan rupiah. Sementara produk kami dengan spesifikasi yang setara bisa memiliki harga sekitar setengahnya,"" pungkasnya.
(ahi/ara)",finance
192,"BUMN Karya tengah ditata oleh Badan Pengelola Investasi Daya Anagata Nusantara (Danantara). Pengusaha meminta proses tersebut tetap memperhatikan kelancaran proyek dan pembayaran kepada vendor serta subkontraktor.
Sekretaris Jenderal BPP Himpunan Pengusaha Muda Indonesia (HIPMI) Anthony Leong mengatakan penataan BUMN Karya tidak cukup hanya dengan menggabungkan perusahaan atau memperbaiki kondisi keuangan. Menurutnya, proses tersebut juga perlu memperhatikan ekosistem industri konstruksi, termasuk kontraktor swasta, pengusaha daerah, vendor, supplier, dan UMKM.
""HIPMI mendukung penyehatan BUMN Karya. Indonesia membutuhkan BUMN konstruksi yang sehat dan kuat untuk mengerjakan proyek-proyek strategis. Tetapi proses ini jangan berhenti pada merger atau perbaikan neraca. Dampaknya harus dirasakan sampai kepada kontraktor swasta, pengusaha daerah, vendor, supplier, dan UMKM yang selama ini menjadi bagian dari rantai industri konstruksi,"" ujar Anthony pada keterangannya (5/10).
Danantara saat ini tengah melakukan penataan terhadap tujuh BUMN Karya, yakni PT Hutama Karya (Persero), PT Waskita Karya (Persero) Tbk, PT Wijaya Karya (Persero) Tbk, PT Adhi Karya (Persero) Tbk, PT PP (Persero) Tbk, PT Brantas Abipraya (Persero), dan PT Nindya Karya (Persero).
Anthony mengatakan kelancaran pembayaran kepada vendor dan subkontraktor menjadi salah satu hal yang perlu diperhatikan dalam proses tersebut.
""Bagi perusahaan besar, keterlambatan pembayaran mungkin masih bisa dikelola. Tetapi bagi kontraktor daerah dan supplier kecil, keterlambatan beberapa bulan bisa langsung mengganggu modal kerja, pembayaran gaji, bahkan kelangsungan usahanya. Karena itu restrukturisasi harus sekaligus menjaga kesehatan seluruh rantai pasok,"" katanya.
Selain itu, HIPMI mendorong pembagian peran yang lebih jelas antara BUMN dan perusahaan swasta nasional. Menurut Anthony, BUMN dapat fokus pada proyek strategis dan kompleks yang membutuhkan pembiayaan serta teknologi berskala besar. Sementara kontraktor swasta nasional dan pengusaha daerah tetap memiliki ruang melalui proyek tertentu, kemitraan, maupun rantai pasok.
""Jangan sampai BUMN yang semakin besar justru membuat ruang pengusaha nasional semakin kecil. BUMN yang sehat seharusnya menjadi lokomotif yang menarik lebih banyak perusahaan swasta masuk ke dalam rantai proyek, bukan berjalan sendiri,"" tegas Anthony.
Menurut Anthony, belanja infrastruktur juga berdampak ke berbagai sektor, mulai dari industri semen, baja, alat berat, transportasi, jasa engineering, konstruksi, hingga tenaga kerja di daerah.
Karena itu, ia menilai keberhasilan penyehatan BUMN Karya tidak cukup dilihat dari penurunan utang atau perbaikan laporan keuangan.
""Ukuran keberhasilannya harus lebih luas: apakah perusahaan menjadi sehat, apakah proyek berjalan tepat waktu, apakah vendor dibayar dengan baik, apakah keterlibatan pengusaha nasional meningkat, dan apakah semakin banyak lapangan kerja yang tercipta,"" kata Anthony.
Ia menambahkan, proses konsolidasi perlu diikuti dengan penguatan tata kelola, disiplin dalam pemilihan proyek, serta penggunaan teknologi untuk meningkatkan produktivitas dan efisiensi industri konstruksi.
""BUMN Karya yang sehat akan memberikan kepercayaan lebih besar kepada perbankan, investor, mitra usaha, dan pasar. Kalau restrukturisasi ini dilakukan dengan baik, kita bukan hanya menyelesaikan persoalan masa lalu, tetapi membangun fondasi baru industri konstruksi Indonesia yang lebih kompetitif,"" tutup Anthony.
Tonton juga video ""Terkuak Modus Korupsi Bupati Boltara, Ploting Vendor Demi Rp 11,2 M!""
(fdl/fdl)",finance
193,"Gubernur DKI Jakarta Pramono Anung mengaku tidak ingin membangun proyek yang bersifat mercusuar selama memimpin Jakarta. Ia memilih menyelesaikan sejumlah proyek maupun pekerjaan yang belum tuntas dari masa gubernur-gubernur sebelumnya.
Pramono mengatakan, proyek yang dikerjakan harus memberikan manfaat nyata bagi masyarakat. Menurutnya pembangunan proyek besar menjadi kurang berarti apabila manfaat yang dirasakan masyarakat tidak sebanding.
""Saya memang tidak ingin melakukan sesuatu yang bersifat mercusuar, tetapi dampaknya ataupun manfaatnya bagi masyarakat sebenarnya tidak terlalu banyak,"" kata Pramono dalam acara Peluncuran Konsep Desain Transformasi Kawasan Blok M Fase Ultimate di Jakarta, Selasa (6/10/2026).
Pramono mengatakan, dalam berbagai kesempatan dirinya telah menegaskan komitmen untuk menuntaskan pekerjaan yang belum selesai dari pemerintahan sebelumnya. Salah satu yang disinggung adalah pembangunan LRT Jakarta.
Ia kemudian menceritakan perjalanan pembangunan LRT Jakarta yang bermula dari Kelapa Gading hingga Velodrome. Menurut Pramono, proyek tersebut diputuskan pada era Presiden Joko Widodo (Jokowi) ketika Basuki Tjahaja Purnama atau Ahok menjabat Gubernur DKI Jakarta untuk mendukung penyelenggaraan Asian Games.
Pembangunan kemudian dilanjutkan dari Velodrome menuju Manggarai pada masa Penjabat (Pj) Gubernur DKI Jakarta Heru Budi Hartono. Pramono mengatakan dirinya ketika itu turut terlibat dalam pembahasan kelanjutan proyek dalam kapasitasnya sebagai Sekretaris Kabinet.
""Saya juga nggak nyangka pada waktu itu dalam rapat, dan saya sudah baca risalah rapatnya, akhirnya diputuskan untuk dilanjutkan,"" jelas Pramono.
Ia menilai kelanjutan pembangunan tersebut berdampak terhadap jumlah penumpang. Jumlah penumpang yang sebelumnya rata-rata sekitar 4.000 orang kini telah berada di kisaran 9.000 hingga 10.000 orang meskipun masih terdapat tiga stasiun yang belum beroperasi penuh.
""Ada 3 stasiun yang belum beroperasi sepenuhnya, yang terbatas 9.000, bahkan 10.000 (rata-rata jumlah penumpang). Dan kalau sudah beroperasi penuh, saya yakin pasti angkanya antara 60.000 sampai dengan 80.000 penumpang,"" ujar Pramono.
Selain proyek transportasi, Pramono mengatakan Pemprov DKI Jakarta akan melakukan pembenahan kawasan Tanah Abang, Kebon Kacang, dan Kampung Bali. Penataan dilakukan tanpa menggusur masyarakat yang tinggal di kawasan tersebut.
""Tidak jauh dari Istana, tidak jauh dari Balai Kota, tidak jauh dari Bundaran HI. Tetapi salah satu tempat yang paling kumuh adalah di tempat itu. Maka tadi saya sudah memutuskan bahwa pemerintah DKI Jakarta akan melakukan pembenahan sepenuhnya kawasan itu,"" tuturnya.
Pramono juga mencontohkan pembenahan akses menuju Jakarta International Stadium (JIS). Menurutnya, kawasan tersebut sebelumnya mengalami kemacetan parah ketika berlangsung acara besar.
Kini akses menuju JIS telah dihubungkan dengan Ancol, didukung layanan KRL dan TransJakarta, serta area parkir di Ancol yang disebut mampu menampung sekitar 5.000 kendaraan. Menurut Pramono, pembenahan tersebut membuat waktu keluar dari kawasan JIS setelah acara menjadi jauh lebih singkat.
Pramono menambahkan sejumlah pekerjaan lain juga terus diselesaikan, mulai dari penataan Jalan Rasuna Said, kelanjutan LRT Jakarta hingga Dukuh Atas, pembangunan flyover Latumenten, hingga jalan sejajar di kawasan Kalibata.
(acd/acd)",finance
194,"KAI Properti terus mempercepat penyelesaian pembangunan gardu pada 190 titik Jalur Pelintasan Langsung (JPL) yang tersebar di berbagai wilayah. Hingga 4 Oktober 2026, pekerjaan sipil telah berjalan di 188 lokasi atau sekitar 98,95% dari keseluruhan titik yang masuk dalam program pembangunan.
Pekerjaan tersebut menjadi kelanjutan dari program peningkatan fasilitas keselamatan di pelintasan sebidang yang dilaksanakan KAI Properti. Selanjuntnya, penyelesaian pembangunan dilanjutkan secara bertahap dengan pemasangan gardu modular serta berbagai fasilitas pendukung sesuai kesiapan masing-masing lokasi.
Manager Corporate Communication KAI Properti, Bramantya Candrika, mengatakan bahwa progres di 188 lokasi menjadi bagian penting dalam mengejar penyelesaian keseluruhan titik yang telah ditetapkan.
""Pekerjaan saat ini sudah menjangkau 188 dari 190 lokasi. Fokus kami adalah melanjutkan penyelesaian setiap titik secara bertahap, sehingga gardu beserta fasilitas pendukungnya dapat segera siap digunakan untuk mendukung pengamanan pelintasan sebidang,"" ujar Bramantya dalam keterangan tertulis, Selasa (6/10/2026).
Sejumlah lokasi juga telah memasuki tahap pemasangan modular, sementara pekerjaan perlengkapan pendukung seperti rambu, palang, dan alat komunikasi juga berjalan mengikuti kesiapan masing-masing titik JPL. Pengiriman unit modular turut dilakukan secara bertahap ke berbagai wilayah operasional.
KAI Properti juga menyiapkan kompetensi personel yang akan bertugas di lapangan. Sebanyak 739 orang dinyatakan lulus sertifikasi kompetensi dan tengah dipersiapkan untuk memasuki tahap pendinasan sesuai kebutuhan masing-masing wilayah.
Penyiapan personel tersebut merupakan kelanjutan dari proses rekrutmen, seleksi, pembekalan, hingga sertifikasi yang telah dilakukan sebelumnya. Secara keseluruhan, kebutuhan 748 PJL tersebut disiapkan untuk mendukung 190 titik JPL yang tersebar di 13 wilayah Daop dan Divre KAI.
Bramantya menjelaskan, penyelesaian gardu dan kesiapan petugas perlu berjalan beriringan karena keduanya menjadi bagian yang saling berkaitan dalam operasional di pelintasan sebidang.
""Ketika pembangunan gardu dan penyediaan fasilitas pendukungnya selesai, personel yang akan bertugas juga harus berada dalam kondisi siap. Karena itu, percepatan pembangunan kami jalankan bersamaan dengan penyiapan PJL yang telah melalui proses sertifikasi kompetensi, sehingga kesiapan infrastruktur dapat diikuti dengan kesiapan petugas di lapangan,"" jelas Bramantya.
Pendinasan PJL nantinya dilakukan setelah hasil sertifikasi dan penempatan akhir personel ditetapkan sesuai kebutuhan wilayah. Dengan demikian, penyelesaian pekerjaan fisik dan penempatan petugas dapat diselaraskan dengan kesiapan setiap lokasi.
KAI Properti berkomitmen akan terus melanjutkan pembangunan gardu pada 190 titik JPL beserta fasilitas pendukungnya hingga seluruh titik siap beroperasi. Percepatan pembangunan infrastruktur yang berjalan bersamaan dengan penyiapan personel diarahkan untuk meningkatkan kesiapan pengamanan pelintasan sebidang.
(acd/acd)",finance
195,"Perencanaan keuangan tidak hanya soal tabungan dan investasi. Hal yang sering luput adalah proteksi.
Risiko yang tidak terduga, seperti meninggal dunia, kecelakaan, maupun penyakit kritis, dapat berdampak pada kondisi finansial keluarga. Asuransi Jiwa Optimal Sejahtera Plus (Aurora Plus) dari BRI Life memberikan manfaat uang pertanggungan kepada keluarga ketika tertanggung mengalami risiko yang dijamin dalam polis.
""Perencanaan keuangan yang baik perlu dibangun secara menyeluruh, tidak hanya melalui pengelolaan aset dan investasi, tetapi juga dengan memastikan adanya perlindungan terhadap risiko kehidupan. Melalui Aurora Plus, BRI Life berupaya menghadirkan solusi perlindungan jiwa yang dapat membantu nasabah mempersiapkan ketahanan finansial bagi dirinya dan keluarga,"" kata Direktur Pemasaran BRI Life Tina Meilina dalam keterangan tertulis, Selasa (6/10/2026).
| Baca juga: Aset Industri Asuransi RI Tembus Rp 1.200 T | 
Besaran uang pertanggungan hingga Rp 5 miliar bagi tertanggung dewasa dan Rp 1 miliar untuk anak-anak sesuai dengan ketentuan yang berlaku. Besaran tersebut dapat membantu memberikan dukungan finansial kepada keluarga ketika tertanggung meninggal dunia atau mengalami risiko lain yang dijamin dalam polis. Besaran premi disesuaikan dengan uang pertanggungan dan usia masuk tertanggung, mulai dari Rp 500.000 per bulan atau Rp 6 juta per tahun. 
""Dengan pilihan premi bulanan maupun tahunan, kami berharap Aurora Plus dapat memberikan kemudahan bagi masyarakat dalam menyesuaikan kebutuhan perlindungan dengan perencanaan keuangannya. Setiap keluarga memiliki kebutuhan dan kondisi finansial yang berbeda, sehingga penting untuk memilih perlindungan yang sesuai,"" imbuh Tina.
Aurora Plus dilengkapi dengan sejumlah manfaat yang dapat memberikan nilai tambah bagi nasabah, salah satunya pengembalian premi 105% apabila tertanggung hidup hingga akhir masa asuransi, sesuai dengan ketentuan polis. Asuransi ini juga memberikan perlindungan terhadap lima penyakit kritis, yaitu kanker, serangan jantung, stroke, gagal ginjal, dan hepatitis fulminant, sesuai dengan ketentuan yang berlaku.
Produk ini juga menyediakan manfaat pengunduran diri (surrender) bagi pemegang polis yang memutuskan untuk tidak melanjutkan pertanggungan, dengan mengikuti ketentuan yang tercantum dalam polis.
Simak juga Video 'Prabowo soal Iklim Investasi RI Dibandingkan dengan Malaysia-Vietnam':
(ily/ara)",finance
196,"Bank Indonesia (BI) mencatat posisi cadangan devisa (cadev) RI sebesar US$ 146,3 miliar atau sekitar Rp 2.617 triliun (asumsi kurs Rp 17.888) hingga akhir September 2026. Posisi tersebut menyusut dibandingkan akhir Agustus 2026 yang tercatat sebesar US$ 146,5 miliar atau sekitar Rp 2.618 triliun.
Departemen Komunikasi BI, Ramdan Denny Prakoso, menjelaskan perubahan posisi cadev ini dipengaruhi oleh penarikan pinjaman luar negeri pemerintah serta penerimaan pajak dan jasa, di tengah pembayaran utang luar negeri pemerintah yang jatuh tempo.
Selain itu, pergerakan posisi cadev ini juga dipengaruhi kebijakan stabilisasi nilai tukar rupiah BI sebagai respons terhadap ketidakpastian pasar keuangan global yang tetap tinggi.
""Posisi cadangan devisa Indonesia pada akhir September 2026 tetap terjaga sebesar 146,3 miliar dolar AS, relatif stabil dibandingkan dengan posisi pada akhir Agustus 2026 sebesar 146,5 miliar dolar AS,"" kata Denny dalam keterangan tertulisnya, Rabu (7/10/2026).
Denny menjelaskan, posisi cadangan devisa hingga akhir September 2026 setara dengan pembiayaan 5,3 bulan impor atau 5,2 bulan impor dan pembayaran utang luar negeri pemerintah, serta berada di atas standar kecukupan internasional sekitar 3 bulan impor.
Ia menegaskan, cadangan devisa ini mampu mendukung ketahanan sektor eksternal dan menjaga stabilitas makroekonomi serta sistem keuangan.
""Ke depan, Bank Indonesia meyakini ketahanan sektor eksternal tetap baik didukung oleh posisi cadangan devisa yang memadai serta aliran masuk modal asing sejalan dengan persepsi positif investor terhadap prospek perekonomian nasional dan imbal hasil investasi yang tetap menarik,"" pungkasnya.
Tonton juga video ""Imbas Konflik Timteng: Devisa RI Rp56,5 T Terancam Melayang!""
(acd/acd)",finance
197,"Bank Mandiri melalui Livin' Mandiri Berbagi mengapresiasi para pekerja rentan dengan memberi paket makanan dan minuman. Kegiatan ini sejalan dengan semangat HUT ke-28 Bank Mandiri yang mengusung tema 'Tumbuh Bersama Majukan Indonesia'.
Sejak April 2026, Livin' Mandiri Berbagi telah dilaksanakan secara berkelanjutan di berbagai wilayah Indonesia, sebagai bentuk perhatian kepada para pekerja rentan yang turut mendukung aktivitas dan perekonomian masyarakat setiap hari.
Corporate Secretary Bank Mandiri Adhika Vista mengatakan peringatan ulang tahun perusahaan menjadi kesempatan untuk mendengar kebutuhan di sekitar dan mengambil bagian dalam upaya memenuhinya. Menurutnya, manfaat sebuah perayaan akan terasa ketika kegiatan yang dijalankan dapat menjangkau orang-orang yang membutuhkan dukungan dalam kehidupan sehari-hari.
""Perjalanan 28 tahun Bank Mandiri kami maknai dengan terus tumbuh bersama masyarakat dan berbagi manfaat bagi sesama. Karena itu, melalui Livin' Mandiri Berbagi, kami ingin memberikan apresiasi kepada para pekerja rentan yang setiap hari turut berkontribusi dalam mendukung aktivitas dan perekonomian masyarakat,"" ujar Adhika dalam keterangan tertulis, Rabu (7/10/2026).
Sebagai bagian dari rangkaian HUT ke-28 Bank Mandiri pada 2 Oktober 2026, Bank Mandiri kembali menghadirkan Livin' Mandiri Berbagi sebagai bentuk apresiasi kepada masyarakat yang turut menggerakkan aktivitas sehari-hari. Inisiatif ini kembali menghadirkan masing-masing 280 paket makanan dan minuman dibagikan kepada para pekerja rentan di 12 titik wilayah Indonesia.
Pelaksanaan di berbagai titik tersebut sekaligus menjadi ruang bagi Bank Mandiri untuk berinteraksi langsung dengan masyarakat dan memahami keseharian mereka. Dari hal-hal sederhana yang ditemui di rentan, Bank Mandiri berupaya menghadirkan kegiatan yang relevan dan dapat memberi arti bagi mereka yang menerimanya.
""Setiap perjalanan memiliki makna ketika dapat dibagikan dan dirasakan bersama. Kami berharap Livin' Mandiri Berbagi dapat menjadi ruang sederhana bagi masyarakat untuk saling memberikan apresiasi dan menguatkan, sekaligus melengkapi perayaan 28 tahun perjalanan Bank Mandiri bersama masyarakat,"" pungkas Adhika.
Bagi Bank Mandiri, semangat 'Tumbuh Bersama Majukan Indonesia' tidak berhenti pada perayaan ulang tahun, tetapi juga diwujudkan melalui berbagai kegiatan yang memberi manfaat secara langsung. Sebagai bagian dari Ekosistem Danantara yang terus menghadirkan transformasi nyata, Bank Mandiri berharap semangat berbagi ini dapat terus berjalan dan menjangkau lebih banyak masyarakat sesuai dengan kebutuhan di berbagai wilayah Indonesia.
Tonton juga video ""Bank Mandiri Raih Anugerah Pertumbuhan Ekonomi & Ekosistem Digital Detikcom Awards 2025""
(akd/ega)",finance
198,"Lembaga Penjamin Simpanan (LPS) mengusulkan perubahan terhadap Peraturan LPS (PLPS) terkait standar biaya dalam penyusunan Rencana Kerja dan Anggaran Tahunan (RKAT). Perubahan mencakup penggunaan standar biaya masukan (SBM) ke standar biaya keluaran atau berbasis kinerja (SBK).
Ketua Dewan Komisioner LPS, Anggito Abimanyu, mengatakan PLPS ini ditargetkan berlaku dalam perhitungan dan penyampaian RKAT pada 2027. Ia juga mengusulkan masa transisi selama dua tahun sebelum penerapan penuh RKAT berbasis SBK.
Anggito menjelaskan, skema SBM tetap digunakan untuk sejumlah kegiatan umum, seperti perjalanan dinas, rapat, fasilitas umum, teknologi informasi, sumber daya manusia (SDM), dan kegiatan pendukung lainnya.
Kemudian penggunaan skema SBK dilakukan untuk kegiatan yang berkaitan dengan kinerja dan mandat khusus LPS. Beberapa di antaranya mencakup riset, pengawasan, penyusunan regulasi, penegakan hukum, audit, serta penanganan bank dan perusahaan asuransi.
""Ini adalah beberapa ketentuan-ketentuan umum dan di dalam PLPS kami mengajukan masa transisi 2 tahun, sebelum secara penuh melaksanakan RKAT berbasis standar biaya keluaran atau standar biaya berbasis kinerja,"" ungkap Anggito dalam Rapat Kerja bersama Komisi XI di Kompleks Parlemen, Senayan, Jakarta, Rabu (7/10/2026).
Dalam revisi tersebut, LPS juga membedakan standar biaya umum dan standar biaya khusus. Untuk kegiatan umum, prinsip yang digunakan adalah kesamaan input, standar yang sama, keluaran dan biaya yang dapat dibandingkan.
Kemudian untuk kegiatan yang mencakup mandat khusus LPS akan menggunakan standar biaya yang disesuaikan dengan jenis kegiatan dan keluarannya. Hal ini antara lain berlaku untuk kegiatan resolusi bank dan perusahaan asuransi, uji tuntas, investigasi, audit forensik, hingga biaya perkara di pengadilan.
""Untuk hal-hal yang khusus, misalnya untuk yang menangani bank permasalahan, menangani resolusi, uji tuntas, investigasi, atau menangani perusahaan asuransi tentu tetap tidak selalu disamakan dengan kegiatan yang simpannya administratif biasa,"" ujarnya.
Anggito menegaskan perubahan standar biaya mengacu pada praktik yang berjalan di Kementerian Keuangan, Bank Indonesia (BI), dan Otoritas Jasa Keuangan (OJK).
Menurutnya, standar biaya masukan yang digunakan Kementerian Keuangan tetap menjadi salah satu referensi dalam menentukan kepatutan dan kewajaran biaya. Namun, standar tersebut nantinya dapat disesuaikan dengan karakteristik dan mandat khusus LPS.
""LPS tidak bermaksud membangun standar yang eksklusif, kita mengambil benchmark nasional yang mungkin menyesuaikan secara proporsional dengan karakter dan mandat khusus dari LPS,"" pungkasnya.
Tonton juga video ""3 Jurus Bos LPS Biar Anak Muda Nggak Kalah Saing di Dunia Kerja""
(acd/acd)",finance
199,"Ketua Dewan Komisioner Lembaga Penjamin Simpanan (LPS), Anggito Abimanyu, mengaku masih menunggu arahan terkait perluasan fungsi penjaminan terhadap simpanan anggota koperasi. Namun, ia mengaku belum menerima kerangka pikiran dari usulan LPS untuk menjamin simpanan di koperasi.
LPS sebagai penjamin simpanan di koperasi, diketahui menjadi salah satu pokok yang diusulkan dalam Rancangan Undang-Undang (RUU) tentang Perkoperasian. RUU tersebut diketahui tengah dibahas oleh DPR.
""Saya belum mendengar idenya. Jadi kami menunggu saja. Pokoknya kita pelajari dulu, tapi prinsipnya seluruh simpanan itu harus dikuatkan penjaminan kalau dia menyimpan ya,"" ungkap Anggito kepada wartawan di Kompleks Parlemen, Senayan, Jakarta, Rabu (7/10/2026).
Anggito menegaskan, seluruh lembaga penyimpanan harus memiliki penjaminan baik itu perbankan atau koperasi. LPS sendiri telah melakukan kajian terkait perluasan fungsi penjaminan tersebut dan akan membahasnya bersama Kementerian Koperasi.
Namun, ia mengaku belum mengetahui besaran simpanan koperasi yang nantinya dapat dijamin LPS. Menurutnya, skema penjaminan masih perlu dipelajari, terutama untuk koperasi dengan sistem closed loop.
Sementara itu, untuk koperasi dengan skema open loop, pengawasannya sudah berada di bawah Otoritas Jasa Keuangan (OJK). Menurutnya, skema penjaminannya menjadi lebih mudah disiapkan.
""Saya belum tahu, saya belum tahu mana yang bagian yang mau dijamin, simpanan yang mana, kan belum tahu. Kalau yang open loop sudah masuk dalam skemanya pengawasan OJK, itu lebih mudah. Kalau yang closed loop nanti kita pelajari dulu seperti apa, pokoknya kami intinya menyambut baik lah untuk peningkatan kemampuan pengembangan perkoperasian di Indonesia,"" pungkasnya.
Diberitakan sebelumnya, Menteri Koordinator Bidang Perekonomian Airlangga Hartarto, mengusulkan agar LPS juga menjamin dana yang disimpan di koperasi. Usul tersebut telah dia sampaikan kepada mitra kerja LPS di Komisi XI DPR RI.
Airlangga menilai, koperasi juga memiliki fungsi yang setara dengan perbankan. Ia juga mengusulkan DPR untuk melakukan amandemen undang-undang (UU) terkait perkoperasian.
Airlangga menilai, penambahan mandat LPS bisa dilakukan lantaran anggaran lembaga tersebut sudah mumpuni untuk menjamin simpanan di koperasi. Menurutnya, langkah ini juga menjadi bentuk keberpihakan negara untuk membantu UMKM dan koperasi.
""Kita tugaskan saja Pak Misbakhun (Ketua Komisi XI), termasuk mengamandemen undang-undang yang diperlukan. Masa kita masyarakat, taruh deposito di perbankan dijamin, tetapi kalau taruh di koperasi tidak dijamin,"" ungkap Airlangga dalam sambutannya di acara FEKDI x IFSE di JCC Senayan, Jakarta, Kamis (24/9).
Tonton juga video ""3 Jurus Bos LPS Biar Anak Muda Nggak Kalah Saing di Dunia Kerja""
(acd/acd)",finance
200,"PT Sumber Sinergi Makmur Tbk (IOTF), emiten yang bergerak di bidang teknologi GPS tracker dengan merek Fox Logger, mencatat pertumbuhan pendapatan hingga kuartal III-2026.
Pendapatan perseroan hingga September 2026 tumbuh sekitar 16% dibandingkan periode yang sama tahun sebelumnya (year on year/yoy). Pada periode sembilan bulan 2025, IOTF membukukan pendapatan Rp45,30 miliar. Dengan pertumbuhan sekitar 16%, pendapatan hingga September 2026 mencapai lebih dari Rp50 miliar.
Pertumbuhan tersebut terjadi di tengah tekanan biaya akibat penguatan dolar AS terhadap rupiah dan kenaikan harga komponen elektronik global.
CEO PT Sumber Sinergi Makmur Tbk Dr. Alamsyah mengatakan permintaan dari pelanggan korporasi, terutama sektor logistik dan rental kendaraan, menjadi salah satu penopang pendapatan. Menurutnya, perusahaan di sektor tersebut semakin membutuhkan efisiensi biaya operasional dan pengelolaan armada.
""Kuartal III tahun ini memberikan tantangan yang cukup besar bagi kami. Penguatan dolar AS terhadap rupiah dan kenaikan harga komponen elektronik global memberikan tekanan terhadap biaya produk. Namun di tengah kondisi tersebut, Perseroan tetap mampu mencatat pertumbuhan pendapatan sebesar 16% dibandingkan periode yang sama tahun sebelumnya,"" ujar Alamsyah dalam keterangan resmi, Selasa (6/10/2026).
Menurut Alamsyah, kebutuhan untuk menekan biaya operasional membuat pemanfaatan teknologi dalam pengelolaan armada semakin dibutuhkan.
""Industri logistik dan rental telah berkembang selama belasan tahun dan memiliki kebutuhan pengelolaan armada yang semakin kompleks. Saat ini fokus mereka tidak hanya pada pertumbuhan bisnis, tetapi juga bagaimana menekan biaya operasional agar profitabilitas tetap terjaga. Kami melihat teknologi memiliki peran yang semakin penting dalam menjawab kebutuhan tersebut,"" jelasnya.
IOTF juga mengembangkan produk GPS tracker Fox Logger dengan pemanfaatan teknologi artificial intelligence (AI). Teknologi tersebut digunakan untuk membantu pelanggan memantau aktivitas kendaraan dan mengelola armada.
Pengembangan produk diarahkan pada efisiensi operasional dan pemanfaatan aset kendaraan. Perseroan telah menjalankan bisnis GPS tracker selama 16 tahun. Selain pengembangan produk, perusahaan juga mempertahankan layanan purna jual untuk pelanggan.
Ke depan, IOTF akan melanjutkan pengembangan teknologi dan layanan yang berkaitan dengan efisiensi operasional pelanggan. Perseroan juga akan mengelola biaya di tengah perubahan nilai tukar dan harga komponen elektronik.
Kebutuhan digitalisasi pengelolaan armada dinilai masih terbuka, terutama untuk efisiensi biaya, produktivitas aset, keamanan kendaraan, dan pengambilan keputusan berbasis data.
""Kami ingin pertumbuhan Perseroan dibangun di atas fundamental bisnis yang semakin kuat. Fokus kami adalah menjaga kepercayaan pelanggan, terus melakukan inovasi teknologi, serta memastikan solusi Fox Logger memberikan dampak ekonomi yang nyata bagi operasional pelanggan,"" tutup Alamsyah.
(fdl/fdl)",finance
