ID,Isi Berita,Label
1,"Lombok - Sejumlah pekerja melakukan pengecatan lintasan Sirkuit Mandalika sebagai bagian dari persiapan jelang MotoGP Indonesia yang digelar 9-11 Oktober 2026.
Sejumlah pekerja melakukan pengecatan di pinggir lintasan Sirkuit Internasional Pertamina Mandalika, Kawasan Ekonomi Khusus (KEK) Mandalika, Kuta, Praya, Lombok Tengah, Nusa Tenggara Barat (NTB), Kemarin. ANTARA FOTO/AHMAD SUBAIDI
Pekerjaan tersebut dilakukan menjelang perhelatan Pertamina Grand Prix of Indonesia atau MotoGP 2026 yang dijadwalkan berlangsung pada 9 hingga 11 Oktober 2026. Indonesia Tourism Development Corporation (ITDC) bersama Mandalika Grand Prix Association (MGPA) melakukan sejumlah penyempurnaan teknis dan operasional untuk mempersiapkan sirkuit menghadapi ajang balap motor tersebut. ANTARA FOTO/AHMAD SUBAIDI
Sejumlah fasilitas pendukung juga turut dipersiapkan untuk menunjang penyelenggaraan MotoGP 2026. Keseluruhan pekerjaan teknis dan operasional tersebut ditargetkan rampung pada 1 Oktober 2026. ANTARA FOTO/AHMAD SUBAIDI
Persiapan dilakukan untuk memastikan berbagai kebutuhan teknis dan fasilitas pendukung siap digunakan saat Pertamina Grand Prix of Indonesia 2026 berlangsung. ANTARA FOTO/AHMAD SUBAIDI",sport
2,"Nagoya - Sejumlah jurnalis beraktivitas di Main Press Center Asian Games 2026 di Port Messe Nagoya, Jepang, untuk mempersiapkan peliputan pesta olahraga Asia.
Panitia memberikan penjelesan kepada jurnalis di Main Press Center (MPC) Asian Games 2026 di Port Messe Nagoya, Aichi, Jepang, Jumat (18/9/2026). MPC menjadi salah satu pusat kegiatan media untuk mendukung peliputan pesta olahraga terbesar di Asia tersebut. ANTARA FOTO/Fauzan
Para jurnalis memanfaatkan fasilitas yang tersedia di MPC untuk mempersiapkan berbagai kebutuhan peliputan. Aktivitas tersebut mencakup pengolahan berita, koordinasi, hingga persiapan materi untuk mengabarkan perkembangan pertandingan kepada masyarakat. ANTARA FOTO/Fauzan
Asian Games Aichi-Nagoya 2026 dijadwalkan berlangsung pada 19 September hingga 4 Oktober 2026. Sejumlah pertandingan dari berbagai cabang olahraga akan digelar di sejumlah venue di wilayah Aichi dan Nagoya serta daerah sekitarnya. ANTARA FOTO/Fauzan
Keberadaan MPC menjadi bagian penting dalam mendukung kelancaran kerja media selama penyelenggaraan Asian Games 2026. Dari lokasi tersebut, jurnalis dapat menjalankan tugas peliputan dan memperoleh berbagai informasi yang dibutuhkan selama kompetisi berlangsung. ANTARA FOTO/Fauzan
Menjelang pembukaan Asian Games 2026, aktivitas di MPC Nagoya pun semakin meningkat. Para jurnalis terlihat mempersiapkan diri untuk mengikuti rangkaian pertandingan dan menyajikan informasi terkini mengenai perjuangan para atlet dari berbagai negara peserta. ANTARA FOTO/Fauzan",sport
3,"Pebalap Spanyol David Almansa jadi yang tercepat di Free Practice I Moto3 Austria 2026. Almansa mengungguli Maximo Quiles, sedangkan Veda Ega Pratama kedelapan.
FP1 Moto3 Austria berlangsung di Sirkuit Red Bull Ring pada Jumat (18/9/2026) siang WIB. Almansa menuntaskan sesi ini setelah mengemas waktu 1 menit 40,595 detik.
Veda Ega Pratama memulai dengan menempati posisi di luar 10 besar. Hakim Danish memimpin sebelum digusur Almansa.
Veda kemudian merangsek ke posisi teratas setelah menembus 1 menit 41 detik. Veda digusur Almansa lagi, sebelum Maximo Quiles merebut puncak daftar usai membukukan 1 menit 41,243 detik.
Quiles memperbaiki catatan waktunya. Almansa menembus 1 menit 40 detik sehingga berhak posisi teratas di tiga menit terakhir sesi. Veda Ega Pratama pelan-pelan menembus tujuh besar dengan selisih sedetik dari Almansa.
Namun, pada akhirnya Veda Ega menuntaskan FP1 Moto3 Austria 2026 di urutan kedelapan. Veda Ega selisih 1,184 detik dari Almansa. Quiles mengunci posisi kedua di depan Adrian Fernandez, yang melesat di detik-detik akhir sesi ini.
Hasil FP1 Moto3 Austria 2026
(rin/aff)",sport
4,"Pebalap KTM Pedro Acosta mendominasi Free Practice I MotoGP Austria 2026. Acosta tercepat, sedangkan Marc Marquez menyudahi di posisi keempat.
Sesi FP1 MotoGP Austria 2026 berlangsung di Sirkuit Red Bull Ring pada Jumat (18/9) sore WIB. Catatan waktu Acosta menembus 1 menit 29,851 detik tidak terpatahkan sampai sesi ini berakhir.
Acosta langsung menetapkan kecepatan di awal sesi. Jorge Martin merangsek ke posisi kedua setelah kembali dari pit. Sedangkan Marc Marquez ketiga.
Alex Marquez melebar ke gravel saat masuk ke tikungan 4 pada lima menit terakhir. Rider Gresini langsung masuk pit akibat mengalami kendala di fairing motornya, dan tidak melanjutkan sesi ini.
Di dua menit terakhir, Pol Espargaro yang menggantikan Maverick Vinales, merebut posisi kedua untuk menggusur Jorge Martin. Marc Marquez harus puas finis di urutan keempat di depan Johann Zarco.
Marco Bezzecchi berjarak 0,533 detik dari Acosta sehingga cuma menempati posisi ketujuh. Alex Marquez kedelapan, Diego Moreira dan Luca Marini berturut-turut melengkapi 10 besar.
Ducati merajai Red Bull Ring setelah memenangi balapan grand prix Austria pada empat edisi terakhir. Francesco Bagnaia merebut tiga kemenangan pada 2022-2024, sedangkan tahun lalu dimenangi Marc Marquez.
Hasil FP1 MotoGP Austria 2026
| Pos | Rider | Nat | Team | Time/Diff | 
| 1 | Pedro Acosta | SPA | Red Bull KTM (RC16) | 1'29.851s | 
| 2 | Pol Espargaro | SPA | Red Bull KTM Tech3 (RC16) | +0.233s | 
| 3 | Jorge Martin | SPA | Aprilia Racing (RS-GP26) | +0.308s | 
| 4 | Marc Marquez | SPA | Ducati Lenovo (GP26) | +0.335s | 
| 5 | Johann Zarco | FRA | Castrol Honda LCR (RC213V) | +0.513s | 
| 6 | Marco Bezzecchi | ITA | Aprilia Racing (RS-GP26) | +0.533s | 
| 7 | Raul Fernandez | SPA | Trackhouse Aprilia (RS-GP26) | +0.566s | 
| 8 | Alex Marquez | SPA | BK8 Gresini Ducati (GP26) | +0.631s | 
| 9 | Diogo Moreira | BRA | Pro Honda LCR (RC213V)* | +0.669s | 
| 10 | Luca Marini | ITA | Honda HRC Castrol (RC213V) | +0.680s | 
| 11 | Fermin Aldeguer | SPA | BK8 Gresini Ducati (GP25) | +0.709s | 
| 12 | Fabio Di Giannantonio | ITA | Pertamina VR46 Ducati (GP26) | +0.800s | 
| 13 | Jack Miller | AUS | Pramac Yamaha (YZR-M1) | +0.843s | 
| 14 | Brad Binder | RSA | Red Bull KTM (RC16) | +0.861s | 
| 15 | Fabio Quartararo | FRA | Monster Yamaha (YZR-M1) | +0.921s | 
| 16 | Franco Morbidelli | ITA | Pertamina VR46 Ducati (GP25) | +0.997s | 
| 17 | Enea Bastianini | ITA | Red Bull KTM Tech3 (RC16) | +1.010s | 
| 18 | Francesco Bagnaia | ITA | Ducati Lenovo (GP26) | +1.122s | 
| 19 | Ai Ogura | JPN | Trackhouse Aprilia (RS-GP26) | +1.404s | 
| 20 | Takaaki Nakagami | JPN | Honda Test Rider (RC213V) | +1.438s | 
| 21 | Alex Rins | SPA | Monster Yamaha (YZR-M1) | +1.487s | 
| 22 | Toprak Razgatlioglu | TUR | Pramac Yamaha (YZR-M1)* | +2.512s | 
(rin/nds)",sport
5,"Rider Spanyol David Almansa kembali jadi yang tercepat di sesi Practice Moto3 Austria 2026. Sementara itu, Veda Ega Pratama harus puas berada di urutan ke-18.
Sesi practice Moto3 Austria digelar di Red Bull Ring, Jumat (18/9/2026) malam WIB. Almansa yang dominan mengakhiri sesi ini dengan catatan waktu 1 menit 39,668 detik.
Almansa mengungguli Maximo Quiles. Almansa dan Quiles menjadi dua pebalap yang menembus 1 menit 39 detik di sesi ini.
Sementara itu, posisi Veda Ega justru terus melorot menjelang akhir sesi practice. Sempat berada di posisi ke-10, Veda Ega pada akhirnya menuntaskan sesi practice di urutan ke-18.
Catatan waktu Veda Ega di sesi practice kali ini 1 menit 40,773 detik. Catatan tersebut sedikit lebih baik dari free practice 1 di mana Veda Ega menuntaskan sesi tersebut dengan catatan waktu 1 menit 41,779 detik.
Hasil Practice Moto3 Austria 2026
#Moto3 Practice in the books! 📚@DavidAlmansa22 edges out Maximo Quiles on Friday at Spielberg 🔥#AustrianGP 🇦🇹 pic.twitter.com/6NHmOpUKbX
— MotoGP™🏁 (@MotoGP) September 18, 2026
(nds/aff)",sport
6,"Rider KTM Pedro Acosta melanjutkan dominasinya dengan menguasai sesi Practice MotoGP Austria 2026. Acosta mengungguli Fermin Aldeguer, Ai Ogura, dan Marc Marquez.
Acosta mengawali sesi ini dengan mencatatkan waktu terbaik 1 menit 28,840 detik. Ia unggul 0,4 detik atas Fabio Quartararo.
Acosta cukup konsisten menjaga catatan waktu terbaiknya. Sementara itu, sejumlah pebalap bergantian mengisi posisi kedua.
Marco Bezzecchi sempat mengawali sesi ini dengan menempati posisi kedua. Sementara itu, Marc Marquez sempat kesulitan dan hanya menduduki urutan keenam.
Luca Marini memperbaiki catatan waktunya untuk membuntuti Acosta dengan selisih 0,485 detik. Beberapa waktu kemudian, Marc Marquez mampu menyodok ke posisi kedua.
Sesi practice sempat diwarnai red flag usai Alex Marquez mengalami crash. Setelah dihentikan selama beberapa menit, sesi ini kembali dilanjutkan dengan sisa waktu 11 menit 42 detik.
Acosta pada akhirnya mampu mempertahankan posisinya. Ia diikuti oleh Fermin Aldeguer yang menembus posisi kedua di saat-saat terakhir.
Ai Ogura menempati posisi ketiga di depan Marc Marquez. Jorge Martin melengkapi posisi lima besar.
Hasil Practice MotoGP Austria 2026
| Pos | Rider | Nat | Team | Time/Diff | 
| 1 | Pedro Acosta | SPA | Red Bull KTM (RC16) | 1'28.381s | 
| 2 | Fermin Aldeguer | SPA | BK8 Gresini Ducati (GP25) | +0.127s | 
| 3 | Ai Ogura | JPN | Trackhouse Aprilia (RS-GP26) | +0.187s | 
| 4 | Marc Marquez | SPA | Ducati Lenovo (GP26) | +0.204s | 
| 5 | Jorge Martin | SPA | Aprilia Racing (RS-GP26) | +0.222s | 
| 6 | Fabio Di Giannantonio | ITA | Pertamina VR46 Ducati (GP26) | +0.252s | 
| 7 | Brad Binder | RSA | Red Bull KTM (RC16) | +0.269s | 
| 8 | Alex Marquez | SPA | BK8 Gresini Ducati (GP26) | +0.321s | 
| 9 | Marco Bezzecchi | ITA | Aprilia Racing (RS-GP26) | +0.430s | 
| 10 | Fabio Quartararo | FRA | Monster Yamaha (YZR-M1) | +0.436s | 
| 11 | Luca Marini | ITA | Honda HRC Castrol (RC213V) | +0.440s | 
| 12 | Johann Zarco | FRA | Castrol Honda LCR (RC213V) | +0.484s | 
| 13 | Diogo Moreira | BRA | Pro Honda LCR (RC213V)* | +0.558s | 
| 14 | Enea Bastianini | ITA | Red Bull KTM Tech3 (RC16) | +0.680s | 
| 15 | Pol Espargaro | SPA | Red Bull KTM Tech3 (RC16) | +0.710s | 
| 16 | Alex Rins | SPA | Monster Yamaha (YZR-M1) | +0.720s | 
| 17 | Franco Morbidelli | ITA | Pertamina VR46 Ducati (GP25) | +0.810s | 
| 18 | Francesco Bagnaia | ITA | Ducati Lenovo (GP26) | +0.885s | 
| 19 | Raul Fernandez | SPA | Trackhouse Aprilia (RS-GP26) | +0.949s | 
| 20 | Takaaki Nakagami | JPN | Honda Test Rider (RC213V) | +1.215s | 
| 21 | Jack Miller | AUS | Pramac Yamaha (YZR-M1) | +1.568s | 
| 22 | Toprak Razgatlioglu | TUR | Pramac Yamaha (YZR-M1)* | +1.601s | 
(nds/nds)",sport
7,"Asian Games 2026 cabang olahraga bulutangkis dipertandingkan tanggal 20-24 September (beregu) dan 25-29 September (perorangan). Pertandingan berlokasi di Ichinomiya City Municipal Gymnasium.
Muhammad Shohibul Fikri dan kawan-kawan berlatih selama 60 menit untuk memetakan situasi dan kondisi lapangan.Dengan telah menjalani pemusatan latihan sebelumnya, tim langsung tancap gas dalam latihan pagi tadi.
""Kendala di latihan tadi sebenarnya tidak ada. Hanya saat pertama datang lapangan terasa ada angin dari pendingin ruangan tapi di tengah-tengah latihan pendingin ruangannya dimatikan. Jadi belum tahu nanti pertandingan apakah menggunakan pendingin ruangan atau tidak,"" kata Fikri dalam keterangan tertulis, Jumat (18/9/2026).
""Besok ada sesi test court terakhir, saya harus memaksimalkan lagi segi teknik, penyesuaian arah angin dan pencahayaan,"" lanjut Fikri.
Menjalani debut di pesta olahraga terbesar di Asia, Fikri antusias dan berharap meraih medali emas.
""Kesan pertama cukup excited karena ini Asian Games pertama jadi tadi juga di lapangan saya sangat bersemangat untuk kasih yang terbaik,"" ucap Fikri.
""Pastinya saya hanya ingin memberikan yang terbaik untuk tim dan perorangan, semoga bisa menyumbang medali emas,"" harapnya.
| Baca juga: Ana/Trias Fokus Medali di Asian Games 2026 | 
Sementara bagi Putri Kusuma Wardani, arena yang berada jauh dari perkotaan ini memberikan kesan yang tidak diduga.
""Arena ini walaupun seperti di desa pelosok tapi dalamnya cukup baik, bagus dan rapi juga. Memang kapasitasnya cukup kecil tapi secara fasilitas memadai,"" kata Putri.
Undian nomor beregu akan digelar hari Sabtu (19/9) pagi mulai pukul 10.00 waktu setempat.    
    
    (mcy/aff)",sport
8,"Indonesia tertinggal dari Rumania setelah Gunawan Trismuwantara takluk dari Cezar Cretu di laga perdana Grup 2 Dunia Piala Davis 2026. Indonesia tertinggal sementara 0-1.
Bertanding di Stadion Tenis GBK, pada Jumat (18/9/2026), Gunawan harus mengakui permainan Cezar Cretu dengan skor 2-6, 4-6.
Gunawan dengan ranking 2202 ATP mengaku kesulitan melawan pemain berkelas Cezar Cretu.
""Ya saya sudah berjuang maksimal cuma lawannya beda kelas. Jadi saya hanya berusaha main maksimal tapi hasil belum memuaskan buat Indonesia,"" kata Gunawan seusai laga.
Atlet tenis berusia 23 tahun ini sadar betul kemenangan di laga pertama menjadi hal penting bagi timnya. Namun, ia sudah berusaha untuk mengimbangi lawan, meski hasilnya masih belum memuaskan.
""Pasti sangat beban (pemain pertama) apalagi match pertama itu kan penting untuk tim Indonesia karena itu single, main sendiri juga, jadi main pertama jadi memang main pertama harus bisa dapatkan poin seharusnya. Tapi saya belum bisa memberikan hasil itu untuk Indonesia,"" ujarnya.
Gunawan dijadwalkan main lagi pada hari kedua penyelenggaraan Davis Cup. Ia akan tampil di match kelima, jika mampu mengejar Rumania.
""Untuk besok kira lihat kondisi. Saya recovery dulu karena tadi sedikit kambuh (cedera pergelangan tangan) saat menerima serve (lawan) yang cukup kencang,"" ujarnya.
Sementara itu, Sekretaris Jenderal PP Pelti Andi Fajar Asti mengatakan bahwa Gunawan sudah memberikan yang terbaik. Namun, atletnya banyak mati sendiri.
""Jadi bukan lawannya yang spesial menurut saya. Tetapi memang (atlet) kita masih banyak yang error. Saya kira ini tidak menjadi sebuah kesalahan. Artinya apa, kita pasti bisa mengimbangkan lawan Rumania,"" ujar Andi.
""Ke depan, saya akan koordinasi dengan coach, seperti apa formulasi yang akan kita turunkan besok. Khususnya nomor tunggal, soalnya saya melihat ada kondisi fisik dari Gunawan yang sedikit terganggu, sehingga ini tentu akan menjadi evaluasi bagi kita, apakah kita menurunkan tunggal ketiga kita,"" katanya.
""Apakah tetap Gunawan atau siapa, tentu semua pemain harus siap turun di laga besok. Ya, kita menunggu perkembangan malam ini. Kami akan menanyakan ke pemain sendiri terkait dengan kondisi saat ini,"" tegas Andi.
(mcy/aff)",sport
9,"Legenda bulutangkis Indonesia, Ricky Soebagdja, memantau perhelatan Campus League Badminton Regional Bandung. Ricky menyebut para peserta punya semangat yang tinggi.
Campus League Regional Bandung berakhir, Jumat (18/9/2026). Perhelatan digelar di GOR Bandung, Jawa Barat.
""GOR Bandung tempat bersejarah karena saat muda saya juga berlatih badminton di sini. Kedua, beberapa match saya menonton. Luar biasa performa para student-athlete,"" kata Sekretaris Jenderal PP PBSI, Ricky Soebagdja, dalam rilis yang diterima detikSport.
""Mereka memanfaatkan kesempatan ini. Jatuh bangun di lapangan, semangat, dan motivasi mereka tinggi. Poin 55, kekompakan tim kampus terlihat, ini sangat baik untuk student-athlete menunjukkan skill terbaik mereka,"" pria peraih medali emas Olimpiade 1996 di sektor ganda putra itu menambahkan.
Universitas Bina Nusantara (BINUS)Jakarta menjadi juara di kategori beregu usai mengalahkan Universitas Negeri Jakarta (UNJ) di di final. Universitas Budi Luhur (UBL) Jakarta meraih tempat ketiga dengan mengalahkan Universitas Gunadarma Depok.
Pada kategori individu tunggal putra, Nopriansyah Adi Gunawan dari Universitas Bhayangkara Jakarta Raya, Bekasi, menjadi juaranya. Maria Veronica Ngadien Prawesti dari Universitas Padjadjaran sebagai juara di tunggal putri.
Juara ganda putra diraih oleh Fajar Putra Setiawan/Ridho Ma'sum Firdaus dari Universitas Komputer. Alya Ardelia/Shofi Aprilia Argyanti dari UBL Jakarta sebagai juara ganda putri.
Muhammad Halim As Sidiq/Citra Murdiningrum Surono dari UNJ menyabet juara ganda campuran. Untuk kategori 3v3 dimenangkan oleh Agnia Sri Rahayu/Rangga Arda Rheta/Deandra Ikhsan Gunawan dari STKIP Pasundan Cimahi.
Para pemenang Regional Bandung dan Semarang akan beradu di Campus League Badminton The Nationals. Perhelatan digelar di GOR Bandung Jawa Barat, mulai 21 sampai 25 September 2026.
(ran/nds)",sport
10,"Pada perempatfinal nomor beregu putra yang berlangsung di di Higashiyama Park Tennis Center, Nagoya, Jumat (18/9/2026), Indonesia menyingkirkan India dengan skor 2-0.
Dengan demikian, Indonesia dipastikan ada di zona medali, alias minimal membawa pulang medali perunggu. Namun, pencapaian tersebut belum membuat perjuangan tim putra berakhir karena mereka masih ingin melaju ke final.
Perjalanan Indonesia menuju semifinal diawali dengan kemenangan meyakinkan atas Nepal pada fase penyisihan Pool B. Tim Merah Putih menang telak 3-0.
Pada partai ganda pertama, Tio Hutauruk/Fernando Sanger tampil dominan dengan mengalahkan pasangan Khatri/Pandey 5-0. Bagus Pradewa kemudian memperkuat keunggulan Indonesia setelah menundukkan Bhandari 4-0 pada nomor tunggal putra (TPA). Satu kemenangan lainnya diperoleh melalui walkover (WO).
Indonesia kemudian menghadapi Korea. Dalam pertandingan tersebut, Merah Putih harus mengakui keunggulan lawan dengan skor 1-2.
Rizky Zammy/Reza F kalah dari Kim H/Lee H dengan skor 2-5 pada ganda pertama. Bagus Pradewa juga belum mampu membendung Kim J dan menyerah 0-4 pada nomor tunggal putra.
Indonesia kemudian memperkecil ketertinggalan melalui pasangan Tio Hutauruk/Fernando Sanger. Keduanya mengalahkan Lee H/Park J dengan skor 3-2 sebelum pertandingan berakhir setelah pasangan Korea mengalami retired.
Hasil tersebut membawa Indonesia melaju ke perempat final untuk menghadapi India.
Menghadapi laga penentuan, para pemain Indonesia menunjukkan karakter dan ketenangan dalam pertandingan. Tio Hutauruk/Fernando Sanger membuka jalan dengan mengalahkan pasangan India Meena Jay/Choudary 5-2.
Bagus Pradewa kemudian memastikan kemenangan Indonesia setelah melewati pertarungan ketat menghadapi Thakur. Bagus akhirnya mengamankan kemenangan melalui tie-break dengan skor 4(7)-3(2).
Dengan dua kemenangan tersebut, Indonesia memastikan keunggulan 2-0 atas India sekaligus mengunci tiket semifinal.
Pelatih tim putra Indonesia, Prima Simpatiaji, mengapresiasi perjuangan seluruh pemain yang mampu menjaga fokus dan semangat sepanjang fase penyisihan hingga perempat final.
""Target awal sudah kami capai dengan masuk semifinal dan memastikan medali. Tetapi pertandingan belum selesai. Kami ingin para pemain tetap fokus, menjaga kondisi dan bermain maksimal pada semifinal,"" ujar Prima.
Prima menilai kemenangan atas India menjadi bukti bahwa para pemain mampu menjaga disiplin permainan sekaligus mempertahankan mental bertanding dalam situasi yang menentukan.
""Yang paling penting sekarang adalah recovery, menjaga konsentrasi dan mempersiapkan strategi menghadapi Jepang. Kami akan berusaha memberikan yang terbaik,"" katanya.
    
    
    (mrp/bay)",sport
11,"Asian Games Aichi-Nagoya 2026 berlangsung mulai 19 September hingga 4 Oktober. Khusus cabang bulutangkis nomor beregu akan dimulai Minggu (20/9/2026).
Undian beregu putra dan beregu putri pun telah dilaksanakan di Ichinomiya City Municipal Gymnasium, Sabtu (19/9/2026).
Dari drawing yang dilakukan, tim putra Indonesia yang menempati unggulan pertama mendapat bye di babak 16 besar. Di perempatfinal, mereka menunggu pemenang antara Malaysia versus Mongolia.
Sementara tim putri akan menghadapi Mongolia di babak 16 besar dengan Chinese Taipei sudah menanti di babak perempatfinal.
""Dari perjalanan persiapan ke Asian Games, kami sudah memetakan kekuatan calon-calon lawan. Dengan sudah rilisnya undian maka sekarang kami bisa lebih detil dan spesifik untuk menyiapkan strategi,"" kata Kabid Binpres Pelatnas Eng Hian.
""Saya berpesan kepada anak-anak untuk tetap menjaga kondisi baik teknis maupun non-teknis. Tetap fokus dengan apa yang sudah disiapkan serta menjaga ekspektasi serta harapan agar tidak menjadi beban yang berlebihan,"" tambahnya.
Eng Hian secara khusus juga mengingatkan kepada tim putra yang baru akan berlaga pada Selasa (22/9) mendatang untuk terus menjaga kekompakan.
""Untuk tim putra ada waktu yang cukup panjang sebelum laga pertama. Jadi saya mengingatkan untuk terus menjaga kekompakan dan memaksimalkan waktu untuk lebih mempelajari kekuatan lawan,"" ucap Eng Hian.
Berikut hasil undian Beregu Putra & Putri Asian Games 2026
Beregu Putri
China (1) vs Bye
Thailand vs Bye
Chinese Taipei (3/4) vs Bye
Indonesia vs Mongolia
Hong Kong vs Malaysia
Bye vs Korea (3/4)
Kazakhstan vs India
Bye vs Japan (2)
Beregu Putra
Indonesia (1) vs Bye
Malaysia vs Mongolia
Chinese Taipei (3/4) vs Bye
Thailand vs Macau
Bangladesh vs India
Kazakhstan vs Japan (3/4)
Hong Kong vs Korea
Bye vs China (2).    
    
    (mcy/aff)",sport
12,"Indonesia kalah dari tim Rumania 0-3 pada pertandingan Grup II Dunia Piala Davis 2026. Hasil ini membuat Indonesia harus turun ke babak playoff.
Bertanding di Stadion Tenis GBK, pada Sabtu (19/9/2026), pasangan Rafalentino Ali Da Costa/Ethan David Zapp tak mampu memberikan poin bagi Indonesia. Mereka kalah dari Stefan Horia Haita/Radu David Turcanu 2-6, 1-6.
Pada hari pertama, Indonesia sudah tertinggal 0-2 dari Cezar Cretu Cs. Duel Indonesia vs Rumania memainkan dua laga tunggal putra.
Hasil Ali Da Costa/Ethan David Zapp membuat Indonesia kalah dari Rumania 0-3 dan dipastikan turun ke babak playoff Grup II Dunia Davis Cup tahun depan.
""Hasil yang kurang memuaskan. Tapi ini pertama kali bagi saya, jadi pengalaman. Saya juga sudah coba yang terbaik, kemarin juga sempat main di tunggal tapi belum menang,"" kata Da Costa, seusai laga.
""Tadi kesulitannya lebih ke servisnya. Mereka juga lebih banyak main reli. Kalau lapangan tidak ada kendala, sama saja. Ya, terima kasih buat penonton yang sudah hadir,"" ucapnya.
Sementara itu, Sekretaris Jenderal PP Pelti Andi Fajar Asti memastikan hasil Piala Davis Cup ini menjadi bahan evaluasi tim Indonesia untuk ke depannya.
""Tentu ini akan menjadi bahan evaluasi bagi tim untuk kita bisa memasuki playoff Grup II Dunia ini dengan maksimal ke depannya,"" kata Andi.
""Memang kelihatan bahwa dari sisi pengalaman pertandingan tentu teman-teman bisa melihat dibandingkan dengan Rumanua yang jam terbangnya jauh lebih banyak.""
""Ini akan menjadi masukan bagi PP Pelti untuk terus mempersiapkan diri. Tentu dengan menyiapkan turnamen-turnamen untuk tim kita ya, agar mendapatkan banyak pengalaman juga di persiapan-persiapan event berikutnya,"" ujarnya.
Meskipun Indonesia sudah kalah, kedua tim sepakat untuk tetap mempertandingkan tunggal ketiga antara Lucky Candra Kurniawan melawan Gabriel Ghetu.
""Kami negosiasi dengan Rumania, hanya empat partai. Jadi sisa satu partai yaitu single dan Lucky akan kita turunkan. Kita lihat seperti apa hasilnya ke depannya, tegas Andi.
(mcy/aff)",sport
13,"Kylian Mbappe berambisi memenangkan Ballon d'Or 2026. Menurutnya fans Real Madrid pantas melihat idolanya meraih Si Bola Emas.
Mbappe jadi salah satu pemain yang masuk nominasi Ballon d'Or 2026. Bintang Real Madrid itu bersaing dengan 29 nama lain untuk memenangkan penghargaan itu.
Dari 30 nama kandidat, Mbappe dan Lamine Yamal (Barcelona) jadi yang paling diunggulkan menang. Keduanya dianggap sebagai pesepakbola terbaik di dunia saat ini.
Kylian Mbappe tak menampik dirinya jadi kandidat terkuat memenangkan Ballon d'Or 2026. Terlebih, kapten Timnas Prancis itu beberapa bulan lalu menorehkan rekor sebagai top skor Piala Dunia sepanjang masa dengan 22 gol.
Keberhasilan meraih Ballon d'Or menurut Mbappe akan jadi kesuksesan buat klubnya Real Madrid. Dia ingin mempersembahkan Si Bola Emas kembali ke Santiago Bernabeu setelah terakhir kali dimenangkan Karim Benzema pada 2022.
""Aku merasa ini tahun yang tepat untuk memenangkannya. Pendukung terbaik aku adalah kakiku sendiri,"" kata Mbappe, dilansir dari AS Diario.
🚨🗣️ Kylian Mbappé: ""Ballon D'Or? In my opinion, this is a good year to win it. My feet are my best advocates, more so than anything I might say. 
The most important thing to me is that the Ballon d'Or returns to Real Madrid. It needs to come back to the Bernabéu, to the… pic.twitter.com/VXGnPTmHoO
""Seberapa banyak pun aku berbicara, hal terpenting bagiku adalah Ballon d'Or kembali ke Real Madrid,"" dia menambahkan.
""Itu harus kembali ke Bernabeu, kepada para penggemar Madrid, untuk membawa kembali kegembiraan kepada semua orang ini. Mereka lebih pantas mendapatkannya daripada siapa pun,"" tegasnya.
(bay/adp)",sport
14,"Cristiano Ronaldo mau beli Al Nassr dan jadi pemiliknya, Butuh modal berapa CR7?
Cristiano Ronaldo masih terikat kontrak di Al Nassr sampai musim panas 2027, alias di akhir musim ini. Ronaldo masih punya opsi perpanjangan kontrak semusim lagi.
| Baca juga: Cristiano Ronaldo Mau Jadi Pemilik Al Nassr | 
Dirangkum dari media-media Timur Tengah, Cristiano Ronaldo mau di Al Nassr lebih lama. Bukan sebagai pemain, tapi sebagai pemilik!
Ronaldo sebenarnya sudah punya 5 persen saham kepemilikan Al Nassr. Pemilik saham mayoritas adalah Saudi Public Investment Fund (PIF) dengan 75 persen.
Cristiano Ronaldo tergabung dengan konsorsium yang mau beli Al Nassr. Mereka adalah Gerry Cardinale si CEO RedBird Capital selaku pemilik AC Milan, lalu tiga pengusaha Arab Saudi yakni Ibrahim Al-Muhaidib, Mohammed Al-Khuraiji, dan Sharaf Al-Hariri.
Dilaporkan, mereka harus punya modal sebesar 500 juta USD atau setara Rp 8,8 triliun!
Masing-masing paling sedikit harus menyumbang mulai dari 100 juta USD atau setara Rp 1,7 triliun.
Akan tetapi, angka 500 juta USD belumlah angka final. PIF bisa saja menaikkan angkanya.
Gerry Cardinale diketahui sudah melakukan kontak dengan PIF. Patut dinanti, akankah Ronaldo sukses jadi pemilik Al Nassr?
(aff/ran)",sport
15,"Harry Kane menegaskan, memenangi Ballon d'Or 2026 di luar kuasanya. Kane digadang-gadang sebagai salah satu favorit penghargaan bergengsi itu.
Bomber Bayern Munich itu tampil sensasional pada musim lalu. Kane membukukan 73 gol untuk Bayern (61) dan Timnas Inggris (12) untuk menyapu bersih trofi domestik, mencapai semfiinal Liga Champions, dan finis ketiga Piala Dunia 2026.
Kane akan bersaing dengan pemenang Piala Dunia 2026 Lamine Yamal dan Rodri, serta Lionel Messi, yang mengantar Argentina ke final turnamen itu back to back.
""Ini rumit. Aku tidak pernah suka terlalu banyak membicarakan tentang diriku sendiri. Apa yang bisa kukatakan adalah musim lalu itu luar biasa, baik secara individu maupun tim,"" ungkap Harry Kane kepada Marca.
""Itu, sejauh ini, adalah musim terbaik di dalam karierku. Memang benar bahwa aku sudah mencapai 73 gol, kedua terbanyak dalam sejarah (setelah Lionel Messi yang mencetak 82 gol di 2011/12) itu faktanya. Aku sangat bangga dengan hal itu.""
""Namun, Ballon d'Or itu tidak ditentukan olehku. Itu tergantung pada orang-orang yang melakukan pemungutan suara. Dari sudut pandangku sih, musim lalu kan sudah selesai. Sekarang aku fokus pada musim ini dan aku sangat menantikan hal apa lagi yang bisa kulakukan.""
""Aku tahu akan ada banyak sekali omongan tentang Ballon d'Or sampai Oktober, nanti karena itu kan sebuah penghargaan bergengsi,"" ucap Harry Kane.
(rin/aff)",sport
16,"Kompetisi baru dari FIFA untuk negara-negara Asia Tenggara akan segera dimulai. FIFA ASEAN Cup 2026 akan berlangsung pada 25 September hingga 5 Oktober 2026 dengan dua tuan rumah ,yaitu Indonesia dan Hong Kong. Dari 14 negara peserta, terdapat tiga negara yang berstatus sebagai undangan untuk melengkapi jumlah peserta turnamen ini.
Indonesia akan tergabung ke dalam Grup A bersama Singapura, Malaysia, dan Bangladesh. Sedangkan Grup B diisi oleh Thailand, Vietnam, Filipina dan Pakistan. Stadion Utama Gelora Bung Karno (SUGBK) dan Stadion Si Jalak Harupat dipilih sebagai venue laga di Indonesia. Sementara Stadion Kai Tak dan Stadion Mong Kok akan menjadi arena pertandingan di Hong Kong.
Format dari kompetisi adalah dua grup (A & B) yang mana setelah itu masing-masing tim pemuncak klasemen akan berhadapan di laga final. Untuk tim peringkat kedua akan dipertandingkan memperebutkan tempat ketiga.
Melansir detikSport, ASEAN Football sudah melakukan analisis mengenai favorit juara dan laga yang diprediksi akan dimainkan di pertandingan final. Hasilnya, Indonesia menjadi unggulan untuk juara FIFA ASEAN Cup seri pertama. Final Indonesia vs Thailand menjadi unggulan dengan persentase 29 persen. Di posisi kedua ada Indonesia vs Vietnam dengan persentase 20 persen.
Indonesia memang memiliki target juara di FIFA ASEAN Cup 2026. Timnas Garuda sudah lama tak merasakan menjadi kampiun di kompetisi internasional tingkat senior. Terakhir kali mereka merasakan manisnya menjadi juara adalah pada SEA Games 1991. Pada saat itu SEA Games masih memainkan tim senior. Kini, SEA Games sudah mewajibkan tim peserta memainkan tim U-23.
Pelatih Timnas Merah Putih, John Herdman, memberikan pandangan soal lawan-lawan Indonesia di ajang ini. Dia mengatakan jika Indonesia memiliki tim yang kuat dan penuh optimisme.
""Saya pikir kami mempunyai tim yang kuat dan kalau kami menjaga standar yang sudah kami tentukan sendiri dan bermain dengan semangat yang mencerminkan bangsa kita, dan dengan optimisme dan keyakinan bahwa kami mampu, lantas tak ada lawan yang seharusnya kita takuti.""
""Ada lawan kuat di turnamen ini. Vietnam yang sangat terorganisir. Mereka disiplin. Mereka berpengalaman dan Malaysia, Thailand akan membawa pemain naturalisasi mereka yang berkualitas. Tapi buat kita, ini mengenai melawan diri sendiri lebih dulu,"" kata Herdman dalam sesi press conference FIFA ASEAN Cup di Jakarta dilansir dari detikSport.
Sayangnya, jelang menghadapi kompetisi internasional FIFA ini Timnas Indonesia harus terkena berita tak mengenakkan. Jay Idzes, kapten sekaligus tembok pertahanan utama di lini belakang Timnas Garuda, dipastikan tak akan ikut berpartisipasi. Bang Jay mengalami cedera otot saat membela Sassuolo hadapi Juventus di Serie A, Senin (14/9). Pemain berusia 26 tahun itu bermain selama 80 menit lalu ditarik keluar. Melalui Instagram Jay Idzes mengungkapkan kekecewaannya.
""Halo Indonesia. Sayangnya, saya tidak bisa bergabung dengan tim pada jeda internasional kali ini karena cedera. Berat rasanya harus absen begitu lama, terutama karena saya sangat menantikan kesempatan untuk kembali membela Timnas setelah sebelumnya juga harus melewatkan jeda internasional terakhir akibat cedera."" tulis Idzes di instagram pribadinya
Selain Jay Idzes, terdapat nama-nama lain yang juga masih dalam kondisi cidera. Mereka adalah Adrian Wibowo, Mees Hilgers, Miliano Jonathans, Marselino Ferdinan, Jay Idzes, Sandy Walsh, hingga Shayne Pattynama. Lalu, mampukah John Herdman memaksimalkan skuad yang ada untuk membantu Timnas juara di FIFA ASEAN Cup? Siapakah sosok yang cocok untuk menggantikan Jay Idzes di lini belakang? Simak obrolannya dalam segmen D'Hattrick!
Menuju Jawa barat, detikSore akan mengulas soal temuan praktik yang berkaitan dengan Tindak Pidana Terorisme. Seorang warga asal Parongpong, Kabupaten Bandung Barat diciduk oleh Direktorat Reserse Kriminal Umum Polda Jawa barat setelah diketahui terlibat dalam pembuatan dan pelatihan perakitan bom.
Berdasarkan keterangan Polisi, pria berinisial MSA (25) tersebut bahkan telah meledakkan belasan bom buatannya sebagai salah satu materi pelatihan. Dalam penangkapan tersebut, polisi juga menyita sejumlah barang bukti berupa komponen rakitan senjata api, casing granat, tiga laras senpi, per pegas, pelatuk, serta besi stainless berbentuk laras dan silinder, ditambah perlengkapan panahan. Selain itu, petugas menyita ransel, buku, kitab, dan semen.
Lalu bagaimana kegiatan ini bisa terendus? Simak laporan langsung Jurnalis detikJabar selengkapnya.
Beralih ke Sunsetalk, detikSore akan membahas kisah profesi seseorang yang tidak biasa. Dia yang dulunya ia mengantar penumpang manusia, kini mengantar anak bulu (anabul) atau hewan peliharaan.
Profesi yang terbilang tak biasa ini ternyata membuka peluang usaha yang menarik. Jasa dog taxi hadir sebagai solusi transportasi khusus anabul, mulai dari mengantar ke dokter hewan, grooming, hingga berbagai kebutuhan lainnya.
Tak hanya membutuhkan kemampuan mengemudi, pekerjaan ini juga menuntut kesabaran dan kemampuan memahami karakter setiap anabul yang menjadi penumpangnya.
Bagi pemilik anabul, layanan seperti ini tentu menjadi solusi. Namun bagi pengemudinya, pekerjaan ini ternyata bisa menjadi sumber penghasilan.
Lantas, bagaimana perjalanan profesi ini hingga menjadi sumber penghasilan? Seberapa besar peluang bisnis dog taxi di Indonesia? Temukan jawabannya bersama Pemilik Jasa Dog Taxi, Theo Handoko dalam segmen Sunsetalk.
Ikuti terus berita terbaru dan bermutu dari detikSore. Tonton tayangan langsungnya lewat berbagai platform media sosial. Jangan lupa follow detikSore di Instagram dan TikTok. detikSore Nggak Cuma Hore-hore!
(gub/vys)",sport
17,"Dulu Casemiro dan Lionel Messi saling skiut-sikutan. Kini di Inter Miami, keduanya bahu-membahu bikin gol dengan Messi jadi pelayannya.
Casemiro gabung ke Inter Miami di musim panas 2026. Casemiro setim dengan Lionel Messi, yang dulunya adalah rival.
Casemiro pernah bermain di Real Madrid dan Messi di Barcelona. Maka tak asing, melihat keduanya saling sikut-sikutan.
| Messi Vs Casemiro di LaLiga (Foto: Getty Images/Alex Caparros) | 
Tapi kini, keduanya jadi bromance. Trofi Campeones Cup jadi titel pertama yang dimenangkan Casemiro bersama Lionel Messi.
Inter Miami menang 2-0 atas Cruz Azul di Campeones Cup, Kamis (17/9). Campeones Cup adalah ajang pertemuan juara MLS vs juara MX (Liga Meksiko).
Messi bikin satu gol. Satu golnya lagi dicetak Casemiro lewat sundulan menyambut umpan corner kick Messi.
Casemiro sudah catatkan empat gol di seluruh kompetisi buat Inter Miami. Tiga gol yang dicetak semuanya dari umpan Lionel Messi!
Messi mampu kirim dari sepak pojok yang kemudian dieksekusi Casemiro. Sang gelandang memang tajam dalam algojo set piece sejak musim lalu bersama MU, bisa cetak sembilan gol.
""Sangat menyenangkan bermain dengan Messi. Dia adalah pemain terbaik di dunia,"" puji Case.
(aff/rin)",sport
18,"Cristiano Ronaldo dipanggil Timnas Portugal. Meski sudah di usia senja, Ronaldo masih jadi andalan!
Dilansir dari TNT Sports, Timnas Portugal mengumumkan 25 pemain untuk jeda internasional akhir September-awal Oktober. Portugal akan mengarungi babak grup UEFA Nations League.
Portugal akan hadapi Wales (25 Oktober), Norway (28 September), Denmark (2 Oktober), dan Norwegia di kandang (5 Oktober).
Salah satu nama yang dipanggil adalah Cristiano Ronaldo. Pelatih Jorge Jesus masih mempercayai pemain berusia 41 tahun itu.
Ronaldo masih jaga level permainannya. Ronaldo kemas tiga gol dari tujuh laga bersama Al Nassr di seluruh kompetisi awal musim ini.
| Baca juga: Siapa Pensiun Duluan, Ronaldo atau Messi? | 
Ada pemain senior lainnya turut dipanggil ke Timnas Portugal. Dia adalah Bernardo Silva.
Daftar skuad Timnas Portugal
Kiper: Diogo Costa, Rui Silva, Samuel Soares.
Bek:Joao Cancelo, Diogo Dalot, Ruben Dias, Tomas Araujo, Renato Veiga, Goncalo Inacio, Nuno Mendes, Nuno Tavares.
Midfield:Joao Palhinha, Ruben Neves, Vitinha, Joao Neves, Bernardo Silva, Bruno Fernandes.
Attack:Francisco Conceicao, Francisco Trincao, Rafael Leao, Pedro Neto, Joao Felix, Cristiano Ronaldo, Goncalo Ramos, Fabio Silva.
(aff/ran)",sport
19,"Pelatih Zinedine Zidane segera umumkan skuad Timnas Prancis untuk UEFA Nations League. Nama N'Golo Kante dilaporkan dicoret.
Dilansir dari RMC Sport, Zinedine Zidane akan memulai petualangan sebagai pelatih Timnas Prancis. Tim Ayam Jantan akan mengarungi UEFA Nations League.
| Baca juga: Mbappe Menanti Panggilan Zidane | 
Prancis akan hadapi Turki pada 26 September, Belgia pada 29 September, Italia pada 3 Oktober, dan Belgia lagi di kandang pada 6 Oktober.
Skuad Prancis akan segera diumumkan di akhir pekan ini. Kabarnya, N'Golo Kante dicoret!
N'Golo Kante merupakan salah satu pemain senior. Gelandang berusia 35 tahun itu sudah bukukan 69 penampilan.
Kante merupakan bagian penting skuad ketika menangi Piala Dunia 2018. Kante dipanggil ke Piala Dunia 2026 oleh pelatih Didier Deschamps, tapi cuma jadi cadangan sepanjang perjalanan.
Dilaporkan, Zidane akan memanggil para pemain muda. Maka sepertinya, kisah Kante bersama Timnas Prancis selesai sudah.
(aff/nds)",sport
20,"Presiden Barcelona Joan Laporta mengusulkan agar final Piala Dunia 2030 digelar di Camp Nou. Laporta mengaku siap mengajukan proposal kepada FIFA.
Piala Dunia 2030 akan digelar di Spanyol, Maroko, dan Portugal. Pertandingan spesial juga akan digelar di Uruguay untuk memperingati 100 tahun Piala Dunia edisi pertama.
Sejauh ini, FIFA belum menentukan di negara mana pertandingan final akan digelar. Meski demikian, Federasi Sepakbola Spanyol dan Maroko sama-sama telah mengklaim bahwa mereka akan menjadi tuan rumah laga final.
""Final Piala Dunia sebaiknya tidak di Casablanca atau Madrid, melainkan di Spotify Camp Nou,"" ujar Laporta kepada Cadena SER seperti dikutip ESPN.
""Saya bilang begini karena ada alasannya: 105.000 fans,"" imbuhnya merujuk ke kapasitas stadion setelah renovasi selesai nantinya.
""Saya kira FIFA akan mempertimbangkannya. Dan selain itu ... Kami sudah pernah menggelar final Piala Dunia di Santiago Bernabeu pada 1982.""
""Dengan segala hormat kepada Maroko, final Piala Dunia 2030 sebaiknya dimainkan di negara Spanyol. Di samping itu, Spanyol adalah juara dunia.""
Laporta mengonfirmasi bahwa ia berencana mengajukan proposal ke FIFA agar final Piala Dunia 2030 digelar di Camp Nou.
""Final Piala Dunia 2030 di Spotify Camp Nou akan memberi pengakuan internasional yang kami inginkan, dan kami akan mengusulkannya. Kami akan mengemukakan alasan-alasan ini dan yang lainnya yang akan muncul seiring berjalannya waktu,"" katanya.
(nds/ran)",sport
21,"Timnas Inggris mengumumkan skuad yang akan dibawa ke jeda internasional berikutnya. Cole Palmer dan Trent Alexander-Arnold dipanggil lagi.
Dalam skuad yang dirilis pada Jumat (18/9), Palmer masuk dalam skuad pilihan pelatih Thomas Tuchel. Trent juga dibawa lagi.
Sebelumnya Palmer dan Trent tak dibawa Tuchel ke Piala Dunia 2026. Keduanya dicoret, yang sempat jadi banyak sorotan.
Palmer dicoret usai kurang bersinar di Chelsea musim lalu. Begitu juga Trent, yang melempem pada musim pertamanya main di Real Madrid.
Musim ini, keduanya bangkit. Palmer menggila di Chelsea dengan bikin 4 gol dan 2 assist dari 6 laga. Sementara Trent juga sudah bikin satu assist untuk Los Blancos.
Nasib berbeda dialami Phil Foden, yang juga masih tak dibawa Tuchel ke skuad Inggris. Padahal pemain berusia 26 tahun itu tampil apik bersama Manchester City, dengan sumbangan 2 assist-nya.
Tuchel menjelaskan, Trent dipanggil utuk memberinya kesempatan, usai Reece James juga cedera. Ia berharap pemain yang kini dipanggil bisa memberi bukti.
""Ini adalah kesempatan bagi Trent untuk merebut apa yang menurutnya menjadi haknya, posisinya di sisi kanan. Dia selalu bilang dia siap bertarung. Kini giliran dia untuk membuktikannya,"" kata Tuchel, mengutip Guardian.
""Masuk nominasi, seperti halnya Cole yang kembali masuk skuad, memang satu hal, tapi tampil baik untuk Inggris adalah hal lain. Ini juga penting. Terutama Cole perlu menunjukkan performa yang lebih baik saat dia kembali dan perlu mencatatkan angka-angka serta penampilan seperti ini untuk mendapatkan posisinya, mempertahankan jerseynya, dan membenarkan nominasi tersebut,"" katanya.
Timnas Inggris mulai akan segera berkumpul, untuk melakoni empat laga internasional. Harry Kane dkk akan melawan Spanyol, Republik Ceko, dan Kroasia di ajang UEFA Nations League pada 27 September hingga 7 Oktober mendatang.
Daftar Pemain yang Dipanggil Timnas Inggris
Kiper: Jordan Pickford (Everton), Jason Steele (Brighton), James Trafford (Leeds United)
Bek: Trent Alexander-Arnold (Real Madrid), Jarrad Branthwaite (Everton), Trevoh Chalobah (Como), Marc Guehi (Manchester City), Lewis Hall (Newcastle United), Ezri Konsa (Arsenal), Tino Livramento (Newcastle United), Nico O'Reilly (Manchester City), Jarrell Quansah (Bayer Leverkusen)
Gelandang: Elliot Anderson (Manchester City), Jude Bellingham (Real Madrid), Myles Lewis-Skelly (Arsenal), Kobbie Mainoo (Manchester United), Cole Palmer (Chelsea), Declan Rice (Arsenal), Alex Scott (Bournemouth)
Penyerang: Dominic Calvert-Lewin (Leeds United), Eberechi Eze (Arsenal), Anthony Gordon (Barcelona), Harry Kane (Bayern Munich), Rio Ngumoha (Liverpool), Marcus Rashford (Manchester United), Morgan Rogers (Chelsea), Bukayo Saka (Arsenal)
(yna/bay)",sport
22,"Zinedine Zidane mengumumkan skuad perdananya sebagai pelatih Timnas Prancis. Ada lima muka baru dipanggil, siapa saja?
Zidane memanggil 23 nama untuk laga Prancis di UEFA Nations League. Tergabung di Grup A, Prancis bertemu Turki, Belgia, dan Italia di empat laga ke depan.
Dari 23 nama itu, sebagian besar adalah penghuni skuad Piala Dunia 2026 lalu seperti kapten Kylian Mbappe serta Ousmane Dembele. Eduardo Camavinga dipanggil lagi setelah tidak dibawa ke Piala Dunia.
Camavinga jadi salah satu dari enam gelandang Prancis selain Rayan Cherki, Warren Zaire-Emery, Adrian Rabiot, dan Manu Kone. Untuk lima pemain baru ada bek Liverpool Jeremy Jacquet dan gelandang Como Lucas Da Cunha.
Keduanya memang tampil menawan di awal musim ini. Selain itu ada kiper Toulouse Giullaume Restes, bek Inter Milan Andy Diouf, dan penyerang Rennes Esteban Lepaul.
Satu yang mengejutkan adalah tidak ada nama N'Golo Kante yang merupakan gelandang paling senior di tim. Prancis akan melawat ke Turki dan Belgia pada 26 serta 29 September, sebelum menjamu Italia (3 Oktober) dan Belgia (6 Oktober).
Skuad Prancis
Kiper: Mike Maignan (Milan), Guillaume Restes (Toulouse), Robin Risser (Lens)
Bek: Andy Diouf (Inter Milan), Jérémy Jacquet (Liverpool), Pierre Kalulu (Juventus), Ibrahima Konaté (Real Madrid), Jules Koundé (Barcelona), Maxence Lacroix (Chelsea), Adrien Truffert (Bournemouth), Dayot Upamecano (Bayern Munich)
Gelandang: Eduardo Camavinga (Real Madrid), Rayan Cherki (Manchester City), Lucas Da Cunha (Como), Manu Koné (Roma), Adrien Rabiot (Milan), Warren Zaïre-Emery (PSG)
Penyerang: Bradley Barcola (Liverpool), Ousmane Dembélé (PSG), Désiré Doué (PSG), Estéban Lepaul (Rennes), Kylian Mbappé (Real Madrid), Michael Olise (Bayern Munich)
| Baca juga: Mbappe Tinggalkan Nike, Kini Pakai On | 
(mrp/bay)",sport
23,"Cristiano Ronaldo kembali dipanggil ke Timnas Portugal. Pelatih Jorge Jesus punya alasan tersendiri soal memanggil CR7. Apa itu?
Timnas Portugal mengumumkan 25 pemain untuk jeda internasional akhir September-awal Oktober 2026. Ini menjadi tim pertama yang dipanggil pelatih anyar Selecao das Quinas Jorge Jesus.
Ronaldo jadi salah satu nama yang dipanggil Jorge Jesus ke Timnas Portugal. Tidak sedikit yang mempertanyakan keputusan pelatih berusia 72 tahun itu.
Bukan apa-apa, Ronaldo dianggap sudah habis di Timnas Portugal. Dia bahkan jadi pemain paling senior di skuad dengan usia mencapai 41 tahun.
Jesus angkat bicara soal pemanggilan kembali Ronaldo ke Timnas Portugal. Menurutnya performa sang pemain di level klub dan tim nasional masih mentereng.
Ronaldo sendiri sudah tidak asing dengan Jesus. Keduanya musim lalu bekerja sama mengantarkan Al Nassr jadi kampiun Liga Arab Saudi.
""Performanya, seperti semua pemain, dan masa lalu tidak dihitung dalam hal sejarahnya-itu memang penting, tetapi performa-lah yang akan memberi tahu saya keputusan apa yang harus saya buat dalam pertandingan dan latihan,"" kata Jesus, dilansir dari A Bola.
🚨🚨| OFFICIAL: Cristiano Ronaldo will 𝐂𝐎𝐍𝐓𝐈𝐍𝐔𝐄 with Portugal under new head coach Jorge Jesus. 🇵🇹✅
Ronaldo has been called up for Portugal's upcoming games by Jorge Jesus. pic.twitter.com/BWME1bUa2P
""Dalam skuad ini ada 13 pemain yang sudah pernah bekerja sama dengan saya. Itu membantu karena tim akan mulai bermain dan para pemain itu penting bagi pilihan saya,"" dia menambahkan.
""Kembali ke Cris: Cris adalah pemain seperti pemain lainnya. Jika dia bermain bagus, dia bermain; jika dia tidak bermain bagus, dia tidak bermain. Begitulah cara saya melakukannya dengan semua pemain,"" tegasnya.
(bay/yna)",sport
24,"Timnas Spanyol mengumumkan skuad untuk jeda internasional bulan ini. Ada dua nama baru dipanggil, salah satunya kiper Inter Milan Josep Martinez.
Setelah menjuarai Piala Dunia 2026, Spanyol akan memainkan laga perdananya di ajang UEFA Nations League A. Spanyol tergabung di Grup C bersama Inggris, Kroasia, dan Republik Ceko.
Spanyol langsung menghadapi Inggris di Wembley pada laga perdana 26 September, sebelum menjamu Kroasia pada 29 September dan Republik Ceska pada 3 Oktober. Laga tandang ke Kroasia pada 6 Oktober jadi penutupnya.
Laga kontra Inggris bakal jadi kali pertama Spanyol menggunakan bintang dua di jersey mereka. Untuk itu, pelatih Luis de la Fuente membawa skuad terbaiknya yang menjuarai Piala Dunia 2026.
Dari 26 nama yang dipanggil, hanya dua yang terbilang muka baru yakni kiper Inter Milan Josep Martinez dan penyerang Espanyol Roberto Fernandez. Ada juga dua pemain yang gagal tampil di Piala Dunia lallu, yakni Dean Huijsen menggantikan Marcos Llorente dan Fermin Lopez menggantikan Gavi.
Fernandez menggantikan posisi yang ditinggal Borja Iglesias. Yang spesial dari pengumuman skuad kali ini adalah De La Fuente melakukannya di Ceuta sambil ditemani warga lokal sana.
Pada akhir Juli lalu, Cueta dilanda kerusuhan setelah lebih dari 70 ribu orang menyeberang dari Maroko. Lebih dari 100 orang meninggal dunia dalam insiden itu dan sebagian besar sudah kembali ke kota, meski ada ribuan orang masih bertahan di kota.
""Ini Cueta, ini Spanyol,"" ujar De La Fuente dalam video yang diunggah akun resmi Timnas Spanyol.
Skuad Spanyol
Kiper: Unai Simón (Athletic Club), David Raya (Arsenal), Josep Martínez (Inter Milan)
Bek: Aymeric Laporte (Athletic Club), Pau Cubarsí (Barcelona), Eric García (Barcelona), Marc Pubill (Atletico Madrid), Alejandro Grimaldo (Atletico Madrid), Marc Cucurella (Real Madrid), Dean Huijsen (Real Madrid), Pedro Porro (Tottenham).
Gelandang: Rodri Hernández (Barcelona), Pedri González (Barcelona), Fermín López (Barcelona), Martín Zubimendi (Arsenal), Mikel Merino (Arsenal), Fabián Ruiz (Paris Saint-Germain), Álex Baena (Atletico Madrid).
Penyerang: Lamine Yamal (Barcelona), Dani Olmo (Barcelona), Ferran Torres (Paris Saint-Germain), Yeremy Pino (Crystal Palace), Nico Williams (Athletic Bilbao), Mikel Oyarzabal (Real Sociedad), Víctor Muñoz (Liverpool), Roberto Fernández (Espanyol).
(mrp/yna)",sport
25,"Lamine Yamal menilai banyak orang salah mengartikan Ballon d'Or. Menurutnya penghargaan itu tak diberikan ke jawara Liga Champions atau pencetak gol terbanyak.
Ballon d'Or sudah merilis 30 nama nominasi pemenang tahun 2026. Beberapa nama top sudah dijagokan meraih titel Si Bola Emas.
Ada nama Ousmane Dembele, pemenang Ballon d'Or musim lalu yang kembali membawa Paris Saint-Germain juara Liga Champions. Harry Kane (Bayern Munich) turut masuk nominasi setelah mencatatkan 73 gol di level klub dan tim nasional.
Yamal ikut dijagokan jadi pemenang Ballon d'Or. Bintang Barcelona berhasil membawa klubnya meraih gelar LaLiga, serta mengantarkan Spanyol juara Piala Dunia 2026.
Lamine Yamal menilai dirinya sangat pantas apabila diganjar Ballon d'Or 2026. Menurutnya pesaing terdekatnya saat ini adalah bintang Real Madrid dan Timnas Prancis Kylian Mbappe.
Dalam pandangan Yamal, dia dan Mbappe mewakili 2 pemain terbaik di dunia saat ini, dengan permainan yang menonjol ketimbang pemain lain. Baginya itu yang harusnya jadi acuan memenangkan Ballon d'Or, bukan memandang trofi yang dimenangkan atau jumlah gol yang dikumpulkan.
""Pemain terbaik di dunia adalah pemain yang Anda, sebagai komentator, tonton dan nikmati; Anda melihatnya dan menilai dia adalah pemain yang sangat berbeda dari yang lain,"" kata Yamal, dilansir dari Mundo Deportivo.
""Ketika fokus kembali ke hal itu dan pemain terbaik diakui, maka penghargaan ini harus diberikan kepada... Pemain terbaik di dunia,"" dia menambahkan.
""Jika pemain terbaik di dunia adalah yang terbaik, bukan yang mencetak gol terbanyak atau yang memenangkan gelar terbanyak, maka penghargaan itu akan kembali memiliki nilai sebenarnya,"" ujarnya soal Ballon d'Or.
(bay/mrp)",sport
26,"N'Golo Kante tak dipanggil ke Timnas Prancis asuhan pelatih baru Zinedine Zidane. Faktor usia jadi alasan utamanya.
Timnas Prancis merilis daftar pemain untuk jeda internasional akhir September-awal Oktober 2026. Ada 23 nama yang dipanggil pelatih Zinedine Zidane ke Les Bleus.
Dari 23 nama yang dipanggil, tidak ada N'Golo Kante dalam daftar. Pemain berusia 35 tahun itu sebelumnya sering mendapat pemanggilan ke tim nasional, termasuk ke Piala Dunia 2026.
Zinedine Zidane angkat bicara soal tak dipanggilnya Kante ke Timnas Prancis. Dia memutuskan mencoret pemain Fenerbahce itu karena menginginkan skuad yang diisi pemain-pemain muda.
""Saya tidak memanggilnya. Itu keputusan saya. Ada pemain lain yang dapat membantu tim ini berkembang dan itu tidak ada hubungannya dengan kualitasnya,"" kata Zidane, dilansir dari AS Diario.
""Dia telah menjadi pemain teladan. Dia berusia 35 tahun dan saya akan memimpin tim nasional ini selama 4 tahun. Saya telah membuat keputusan,"" ujarnya.
📋 Zinédine Zidane a dévoilé sa première liste à la tête de l'Équipe de France 🇫🇷
Premières convocations pour 5 nouveaux joueurs : Restes, Diouf, Jacquet, Da Cunha et Lepaul 🙌
🔜 RDV lundi pour le début du rassemblement, avec 4 matchs de Ligue des Nations au programme ! pic.twitter.com/bqdM7HTBCP
Zidane juga menepikan isu pemanggilan Karim Benzema yang pernah diasuhnya semasa melatih Real Madrid. Sama seperti Kante, Benzema sudah dianggap uzur dengan usianya saat ini 38 tahun.
""Saat ini saya perlu melihat pemain yang lebih muda. Itu tidak mengurangi kariernya bersama tim nasional Prancis atau di level klub,"" Zidane menegaskan soal keputusannya tak memanggil Kante dan Benzema.
Keinginan Zidane akan 'darah muda' di skuad Prancis dibuktikan dengan pemanggilan 5 pemain berstatus debutan. Kelimanya yakni Giullaume Restes (21 tahun), Andy Diof (23 tahun), Jeremy Jacquet (21 tahun), Lucas Da Cunha (25 tahun), dan Esteban Lepaul (26 tahun).
(bay/mrp)",sport
27,"Lamine Yamal menyebut mencetak gol banyak bukan jaminan meraih Ballon d'Or. Harry Kane membalas pernyataan bintang Barcelona itu.
Yamal memberi komentar pedas soal Ballon d'Or. Menurutnya banyak orang salah menilai pemenang Si Bola Emas harus memenangkan Liga Champions atau mencetak gol terbanyak semusim.
Di mata Yamal, pemenang Ballon d'Or adalah pemain terbaik di dunia yang permainannya berbeda dengan yang lain. Pemain berusia 19 tahun itu merasa hanya dirinya dan Kylian Mbappe yang berada di kategori itu saat ini.
""Jika pemain terbaik di dunia adalah yang terbaik, bukan yang mencetak gol terbanyak atau yang memenangkan gelar terbanyak, maka penghargaan itu akan kembali memiliki nilai sebenarnya,"" kata Yamal.
Tidak sedikit yang menilai ucapan Yamal itu menyindir Harry Kane. Bomber Bayern Munich itu jadi salah satu nominasi pemenang Ballon d'Or 2026 karena torehan golnya.
Kane mencatatkan 73 gol bersama klub dan tim nasional sepanjang musim lalu. Baru-baru ini, dia bahkan memecahkan rekor 100 gol tercepat di Bundesliga.
Harry Kane tak mau ambil pusing soal ucapan Yamal. Kapten Timnas Inggris itu lebih memilih fokus di lapangan.
🚨🎙️| Kane: ""I don't want to talk a lot about myself. I talk on the pitch. Everyone is different. Lamine Yamal had a great season, Michael Olise as well. The Ballon d'Or is not in my hands."" #fcblive pic.twitter.com/gqOaHrcPhS
— BarçaTimes (@BarcaTimes) September 18, 2026
""Saya tidak tahu apa maksudnya. Yamal adalah pemain yang luar biasa. Dia menjalani musim yang hebat, seperti banyak pemain lainnya. Mbappe, Michael (Olise), Rodri. Ada banyak kandidat,"" kata Kane, dilansir dari One Football.
""Setiap orang berhak mengekspresikan diri mereka sesuka hati. Setiap orang berbeda. Itu bukan urusan saya. Saya akan terus melakukan hal saya di lapangan dan kemudian kita lihat apa yang terjadi,"" ujarnya soal persaingan Ballon d'Or 2026.
(bay/mrp)",sport
28,"Saat skuad Timnas Prancis berkumpul, para pemain tampil dengan gayanya masing-masing bak fashion show. Di era pelatih Zinedine Zidane, itu tidak ada lagi!
Dilansir dari RMC Sport, para pemain Timnas Prancis terkenal dengan momen 'fashion show'. Itu ketika para pemainnya berkumpul di training camp di Centre National du Football, saat jeda internasional.
Para pemain tampil dengan gayanya masing-masing. Apalagi Prancis dikenal sebagai pusat mode dunia. Jules Kounde yang biasanya paling sering mencuri perhatian.
Pelatih baru Timnas Prancis, Zinedine Zidane tidak mau ada hal itu lagi. Zidane melarang para pemainnya untuk 'fashion show' dan membatasi media yang datang!
Tujuannya jelas, Zidane mau skuadnya fokus ke lapangan. Bahkan staf tim pelatih juga melarang para pemain berlama-lama di sesi jumpa pers, demi menghindari omongan-omongan kontroversi yang tidak perlu dan bikin kehebohan.
Timnas Prancis bakal jalani fase gurp UEFA Nations League di jeda internasional ini. Tim Ayam Jantan akan hadapi Turki pada 26 September, Belgia pada 29 September, Italia pada 3 Oktober, dan Belgia lagi di kandang pada 6 Oktober.
(aff/aff)",sport
29,"Ada rumor keretakan antara Kylian Mbappe dan Ousmane Dembele soal Ballon d'Or 2026. Pelatih Timnas Prancis, Zinedine Zidane kasih respons.
Kylian Mbappe dan Ousmane Dembele masuk nominasi Ballon d'Or 2026. Pengumuman pemenangnya akan digelar pada 26 Oktober mendatang.
Kylian Mbappe melontarkan kata-kata 'sang terpilih' ketika dirinya ditanya soal perbandingan dengan Ousmane Dembele. Hal itu dinilai membuat keretakan di antara keduanya.
""Dia selalu terlihat sebagai pemain berbakat, tapi aku yang selalu dipandang sebagai 'sang pemain terpilih'. Aku melesat ke puncak dalam usia sangat muda,"" kata Mbappe kepada France Football.
Ousmane membalas. Dirinya memang bukan 'sang terpilih' melainkan seorang pekerja keras.
""Saya selalu berada di barisan belakang, bekerja keras. Sepanjang karier saya, saya tidak pernah banyak bicara. Saya tidak pernah menjadi 'sang terpilih',"" ujar Dembele di kesempatan berbeda.
Keduanya sudah saling bersuara di media, namun belum berkomunikasi langsung. Soal isu keretakan, pelatih Timnas Prancis Zinedine Zidane memberikan respons yang terkesan menenangkan situasi.
""Saya tahu rasanya menjadi pemenang Ballon d'Or dan setiap pemain pasti ingin meraihnya. Omongan-omongan seperti itu selalu ada dan itu hal yang wajar,"" bukanya.
""Menurut saya, hal itu lebih banyak terjadi di luar klub, namun di internal tim kami, tidak akan ada masalah,"" tegasnya.
""Kami akan segera fokus untuk berlatih dan memulai laga menghadapi Turki,"" tutup peraih Ballon d'Or 1998 itu.
(aff/raw)",sport
30,"Berapa Banyak Trofi Messi Sepanjang Kariernya? Afif Farhan - detikSepakbola Jumat, 18 Sep 2026 13:40 WIB ... Tautan telah disalin Inter Miami menang 2-0 atas Cruz Azul di Campeones Cup, Kamis (17/9). Messi cetak satu gol, satunya lagi dicetak Casemiro (MLS via Getty Images/Rich Storry - Leagues Cup) Campeones Cup adalah ajang pertemuan juara MLS vs juara MX (Liga Meksiko) (Icon Sportswire via Getty Images/Icon Sportswire) Sepanjang karier Messi, dirinya sudah menangi 49 trofi di level klub dan di level timnas termasuk kategori kelompok umur! (Getty Images/Matthew Ashton/AMA) Di Timnas Argentina, Messi persembahkan enam trofi yakni juara Piala Dunia U-20, emas Olimpiade 2008, dua kali Copa America, sekali Finalissima, dan sekali Piala Dunia (AP/Bruna Pardo) Di level klub, Messi menangi trofi saat memperkuat Barcelona, PSG, dan Inter Miami (Getty Images/Maddie Meyer) Trofi di level klub Messi paling banyak di Barcelona, jumlahnya 35 trofi (Laurence Griffiths / Getty Images) previous next previous next Jakarta - Lionel Messi terbaru menangi trofi Campeones Cup. Sudah berapa banyak trofi yang diraih La Pulga sepanjang kariernya? ... Tautan telah disalin lionel messi trofi Lihat lebih banyak",sport
31,"Kylian Mbappe mengakhiri kerjasama 20 tahun dengan apparel olahraga Nike. Kini Mbappe akan disponsori produsen serupa asal Swiss, On.
Sejak memulai kariernya di level junior, Mbappe sudah identik dengan Nike. Dalam kontrak terakhirnya dengan Nike yang diteken pada 2016, Mbappe mendapat minimal 14-15 juta euro per tahunnya.
Ini belum termasuk bonus yang membuat Mbappe mendapatkan total 20 juta euro. Kontrak tersebut habis 31 Juli lalu dan Mbappe memutuskan tidak memperpanjang lagi.
Mbappe rupanya sudah mengadakan pembicaraan dengan produsen olahraga asal Swiss, On, untuk menjadi brand ambassadornya. Kesepakatan itu akhirnya diumumkan secara resmi, Jumat (18/9) malam WIB.
Mbappe jadi pesepakbola pertama yang disponsori oleh On, yang selama ini berkutat di dunia lari dan tenis. Kerjasama dengan Mbappe ini juga menandai kiprah perdana On di lapangan hijau.
Menurut laporan The Athletic, Mbappe tidak cuma jadi brand ambassador, tapi akan memberi masukan soal lini sepatu sepakbola On ke depannya. Selain Mbappe, legenda Timnas Prancis Thierry Henry juga dikontrak sebagai Direktur Sepakbola On.
Meski tidak disebutkan berapa besar nilai kontrak terbarunya ini, Mbappe disebut akan mendapat jatah saham di perusahaan On seperti halnya Federer. Oleh karenanya, Mbappe menyebut ini sebagai awal baru dalam kariernya.
""Sedari awal, alasan saya bergabung dengan On adalah kesempatan untuk sama-sama membangun sesuatu yang baru untuk sepakbola ke depannya. Saya ingin membawa pengalaman dan cara pandang saya untuk produk yang akan kami buat, melakukan inovasi sebisa mungkin, dan selalu mengutamakan kebahagiaan dalam sepakbola. Kami punya mimpi yang sama dan ini baru awal,"" ujar Mbappe dalam unggahan di akun instagram.
(mrp/bay)",sport
32,"Jay Idzes dipastikan absen bela Timnas Indonesia di FIFA ASEAN Cup 2026. Sang bek tengah mengaku sedih.
Jay Idzes alami cedera otot saat membela Sassuolo hadapi Juventus di Serie A, Senin (14/9). Pemain berusia 26 tahun itu bermain selama 80 menit lalu ditarik keluar.
| Baca juga: Duh! Jay Idzes Cedera | 
Sempat muncul desas-desus, apa Jay Idzes masih bela Timnas Indonesia di jeda internasional pada akhir September sampai awal Oktober? Terkini, Idzes menjawab kalau dirinya dipastikan absen.
""Halo Indonesia. Sayangnya, saya tidak bisa bergabung dengan tim pada jeda internasional kali ini karena cedera,"" tulis Idzes di medsos pribadinya.
Jay Idzes mengaku sedih harus absen membela Timnas Indonesia. Idzes sudah menantikan memakai jersey Garuda lagi tapi takdir berkata lain.
""Berat rasanya harus absen begitu lama, terutama karena saya sangat menantikan kesempatan untuk kembali membela Timnas setelah sebelumnya juga harus melewatkan jeda internasional terakhir akibat cedera,"" paparnya.
""Mewakili Indonesia sangatlah berarti bagi saya, dan rasanya sulit harus absen serta tidak bisa mendampingi tim dan kalian semua. Saat ini, fokus saya adalah memulihkan kondisi sepenuhnya dan melakukan segala upaya agar bisa kembali dengan kondisi prima dan siap beraksi,"" sambungnya.
Jay Idzes akan terus mendukung Timnas Indonesia. Idzes mendoakan yang terbaik. Skuad Garuda masuk Grup A FIFA ASEAN Cup 2026 dan akan hadapi Singapura, Malaysia, dan Bangladesh.
""Meski tidak bisa hadir secara langsung, saya akan terus mendukung tim di setiap langkah perjuangan mereka. Mari kita bersatu, mendukung tim, dan memberikan segenap dukungan kita.. Semoga sukses, kawan-kawan. Sampai jumpa lagi,"" tutupnya.
(aff/rin)",sport
33,"Jay Idzes mengaku sedih kembali tidak bisa memperkuat Timnas Indonesia. Bek Sassuolo itu akan memberikan dukungan ke skuad Garuda dari kejauhan.
Indonesia akan tampil di FIFA Asean Cup 2026. Rizki Ridho cs melawan Singapura pada 25 September, Malaysia pada 28 September, dan Baglades pada 1 Oktober.
Idzes tidak akan masuk skuad Indonesia. Dia mengalami cedera saat memperkuat Sassuolo dalam kemenangan 3-2 atas Juventus pada akhir pekan lalu.
Ini menandai bahwa Idzes absen membela Indonesia selama dua periode jeda internasional secara beruntun. Pemain berusia 26 tahun itu mengungkapkan kesedihannya di media sosial, namun tetap akan memberikan dukungan dari jarak jauh.
""Meskipun saya tidak bisa berada di sana, saya akan mendukung tim di setiap langkahnya. Mari kita bersatu, mendukung tim, dan memberikan dukungan kita kepada mereka. Semoga sukses, kawan-kawan. Sampai jumpa lagi,"" tulis Jay Idzes.
Idzes adalah kapten Timnas Indonesia. Tanpa kehadirannya pada ajang Piala AFF 2026 beberapa bulan lalu membuat Indonesia hancur lebur.
(ran/aff)",sport
34,"Timnas Vietnam mau terus lanjutkan naturalisasi lewat skema menetap lima tahun di negaranya. Sebab, sudah terbukti petik hasil manis.
Tiga pemain naturalisasi Vietnam asal Brasil sudah bawa The Golden Star menangi Piala AFF 2026. Mereka adalah Nguyen Xuan Son, Do Hoang Hen, dan Nguyen Tai Loc.
Federasi Sepakbola Vietnam (VFF) akan terus lanjutkan naturalisasi. Skemanya adalah seorang pemain bisa memperkuat Timnas Vietnam andai sudah menetap selama lima tahun di sana.
""VFF tidak menetapkan batasan, ataupun menentukan jumlah spesifik pemain naturalisasi yang harus dipanggil,"" kata Wakil Presiden Federasi VFF, Tran Anh Tu dilansir dari VNExpress.
""Ada banyak pemain naturalisasi yang tersedia, namun keputusan mengenai siapa yang akan dipanggil berada di tangan pelatih kepala. Ia akan mempertimbangkan pemain yang sesuai dengan gaya permainan tim dan identitas Vietnam,"" paparnya.
Diketahui, ada banyak pemain asal Amerika Latin yang berlaga di Liga Vietnam alias V.League 1. Saat ini, Vietnam memiliki dua pemain naturalisasi potensial.
Mereka adalah bek tengah asal Brasil dan striker asal Nigeria. Keduanya sekarang belum memenuhi syarat kelayakan berdasarkan aturan domisili FIFA, baru bisa dapat di tahun 2027.
(aff/ran)",sport
35,"Timnas Malaysia sudah mengumumkan 23 pemain untuk tampil di FIFA ASEAN Cup 2026. Ada empat pemain Harimau Malaya yang berpotensi membuat debut, yakni Brad Tapp, Manuel Hidalgo, Hong Wan, dan Bergson da Silva.
Malaysia berada di Grup A pada ajang FIFA Asean Cup 2026. Pasukan Tan Cheng Hoe tergabung dengan Indonesia selaku tuan rumah, Banglades, dan Singapura.
Timnas Malaysia sudah mengumumkan 23 nama yang akan berangkat ke Indonesia. Ada tiga wajah baru dalam skuad, yakni Brad Tapp, Manuel Hidalgo, dan Bergson da Silva yang semuanya bermain untuk Johor Darul Ta'zim.
Brad Tapp berposisi sebagai gelandang bertahan yang merupakan kelahiran Australia, Manuel Hidalgo berposisi sebagai winger yang lahir di Argentina, dan Bergson da Silva adalah striker kelahiran Brasil.
Hong Wan, yang kelahiran Inggris, bukan wajah baru di skuad Malaysia. Dia pernah dipanggil dalam kekalahan 0-3 dari Singapura di laga uji coba pada September 2025, namun cuma duduk manis di bangku cadangan.
Dari 23 nama, cuma ada lima pemain yang memperkuat Malaysia pada Piala AFF 2026. Mereka adalah Azri Ghani, Ubaidullah Shamsul Fazili, Sergio Aguero, Pavithran Gunalan, dan Faris Danish Asrul.
Berikut 23 Pemain Skuad Timnas Malaysia:
Kiper
* Ahmad Syihan Hazmi Mohamed - Johor Darul Ta'zim
* Haziq Nadzli - Kuching City FC
* Azri Ghani - Negeri Sembilan FC
Belakang
* Dion Cools - Cerezo Osaka FC
* Daniel Ting - Ratchaburi FC
* Brad Tapp - Johor Darul Ta'zim
* La'Vere Corbin-Ong - Johor Darul Ta'zim
* Syahmi Safari - Johor Darul Ta'zim
* Faris Danish Asrul - Johor Darul Ta'zim II
* Quentin Cheng - Selangor FC
* Ubaidullah Shamsul Fazili - Terengganu FC
Tengah
* Stuart Wilkin - Johor Darul Ta'zim
* Nathaniel Shio Hong Wan - Johor Darul Ta'zim
* Manuel Hidalgo - Johor Darul Ta'zim
* Nooa Laine - Selangor FC
* Nazmi Faiz Mansor - Kuching City FC
* Sergio Aguero - PSM Makassar
Depan
* Arif Aiman Hanapi - Johor Darul Ta'zim
* Bergson da Silva - Johor Darul Ta'zim
* Faisal Halim - Selangor FC
* Romel Morales - Terengganu FC
* Pavithran Gunalan - Terengganu FC
* Fergus Tierney - PAC Omonia 29M
(ran/aff)",sport
36,"Arema FC dan Persik Kediri saling berhadapan dalam lanjutan Super League 2026/2027. Pertandingan tuntas tanpa pemenang.
Arema FC vs Persik Kediri berlangsung di Stadion Kanjuruhan, Malang, Jumat (18/9/2026) sore WIB. Kedua tim harus puas dengan skor 1-1.
Persik berhasil membuka keunggulan 1-0 pada menit keenam. Zanadin Fariz mencetak gol melalui tendangan voli dari luar kotak penalti usai memanfaatkan bola liar.
Arema FC mendapatkan hadiah penalti setelah Arkhan Fikri dilanggar Park Jun-heong. Careca maju sebagai eksekutor dan sukses mengubah skor menjadi 1-1 di menit ke-30.
Arema FC sempat mencetak gol lagi di menit ke-85. Gol itu dianulir hakim garis karena berbau offside dan diperkuat oleh keputusan VAR. Skor 1-1 pun bertahan sampai laga tuntas.
Hasil imbang ini untuk sementara membawa Arema FC di posisi kelima dengan lima poin. Persik ada di urutan ketujuh dengan empat poin.
Starting XI Arema FC Vs Persik:
Arema FC: Muhammad Adi Satryo (GK), Achmad Maulana Syarif, Diego Landis, Walisson Maia, Johan Alfarizi (C), Arkhan Fikri, Matheus Blade, Betinho, Careca, Gabriel Silva, Marcos Vinicius.
Persik Kediri: Andhika Ramadhani (GK), Althaf Indie, Kiko (C), Park Junheong, Marcelo, Eduardo Barbosa, Imanol Garcia, Bayu Otto, Zanadin Fariz, Ernesto Gomes, Jose Enrique.
(ran/nds)",sport
37,"Timnas Singapura telah mengumumkan 23 nama pemain yang dibawa ke FIFA ASEAN Cup 2026. Daftar lengkapnya bisa cek di sini!
Singapura berada di Grup A pada ajang FIFA Asean Cup 2026. Pasukan Gavin Lee tergabung dengan Indonesia selaku tuan rumah, Banglades, dan Malaysia.
Ada dua pemain Singapura yang bermain di luar negeri. Harhys Stewart memperkuat klub Thailand, Ciangrai United dan Safuwan Baharudinyang memperkuat Selangor FC dari Malaysia.
Singapura akan menghadapi Indonesia di laga pertama. Duel ini dijadwalkan bergulir di Stadion Utama Gelora Bung Karno, Jakarta, Jumat (25/9/2026) malam WIB.
Singapura sempat menahan imbang Indonesia 1-1 di Piala AFF 2026. Hasil itu sekaligus membuat Garuda terdepak.
Berikut Daftar Pemain Timnas Singapura:
* Kiper:Izwan Mahbud, Syazwan Buhari, Ridhuan Barudin
* Belakang:Irfan Najeeb, Ryhan Stewart, Nur Adam Abdullah, Raoul Suhaimi, Hariss Harun, Lionel Tan, Safuwan Baharudin
* Tengah:Kyoga Nakamura, Song Ui-yong, Shah Shahiran, Farhan Zulkifli, Glenn Kweh, Harhys Stewart, Hami Syahin, Haziq Kamarudin, Joel Chew, Jacob Mahler
* Depan:Ilhan Fandi, Shawal Anuwar, Faris Ramli
(ran/aff)",sport
38,"Suporter Timnas Indonesia sudah bisa membeli tiket pertandingan FIFA ASEAN Cup 2026. Harga paling mahal saat Indonesia bertemu Malaysia.
PSSI membuka pembelian tiket di platform resmi Kita Garuda, Jumat (18/9.2026). Harga tiket pertandingan di Indonesia bervariasi, tergantung kategori tribun dan pertandingan yang digelar.
Untuk laga di Stadion Utama Gelora Bung Karno (SUGBK), Jakarta, harga termurah dibanderol Rp 100 ribu, sedangkan yang termahal mencapai Rp 600 ribu. Harga termahal terjadi pada matchday kedua saat Indonesia melawan Malaysia.
Stadiun Si Jalak Harupat (SJH), Kabupaten Bandung, juga akan menggelar FIFA ASEAN Cup 2026. Di venue tersebut harga tiket dijual dengan harga Rp 100 ribu dan Rp 200 ribu.
Calon penonton pertandingan FIFA ASEAN Cup secara langsung wajib memiliki Garuda ID yang sudah terverifikasi.
Indonesia berada di Grup A bersama Banglades, Singapura, dan Malaysia. Seluruh pertandingan Indonesia berlangsung di Jakarta kecuali saat laga Malaysia vs Singapura di SJH.
Grup B diisi oleh Thailand, Vietnam, Filipina, dan Pakistan. Seluruh pertandingan bergulir di SJH kecuali laga Vietnam vs Pakistan di SUGBK.
Dalam laga matchday 1 dan 2, penonton bisa langsung menyaksikan dua pertandingan sekaligus. Pada matchday ketiga, setiap grup nantinya bakal memainkan dua pertandingan secara bersamaan di SUGBK dan SJH.
Harga Tiket FIFA ASEAN Cup 2026
Pertandingan Timnas Indonesia di SUGBK (Matchday 1 & Matchday 3):
* Premium West/East: Rp 500.000
* Garuda West/East: Rp 300.000
* Garuda South/North: Rp 200.000
* Upper Garuda: Rp 100.000
Pertandingan Timnas Indonesia di SUGBK (Matchday 2):
* Premium West/East: Rp 600.000
* Garuda West/East: Rp 400.000
* Garuda South/North: Rp 300.000
* Upper Garuda: Rp 150.000
Pertandingan di SUGBK (non Timnas Indonesia) - Matchday 4:
* Premium West/East: Rp 200.000
* Garuda West/East: Rp 200.000
Pertandingan di Stadion Si Jalak Harupat (non Timnas Indonesia) - Matchday 1 & 2:
* Garuda West/East: Rp 100.000
* Garuda South/North: Rp 100.000
Pertandingan di Stadion Si Jalak Harupat (non Timnas Indonesia) - Matchday 3 & 4:
* Garuda West/East: Rp 200.000
* Garuda South/North: Rp 200.000
(ran/aff)",sport
39,"Timnas Indonesia panggil 23 pemain untuk FIFA ASEAN Cup 2026. Berikut daftarnya!
Dilansir dari akun media sosial resmi Timnas Indonesia, Garuda Calling sudah dirilis. 23 Pemain dipanggil untuk berlaga di FIFA ASEAN Cup 2026.
Di pos penjaga gawang, ada Emil Audero, Maarten Paes, dan Nadeo Argawinata. Sembilan bek dipanggil beberapa di antaranya adalah Elkan Baggott, Dion Markx, sampai Dean James.
Sang bek tengah Jay Idzes absen. Idzes alami cedera otot.
Tiada kejutan di pos gelandang. Pemain muda, Rayhan Hannan masuk serta juga ada nama-nama seperti Calvin Verdonk dan Joey Pelupessy.
Di posisi penyerang Timnas Indonesia ada empat nama. Dua pemain muda dipanggil yakni Mitchell Baker dan Luke Vickery.
Daftar skuad Timnas Indonesia
Kiper: Emil Audero, Maarten Paes, Nadeo Argawinata.
Bek: Elkan Baggott, Dion Markx, Rizky Ridho, Justin Hubner, Nathan Tjoe-A-On, Yakob Sayuri, Kevin Diks, Dony Tri Pamungkas, Dean James.
Gelandang: Joey Pelupessy, Jordi Amat, Ivar Jenner, Egy Maulana Vikri, Calvin Verdonk, Rayhan hannan, Thom Haye.
Penyerang: Ole Romeny, Mitchell Baker, Luke Vickery, Ragnar Oratmangoen.
(aff/ran)",sport
40,"Madura United memetik poin penuh kala menjamu PSIM Yogyakarta dalam lanjutan Super League. Sempat tertinggal lebih dulu, Madura United berbalik menang 2-1.
Laga Madura United vs PSIM digelar di Stadion Gelora Ratu Pamelingan, Pamekasan, Jumat (18/9/2026) malam WIB. Tuan rumah kebobolan pada babak pertama.
PSIM membuka keunggulan pada menit ke-15. Nermin Haljeta membobol gawang tuan rumah usai menuntaskan bola dari Ezequiel Vidal.
Madura United baru bisa mencetak gol balasan di babak kedua. Mendonca membobol gawang PSIM pada menit ke-71 untuk menyamakan kedudukan.
Hanya berselang dua menit, Madura United kembali bikin gol. Gali Freitas membawa Madura United berbalik unggul 2-1.
Dengan hasil ini, Madura United melanjutkan start sempurnanya. Laskar Sapeh Kerrab memimpin klasemen Super League dengan sembilan poin dari tiga pertandingan.
Sementara itu, PSIM ada di peringkat ke-13. PSIM baru mengumpulkan satu poin dari tiga laga.
(nds/nds)",sport
41,"Timnas Indonesia sudah umumkan skuad untuk FIFA ASEAN Cup 2026. Ada banyak pemain yang sebelumnya main di Piala AFF, tidak dipanggil.
Jumat (18/9) Timnas Indonesia mengumumkan 23 pemain untuk FIFA ASEAN Cup 2026. Para pemain diaspora berdatangan.
Beberapa absen karena cedera seperti Jay Idzes dan Marselino Ferdinan. Melihat skuad yang ada, rupanya tak sedikit pemain-pemain yang sebelumnya berlaga di Piala AFF 2026 tidak dipanggil.
Dari pos penjaga gawang, Muhammad Riyandi dan Cahya Supriadi tidak dipanggil. Di posisi bek, Sandy Walsh dan Shayne Pattynama turut absen karena masih proses pemulihan cedera.
Marc Klok dan Eliano Reijnders tidak dipanggil, begitu pula Tim Geypens dan Kadek Agung. Di pos penyerang, Beckham Putra, Saddil Ramdani, dan Jens Raven tidak dipanggil.
Total ada 15 pemain dari skuad Piala AFF 2026 yang tidak dipanggil Timnas Indonesia untuk FIFA ASEAN Cup 2026. Tentu, pelatih John Herdman sudah punya racikan untuk menyusun skuadnya.
Timnas Indonesia masuk Grup A FIFA ASEAN Cup 2026. Garuda akan hadapi Singapura pada 25 September, hadapi Malaysia pada 28 September, dan hadapi Bangladesh pada 1 Oktober.
Di Grup B ada Thailand, Vietnam, Filipina, dan Pakistan. Para juara grup akan langsung ke final, sementara tim peringkat kedua bakal perebutkan posisi ketiga.
(aff/aff)",sport
42,"Timnas Indonesia sudah umumkan skuad untuk FIFA ASEAN Cup 2026. Ketum PSSI Erick Thohir berikan pesan dan motivasi.
Jumat (18/9) Timnas Indonesia merilis daftar 23 pemain untuk FIFA ASEAN Cup 2026. Para pemain diaspora berdatangan.
Lewat media sosial pribadinya, Ketum PSSI Erick Thohir memberikan pesan dan motivasi ke skuad Timnas Indonesia. Erick minta para pemain berikan segalanya!
""Mereka akan membawa harapan dan kebanggaan 280 juta lebih rakyat Indonesia. Tentang keberanian, perjuangan dan demi Merah Putih. Saatnya memberikan yang terbaik untuk Indonesia,"" paparnya.
""Ayo Garuda,"" tutupnya.
Timnas Indonesia masuk Grup A FIFA ASEAN Cup 2026. Garuda akan hadapi Singapura pada 25 September, hadapi Malaysia pada 28 September, dan hadapi Bangladesh pada 1 Oktober. Seluruhnya digelar di Stadion SUGBK.
Di Grup B ada Thailand, Vietnam, Filipina, dan Pakistan. Para juara grup akan langsung ke final, sementara tim peringkat kedua bakal perebutkan posisi ketiga.
(aff/aff)",sport
43,"Arsenal sejauh ini mengonfirmasi status sebagai favorit kuat juara Liga Inggris. Manajer Chelsea Xabi Alonso akui mereka kuat, tapi belum tentu di atas lainnya.
Arsenal sejauh ini tampil paling meyakinkan dan bertengger di pucuk klasemen Liga Inggris. Manchester City memang juga masih sempurna seperti Arsenal, tapi secara penampilan dinilai menunjukkan kerapuhan dan kerentanan.
Kemenangan dramatis via gol injury time lawan Bournemouth dan hasil tipis lawan Coventry yang sejauh ini jadi bulan-bulanan adalah pertandanya. Maka ada keyakinan Arsenal masih satu level di atas tim-tim lain musim ini.
""Terlalu dini untuk bilang begitu. Memang Arsenal dan Man City sudah memenangi semua pertandingannya sejauh ini, tapi masih ada begitu banyak pertandingan,"" ujar Alonso, yang baru menangani Chelsea musim ini.
""Saya tahu kok, tapi saat Anda menjalaninya, Anda menyadari betapa sulitnya setiap pertandingan, betapa sulitnya meraih kemenangan. Anda tak bisa menganggap enteng.""
""Kami perlu memberikan yang terbaik karena kami bakal dihukum kalau tidak. Kami sudah mengalami itu, tapi saya rasa akan ada momen-momen bagus dan juga momen-momen buruk buat semua tim,""imbuhnya dikutip
| Baca juga: Todd Boehly Tinggalkan Chelsea | 
.
(raw/raw)",sport
44,"Manchester City menang telak saat menjamu tim Championship Norwich City di laga Carabao Cup. The Sky Blues berpesta 5 gol tanpa balas.
Putaran ketiga Piala Liga Inggris (Carabao Cup) mempertemukan Man City vs Norwich. Duel digelar di Etihad Stadium, Jumat (18/9/2026) dini hari WIB.
Man City membuka keunggulan pada menit ke-29. Floyd Samba menanduk masuk umpan silang Allan Elias.
Tim tuan rumah menggandakan keunggulan 4 menit berselang. Kali ini giliran Rayan Cherki yang membobol gawang Norwich City dengan tembakannya.
Gol Cherki jadi gol terakhir yang tercipta hingga turun minum. Babak pertama berakhir dengan keunggulan Man City 2-0.
Man City tancap gas memasuki babak kedua. Gol ketiga tercipta 3 menit selepas turun minum, kali ini melalui sepakan on target Allan Elias.
BRACE! Man City menambah gol di menit ke-54. Floyd Samba mencetak gol keduanya ke gawang Norwich dengan bola tendangan melengkung di kotak penalti.
Man City kembali menyarangkan bola ke gawang Norwich di menit ke-90. Bola sepakan keras Ryan McAidoo menjadi gol pamungkas yang memastikan kemenangan The Citizens 5-0.
Kemenangan ini membawa Man City melaju ke putaran keempat Carabao Cup. Pasukan Enzo Maresca selanjutnya bertemu Brighton & Hove Albion yang lolos usai menyingkirkan Manchester United 3-2.
⏯️ The youngsters shine as the holders cruise into Round Four! 🏆#EFL | #CarabaoCup pic.twitter.com/cHinJLNFRm
— Carabao Cup (@Carabao_Cup) September 17, 2026
Susunan Pemain
Manchester City: Gerinio Rulli; Rico Lewis, Nico O'Reilly, Abdukodir Khusanov, Vitor Reis; Rayan Ait-Nouri, Ayyoub Bouaddi, Floyd Samba, Mateo Kovacic; Rayan Cherki, Allan Elias.
Norwich City: Daniel Grimsaw; Kellen Fisher, Bruno Alves, Harry Darling, Darlin Yongwa; Jacob Wright, Sam Field, Anis Silimane, Mathias Kvistgaarden; Papa Diallo, Ante Crnac.
(bay/adp)",sport
45,"Old Trafford menjadi 'taman bermain' bagi Brighton & Hove Albion. The Seagulls punya rekor gemilang di markas Manchester United dalam beberapa laga terakhir.
Putaran ketiga Carabao Cup mempertemukan Man Utd vs Brighton. Pertandingan digelar di Old Trafford, Kamis (17/9/2026).
Man United menggebrak dalam 10 menit pertama pertandingan. Setan Merah unggul 2-0 lewat gol Seha Lacey dan Masoun Mount.
Brighton di luar dugaan mampu membalikkan keadaan. Tim tamu mencetak gol melalui Charalampos Kostoulas, Pascal Gross, dan Maxim De Cuyper yang memastikan kemenangan comeback 3-2 atas Man United.
Hasil ini menambah rekor mentereng Brighton menghadapi MU di Old Trafford. The Seagulls dominan atas Manchester Merah di stadion berjuluk Theatre of Dreams itu sejak 2022.
Dalam 6 pertemuan terakhir kedua kesebelasan di Old Trafford, Brighton berhasil menyabet 5 kemenangan. Satu-satunya kekalahan didapat pada Oktober 2025 ketika Man United menang 4-2 di Liga Inggris.
""Lima kemenangan dalam enam pertemuan terakhir di Old Trafford,"" cuit akun X Brighton & Hove Albion usai mengalahkan Man United.
Our record at Old Trafford. 🔥
— Brighton & Hove Albion (@BHAFC) September 17, 2026
Kemenangan di Old Trafford mengantarkan Brighton ke putaran empat Carabao Cup. Pasukan Fabian Huerzeler menantang juara bertahan Manchester City yang mengandaskan Norwich City 5-0.
Hasil Man United vs Brighton di Old Trafford Sejak 2022
Agustus 2022: Man United 1-2 Brighton (Premier League)
September 2023: Man United 1-3 Brighton (Premier League)
Januari 2025: Man United 1-3 Brighton (Piala FA)
Oktober 2025: Man United 4-2 Brighton (Premier League)
Januari 2026: Man United 1-2 Brighton (Premier League)
September 2026 Man United 2-3 Brighton (Carabao Cup).
(bay/adp)",sport
46,"Floyd Samba langsung mencetak dua gol dalam laga debutnya bersama Manchester City di ajang Carabao Cup. Pemuda 17 tahun tersebut tak menyia-nyiakan kesempatan yang diberikan manajer Enzo Maresca.
City menang 5-0 atas Norwich City pada ronde ketiga Carabao Cup musim ini yang berlangsung di Stadion Etihad, Jumat (18/9/2026) dini hari WIB. Pada laga itu, Maresca melakukan rotasi besar-besaran, yakni hingga 10 pemain.
Rayan Cherki menjadi satu-satunya yang tersisa dari starting line-up saat mengalahkan Manchester United akhir pekan lalu. Sisanya duduk di bangku cadangan atau tak masuk skuad bertanding kali ini.
Samba yang diplot menggantikan Erling Haaland sukses menunjukkan potensinya. Ia membawa City unggul di menit ke-29 via tandukan yang menyambut umpan Allan. Usai turun minum, ia mencetak gol keduanya di menit ke-54 lewat tembakan melengkung ke sudut kanan usai menerima umpan dari Rayan Ait-Nouri.
Usai laga, Samba mengungkapkan rasa gembiranya. Ia berharap mendapat lebih banyak kesempatan di masa depan.
""Tepat sebelum laga kemarin-sehari sebelumnya-saya tahu ada peluang untuk tampil bersama tim utama untuk pertama kalinya. Bisa menjalani debut seperti ini sungguh luar biasa. Saya sendiri sampai tidak percaya, tapi ini baru awal; karier besar menanti saya. Tadi itu adalah debut yang hebat,"" ujar Samba kepada BBC Radio 5 Live.
""Saya sangat bahagia saat ini. Dalam debut senior pertama, Anda harus siap menghadapi segalanya agar berjalan lancar; intensitas dan level permainan meningkat, dan Anda harus mampu mengimbangi serta menghadapinya. Saya rasa saya berhasil melakukannya dengan baik.""
""Beralih dari tim U-21 ke latihan tim utama adalah lompatan besar; sesi latihannya lebih melelahkan dan Anda harus lebih banyak berlari. Tuntutannya lebih tinggi dan Anda harus bisa mengatasinya.""
""Saya berbicara dengan mereka semua (para pemain tim utama), dan mereka sangat baik kepada saya. Sebelum laga, mereka memberi saya nasihat-'mainkan permainanmu sendiri, jadilah dirimu sendiri'. Kata-kata itu memberi saya kepercayaan diri dan membantu saya mencetak dua gol hari ini.""
| Baca juga: City Makin Pede Usai Kalahkan MU | 
""Saya sudah tidak sabar-sekarang waktunya pemulihan dan istirahat, lalu tim akan kembali beraksi; ada latihan besok dan kemudian laga melawan Sunderland di akhir pekan. Semua orang harus bersiap untuk itu,"" tegasnya.
Samba yang lahir di Inggris pada 2009 merupakan anak dari Christopher Samba, mantan bek yang pernah memperkuat Blackburn Rovers di Premier League pada 2007-2012. Sang ayah lahir di Prancis namun membela Timnas Kongo, sedangkan ibunya berasal dari Jerman. Ia memiliki seorang kakak, yakni Tyrone Samba yang juga bagian dari akademi Manchester City.
(adp/bay)",sport
47,"Manchester United baru saja menelan dua kekalahan amat pahit. Mereka dijagokan bangkit di Fulham, tapi kalah bakal amat runyam.
MU menelan dua jenis kepahitan berbeda di dua laga terakhir. Setelah kalah kontroversial dari 10 pemain Manchester City di partai derby, mereka lantas didepak Brighton & Hove Albion usai sempat unggul 2-0.
Dua hasil itu menjadikan awal musim mereka sudah terasa semakin genting. Sebelumnya, MU sudah kalah 0-2 dari tim promosi Hull City di pekan pertama yang langsung membentuk nuansa gelap.
MU punya kesempatan untuk bangkit akhir pekan ini, saat tandang ke Fulham pada Minggu (20/9/2026) malam WIB. Tuan rumah belum menang sejauh ini, memetik satu hasil seri dan tiga kali kalah.
Mereka berada di zona degradasi. Tapi di saat yang sama MU juga bakal terpuruk lebih jauh kalau sampai kalah lagi, meski eks Kapten Gary Neville percaya diri sekali.
""United akan memenangi yang satu ini. Saya rasa United akan menang hari Minggu nanti,"" ujarnya dikutip Metro.
| Baca juga: Perjudian Ambyar Manchester United | 
""Sejujurnya, menonton Fulham beberapa kali saya rasa mereka akan sangat kesulitan. Entah bagaimana mereka sebenarnya, pokoknya semuanya soal mereka.""
""Sejujurnya, Anda mungkin mencuplik ini pada Minggu malam, tapi melihat semua hal tentang Fulham, saya merasa mereka bisa benar-benar dalam masalah. Menurut saya 2-1 (United menang).""
(raw/bay)",sport
48,"Elkan Baggott menghadapi pertandingan terbesarnya berseragam Millwall akhir pekan ini. The Lions bertemu musuh bebuyutan West Ham United.
Baggott gabung ke tim Championship Millwall pada musim panas 2026. Bek Timnas Indonesia ini sudah bermain 7 kali di semua kompetisi bersama klub asal London tersebut.
Millwall saat ini berada di urutan kesebelas klasemen sementara Championship. Pasukan Alex Neil mengoleksi 10 poin dari 7 laga, dengan torehan 3 kemenangan, sekali imbang, dan 3 kali kalah.
Matchday kedelapan Championship jadi tantangan terberat bagi Millwall. Elkan Baggott cs menjamu pemuncak klasemen sementara Championship West Ham United di The Den, Sabtu (19/9/2026) malam WIB.
Duel Millwall vs West Ham bisa dibilang salah satu derby paling panas di Inggris. Laga bertajuk Dockers Derby ini punya sejarah kekerasan di luar lapangan.
Basis penggemar Millwall dan West Ham terkenal sebagai pelopor hooliganisme, yang telah mencoreng reputasi sepakbola Inggris selama bertahun-tahun. Bentrokan suporter menyebabkan seorang penggemar Millwall meninggal pada 1976, sementara fans West Ham tewas ditusuk gerombolan fans Millwall 10 tahun kemudian.
Kerusuhan antara fans Millwall dan West Ham terjadi di Upton Park saat kedua kesebelasan bertemu di Piala Liga Inggris 2009. Seorang penggemar Millwall ditikam di luar stadion, sementara penonton menginvasi lapangan.
The 126-year rivalry between Millwall and West Ham is reignited this weekend 🧨
The first Dockers Derby in 14 years is guaranteed to be 𝗘𝗫𝗣𝗟𝗢𝗦𝗜𝗩𝗘 😡🎇 pic.twitter.com/A4TZEbEnER
Rivalitas Millwall dan West Ham United bahkan masuk ke dalam budaya populer. Film ""Green Street Hooligans"" rilis pada 2005, mengisahkan kerusuhan penggemar kedua kesebelasan.
Menukil London Standard Evening, 400 petugas kepolisian diturunkan untuk mengamankan laga Millwall vs West Ham, yang merupakan pertemuan pertama kedua klub sejak tahun 2012. Scotland Yard bersiap menghadapi para pembuat onar yang berupaya memicu bentrokan di pertandingan tersebut.
(bay/raw)",sport
49,"Dua kekalahan beruntun menempatkan Manchester United dalam posisi tertekan. Setan Merah tak mau memasuki jeda internasional dengan hasil-hasil negatif.
Manchester United baru saja menelan kekalahan beruntun. Tim besutan Michael Carrick itu kalah 0-1 dari Manchester City dalam derby di Old Trafford akhir pekan lalu.
Mereka lantas didepak oleh Brighton & Hove Albion pada babak ketiga Carabao Cup, setelah kalah 2-3. MU sempat unggul 2-0 lebih dulu di laga ini.
Itu menempatkan MU dalam tekanan besar jelang jeda internasional. Mereka punya satu kesempatan untuk kembali ke jalur positif, saat tandang ke Fulham, Minggu (20/9/2026) malam WIB.
""Kami harus menata diri lagi. Harus saya katakan, kami... ya, kami perlu... kami perlu bersatu dan menguatkan diri sebagai sebuah tim. Kami menatap sebuah pertandingan besar pada hari Minggu, partai Premier League,"" kata Tielemans di Manchester Evening News.
""Kami harus bangkit lagi, bereaksi, dan menyelesaikan ini dengan positif sebelum jeda internasional. Lalu, ya, setelah jeda, kami habis-habisan lagi.""
Jeda internasional akan berlangsung pada akhir September-awal Januari.
(raw/adp)",sport
50,"Liga Inggris akan memainkan laga terakhir sebelum jeda internasional. Juara bertahan Arsenal akan bertandang ke Brighton, Manchester United melawat ke Fulham.
Rekor 100 persen Arsenal akan menghadapi pertandingan menantang di kandang Brighton & Hove Albion. The Gunners akan berupaya melanjutkan laju bagusnya demi terus menjaga puncak klasemen Liga Inggris. Sementara itu si Burung Camar sedang dalam moral yang bagus setelah menyingkirkan MU di Carabao Cup, baru-baru ini.
MU butuh kemenangan demi mendongkrak posisinya (13). Ditambah, hasil bagus akan mendongkrak kepercayaan diri Bruno Fernandes dkk setelah kalah back to back dari Man City 0-1 dan Brighton 2-3, sekaligus meredakan tekanan terhadap manajer Michael Carrick.
| Baca juga: Runyam Kalau MU Sampai Kalah Lagi di Fulham | 
Di Manchester yang lain, Manchester City dijadwalkan menjamu Sunderland. Laga ini jadi peluang bagus bagi the Citizens untuk meneruskan laju kemenangannya. The Black Cats sedang kurang oke setelah baru sekali menang dari empat pertandingannya.
Sementara itu, Chelsea akan memainkan pertandingan pekan ini paling awal. The Blues dijadwalkan bertamu ke Brentford Community Stadium pada Sabtu (20/9) dinihari WIB. Si Biru akan berupaya memutus laju tak menang setelah dibekap Arsenal 1-2 dan ditahan tim promosi Hull City 2-2.
Liverpool akan mencoba meraih hanya kemenangan keduanya saat melawat ke Bournemouth. Manajer Liverpool Andoni Iraola akan kembali ke Stadion Vitality untuk pertama kalinya setelah meninggalkan Bournemouth demi menyeberang ke Merseyside di musim panas lalu.
Jadwal Liga Inggris Akhir Pekan Ini
Sabtu (19/9)
02.00 WIB Brentford vs Chelsea
18.30 WIB Tottenham Hotspur vs Aston Villa
21.00 WIB Brighton vs Arsenal
21.00 WIB Everton vs Ipswich Town
21.00 WIB Newcastle United vs Hull City
23.30 WIB Nottingham Forest vs Coventry City
Minggu (20/9)
20.00 WIB Bournemouth vs Liverpool
20.00 WIB Leeds United vs Crystal Palace
20.00 WIB Manchester City vs Sunderland
22.30 WIB Fulham vs Manchester United
(rin/ran)",sport
51,"Viktor Gyokeres belum banyak main di Arsenal pada awal Liga Inggris musim ini. Kata pelatih Swedia Graham Potter, itu bukan salah sang striker.
Viktor Gyokeres baru sekali main di Liga Inggris, cuma jadi pemain pengganti dan hanya 12 menit di lapangan. Itu saat Arsenal menang 2-1 atas Chelsea.
Gyokeres selalu duduk di bangku cadangan. Peran nomor 9 dipikul oleh Kai Havertz.
Pelatih Timnas Swedia, Graham Potter membela Viktor Gyokeres. Menurut Potter, memang ada fasenya seorang pemain lagi dicadangkan karena kepentingan tim. Tidak ada yang salah dengan hal itu.
""Itu adalah bagian dari kehidupan seorang pesepakbola. Situasi bisa berubah dengan cepat dan sering kali Anda hanya perlu menghadapinya,"" jelasnya dilansir dari Tribuna.
Viktor Gyokeres tampil apik di musim lalu, musim debutnya. Gyokeres kemas 21 gol dari 55 laga di seluruh kompetisi.
Graham Potter yakin, Gyokeres akan kembali menemukan performa terbaiknya. Pemain berusia 28 tahun itu dipastikan dipanggil Timnas Swedia untuk main di jeda internasional.
""Kami tahu betapa hebatnya Gyokeres, kami tahu betapa pentingnya dia. Kami semua menantikan kehadirannya dan ingin membantunya menikmati permainannya,"" tutupnya.
(aff/rin)",sport
52,"Manchester City menjaga laju kemenangannya setelah menghancurkan Norwich City 5-0. Meski begitu, manajer Man City Enzo Maresca tak mau berpikir terlalu jauh.
Pesta gol ke gawang Norwich City memastikan the Citizens lolos ke delapan besar Carabao Cup. Man City turut meraih kemenangan keenam berturut-turut sejak membuka musim ini dengan mengalahkan Bournemouth 2-1.
Tak ayal, Man City kembali diyakini akan bersaing dengan juara bertahan Arsenal dalam persaingan Liga Inggris. Kedua tim sama-sama masih 100 persen sehingga menempati posisi dua teratas klasemen dengan perolehan angka yang sama (12 poin).
Maresca memang senang karena Manchester City mulus di awal musim ini. Namun, dia menegaskan lagi bahwa fokusnya saat ini hanyalah membawa Man City mengarungi satu pertandingan ke pertandingan lain bukan memikirkan kans juara di depan.
""Tidak, dan alasannya adalah saya sudah mengatakannya berkali-kali bahwa saya tidak memikirkan lebih dari satu pekan selanjutnya, dan karena saya tahu di dalam pekerjaan ini ada banyak hal yang bisa berubah dalam sepekan saja,"" ucap suksesor Pep Guardiola ini di Mancity.com.
""Ketika kami memulai musim ini, saya tidak memikirkan di mana kami bisa berada setelah enam atau tujuh pertandingan,"" lanjut mantan manajer Leicester City dan Chelsea ini.
""Sejak hari pertama, saya hanya memikirkan tentang Arsenal, kemudian Bournemouth, kemudian pertandingan setelahnya dan sekarang pada malam ini kami senang karena berbagai alasan dan memikirkan tentang Sunderland,"" lugas Enzo Maresca.
(rin/rin)",sport
53,"Chelsea mendapatkan ujian berat dalam ajang Liga Inggris akhir pekan ini. The Blues harus bertandang ke markas Brentford.
Brentford vs Chelsea berlangsung di Gtech Community Stadium, Sabtu (19/9/2026) dini hari WIB. Pelatih Chelsea, Xabi Alonso, menyadari bahwa ini laga yang sulit.
Chelsea belum pernah bisa menang dalam empat pertemuan terakhir di markas Brentford. Semuanya berakhir imbang dengan skor dua kali 2-2 dan dua kali 0-0.
""Mereka (Brentford) melakukan banyak hal dengan sangat baik, tetapi mereka juga melakukan hal-hal lain, bukan hanya transisi, bukan hanya bola mati,"" kata Alonso.
""Itu adalah klub yang telah mengembangkan proyek dan permainan mereka dengan sangat baik. Mereka sangat lengkap dalam banyak aspek, baik saat menguasai bola maupun tanpa bola,"" sambungnya.
""Dan bermain di sana, Anda melihat angka-angkanya dan mereka memiliki kekuatan besar saat bermain di kandang, jadi ini akan menjadi tantangan besar. Saya melihat pertandingan tahun lalu, Anda belajar dari segalanya, dan besok akan menjadi ujian besar bagi kami,"" Alonso menegaskan.
Brentford belum meraih kemenangan lagi setelah menghantam Tottenham Hotspur 3-0. Tiga laga selanjutnya berakhir imbang untuk pasukan Keith Andrews.
(ran/aff)",sport
54,"Manchester United baru menang dua kali di awal musim ini, lawan tim-tim 'mudah'. Apa MU layak dicap start buruk?
Manchester United sudah bermain enam kali di seluruh kompetisi. Hasilnya dua kali menang, sekali imbang, dan tiga kali kalah.
| Baca juga: Runyam Kalau MU Sampai Kalah Lagi di Fulham | 
Rinciannya, Manchester United menang 5-2 atas Ipswich di Liga Inggris dan 4-0 atas Sabah di Liga Champions. MU diimbangi Everton 2-2 di Liga Inggris, sebelumnya kalah 0-2 dari Hull lalu kalah 0-1 dari Man City. MU kalah di babak ketiga Carabao Cup kontra Brighton 2-3.
| Baca juga: Perjudian Ambyar Manchester United | 
| Baca juga: Michael Carrick: Ini Salahku! | 
TNT Sports memberikan cap buruk kepada Manchester United. Sebab, MU hanya menang melawan tim bernotabe mudah.
Ipswich Town merupakan tim promosi. Sabah merupakan tim debutan di Liga Champions.
Setan Merah pun tidak bisa mempertahankan keunggulan ketika dalam posisi yang menguntungkan. Saat lawan Everton, mereka sudah unggul 2-1 sampai injury time sebelum disamakan. Saat lawan Man City, MU kalah dengan 10 orang sejak menit ke-23.
| Baca juga: Saat Sesko Bingung di Depan | 
Tersingkir cepat di Carabao Cup pun menambah luka Manchester United. Satu kans trofi juara melayang.
Posisi Michael Carrick diyakini masih aman. Musim pun baru dimulai, akankah Bruno Fernandes dkk bisa cepat bangkit?
(aff/rin)",sport
55,"Manchester United akan bertandang ke markas Fulham akhir pekan ini. Setan Merah harus waspada setelah meraih hasil buruk di dua laga terakhir.
Fulham vs MU berlangsung di Craven Cottage dalam lanjutan Liga Inggris, Minggu (20/9/2026) malam WIB. The Red Devils pada musim lalu, yang masih dibesut Ruben Amorim, cuma bermain imbang 1-1 di kandang Fulham.
Ini menjadi tantangan besar untuk MU, yang dalam dua laga terakhirnya musim ini meraih hasil buruk. Pasukan Michael Carrick akhir pekan lalu kalah 0-1 melawan Manchester City di Premier League dan didepak Brighton & Hove Albion pada ajang Carabao Cup beberapa hari lalu.
Fulham, yang belum konsisten di bawah besutan Alvaro Arbeloa, setidaknya sedikit membaik dalam dua laga terakhirnya. The Cottagers menahan imbang Liverpool 0-0 di Anfield pada ajang Liga Inggris terakhir dan baru saja mendepak West Ham United dari Carabao Cup.
| Baca juga: MU Mau Bangkit Sebelum Jeda Internasional | 
Walaupun sedang dalam kondisi yang mencemaskan, MU setidaknya cukup sip bermain di kandang Fulham. Sebelum imbang 1-1 di Craven Cottage, MU selalu menang dalam lima laga tandang ke Fulham.
""Kami punya pertandingan besar hari Minggu yang perlu kami persiapkan. Kami sudah tersingkir dari Carabao Cup dan harus kembali memenangkan pertandingan lainnya. Saat ini rasanya memang tidak menyenangkan, percayalah. Rasanya benar-benar tidak menyenangkan,"" kata Carrick yang dikutip dari situs resmi MU.
""Namun, kami bisa kembali memenangkan pertandingan dan kami harus memperbaiki banyak hal. Kami ingin menang dan ingin segera meraih kemenangan. Sesederhana itu. Pertandingan berikutnya hari Minggu,"" Carrick menegaskan.
(ran/rin)",sport
56,"Arsenal gemilang di awal musim Liga Inggris 2026/27. Beknya, Ben White percaya kalau Meriam London bisa jadi juara beruntun!
Arsenal puncaki Klasemen Liga Inggris sementara dengan 12 poin dari empat laga. Sempurna menang terus.
Manchester City jadi pesaing terdekat. Poinnya sama, tapi Arsenal lebih unggul selisih gol.
Bek Arsenal, Ben White mengaku timnya dalam motivasi dan kepercayaan diri yang besar. White yakin, Meriam London bisa jadi juara beruntun!
""Jika kami terus bekerja keras dan tetap bersatu, kami dapat terus memenangkan Liga Primer secara beruntun,"" tegasnya dilansir dari talkSport.
Ben White menyebut kedalaman skuad Arsenal yang mumpuni. Kompetisi sehat sudah tersaji, siapa yang tampil apik saat latihan dan pertandingan, bisa jadi starter!
""Skuad ini memiliki kualitas yang sangat tinggi sehingga Anda harus menerima keputusan manajer,"" ungkapnya.
""Ada tantangan bagi setiap pemain demi mendapat menit bermain,"" tutupnya.
Arsenal akan hadapi Brighton pada Sabtu (19/9) malam WIB sebelum jeda internasional. Di pertengahan Oktober nanti jadwal padat menanti, main enam kali dalam rentang 17 hari.
| Baca juga: Bukan Salah Viktor Gyokeres | 
(aff/nds)",sport
57,"Wayne Rooney menyayangkan satu hal ke Manchester United di awal musim ini. Setan Merah kebanyakan gelandang.
Manchester United mendatangkan tiga gelandang baru di musim panas 2026. Mereka adalah Andrey Santos, Youri Tielemans, dan Carlos Baleba.
MU habiskan dana sekitar 150 juta Pounds atau setara Rp 3,5 triliun. Hasilnya di awal musim, MU belum meyakinkan.
| Baca juga: MU Layak Dicap Start Buruk? | 
""Saya rasa Man United kebanyakan gelandang,"" ujar legenda klub, Wayne Rooney seperti dilansir dari Metro.
""Padahal, mereka lebih butuh banyak pemain di area lain. Itu suatu kesalahan,"" sambungnya.
| Baca juga: Runyam Kalau MU Sampai Kalah Lagi di Fulham | 
Manchester United total punya delapan gelandang. Itu termasuk Ugarte yang cedera serta pemain jebolan akademi Tyler Fletcher.
Wayne Rooney menyebut Setan Merah butuh pemain baru di posisi bek terutama pos-pos bek sayap. Meski kabarnya pihak klub akan fokus belanja bek-bek di bursa transfer musim panas 2027, hal itu dirasa tidak bijak dan bakal berdampak buruk di musim ini.
""Menurut saya, kedalaman skuad tim ini kurang memadai. Ketika pemain tidak merasa terancam posisinya maka situasinya jadi tidak sehat, dan itulah kondisi tim saat ini,"" ungkapnya.
""Saya rasa Michael Carrick pasti menginginkan lebih banyak pemain, begitulah biasanya kemauan seorang pelatih. Orang-orang memang tidak tahu persis bagaimana kondisi keuangan klub. Namun, Man United justru menumpuk terlalu banyak pemain di lini tengah padahal mereka lebih membutuhkan tambahan pemain di posisi lain,"" tutup top skor klub sepanjang masa tersebut.
| Baca juga: Michael Carrick: Ini Salahku! | 
(aff/ran)",sport
58,"Arsenal lagi unjuk ketangguhan di markas lawan-lawannya. The Gunners bertekad meraih kemenangan tandang keempat berturut-turut saat menantang Brighton.
Stadion Amex akan memanggungkan duel Brighton vs Arsenal pada Sabtu (19/9/2026) malam WIB. Kedua tim berjarak lima poin di papan klasemen Liga Inggris; Arsenal di posisi teratas dengan 12 poin sedangkan Brighton kelima dengan tujuh poin.
Arsenal jelas akan diunggulkan di pertandingan ini. Tak sekadar berstatus sebagai juara bertahan Premier League, Meriam London juga masih sempurna usai memenangi tujuh pertandingan berturut-turut terhitung dari Community Shield 2026.
| Baca juga: Bukan Salah Viktor Gyokeres | 
Selain itu, Arsenal pun perkasa di tandang. Arsenal memenangi masing-masing dari lima pertandingannya di kandang lawan sejak awal musim ini. Tiga di antaranya diraih Arsenal di tiga laga terakhir; 1-0 vs Napoli, 2-0 vs Sunderland, 4-2 vs Ipswich Town.
""Tidak terlalu jadi masalah apakah kami bermain di kandang atau tandang. Kami ingin menyulitkan lawan-lawan kami,"" ujar Manajer Arsenal Mikel Arteta dalam konferensi pers.
""Kami telah berhasil memetik tiga kemenangan pertama, dan kami sekarang mempunyai pertandingan terakhir melawan sebuah tim yang sangat tangguh di dalam Brighton,"" dia mengatakan diwartakan BBC Sport.
Agaknya Arsenal tinggal menjaga agar tidak kehilangan fokus untuk mengalahkan Brighton. Tim London Utara ini pun unggul head to head usai tidak terkalahkan di enam pertemuan terakhir melawan si Burung Camar. Arsenal menang empat kali, termasuk menang back to back dengan skor 2-1 pada Desember 2025 dan 1-0 pada Maret silam.
(rin/ran)",sport
59,"Manchester United kandas cepat di Carabao Cup, di babak ketiga. Para petinggi klub tidak panik.
Manchester United kena comeback Brighton di babak ketiga Carabao Cup, Kamis (17/9). MU kalah 2-3 di kandang sendiri.
Manchester United lagi-lagi angkat koper cepat di Carabao Cup. Musim lalu, MU kandas di babak kedua setelah kalah adu penalti dari tim League Two, Grimsby Town.
Dilansir dari The Sun, kekalahan itu disebut-sebut bikin posisi pelatih Michael Carrick dipertanyakan. Meski, Carrick mengaku tidak ada tekanan soal pemecatan.
| Baca juga: Mulai Rasakan Tekanan, Carrick? | 
Akan tetapi, para petinggi klub Manchester United diketahui tidak panik. Laporan dari sumber orang dalam, para petinggi klub tidak panik dengan tersingkir cepat Setan Merah di Carabao Cup.
Mereka pun tidak punya niatan sejauh ini untuk memecat Michael Carrick. Mereka masih percaya kepadanya, percaya dengan skuad yang ada untuk bisa kembali bangkit.
Namun tentu, Carrick dipaksa segera meraih hasil positif. Kemenangan atas Fulham pada Minggu (20/9) dibutuhkan demi mendongkrak mental para pemain sebelum jeda internasional.
| Baca juga: MU Layak Dicap Start Buruk? | 
(aff/ran)",sport
60,"Alejandro Garnacho tidak memulai awal yang indah di Aston Villa. Manajer Unai Emery jelaskan penyebabnya.
Alejandro Garnacho dipinjamkan Chelsea ke Aston Villa sepanjang musim 2026/27. Villa bisa mempermanenkannya.
| Baca juga: Ada Apa dengan Garnacho? | 
Alejandro Garnacho tidak memulai awal yang mulus di Aston Villa. Garnacho baru main tiga kali di Liga Inggris, seluruhnya jadi pengganti.
Total menit mainnya pun hanya 31 menit. Penampilan terlama cuma 15 menit, di laga kontra Nottingham yang berakhir kalah 1-2.
Manajer Unai Emery memaklumi Garnacho. Pemain asal Argentina itu memang sedang tertinggal performanya karena beberapa hal.
""Kondisi Garnacho sedikit tertinggal akibat situasi tertentu yang kami alami selama pramusim. Kami perlu bersabar dan memberinya waktu yang dia butuhkan,"" jelasnya dilansir dari Mirror.
Alejandro Garnacho musim lalu tampil 26 kali di Liga Inggris bersama Chelsea. Satu gol dan empat assist dikemasnya.
Sepertinya pemain berusia 22 tahun akan berlatih untuk mencapai performa terbaiknya sepanjang jeda internasional, demi bisa mencuri tempat di starting line up Aston Villa.
(aff/nds)",sport
61,"Arsenal untuk sementara tidak perlu cemas dengan ketersediaan bek tengah. Ezri Konsa dan Gabriel Magalhaes sudah saling nyetel.
Konsa didatangkan Arsenal pada musim panas tahun ini setelah William Saliba mengalami cedera punggung usai Piala Dunia 2026. Bek asal Prancis itu harus istirahat beberapa bulan.
Cristhian Mosquera sempat berduet dengan Gabriel menggantikan Saliba di dua laga awal Arsenal musim ini. Bek asal Spanyol itu kemudian cedera dalam laga melawan Aston Villa dan Konsa masuk sebagai pengganti.
Konsa langsung bisa nyetel mendampingi Gabriel selama 191 menit di Premier League. Arsenal baru kebobolan satu kali dalam kurun waktu tersebut, yakni saat melawan Chelsea.
""Saya sudah mendengar banyak hal positif tentang Ezri sebelum dia bergabung dengan kami. Namun, ketika melihatnya setiap hari, kami semakin menyadari betapa luar biasanya pemain yang kami rekrut,"" kata manajer Arsenal, Mikel Arteta.
""Bukan hanya soal kemampuannya sebagai pemain, tetapi juga pribadinya, bagaimana dia membawa dirinya, dan bagaimana dia bisa langsung menjalin hubungan dengan orang-orang di sekitarnya.""
""Kami sering membicarakan Big Gabi. Ketika melihat mereka berdua berbicara di lorong, cara mereka berinteraksi satu sama lain, rasanya seperti mereka sudah bermain dan berada di sini bersama selama waktu yang sangat lama.""
""Itu sangat bagus karena menurut saya, kerja sama mereka merupakan sesuatu yang sangat penting di lapangan. Selain itu, kualitas dan kemampuan yang dia berikan kepada tim benar-benar membuat kami menjadi lebih baik,"" Arteta mengakhiri.
(ran/aff)",sport
62,"Brentford vs Chelsea masih sama kuat di babak pertama pertandingan pekan kelima Liga Inggris 2026/2027. Skor sementara masih 0-0.
Bertanding di Gtech Community Stadium, Brentford, Sabtu (19/9/2026) dini hari WIB, Chelsea turun tanpa Joao Pedro melawan Brentford. Di tengah, perubahan juga terjadi dengan Dean Henderson dimainkan.
Chelsea bisa mengontrol permainan atas Brentford. Tercatat, beberapa peluang dihadirkan lewat Pedro Neto dan Morgan Rogers.
Neto punya peluang bagus di menit ke-10. Winger asal Portugal mendapat sodoran Danny Welbeck di kotak penalti, dan meneruskannya dengan sepakan kaki kiri. Bolanya masih bisa ditepis Caoimhin Kelleher.
Sementara Brentford banyak mengandalkan serangan balik cepat, coba mengekspos pertahan tinggi Chelsea. Tuan rumah juga bisa beberapa kali merepotkan lewat aksi Yehor Yarmoliuk.
Di menit ke-42,Chelsea mengancam lagi lewat aksi Rogers. Menerima umpan tarik Pep Chavarria, sepakan winger Inggris itu masih bisa diblok.
Hingga turun minum, skor 0-0 tercipta. Brentford vs Chelsea masih sama kuat di babak pertama.
Susunan Pemain
Brentford: Caoimhin Kelleher; Michael Kayode, Jannik Schuster, Kristoffer Ajer, Keane Lewis-Potter; Yehor Yarmoliuk, Vitaly Janelt; Jaidon Anthony, Mikkel Damsgaard, Kevin Schade; Igor Thiago.
Chelsea: Emiliano Martinez; Wesley Fofana, Maxence Lacroix, Levi Colwill; Pedro Neto, Jordan Henderson, Valentin Barco, Pep Chavarria; Cole Palmer, Morgan Rogers; Danny Welbeck
(yna/mrp)",sport
63,"Brentford mengalahkan Chelsea di pekan kelima Liga Inggris 2026/2027. The Blues disengat Si Lebah tiga gol tanpa balas.
Bertanding di Gtech Community Stadium, Brentford, Sabtu (19/9/2026) dini hari WIB, Chelsea turun tanpa Joao Pedro melawan Brentford. Di tengah, perubahan juga terjadi dengan Dean Henderson dimainkan.
Chelsea bisa mengontrol permainan atas Brentford. Tercatat, beberapa peluang dihadirkan lewat Pedro Neto dan Morgan Rogers.
Sementara Brentford banyak mengandalkan serangan balik cepat, coba mengekspos pertahan tinggi Chesea. Tuan rumah juga bisa beberapa kali merepotkan lewat aksi Yehor Yarmoliuk.
Di menit ke-42, Rogers mengancam lewat sepakannya, usai menerima umpan tarik Pep Chavarria. Sepakanya masih bisa diblok. Hingga turun minum, skor 0-0 tercipta. Brentford vs Chelsea masih sama kuat di babak pertama.
Di babak kedua, laga berjalan ketat. Brentford mulai merepotkan pertahanan Chelsea. Beberapa peluang dihadirkan anak asuh Keith Andrews. Sampai akhirnya, gol didapat tuan rumah lebih dulu.
Di menit ke-61, Brentford unggul 1-0. Jaidon Anthony meneruskan umpan sundulan Jannick Schuster menjadi gol di kotak penalti, dalam skema sepak pojok.
Tertinggal bikin Chelsea coba menekan. Peluang sempat hadir lewat Palmer, namun sepakannya bisa diblok lawan.
Pada menit ke-83, Chelsea malah kebobolan lagi. Berawal dari Kevin Schade yang lolos offside, ia menggiring bola ke depan dan melepaskan shot. Bolanya bisa ditepis Emi Martinez, namun bisa diteruskan Igor Thiago jadi gol. Skor 2-0 untuk Brentford.
Di sisa waktu, Chelsea kepayahan mengejar ketertinggalannya. Masuknya Estevao juga tak banyak membantu. Malah gawang Martinez kembali bobol di masa injury time oleh Fabio Carvalho. Pasukan Xabi Alonso kalah 0-3 dari Brentford.
Hasil ini bikin Chelsea masih mengemas 7 poin dari 5 laga dan tertahan di peringkat tujuh klasemen Liga Inggris. Brentford kini naik ke posisi 3 dengan 9 poin.
Susunan Pemain
Brentford: Caoimhin Kelleher; Michael Kayode (Aaron Hickey 69'), Jannik Schuster, Kristoffer Ajer, Keane Lewis-Potter (El Hadji Malick Diouf 81'); Yehor Yarmoliuk (Mamadou Sangare 69'), Vitaly Janelt; Jaidon Anthony (Dango Ouattara 81'), Mikkel Damsgaard (Fabio Carvalho 87'), Kevin Schade; Igor Thiago.
Chelsea: Emiliano Martinez; Wesley Fofana (Josh Acheampong 71'), Maxence Lacroix, Levi Colwill; Pedro Neto (Estevao 87'), Jordan Henderson, Valentin Barco (Mahdi Nicoll-Jazuli 87'), Pep Chavarria; Cole Palmer, Morgan Rogers; Danny Welbeck (Geovany Quenda 71')
(yna/bay)",sport
64,"Performa buruk Manchester United di awal musim bikin masa depan Michael Carrick mulai dispekulasikan. Carrick pun tak habis pikir melihat rumor itu.
Start MU musim ini tidak oke karena mereka baru sekali menang dari empat pekan berlalu di Premier League, yakni saat membantai Ipswich Town 5-2. Sisanya MU sekali imbang dan dua kali kalah.
Situasi ini diperburuk dengan kekalahan 2-3 dari Brighton & Hove Albion di Babak Ketiga Carabao Cup, sekalipun sempat unggul 2-0. Alhasil satu peluang terbaik meraih trofi sirna.
Kemenangan 4-0 atas Sabah FK di Liga Champions sejauh ini jadi pelipur lara. Wajar jika masa depan Carrick sebagai manajer mulai digoyang karena faktanya dia tidak lagi tampil sebaik saat masih berstatus caretaker.
Apalagi dua manajer sebelumnya, Erick ten Hag dan Ruben Amorim, angsung dipecat karena serangkaian hasil buruk dan tidak punya kesempatan memperbaiki performa tim. Carrick bisa saja bernasib serupa jika kondisi tidak berubah.
| Baca juga: MU Nggak Panik Kandas dari Carabao Cup | 
Carrick pun kaget masa depannya langsung dirumorkan ketika MU tampil buruk di 1-2 pertandingan. Sebab, Carrick yakin klub butuh waktu untuk bisa menemukan permainan terbaik dari stok pemain yang ada.
""Saya kira lebih lama dari hanya sekadar hasil satu atau dua laga,"" ujar Carrick soal masa depannya dispekulasikan.
""Saya tahu klub ini, saya tahun peran saya, saya tahu harus bermain sesuai standar tertentu di sini, bermain di level terbaik, mencapai prestasi di lapangan, jadi tahu betul itu. Dalam hal masa depan, pemilik, dan berapa lama saya akan bertahan, saya sih sama sekali gak memikirkan itu, seperti misal 'berapa lama saya bakal bertahan?' Konyol sekali jika saya berpikir seperti itu, sama sekali tidak kepikiran tuh,"" sambungnya seperti dikutip The Athletic.
""Saya paham bahwa kami harus meraih sesuatu dan apa yang harus kami lakukan sebagai klub agar bisa memenuhi harapan pemilik dan juga suporter. Kurang lebih seperti itulah. Saya paham betul, saya mengerti.""
(mrp/yna)",sport
65,"JJ Gabriel tengah jadi sorotan usai dikabarkan ingin meninggalkan Manchester United. Di tengah rumor itu, wonderkid Setan Merah tersebut kedapatan ke Barcelona.
Dilaporkan BBC, Gabriel meninggalkan Inggris pada Kamis (17/9) untuk ke Paris. Hari ini, ia sudah berada di Barcelona.
Spekulasi kepindahannya kini menguat. Sebab, ia bisa saja pindah ke klub Eropa lainnya.
MU dinilai berpeluang mempertahankanya sampai akhir musim jika bisa menjaga status kewarganegaraan Gabriel. Sementara jika sang pemain mendapat paspor lain dari orang tuanya; ayahnya dari Irlandia dan ibunya keturunan Yunani-Siprus, ia bisa pindah ke klub Eropa sejak usia 16 tahun.
JJ Gabriel, yang masih berusia 15 tahun, menjadi talenta muda Manchester United yang naik daun. Dijuluki Kid Messi, winger lincah itu kabarnya mendesak cabut dari klub.
| Baca juga: Bintang Muda JJ Gabriel Mau Tinggalkan MU | 
Gabriel disebut sudah mengajukan surat pengunduran dirinya dari MU. The Red Devils disebut tak mau melepasnya, dan akan berusaha mempertahankannya.
Gabriel bersinar sejak musim lalu. Masih berusia 15 tahun, ia masuk skuad U-18 MU dan bikin 26 gol serta 4 assist. Ia juga diganjar gelar pemain terbaik Premier League U-18.
Penampilan itu bikin Gabriel langsung dibawa tim MU senior ke pramusim. Ia juga sempat berlatih bareng Bruno Fernandes dkk.
Dari segi permainan, Gabriel juga mirip Messi. Ia punya skill dribble dan insting bikin gol yang tajam.
Pemain kelahiran 2010 itu kini kabarnya ingin cabut dari Manchester United. Beberapa raksasa Eropa langsung dikaitkan dengan JJ Gabriel, salah satunya Barcelona.
| Baca juga: Sebagus Apa JJ Gabriel, Si Messi dari MU? | 
(yna/mrp)",sport
66,"Chelsea lagi-lagi gagal menang dan cleansheet saat bertemu Brentford. Sang manajer Xabi Alonso gemas melihat inkonsistensi anak asuhnya.
Chelsea melawat ke Gtech Community Stadium, Sabtu (19/9/2026) dini hari WIB, untuk coba mencari tiga poin di kandang Brentford. Chelsea memang lebih menguasai bola di babak pertama dan menyentuh 11 kali bola di kotak penalti lawan.
Tapi mereka kalah agresif karena cuma bikin empat attempts berbanding tujuh milik Brentford. Meski lebih agresif di babak kedua, Chelsea malah kecolongan tiga gol karena ulah Jaidon Anthony, Igor Thiago, dan Fabio Carvalho.
Chelsea kalah 0-3 dan menelan kekalahan keduanya dari lima pertandingan awal Premier League. Ironisnya Chelsea sudah kebobolan 12 gol meski baru bikin 10 gol dan tidak pernah clean sheet dalam 21 pertandingan terakhir di Liga Inggris.
Ini juga jadi kali pertama Chelsea tidak bisa bikin gol sejak ditangani Alonso musim panas lalu.
Hasil yang begitu disesali sang manajer, Xabi Alonso, karena melihat tim sebenarnya punya peluang menang jika melihat performa babak pertama. Tapi, para pemain Chelsea tidak memaksimalkan itu dan malah kedodoran di 30 menit akhir.
""Kami kehilangan konsistensi permainan, mental bertarung yang dibutuhkan di babak kedua. Detil kecil bisa menentukan. Anda tidak boleh memberi keuntungan untuk lawan di laga seperti ini,"" ujar Xabi seperti dikutip Tribuna.
""Ini soal tampil fokus selama 95 menit, dan kami tidak bisa seperti itu. Kami harusnya bisa lebih baik,"" sambungnya.
(mrp/yna)",sport
67,"Chelsea main tanpa Joao Pedro saat dikalahkan Brentford. Absennya striker Brasil itu bikin mesin gol The Blues mogok.
Chelsea bertandang ke GTech Community Stadium, Sabtu (19/9/2026) dalam lanjutan Liga Inggris 2026/2027. The Blues tumbang dengan skor 0-3.
Di laga itu, Chelsea tampil memble. Untuk pertama kalinya musim ini, pasukan Xabi Alonso gagal mencetak gol di pertandingan.
Alonso bermain tanpa Joao Pedro di laga ini. Penyerang berusia 24 tahun itu absen akibat cedera.
Padahal, Joao Pedro bersama Cole Palmer dan Morgan Rogers menjadi mesin gol Chelsea musim ini. Ketiganya sudah menghasilkan 10 gol dan 10 assist untuk Si Biru.
Trio JP Morgan yang kurang lengkap saat melawan Brentford akhirnya bikin mesin gol Chelsea mandek. Tak ada gol bisa dihasilkan, atau ancaman berarti.
Malah gawang Chelsea yang terus menerus kebobolan. Baru lima pekan, raksasa London Barat itu sudah kejebolan 12 kali, terbanyak ketimban tim lain.
Kekalahan 3 gol di markas Brentford bikin Chelsea tertahan di peringkat 7 klasemen Liga Inggris dengan 7 poin. Sementara Brentford naik ke posisi 3 dengan 9 poin.
(yna/bay)",sport
68,"Chelsea kalah tiga gol dari Brentford, salah satunya lewat bola mati lagi. The Blues sering dibully di kotak penalti sendiri.
Chelsea kalah 0-3 saat melawat ke GTech Community Stadium, Sabtu (19/9/2026) dini hari WIB. Si Biru dibobol Jaidon Anthony, Igor Thiago, dan Fabio Carvalho.
Gol pertama ke gawang Chelsea dihasilkan Brentford lewat bola mati. Lewat tendangan sudut, Anthony bisa meneruskan umpan sundulan Jannick Schuster.
Itu menjadi gol kelima yang bersarang ke gawang Chelsea yang diawali dari bola mati. Sebelumnya gawangnya juga bobol dari cara serupa kala melawan Brighton, Hull City, dan Leeds United.
Padahal, Chelsea sudah merekrut spesialis bola mati musim ini. Austin MacPhee dibajak dari Aston Villa, namun belum memberikan dampak signfikan.
Menanggapi hal itu, bek Levi Colwill mengakui masih banyak pr yang harus dibenahi.
""Kinerja kami belum cukup baik. Kadang-kadang kami tertekan di kotak penalti, dan kami pasti harus memperbaiki hal itu. Kami sepenuhnya percaya pada pelatih situasi bola mati kami dan masih beradaptasi dengan hal-hal baru. Kami memang perlu meningkatkan performa sebagai tim,"" kata Colwill, melansir BBC.
""Saya tidak berpikir semangat tim menurun. Itu menyakitkan, dan kami berusaha keras untuk mencetak gol penyeimbang, tapi justru kebobolan lewat serangan balik. Saya tidak berpikir semangat kami menurun.""
""Kami masih perlu banyak meningkatkan performa. Kami tidak bisa hanya mengandalkan trio penyerang kami untuk menyelamatkan kami dari bahaya. Seluruh pemain lainnya harus membantu sebisa mungkin. Kami jelas masih memiliki banyak ruang untuk berkembang,"" kata bek asal Inggris itu.
(yna/bay)",sport
69,"Chelsea kalah telak 0-3 dari Brentford di lanjutan Liga Inggris. Eks pemainnya, Gary Cahill beri kritikan tajam!
Chelsea bertandang ke Brentford pada Sabtu (19/9) dini hari WIB. The Blues kalah telak 0-3.
Chelsea makin perpanjang daftar kebobolan. Chelsea sudah kebobolan 12 kali dari lima laga.
Malah, Chelsea lanjutkan rekor tidak clean sheets. Sudah 21 laga beruntun di liga.
Padahal, klub asal London itu sudah membeli beberapa bek dan kiper baru. Tapi masalah kebobolan juga belum terselesaikan.
| Baca juga: Xabi: Konsisten Dong, Chelsea | 
Eks bek Chelsea, Gary Cahill memberikan kritikan tajam kepada The Blues. Menurutnya, lini pertahanan Chelsea kini rapuh dan lembek!
""Ada unsur kerapuhan di sana, khususnya ketika menghadapi bola mati,"" ketusnya dilansir dari Sky Sports.
""Jangan sampai mereka punya pola pikir ketika menghadapi bola mati, 'kebobolan lagi deh',"" sambungnya.
| Baca juga: Tanpa Joao Pedro, Mesin Gol Chelsea Mogok | 
Gary Cahill pun menilai cara bertahan Chelsea terlalu lunak. Sehingga, gawangnya mudah kebobolan.
""Saat ini sikap mereka lunak ketika bertahan, karena Anda bisa melihat bagaimana mereka bisa kebobolan. Bek-beknya terlihat lesu setelah kebobolan, rasanya menyakitkan, sungguh,"" ungkapnya.
""Satu-satunya cara untuk keluar dari situasi ini adalah dengan bekerja keras bersama, memastikan tim lebih sulit ditembus lawan, dan bermain lebih tanpa ampun,"" tutup Cahill yang pernah meraih dua titel Premier League bersama Chelsea.
(aff/aff)",sport
70,"Laju Manchester United belum meyakinkan dan belum lama ini kalah di dua laga secara beruntun. Meski demikian, Michael Carrick menilai itu bukan bencana.
MU baru menang dua kali dalam enam pertandingan yang sudah mereka mainkan di semua kompetisi musim ini. Kemenangan itu diraih atas tim promosi Ipswich Town dan tim debutan Liga Champions Sabah FK.
Sementara itu di empat laga lainnya, MU menelan tiga kekalahan dan satu hasil seri. Dalam dua laga terakhir, Setan Merah berturut-turut takluk dari Manchester City dan Brighton & Hove Albion.
Situasi tersebut mulai memunculkan tekanan untuk Carrick. Meski demikian, Carrick menilai hasil-hasil MU sejauh ini yang kurang sip tak menggambarkan timnya secara keseluruhan.
| Baca juga: Diisukan Akan Dipecat, Carrick: Konyol! | 
""Itu bukan bencana atau malapetaka. Ini bukan akhir dunia,"" ujar Carrick seperti dilansir Sky Sports.
""Kami tidak di posisi di mana kami dalam laju buruk yang panjang. Kami kalah di dua pertandingan terakhir, dan kami merasa kalau kami mulai masuk ke semua pertandingan yang kami mainkan, kalau bukan tim yang lebih baik di awal pertandingan.""
""Kami bukannya kesulitan sepanjang waktu. Kami juga melakukan banyak hal bagus. Menempatkan diri kami di posisi yang bagus dalam pertandingan yang kami mainkan,"" lanjut Carrick.
""Jadi keyakinannya jelas datang dari sana. Hal-hal bagus yang sudah kami lakukan kadang tertutup oleh situasi di sekitar, tapi hal itu tidak pernah terlupakan oleh kami,"" katanya.
| Baca juga: MU Nggak Panik Kandas dari Carabao Cup | 
(nds/aff)",sport
71,"Juventus memulai Serie A dengan kurang sip, hingga Luciano Spalletti mulai dipertanyakan. Klub meminta semua orang percaya.
Juventus tersendat di empat pekan pertama Liga Italia. Setelah memenangi dua laga pertama, mereka ditahan imbang dan kalah di dua yang terbaru.
Mereka ditahan AC Milan 1-1 lalu kalah secara mengejutkan dari Sassuolo dengan skor 2-3. Bianconeri pun saat ini tercecer ke posisi delapan klasemen dengan tujuh poin, sudah lima poin di belakang AS Roma dan Inter Milan yang memimpin.
Direktur Keolahragaan Juventus Frederic Massara memastikan tim tak menganggap enteng setiap poin yang terbuang. Tapi ia juga meminta semua pihak memberikan penilaian secara adil dan tenang.
""Kami semua yang memakai seragam Juventus punya tugas untuk tak mengecilkan bahkan satupun poin yang hilang, tapi kamu juga punya kewajiban untuk membuat penilaian dengan tenang,"" ungkap Massara dikutip Football Italia.
| Baca juga: Spalletti Tak Khawatir Dipecat Juventus | 
""Dan penilaian itu dimulai dari satu kepastian, bahwa tim ini di tangan yang luar biasa dan bahwa klub punya keyakinan penuh terhadap kemampuan sang pelatih dan tim.""
""Kami percaya diri bahwa dengan upaya, proses pertumbuhan ini bisa tercapai dengan cepat.""
Juventus menemukan momentum dengan kemenanga telak 5-0 atas NEC Nijmegen di Liga Europa, Jumat (18/9/2026) dini hari WIB tadi. Mereka selanjutnya akan menjamu Atalanta, Minggu (20/9) malam WIB.
(raw/bay)",sport
72,"Kompetisi Liga Italia Serie A 2026/2027 memasuki pekan kelima. Sejumlah pertandingan menarik akan tersaji mulai Sabtu (19/9/2026) dini hari WIB hingga Senin (21/9/2026) dini hari WIB.
Pekan kelima dibuka dengan pertandingan Monza vs Sassuolo di U-Power Stadium pada Sabtu dini hari. Bek Timnas Indonesia, Jay Idzes, diragukan tampil setelah cedera saat melawan Juventus.
Pada Sabtu (19/9), terdapat empat pertandingan. Bologna menghadapi Torino, sementara Udinese bertemu Cagliari. Setelah itu, perhatian akan tertuju pada duel AS Roma vs Inter Milan.
Roma dan Inter sama-sama masih sempurna dengan 12 poin. Kedua tim cuma dipisahkan dengan selisih gol, yakni Roma +11 dan Inter +7.
Sementara itu, Minggu (20/9) menghadirkan lima pertandingan. Fiorentina menjamu Napoli, Frosinone menghadapi Como, serta Parma berhadapan dengan Genoa.
Pada waktu yang sama, Juventus akan menghadapi Atalanta, sedangkan AC Milan menjamu Lecce dalam pertandingan lainnya.
Berikut jadwal lengkap pekan ke-5 Liga Italia 2026/2027:
Sabtu, 19 September 2026
01.45 WIB: Monza vs Sassuolo - Live: Vidio, Champions TV 3
20.00 WIB: Bologna vs Torino - Live: Vidio, Champions TV 3
20.00 WIB: Udinese vs Cagliari - Live: Vidio, Champions TV 2
23.00 WIB: Roma vs Inter - Live: Vidio, Champions TV 3
Minggu, 20 September 2026
01.45 WIB: Venezia vs Lazio - Live: Vidio, Champions TV 3
17.30 WIB: Fiorentina vs Napoli - Live: Vidio, Champions TV 3
20.00 WIB: Frosinone vs Como - Live: ANTV, Vidio, Champions TV 3
20.00 WIB: Parma vs Genoa - Live: Vidio, Champions TV 2
23.00 WIB: Juventus vs Atalanta - Live: Vidio, Champions TV 3
Senin, 21 September 2026
01.45 WIB: Milan vs Lecce - Live: ANTV, Vidio, Champions TV 3
(ran/aff)",sport
73,"Nicolas Gonzalez mulai merasa nyaman di Juventus. Hal itu tak lepas dari faktor Luciano Spalletti.
Pemain yang akrab disapa Nico itu mencetak gol pembuka untuk Juventus saat melawan NEC Nijmegen. Pertandingan di Allianz Stadium dalam laga Liga Europa tersebut dimenangkan Bianconeri dengan skor 5-0, Jumat (18/9/2026) dini hari WIB.
Juventus mendatangkan Nico Gonzalez pada musim panas 2024 dari Fiorentina. Gelandang asal Argentina bisa dikatakan jarang menjadi starter di era kepelatihan Thiago Motta dan Igor Tudor.
Nico juga sampai harus dipinjamkan ke Atletico Madrid pada musim 2025/2026. Di bawah arahan Diego Simeone, dia tampil 37 kali dengan mengemas lima gol.
Gelandang berusia 28 tahun itu sudah mulai nyaman di Juventus sejak kembali dari Atletico Madrid. Kehadiran Spalletti membuatnya nyaman, terlebih selalu menjadi starter dalam tiga pertandingan terakhir.
""Saat ini saya merasa nyaman di tim ini, juga berkat kepercayaan pelatih kepada saya. Saya menunjukkannya di lapangan, di mana saya menikmati permainan. Saya berharap dapat terus seperti ini,"" kata Nico Gonzalez yang dikutip dari Football Italia.
Nico Gonzalez mendapatkan peran bebas di belakang striker. Aksinya di kotak penalti juga menyebabkan Juventus mendapatkan hadiah penalti untuk gol Nick Woltemade, yang baru didatangkan pada musim panas ini.
""Para striker kami membutuhkan gol karena mereka hidup untuk itu. Saya harap ini baru permulaan, karena bagi mereka ini sangat penting,"" Nico mengungkapkan.
| Baca juga: Inilah Juventus yang Spalletti Mau | 
(ran/aff)",sport
74,"Gian Piero Gasperini memuji kerja sama antara Paulo Dybala dan Donyell Malen di lini serang AS Roma. Chemistry di antara keduanya bikin takjub Gasperini.
Malen tengah memuncaki daftar top skor Serie A dengan enam gol dalam empat pertandingan. Dybala juga ada di posisi teratas dalam hal assist (4).
Tiga dari enam gol Malen merupakan assist dari Dybala. Penampilan apik dari Malen dan Dybala turut berperan dalam laju positif I Lupi yang kini memuncaki klasemen Liga Italia dengan empat kemenangan dalam empat laga.
Gasperini pun senang dengan kualitas yang ditampilkan Malen dan Dybala.
""Karakteristik mereka cocok. Dybala punya kemampuan membaca ketika Malen melepaskan diri, bahkan ketika mereka terlihat tidak saling melihat. Kualitas yang dia berikan luar biasa,"" ujar Gasperini kepada Sky Sport Italia.
""Malen memiliki kemampuan luar biasa untuk mengubah momen-momen itu menjadi gol yang kelihatannya mudah, tapi sebenarnya jauh dari itu.""
""Mereka adalah kombinasi yang berjalan dengan baik,"" katanya.
| Baca juga: Siapa Sangka Donyell Malen Seseram Ini | 
(nds/rin)",sport
75,"AS Roma sejauh ini menunjukkan laju positif di Serie A dan memuncaki klasemen. Meski demikian, pelatih Roma Gian Piero Gasperini belum memasang target tinggi.
Roma masih sempurna setelah empat pertandingan di Serie A 2026/27. Giallorossi menyapu bersih kemenangan dan kini memimpin klasemen Liga Italia dengan 12 poin, unggul selisih gol atas Inter Milan.
Roma pun mulai digadang-gadang bukan sekadar pesaing di empat besar. Paulo Dybala dkk. disebut-sebut sebagai salah satu rival Inter dalam perebutan scudetto.
Kendati demikian, menaikkan standar Roma bukan berarti menargetkan gelar juara Liga Italia bagi Gasperini. Ia baru akan menentukan target usai tengah musim nanti.
""Bukan begitu kami menaikkan standar. Anda tidak menaikkan standar dengan memasang target yang lebih berat. Anda menaikkannya dengan meningkatkan standar setiap harinya, mengasah diri sendiri, dan mencoba lebih baik,"" ujar Gasperini kepada Sky Sport Italia.
""Kami sadar kalau prediksi soal kami terus dibuat dan memang seharusnya demikian. Orang-orang punya mimpi-mimpinya, mereka ingin yang terbaik. Dan bagi kami, kami harus menghadapi kenyataan.""
""Kenyataannya adalah, kami hanya bisa mulai bicara soal target potensial setelah sekitar 20 pertandingan. Tidak masuk akal memasang target setelah empat atau lima pertandingan.""
""Tentu saja sekarang kami punya rasa percaya diri, tentu saja kami ingin tetap di puncak klasemen, tapi ini adalah satu-satunya target konkret kami saat ini,"" katanya.
| Baca juga: Siapa Sangka Donyell Malen Seseram Ini | 
(nds/ran)",sport
76,"AS Roma ditunggu laga-laga berat melawan Inter Milan dan Real Madrid. Ini jadi kesempatan bagi Roma untuk mengukur diri.
Roma dinanti laga pemuncak klasemen Liga Italia melawan Inter Milan di Serie A akhir pekan ini. Duel Roma vs Inter akan digelar di Stadion Olimpico, Sabtu (19/9/2026) malam WIB.
Kedua tim saat ini tengah bersaing ketat di puncak klasemen Liga Italia usai sama-sama menyapu bersih kemenangan di empat laga pertama. Roma yang ada di posisi pertama hanya unggul selisih gol dari Nerazzurri.
Usai jeda internasional, laga yang tak kalah berat sudah menanti I Lupi. Donyell Malen dkk. akan tandang ke markas Como dalam lanjutan Serie A (11/10) sebelum menjamu Madrid di Liga Champions (15/10).
| Baca juga: Inter dan Como Saingan Utama Roma di Serie A | 
Pelatih Roma Gian Piero Gasperini menilai timnya pantas mendapat kesempatan untuk memainkan laga-laga besar ini. Menurutnya, ini jadi kesempatan bagi Roma untuk mengukur diri.
""Jangan lupakan Como di antaranya, yang akan kami hadapi sebelum Real Madrid dan tim yang sedang menunjukkan kemajuan pesat. Sekarang saya menganggap mereka sebagai salah satu nama besar di liga,"" ujar Gasperini kepada Sky Sport Italia.
""Tentu saja Inter dan Real Madrid adalah dua tim besar di level Eropa, tapi saya kira kami pantas mendapat kesempatan untuk bermain melawan Inter sebagai salah satu pemuncak klasemen dan melawan Real Madrid di Liga Champions.""
""Ini akan jadi periode di mana kami bisa mengukur diri kami sendiri dan melihat apa yang bisa kami lakukan saat menghadapi tim-tim seperti ini,"" katanya.
(nds/rin)",sport
77,"AS Roma memang memulai musim dengan impresif dan sementara ini memimpin klasemen Liga Italia. Tapi I Lupi tetap mengakui Inter Milan adalah tolok ukurnya.
AS Roma akan menjamu Inter Milan di Olimpico, Sabtu (19/9/2026) malam WIB nanti, dalam lanjutan Serie A. Kedua tim sama-sama masih sempurna dari empat pertandingan sejauh ini dan tak ada lagi tim lain dengan catatan begitu.
Menimbang start kedua tim, pertemuan ini pun dianggap sebagai semacam 'final' kepagian. Inter mengawali musim sebagai favorit utama juara dan Roma telah menunjukkan tanda-tanda bakal jadi pesaing.
| Baca juga: Duo Dybala-Malen Puaskan Gasperini | 
Angka-angkanya terlihat bagus. Pasukan Gian Piero Gasperini bukan hanya menyapu bersih empat laga pertama, mereka sudah mencetak 12 gol dan baru kebobolan satu kali.
Hanya Inter yang lebih tajam (13 gol) sementara tak ada tim yang kebobolan lebih sedikit dari Paulo Dybala dkk. Meski begitu, Roma tak akan sesumbar di hadapan juara bertahan.
Meski timnya start dengan cemerlang, Gasperini mengakui Inter masih jadi patokan buat tim lain dan punya mental pemenang.
""Menurut saya, sepertinya semua orang akan setuju, Inter tak diragukan lagi adalah tim untuk dikejar di Serie A dan itu berlaku bagi semua tim lain,"" ujarnya di situs klub.
""Mereka adalah tim yang secara konsisten telah mencapai hal-hal luar biasa di Italia dan Eropa juga, dengan mencapai dua final (Liga Champions) baru-baru ini.""
""Mereka adalah tim yang luar biasa dan saya rasa semua orang mengakuinya. Tim-tim lain sedang mencoba menutup jarak dan bersaing dengan mereka, tapi mereka masih jadi tolok ukurnya.""
""Jelas itu yang jadi target semua orang, sebab Inter sudah diakui secara luas sebagai yang terbaik saat ini,"" imbuh eks pelatih Atalanta tersebut.
(raw/aff)",sport
78,"Serie A malam ini akan diramaikan laga antara dua tim teratas di klasemen saat ini, AS Roma melawan Inter Milan. Jadwal Roma vs Inter bisa disimak di sini.
Roma akan menjamu Inter di Stadion Olimpico pada pertandingan pekan ke kelima Serie A 2026/27, Sabtu (19/9/2026) malam WIB. Ini merupakan pertandingan antara dua tim teratas di klasemen Liga Italia.
Roma dan Inter sama-sama masih sempurna dengan menyapu bersih kemenangan dalam empat pertandingan pertama. I Lupi berada di puncak berkat keunggulan selisih gol atas Inter.
| Baca juga: Roma Tak Berani Sesumbar di Hadapan Inter | 
Di kubu Roma, Donyell Malen tengah on fire dengan mencetak enam gol dalam empat laga dan memuncaki daftar top skor Serie A. Namun, mengalahkan Inter bukan perkara mudah untuk Roma.
Menilik catatan head to head, Inter tengah dominan atas Roma. Dalam Serie A empat musim terakhir, Inter mencatat enam kemenangan berbanding dua miliki Roma.
Pertemuan terakhir kedua tim di Serie A musim lalu dimenangi Inter dengan skor 5-2. Nerazzurri juga jadi pemenang dalam duel terakhir melawan Roma di Stadion Olimpico dengan skor 1-0.
Jadwal Roma vs Inter
Stadion Olimpico, Roma, Sabtu (19/9/2026)
Kick off pukul 23.00 WIB
Live di Vidio
(nds/aff)",sport
79,"Tak bisa dipungkiri bahwa Harry Kane justru kini lebih tajam ketimbang ketika lebih muda. Superstar Bayern Munich itu mengungkapkan rahasianya.
Kane membangun reputasinya sebagai salah satu penyerang tengah terbaik di dunia bersama Tottenham Hotspur. Sebanyak 280 gol dicetak Kane dalam 435 pertandingan Spurs selama 13 tahun.
Striker top Inggris itu kemudian digaet Bayern pada musim panas 2023 di usia 30 tahun. Bukannya menurun, Kane malah terus membaik. Sampai kini sudah 150 gol dicetak Kane. Bahkan Kane mengemas 61 gol pada 2025/2026 untuk menandai musim paling produktif di dalam kariernya.
Dalam wawancaranya dengan Marca, Harry Kane mengungkapkan bahwa dokter pribadinya dan kualitas skuad Bayern memungkinkan dia unjuk penampilan terbaik yang konsisten.
""Anda tahu salah satu alasannya dengan baik [merujuk pada dokter olahraga pribadinya, Alejandro Elorriaga dari Madrid]. Alejandro memainkan peran yang sangat penting di dalam kesuksesanku,"" ungkap pesepakbola berusia 33 tahun ini.
""Kami sudah bekerja sama selama enam setengah tahun sekarang, dan dia itu salah satu alasan mengapa aku bisa tampil di level ini dan bermain di banyak sekali pertandingan. Bukan kebetulan aku bisa terus meningkat selama ini, karena, beberapa orang percaya bahwa performa menurun seiring bertambahnya usia. Namun, buatku justru hampir sebaliknya yang terjadi.""
""[Rahasia yang lain-red] sepakbola itu tentang timing, dan berada di Bayern, dengan tim yang kupunya di sekitarku, membuatku bisa mencetak banyak gol dan juga terlibat di dalam permainan, mengumpan, bertahan, dan semua hal yang kunikmati untuk membantu tim. Terus terang, aku merasa sangat baik secara fisik dan mental... lebih baik dari sebelumnya!"" cetus Harry Kane.
(rin/aff)",sport
80,"Bayern Munich mengganyang Union Berlin 7-0 dalam lanjutan Liga Jerman. Michael Olise memborong hat-trick, Harry Kane menyumbang brace.
Matchday keempat Bundesliga mempertemukan Bayern vs Union Berlin. Pertandingan digelar di Allianz Arena, Sabtu (19/9/2026) dini hari WIB.
Bayern membuka keunggulan pada menit ke-18. Jamal Musiala melepaskan bola tembakan dari luar kotak penalti yang meluncur mulus ke gawang Union Berlin.
PENALTI! Bayern mendapat hadiah tendangan 12 pas pada menit ke-38. Michael Olise dijatuhkan Tom Rothe di kotak terlarang.
Harry Kane maju sebagai algojo penalti Bayern dan sukses menjalankan tugasnya dengan sempurna. Tim tuan rumah unggul 2-0.
Michael Olise mencetak gol di menit ke-43. Pemain asal Prancis ini melepaskan bola sepakan first-time dari luar kotak penalti dan membawa Bayern unggul 3-0 pada akhir babak pertama.
BRACE! Bayern tak mengendurkan serangan selepas turun minum. Harry Kane mencetak gol keduanya pada menit ke-53 dengan bola sundulannya, memanfaatkan umpan lambung Olise.
Die Roten menambah gol lagi di menit ke-70. Kali ini giliran Ismael Saibari yang membobol gawang Union Berlin dari sepakannya.
| Baca juga: Luis Diaz: Bayern Belum Selevel Musim Lalu | 
BRACE! Olise mencetak gol keduanya ke gawang Union Berlin 3 menit berselang. Dia menerima umpan lambun Tom Bischof sebelum mengecoh kiper Frederik Ronnow dan menceploskan bola ke gawang.
HAT-TRICK! Olise menambah golnya di menit ke-76. Dia kali ini menggetarkan jala Union Berlin via bola tembakan jarak jauh. Bayern Munich menang 7-0 atas Union Berlin.
Hasil ini membawa Bayern kukuh di puncak klasemen Liga Jerman dengan 10 poin. Union Berlin tertahan di urutan ke-16 dengan 1 poin.
𝗦𝗜𝗘𝗕𝗘𝗡 - 𝗡𝗨𝗟𝗟! 🤯
Was für eine brutale Performance! pic.twitter.com/fodwXvcEsb
Susunan Pemain
Bayern Munich: Manuel Neuer; Josip Stanisic, Dayot Upamecano, Jonathan Tah, Alphonso Davies; Joshua Kimmich, Aleksandar Pavlovic; Michael Olise, Jamal Musiala, Luis Diaz; Harry Kane.
Union Berlin: Frederik Ronnow; Tom Rothe, Felix Udokhai, Leopold Querfeld, Christopher Trimmel; Rani Khedira, Michel Aebischer; Jeong Woo-yeong, Andras Schafer, Janik Haberer; Latte Lath.
(bay/mrp)",sport
81,"Sejarah kembali dicatatkan penyerang Bayern Munich Harry Kane. Kane baru saja memecahkan rekor pemain tercepat capai 100 gol di Bundesliga.
Bayern menjamu Union Berlin di Allianz Arena, Sabtu (19/9/2026) dini hari WIB. Laga yang berakhir tragis untuk tim tamu setelah dibantai dengan skor 0-7.
Michael Olise jadi bintang lewat torehan hat-trick, sementara Kane bikin dua gol dan sisanya dibagi rata ke Jamal Musiala serta Isameil Saibari.
Bagi Kane, dua gol itu begitu bersejarah karena dia jadi pemain tercepat yang mencapai 100 gol di Bundesliga, hanya 98 laga! Dia memecahkan rekor Dieter Mueller yang butuh 129 laga untuk mencatatkan 100 gol bersama Cologne.
Selisih 31 laga itu bisa diartikan nyaris satu musim penuh Bundesliga, wow bukan? Wajar jika Kane bangga bukan main dengan pencapaiannya itu, mengingat dia sudah memecahkan rekor serupa di Premier League.
""Jujur saya bangga sekali, bisa mencapai 100 gol di BUndesliga,"" ujar Kane yang kini sudah bikin 101 gol di Liga Jerman.
""Saya sudah melakukan itu di Premier League, jadi saya bangga bisa melakukannya lagi di liga lain. Saya cuma bisa bilang terima kasih kepada tim,"" sambungnya seperti dikutip situs resmi Bundesliga.
Hebatnya, Kane punya rasio gol yang luar biasa, satu gol per 78,3 menit usai pindah dari Bundesliga pada 2023. Dia mengalahkan Erling Haaland (per 87 menit), Robert Lewandowski (per 100 menit), dan Gerd Mueller (per 105 menit).
Kane sudah bikin 152 gol dari 154 laga bersama Bayern, termasuk 61 gol dari 51 laga musim lalu.
(mrp/bay)",sport
82,"Union Berlin kena bantai Bayern Munich 7 gol tanpa balas. Akun media sosial Die Eisernen menyindir Lamine Yamal usai kekalahan memalukan tersebut.
'Pembantaian' terjadi di Allianz Arena, Sabtu (19/9/2026) dini hari WIB. Bayern Munich mengganyang Union Berlin 7-0 dalam lanjutan Liga Jerman.
Michael Olise jadi bintang di laga Bayern vs Union Berlin dengan memborong hat-trick. Harry Kane turut tampil trengginas dengan menyumbang brace.
Kane bahkan berhasil memecahkan rekor dengan 2 golnya ke gawang Union Berlin. Bomber Bayern Munich itu jadi pemain tercepat yang mencetak 100 gol di Bundesliga (98 pertandingan).
Union Berlin menanggapi kekalahan telak dari Bayern Munich dengan sarkasme. Akun X Die Eisernen menuliskan komentar sindiran kepada Lamine Yamal terkait persaingan Ballon d'Or 2026.
Yamal sebelumnya mengatakan pencetak gol terbanyak bukan jaminan memenangkan Ballon d'Or. Kata-katanya itu disinyalir merujuk kepada Harry Kane yang mengumpulkan 73 gol sepanjang musim lalu.
""Bisa enggak sih bocah nakal berusia 19 tahun dari Barcelona ini diam saja? Kane dan Olise benar-benar tampil gemilang hari ini dan membuktikan mereka layak mendapatkan Ballon d'Or,"" akun X Union Berlin menuliskan.
Hätte dieser 19-jährige Lausbub aus Barcelona nicht einfach seinen Mund halten können? Kane und Olise sind heute richtig on fire und beweisen, dass sie Ballon-d'-Or-Material sind.#FCBFCU | 7:0 | 77'
— 1. FC Union Berlin (@fcunion) September 18, 2026
Unggahan akun X Union Berlin mendapat balasan dan komentar pedas dari fans Barcelona. Union Berlin kembali memberi balasan dengan nada satir.
""Tolong jangan sebarkan tweet ini di sekitar Barcelona. Kami sekarang belum siap menghadapi kemarahan warga Catalan setelah pertandingan tandang ini,"" Union Berlin menuliskan di X.
(bay/yna)",sport
83,"Penyerang Atletico Madrid Julian Alvarez dikabarkan sedang mempertimbangkan untuk pindah agensi pemain usai gagal berlabuh ke Barcelona pada bursa transfer musim panas lalu.
Rumor transfer Alvarez menjadi salah satu yang paling disorot pada musim panas lalu usai dirinya menyatakan terang-terangan ingin cabut, namun berakhir antiklimaks karena Atletico enggan melepasnya ke klub rival.
Alvarez akhirnya tetap di Atletico dan mulai kembali terintegrasi dengan rekan-rekannya. Ia sudah tampil tiga kali dan mencetak satu assist.
Meski begitu, tampaknya Alvarez masih menyimpan keinginan pergi sebelum kontraknya habis pada 2030 mendatang. Itu disebabkan adanya laporan bahwa ia berencana mengganti agen yang menanganinya saat ini, Fernando Hidalgo.
Radio Onda Cero melaporkan bahwa Alvarez telah menjalin kontak dengan agensi milik Javier Pastore, eks gelandang Paris Saint-Germain dan Timnas Argentina. Sejauh ini belum ada konfirmasi dan baru sekadar pertimbangan.
Pastore memiliki sejumlah klien elite, salah satunya Enzo Fernandez. Ia sukses membantu pemain 25 tahun itu pindah Chelsea ke Manchester City di musim panas lalu meski awalnya terasa mustahil. Barangkali, ini yang menjadi daya tarik untuk Alvarez.
Alvarez sudah bergabung dengan Atletico Madrid sejak 2024. Ia sebelumnya bermain untuk Manchester City, namun berada di bawah bayang-bayang Erling Haaland.
Simak juga Video 'Julian Alvarez Latihan Bareng Atletico, Batal Hengkang?':
(adp/bay)",sport
84,"Real Madrid ditunggu derby kontra Atletico Madrid akhir pekan ini dan Kylian Mbappe menantikan laga sulit. Ini jadi ujian penting buat Los Blancos.
Madrid akan tandang ke Metropolitano Stadium, Minggu (20/9/2026) malam WIB dalam lanjutan Liga Spanyol. Tim besutan Jose Mourinho itu bertekad melanjutkan rentetan kemenangan dan menjaga momentum.
Sebelumnya, mereka mengatasi Inter Milan di Liga Champions lalu membungkam Rayo Vallecano dan Elche di LaLiga. Momentum ini penting dijaga untuk terus menempel Barcelona yang masih sempurna.
Mbappe menantikan duel sengit lain melawan sang rival sekota. Empat pertemuan terakhir menghasilkan dua kemenangan untuk masing-masing tim.
Madrid memenangi dua yang terbaru dengan margin tipis. Dua laga itu juga yang diwarnai ketegangan-ketegangan antara kedua kubu.
""Ini pertandingan yang selalu kami ingin mainkan, pertandingan yang sangat intens. Kami tahu pertandingan ini sangat berarti buat para suporter dan kami,"" ungkap Mbappe dikutip Mundo Deportivo.
""Saya suka bermain tandang, di sanalah Anda bisa melihat karakter pemain sesungguhnya, dan penting untuk punya itu di laga-laga semacam ini. Kami ingin meneruskan rentetan kemenangan, dengan pengorbanan, karakter, dan komitmen.""
| Baca juga: Mbappe Menanti Panggilan Zidane | 
(raw/adp)",sport
85,"Derby Madrid akan meramaikan LaLiga akhir pekan ini. Sementara itu, start sempurna Barcelona akan diuji di markas Sevilla.
Real Madrid akan tandang ke markas Atletico Madrid di pekan ketujuh LaLiga. Duel Atletico vs Madrid akan digelar di Metropolitano Stadium, Minggu (20/9/2026), pukul 21.15 WIB.
Madrid saat ini menempati peringkat kedua klasemen Liga Spanyol dengan 15 poin dari enam pertandingan. Setelah kalah dari Real Betis, pasukan Jose Mourinho itu bangkit dengan mengalahkan Rayo Vallecano dan Elche di LaLiga.
Sementara itu, Atletico ada di peringkat keempat dengan 13 poin. Tim arahan Diego Simeone itu mencatatkan empat kemenangan, satu hasil seri, dan satu kali kalah.
Menilik catatan head to head, Atletico dan Madrid sama-sama mencatat satu kemenangan dalam lima pertemuan terakhir di LaLiga. Sementara tiga laga lainnya berakhir imbang.
Duel terakhir di markas Atletico berakhir dengan kemenangan untuk tuan rumah. Atletico kala itu membungkam Madrid 5-2 pada September 2025.
Dari pertandingan lainnya, Barcelona akan tandang ke markas Sevilla, Minggu (20/9/2026) dini hari WIB. Barcelona sejauh ini menjadi satu-satunya tim yang masih 100% di LaLiga.
Lamine Yamal dkk. menyapu bersih kemenangan dalam enam pertandingan dan nyaman di puncak klasemen Liga Spanyol dengan 18 poin. Tak hanya itu, Barcelona juga produktif dengan menghasilkan 28 gol.
Markas Sevilla akan jadi ujian untuk Barcelona. Lawatan terakhir Barcelona ke Estadio Ramon Sanchez Pizjuan pada musim lalu berakhir dengan kekalahan 1-4.
Jadwal Liga Spanyol Pekan Ini
Sabtu (19/9/2026)
02.00 WIB Espanyol vs Elche
19.00 WIB Osasuna vs Rayo Vallecano
21.15 WIB Athletic Bilbao vs Alaves
23.30 WIB Celta Vigo vs Racing Santander
Minggu (20/9/2026)
02.00 WIB Sevilla vs Barcelona
19.00 WIB Getafe vs Malaga
21.15 WIB Atletico Madrid vs Real Madrid
23.30 WIB Deportivo La Coruna vs Real Betis
23.30 WIB Villarreal vs Levante
Senin (21/9/2026)
02.00 WIB Valencia vs Real Sociedad
(nds/aff)",sport
86,"Sejauh ini, Jude Bellingham bikin tim pelatih Real Madrid terkesan. Bellingham paling disiplin dan punya etos kerja terbaik. Kesayangan Mourinho, nih?
Dilaporkan The Athletic, Jude Bellingham sempat jalani performa buruk di musim 2025/26. Bellingham sempat kena cedera, penampilannya pun inkonsistensi.
Muncul keraguan ketika itu. Apa gelandang berusia 23 tahun tersebut bisa bekerja baik di bawah polesan pelatih Jose Mourinho? Karena Mourinho menuntut lebih kepada pemain-pemainnya.
Jude Bellingham nyatanya bisa buktikan diri. Bellingham bisa bikin tiga gol dan tiga assist dari enam penampilan di Liga Spanyol.
Lebih dari soal menjebol gawang lawan, tim pelatih Real Madrid kesengsem dengan kedisplinan dan etos kerja Bellingham. Untuk urusan itu, Bellingham terbaik dibanding pemain Los Blancos lainnya!
Bellingham bahkan berlatih lebih lama dibanding rekan-rekannya. Bellingham habiskan waktu di gym sore hari, setelah sesi latihan, demi menjaga kebugaran.
| Baca juga: Bellingham Lebih Bebas di Bawah Mourinho | 
Pelatih Jose Mourinho pun mampu mengeluarkan bakat terbaik Jude Bellingham. Alih-alih menguras fisiknya di pos sayap, Mourinho memplot Bellingham di posisi playmaker dan lebih dekat dengan gawang.
Bellingham dinilai menjadi pemain nomor 10 klasik. Seperti diketahui, Mourinho pun akan sangat senang kepada pemain-pemainnya yang disiplin dalam menjalankan taktik dan mampu bermain dengan baik.
""Bellingham bukan hanya spesial, tapi dia sangat spesial untuk Madrid dan Timnas Inggris,"" kata Mourinho singkat ketika ditanya awak media pada akhir pekan kemarin.
(aff/nds)",sport
87,"Misi Real Madrid untuk terus menguntit Barcelona dihadapkan pada laga menantang. Madrid dijadwalkan melakoni Derby Madrid di Metropolitano.
Liga Spanyoljornada tujuh akhir pekan ini menyajikan duel Atletico Madrid vs Real Madrid. Laga akan dihelat di Stadion Metropolitano pada Minggu (20/9) malam WIB.
Los Blancos menempati peringkat kedua klasemen Liga Spanyol dengan koleksi 15 poin, berjarak tiga poin dari Barcelona di puncak. Sedangkan Atletico Madrid menduduki posisi empat dengan 13 poin.
| Baca juga: Mbappe: Lawan Atletico Selalu Intens Banget! | 
Atletico harus dikalahkan Madrid jika ingin menjaga jaraknya dengan Barca. Apalagi, si juara bertahan ""cuma"" akan bertandang ke Sevilla. Akan tetapi, menang di markas Atletico bukan perkara mudah bagi pasukan Jose Mourinho.
Real Madrid menderita tiga kekalahan dan hanya sekali menang dalam tujuh lawatan terakhir ke sana di Liga Spanyol. Madrid gagal memenangi masing-masing dari tiga lawatan terakhir di kandang Atletico, termasuk ketika digasak 2-5 pada September setahun lalu.
Sementara itu, Derby Madrid empat kali berakhir imbang 1-1 dalam tujuh edisi terakhir. Sedangkan Madrid memenangi pertemuan terakhirnya melawan Atletico 3-2 di Santiago Bernabeu pada Maret.
Rekor Derby Madrid di Metropolitano Sejak 2019/2020
2025/2026 Atletico Madrid 5-2 Real Madrid
2024/2025 Atletico Madrid 1-1 Real Madrid
2023/2024 Atletico Madrid 3-1 Real Madrid
2022/2023 Atletico Madrid 1-2 Real Madrid
2021/2022 Atletico Madrid 1-0 Real Madrid
2020/2021 Atletico Madrid 1-1 Real Madrid
2019/2020 Atletico Madrid 0-0 Real Madrid
Rekor Pertemuan 7 Derby Madrid Terakhir
2025/2026 Real Madrid 3-2 Atletico Madrid
2025/2026 Atletico Madrid 5-2 Real Madrid
2024/2025 Real Madrid 1-1 Atletico Madrid
2024/2025 Atletico Madrid 1-1 Real Madrid
2023/2024 Real Madrid 1-1 Atletico Madrid
2023/2024 Atletico Madrid 3-1 Real Madrid
2022/2023 Real Madrid 1-1 Atletico Madrid
(rin/aff)",sport
88,"Barcelona sedang menjalani start sempurna di 2026/2027. Penyerang Real Madrid Kylian Mbappe tidak khawatir dengan performa bagus rivalnya itu.
Barca memenangi masing-masing dari tujuh pertandingan pertamanya di seluruh kompetisi. Tak sekadar menang, Blaugrana juga ganas. Sebanyak 33 gol diceploskan Raphinha dkk, yang berarti rata-rata 4,7 gol per pertandingan.
Dengan enam kemenangan di Liga Spanyol, Barcelona berhak atas puncak klasemen usai mengumpulkan 18 poin. Madrid membuntuti di bawahnya dengan koleksi 15 poin setelah memenangi lima pertandingan dan sekali kalah.
Tak bisa dipungkiri, Los Blancos akan memiliki tugas menantang untuk menyudahi dominasi Barcelona usai juara back to back. Mbappe hanya berkomentar bahwa musim 2026/2027 masih sangat panjang.
""Bagus sih buat mereka. Aku tidak suka membicarakan tim lain karena aku tidak di sana, aku tidak tahu apa yang sedang mereka lakukan,"" ujar mantan bintang Paris Saint-Germain ini kepada AS.
""Mereka memang memenangi banyak pertandingan, tapi ini kan masih awal musim,"" lugas Kylian Mbappe mengenai start mulus Barcelona.
Real Madrid baru bisa menguji langsung ketangguhan Barca di El Clasico jilid pertama musim ini pada 25 Oktober nanti.
(rin/aff)",sport
89,"Kylian Mbappe mengaku tidak mendapat target tertentu dari Jose Mourinho soal jumlah gol. Mbappe juga tidak mau membatasi diri dengan target.
Mbappe sejauh ini sudah mencetak delapan gol untuk Real Madrid di semua kompetisi musim ini. Tujuh di antaranya ia buat di LaLiga.
Mbappe pun memimpin daftar top skor Madrid setelah tujuh pertandingan. Penyerang asal Prancis itu jadi andalan di lini depan Los Blancos.
| Baca juga: Mbappe: Lawan Atletico Selalu Intens Banget! | 
Lantas, apakah Mourinho meminta Mbappe untuk mencetak sampai 50 gol? Mbappe mengaku pelatihnya itu tidak mematok target tertentu.
""Tidak, dia tidak mematok angka. Dia hanya bilang agar saya mencetak gol,"" ujar Mbappe kepada AS.
""Saya tidak pernah mematok batas atau target gol karena Anda tidak pernah tahu apa yang bisa terjadi selama semusim. Mematok angka tertentu bisa jadi batasan, dan saya tidak mau itu,"" lanjut Mbappe.
""Kalau saya mencetak banyak gol, saya senang. Kalau lebih sedikit, saya tetap senang. Yang penting adalah membantu tim saya dan fokus sepenuhnya ke setiap pertandingan,"" katanya.
(nds/rin)",sport
90,"Raphinha amat bahagia di Barcelona. Bintang asal Brasil itu berharap bisa memperpanjang kontrak dan pensiun di Camp Nou.
Raphinha sudah bergabung ke Barcelona sejak 2022. Eks penggawa Leeds United ini menjelma jadi salah satu pilar inti Blaugrana.
Total 86 gol dan 62 assist dikumpulkan Raphinha dalam 184 pertandingan bersama Barcelona. Dia juga sukses mengantarkan Los Cules jadi kampiun Liga Spanyol 3 kali.
Kontrak Raphinha bersama Barcelona berakhir pada musim panas 2028. Los Cules kabarnya berencana memperpanjang kontrak sang pemain dan sudah memulai pembicaraan tersebut.
Raphinha antusias dengan wacana perpanjangan kontraknya di Barcelona. Dia berharap bisa terus membela Blaugrana hingga akhir karier sepakbolanya.
""Ya, saya berencana untuk memperbarui kontrak. Ketika saya memperbarui kontrak, saya melakukannya hingga 2028 dengan gagasan bahwa saya akan berusia 30 atau 31 tahun dan saya tidak tahu bagaimana saya akan mengelola karier saya,"" kata Raphinha, dilansir dari Marca.
| Baca juga: Lamine Yamal Gagal Penalti, Raphinha Membela | 
🚨🚨🎙️| Raphinha: ""I plan to RENEW and hopefully end my career at Barça."" #fcblive pic.twitter.com/4fCs8l8OHQ
— BarçaTimes (@BarcaTimes) September 18, 2026
""Namun, mengingat bagaimana musim ini dimulai, tampaknya saya masih memiliki beberapa tahun lagi di depan saya dan saya akan sangat senang dapat memperpanjang kontrak saya,"" dia menambahkan.
""Dan mudah-mudahan saya dapat mengakhiri karier saya di sini, tanpa harus pergi ke tempat lain,"" tegasnya.
(bay/mrp)",sport
91,"Berikut klasemen sementara fase grup Liga Europa selepas matchday pertama tuntas. Juventus dan Crystal Palace berada di daftar teratas setelah menang besar atas lawan-lawannya.
Juventus berhasil melibas NEC Nijmegen 5-0 di Turin pada Jumat (18/9/2026) dini hari WIB. Kemenangan itu membawa mereka ke puncak klasemen dengan tiga poin. Palace membuntuti di urutan kedua berkat kemenangan 
4-0 atas Lech Poznan di hari yang sama.
Sparta Praha menyusul di urutan ketiga setelah menang 4-1 atas wakil Armenia, Ararat pada Rabu lalu. Besiktas yang juga menang dengan skor sama atas Marseille dini hari tadi menempel ketat di urutan empat.
Peringkat lima diisi wakil Belgia, Union Saint-Gilloise yang menang 3-0 atas Viktoria Plzen dari Ceko. Ferencvaros duduk di urutan enam berkat kemenangan 3-1 atas wakil Skotlandia, Celtic.
Benfica yang mengalahkan AC Milan 2-0 pada Kamis lalu ada di urutan ketujuh. Bayer Leverkusen melengkapi delapan besar, yang merupakan zona lolos langsung ke 16 besar, setelah menekuk Celje dari Slovenia dengan skor serupa.
Matchday kedua Liga Europa akan digelar pada 15-16 Oktober mendatang atau setelah jeda internasional berakhir. Hasil lengkap matchday pertama bisa dicek melalui tautan berikut ini.
Klasemen sementara Liga Europa 2026-27:
| No | Tim | Main | M | S | K | SG | Poin | 
|---|---|---|---|---|---|---|---|
| 1 | Juventus | 1 | 1 | 0 | 0 | 5-0 | 3 | 
| 2 | Crystal Palace | 1 | 1 | 0 | 0 | 4-0 | 3 | 
| 3 | Sparta Prague | 1 | 1 | 0 | 0 | 4-1 | 3 | 
| 4 | Besiktas | 1 | 1 | 0 | 0 | 4-1 | 3 | 
| 5 | Union Saint-Gilloise | 1 | 1 | 0 | 0 | 3-0 | 3 | 
| 6 | Ferencvaros | 1 | 1 | 0 | 0 | 3-1 | 3 | 
| 7 | Benfica | 1 | 1 | 0 | 0 | 2-0 | 3 | 
| 8 | Bayer Leverkusen | 1 | 1 | 0 | 0 | 2-0 | 3 | 
| 9 | OFI | 1 | 1 | 0 | 0 | 2-0 | 3 | 
| 10 | Bournemouth | 1 | 1 | 0 | 0 | 2-1 | 3 | 
| 11 | Lyon | 1 | 1 | 0 | 0 | 2-1 | 3 | 
| 12 | Torreense | 1 | 1 | 0 | 0 | 2-1 | 3 | 
| 13 | Olympiakos | 1 | 1 | 0 | 0 | 2-1 | 3 | 
| 14 | Red Bull Salzburg | 1 | 1 | 0 | 0 | 1-0 | 3 | 
| 15 | Omonia Nicosia | 1 | 1 | 0 | 0 | 1-0 | 3 | 
| 16 | Sunderland | 1 | 1 | 0 | 0 | 1-0 | 3 | 
| 17 | Dinamo Zagreb | 1 | 0 | 1 | 0 | 0-0 | 1 | 
| 18 | Hapoel | 1 | 0 | 1 | 0 | 0-0 | 1 | 
| 19 | Rennes | 1 | 0 | 1 | 0 | 0-0 | 1 | 
| 20 | Sturm Graz | 1 | 0 | 1 | 0 | 0-0 | 1 | 
| 21 | Jagiellonia Bialystok | 1 | 0 | 0 | 1 | 1-2 | 0 | 
| 22 | Anderlecht | 1 | 0 | 0 | 1 | 1-2 | 0 | 
| 23 | Lillestrom | 1 | 0 | 0 | 1 | 1-2 | 0 | 
| 24 | Real Sociedad | 1 | 0 | 0 | 1 | 1-2 | 0 | 
| 25 | AZ Alkmaar | 1 | 0 | 0 | 1 | 0-1 | 0 | 
| 26 | Celta Vigo | 1 | 0 | 0 | 1 | 0-1 | 0 | 
| 27 | Levski Sofia | 1 | 0 | 0 | 1 | 0-1 | 0 | 
| 28 | Celtic | 1 | 0 | 0 | 1 | 1-3 | 0 | 
| 29 | NK Celje | 1 | 0 | 0 | 1 | 0-2 | 0 | 
| 30 | TSG Hoffenheim | 1 | 0 | 0 | 1 | 0-2 | 0 | 
| 31 | AC Milan | 1 | 0 | 0 | 1 | 0-2 | 0 | 
| 32 | Marseille | 1 | 0 | 0 | 1 | 1-4 | 0 | 
| 33 | Ararat-Armenia | 1 | 0 | 0 | 1 | 1-4 | 0 | 
| 34 | FC Viktoria Plzen | 1 | 0 | 0 | 1 | 0-3 | 0 | 
| 35 | Lech Poznan | 1 | 0 | 0 | 1 | 0-4 | 0 | 
| 36 | NEC Nijmegen | 1 | 0 | 0 | 1 | 0-5 | 0 | 
(adp/adp)",sport
92,"Pelatih Juventus Luciano Spalletti puas dengan kemenangan besar timnya atas NEC Nijmegen di fase grup Liga Europa musim ini. Para pemain Bianconeri tampil sesuai harapan di lapangan.
Juventus menang 5-0 dalam laga di Allianz Stadium, Jumat (18/9/2026) dini hari WIB. Kelima gol tersebut dibagi rata oleh Nicolas Gonzalez, Kerim Alajbegovic, Nick Woltemade, Zeki Celik, dan Randal Kolo Muani.
Hasil ini mengakhiri rentetan tanpa kemenangan di dua laga sebelumnya. Tak cuma itu, Juventus pun tampil mengesankan dalam pertandingan kali ini.
Meski hanya melepaskan 11 percobaan sepanjang 90 menit, namun tujuh di antaranya tepat sasaran dan lima sukses menjadi gol. Dengan jumlah percobaan yang sama, NEC gagal mencetak gol sama sekali.
Lini belakang juga ampuh dengan mencatatkan 21 tekel sukses, 11 sapuan, dan 10 intersep untuk mencegah gawang Kamil Grabara dari kebobolan.
""Saya sangat puas. Mereka turun ke lapangan dengan pikiran jernih, mengubah keraguan menjadi keputusan, yang diambil dengan baik. Mereka memanfaatkan hasrat mereka untuk melakukan sesuatu secara maksimal. Nico tampil apik saat menyambar bola pada gol pertama,"" ujar Spalletti kepada Sky Sport Italia usai laga.
| Baca juga: Klasemen Liga Europa usai Matchday Pertama | 
""Melihat performa kami, sebenarnya kami bisa bermain lebih rapat dan tentu saja meminimalkan ruang kosong di belakang lini pertahanan. Mengingat jalannya pertandingan, keputusan untuk melakukan perubahan adalah langkah yang tepat.""
""Ini adalah salah satu cara kami dalam menyikapi pertandingan, dan dengan cara inilah kami memenangkan beberapa laga musim lalu. Kini, karena keterbatasan jumlah pemain, kami harus beradaptasi.""
""Malam ini para pemain tetap fokus. Mereka menerapkan penjagaan ketat terhadap lawan, yang bisa saja menjadi ancaman berbahaya jika berhasil mengambil alih kendali. Mereka tidak memusingkan apa pun. Mereka pernah menelan kekalahan telak, namun di pertandingan berikutnya, mereka justru tampil lebih gigih,"" tegas Spalletti.
| Baca juga: Milan Harus Sabar dengan Amorim | 
Juventus selanjutnya akan menjamu Atalanta pada Minggu (20/9) pukul 23.00 WIB. Setelah itu akan ada rehat sekitar tiga pekan karena jeda internasional sebelum berjumpa Cagliari pada 12 Oktober.
(adp/raw)",sport
93,"Hengky Silatang, Komite Eksekutif Komite Olimpiade Indonesia (KOI) melepas Timnas angkat besi Indonesia Aichi-Nagoya. Ada delapan atlet yang disiapkan, terdiri dari empat putri dan empat putra.
Tiga dari delapan lifter itu, di antaranya merupakan atlet andalan Merah Putih yaitu Rizki Juniansyah, Rahmat Erwin Abdullah, dan Eko Yuli Irawan.
""Saya tidak meragukan kemampuan tiga lifter tangguh yang sudah menyumbangkan medali pada Olimpiade. Makanya, saya optimistis cabang angkat besi bisa menyumbangkan medali emas bagi Kontingen Merah Putih,"" kata Hengky dalam keterangan tertulisnya dikutip Jumat (18/9/2026).
Rizki akan turun di kelas 85kg. Ia punya misi merebut medali emas Asian Games, usai edisi lalu batal tampil karena usus buntu.
Sebagai peraih medali emas Olimpiade Paris 2024, Rizki tak mau sekadar tampil. Emas dari Natoya menjadi target untuk melengkapi rentetan gelar-gelarnya.
Sementara Rahmat Erwin Abdullah bakal turun di kelas 73kg. Juara bertahan ini juga menjadi andalan PB PABSI. Ia bertekad untuk mempertahankan emas dan kembali memecahkan rekor Asian Games.
Di Asian Games 2023, peraih medali perunggu Olimpiade Tokyo 2020 ini tak cuma meraih emas tapi memecahkan rekor dunia Clean and Jerk 201kg dan rekor Asian Games.
Adapun Eko Yuli Irawan, bakal main di kelas 65kg. Peraih empat medali Olimpiade ini diharapkan bisa menambah koleksi medali emasnya. Eko sudah mengantongi satu emas dan dua perunggu Asian Games 2010, 2014, 2018.
Meski turun di kelas baru, pengalaman dan mental juaranya jadi modal besarnya.
""Yang terbaik saja, berusaha saja, menikmati kompetisi saja. Perkara nanti ada podium enggak? Ya kita lihat di sana, di hari pertandingannya seperti apa,"" tutur Eko terpisah.
""Ya pasti inginnya seperti itu (menutup akhir dengan manis) tapi lihat kondisi dan lawan-lawannya juga. Apakah dengan usia begini masih bisa bersaing kita lihat nanti,"" ucapnya.
    
    
    (mcy/aff)",sport
94,"Pernyataan itu disampaikan Todo, sapaan karibnya, di tengah sorotan sejumlah media internasional terhadap kesiapan operasional Asian Games Aichi-Nagoya 2026.
Dalam beberapa hari terakhir, sejumlah kontingen dari negara-negara Asia lain, melaporkan adanya keluhan terkait akomodasi, pembagian kamar, transportasi, hingga akses menuju venue.
Todotua menegaskan, sejak awal persiapan, kepentingan atlet menjadi prioritas utama Tim Indonesia. Berbagai persoalan non teknis yang muncul diharapkan dapat diselesaikan tanpa mengganggu konsentrasi dan semangat atlet dalam menghadapi pertandingan.
""Makanya, kesiapan tim dari awal, semuanya yang kita utamakan adalah atlet. Jangan sampai situasi ini mengurangi semangat kita terhadap tujuan utama kita datang ke sini,"" kata Todotua saat memimpin rapat koordinasi dengan seluruh tim di Jepang, Jumat (18/9/2026).
Todotua optimistis seluruh persoalan dapat diselesaikan melalui koordinasi dan kemampuan tim untuk beradaptasi dengan kondisi di lapangan.
""Walaupun situasinya sangat challenging, secara keseluruhan saya melihat semua tim, dan saya pribadi percaya kita semua bisa menyelesaikannya. Dalam survival mode, kita perlu melakukan penyesuaian. Kurang lebih seminggu untuk beradaptasi, dan ini baru awal. Kita masih memiliki kurang lebih 17 hari ke depan,"" ujar Todotua.
Menurutnya, berbagai tantangan tersebut tidak hanya dihadapi oleh Tim Indonesia, tetapi juga menjadi bagian dari dinamika yang dihadapi kontingen negara-negara peserta lainnya. Karena itu, kemampuan untuk merespons dan menyelesaikan persoalan di lapangan menjadi hal penting dalam menjaga kesiapan kontingen.
""Situasi ini memang dihadapi semuanya. Tetapi yang bisa kita pastikan adalah kita bisa melakukan penetrasi dan menyelesaikan permasalahan-permasalahan yang ada. Itu yang paling penting,"" katanya.
Ia menambahkan, dengan waktu pelaksanaan Asian Games yang masih panjang, Tim Indonesia akan terus melakukan penyesuaian dan penyelesaian berbagai kebutuhan kontingen agar atlet dapat fokus menjalankan persiapan dan bertanding.
Asian Games Aichi-Nagoya secara resmi akan dibuka pada Sabtu (19/9), dan ditutup pada 4 Oktober mendatang. Indonesia menurunkan 430 atlet dari 35 cabang olahraga.    
    
    (mcy/aff)",sport
95,"Bagi Ayu, kepercayaan tersebut menjadi pengalaman yang tidak pernah dibayangkan sebelumnya. Atlet basket 5on5 yang membawa Tim Indonesia meraih medali emas di SEA Games Thailand 2025 itu bangga dan terharu ketika pertama kali menerima kabar bahwa dirinya dipercaya menjadi flag bearer.
""Jujur, saya merasa sangat bangga dan terharu ketika pertama kali mendapat kabar bahwa saya dipercaya menjadi flag bearer Tim Indonesia di Asian Games 2026. Bagi saya, ini bukan hanya tentang membawa bendera, tetapi juga membawa nama dan semangat seluruh kontingen Indonesia,"" ujar Ayu dalam keterangan tertulisnya, Jumat (18/9/2026).
Ayu menyadari bahwa kesempatan tersebut merupakan kehormatan yang tidak diberikan kepada setiap atlet. Karena itu, ia ingin menjalankan tugas tersebut dengan penuh tanggung jawab sekaligus menjadikannya sebagai sumber energi positif bagi seluruh kontingen.
""Sebagai flag bearer, saya juga punya tanggung jawab untuk memberikan performa terbaik saat bertanding. Saya ingin menjadikan momen ini sebagai energi tambahan, bukan hanya untuk diri saya sendiri, tetapi juga untuk teman-teman satu tim dan seluruh kontingen Indonesia,"" Ayu mengungkapkan.
Pada opening ceremony nanti, Ayu akan mengenakan busana dengan sentuhan budaya Bali, yang merupakan tanah kelahirannya. Menurut atlet 27 tahun tersebut, busana itu menjadi cara untuk membawa identitas daerah sekaligus memperkenalkan kekayaan budaya Indonesia di panggung internasional.
""Bisa membawa budaya Bali dan Indonesia ke panggung Asian Games adalah sebuah kehormatan bagi saya. Rasanya seperti membawa bagian dari rumah saya untuk diperkenalkan kepada dunia,"" kata Ayu.
Senada dengan Ayu, Daniel Hutapea juga merasa spesial karena Asian Games Aichi-Nagoya 2026 menjadi debutnya. Atlet karate nomor kumite +84kg itu bersyukur mendapat kepercayaan untuk membawa Merah Putih pada upacara pembukaan.
""Saya sangat senang, bangga, dan bersyukur bisa terpilih menjadi flag bearer di Asian Games 2026. Saya sangat antusias menerima tugas ini. Ini bukan hanya tentang membawa bendera, tetapi juga menjadi bagian dari momen yang penting dan membanggakan bagi saya pribadi,"" ujar Daniel.
Daniel juga telah menyampaikan kabar tersebut kepada kedua orang tuanya. Respons keluarga menjadi tambahan kebahagiaan menjelang momen bersejarah tersebut.
""Orang tua sangat senang dan bangga, dan juga menantikan hari-H nanti,"" kata Daniel.
""Ini sangat menambah motivasi saya, apalagi ini Asian Games pertama saya dan sekarang diberi kepercayaan sebagai pembawa bendera. Semoga saya juga bisa mengibarkan bendera Merah Putih di Asian Games melalui cabang olahraga karate,"" imbuhnya.
Daniel akan membawa bendera Merah Putih sambil menggunakan baju daerah khas Batak Toba yang juga terdapat pada apparel Tim Indonesia untuk Asian Games Aichi-Nagoya 2026.
Sebagai orang Batak, Daniel mengaku bangga ketika mengetahui busana tersebut turut menampilkan unsur budaya Batak.
""Pastinya sangat bangga dan senang. Ini di luar ekspektasi saya bisa terpilih menjadi flag bearer, dan baju yang saya pakai juga ada unsur Bataknya, yang merupakan suku asli saya. Saya siap menjalankan tugas ini dengan penuh tanggung jawab dan memberikan yang terbaik. Horas!"" tegas Daniel.    
    
    (mcy/aff)",sport
96,"Pada rangkaian pertandingan Grup B yang berlangsung di Nagoya City Higashi Sports Center, Jumat (18/9/2026), Sumaya menjalani tiga pertandingan.
Ia mengawali perjuangan dengan kemenangan atas wakil Lebanon, Dandal Kamar, dengan skor 12-9, 12-11.Sumaya kemudian menghadapi wakil Myanmar, Wai Khin Hnin, dan harus mengakui keunggulan lawan setelah kalah 10-12, 8-12.
Pada pertandingan ketiga, Sumaya bangkit dan menunjukkan daya juangnya saat menghadapi wakil Kirgizstan, Aidana Otorbaeva untuk mengambil kemenangan 6-12, 12-6 dan 12-6.
Hasil tersebut membawa Sumaya menempati peringkat kedua dan menjalani babak repechage. Diamenghadapi wakil Kamboja, DY Koemyean. Hasilnya, Sumaya tampil solid dan mengamankan kemenangan dua gim langsung dengan skor 12-8, 12-7.
Sumaya sangat senang bisa tampil maksimal dan lolos ke semifinal Asian Games Aichi-Nagoya 2026. Pada edisi perdana teqball di Asian Games, Sumaya bertekad mengukir sejarah atas namanya sendiri.
""Saya bersyukur bisa lolos ke semifinal. Setelah melalui beberapa pertandingan hari ini, saya akan berusaha menjaga fokus, memperbaiki apa yang masih kurang, dan memberikan yang terbaik di semifinal,"" ujar Sumaya.
""Semifinal nanti akan jadi pertandingan yang keras. Tapi saya harus yakin karena target saya medali emas dan bisa mencetak sejarah sebagai atlet teqball Indonesia pertama yang meraih medali emas di Asian Games,"" lanjutnya.
Sumaya akan kembali bertanding untuk memperebutkan tiket ke final menghadapi wakil India, Quimcy Joaquim Dsouza.
""Dari segi atletnya, dia memang percaya dirinya sudah tinggi. Ketika skornya sudah meninggalkan jauh lawannya, dia mencoba serangan-serangan yang kira-kira nanti bisa dipakai untuk pertandingan selanjutnya. Jadi, dia mencoba mematenkan beberapa hal untuk pertandingan selanjutnya,"" ujar Pelatih Teqball Tim Indonesia, Fitrah Muhammad.
    
    
    (mcy/nds)",sport
97,"Cabang olahraga hoki putra Asian Games 2026 mempertemukan Korea Selatan dengan Bangladesh. Pertandingan digelar di Green Stadium, Gifu, Jumat (18/9/2026).
Insiden memalukan terjadi saat momen mendengarkan lagu kebangsaan kedua negara. Para pemain Korea Selatan merasa kebingungan, lantaran bukan lagu kebangsaan mereka ""Aegukga"" yang terdengar di stadion.
Alih-alih lagu kebangsaan Korea Selatan, panitia justru memutar lagu ""Aegukka"" yang notabene anthem Korea Utara. Seorang penyiar stadion kemudian meminta maaf atas kesalahan tersebut dan memainkan anthem ""Aegukga"" setelah lagu kebangsaan Bangladesh diputar.
Korea Selatan mengakhiri pertandingan dengan kemenangan 5-0 atas Bangladesh. Pelatih tim hoki Korsel Min Tae-sok tetap tidak terima dengan kesalahan memutar lagu kebangsaan negaranya.
""Ini masalah yang sangat serius. Ketika kami memprotes, mereka berkata, 'Kami minta maaf. Bukan karena tidak dipersiapkan, ada kesalahan dari pihak yang bertanggung jawab atas penyelenggaraannya',"" kata Tae-sok, dilansir dari Channel News Asia.
""Namun ini adalah sesuatu yang seharusnya tidak boleh terjadi,"" ujarnya.
The Asian Games organisers played the North Korean anthem for the South Korean team. 💀pic.twitter.com/3Qq4OjwFTb
— Troll Sports (@trollsports) September 18, 2026
Masalah ini memang bisa dibilang serius bagi Korea Selatan. Lagu kebangsaan, beserta simbol-simbol negara Korea Utara dilarang beredar di Korsel lantaran kedua negara secara teknis masih berperang sejak gencatan senjata tahun 1953.
Ini bukan kali pertama lagu Korea Utara diputar buat tim Korea Selatan. Kejadian serupa pernah terjadi pada Piala Asia U-19 2018 d Stadion Patriot Candrabhaga, Bekasi, kala panitia salah memutar lagu ""Aegukga"" dengan ""Aegukka"".
    
    
    (bay/mrp)",sport
98,"Tampil di Nagoya City Higashi Sports Center, Sabtu (19/9/2026), Sumaya menunjukkan mental juara dengan bangkit dari ketertinggalan untuk mengalahkan wakil India, Quimcy Joaquim Dsouza, dalam pertandingan semifinal yang berlangsung ketat selama tiga gim.
Sumaya sempat kehilangan gim pertama dengan skor 7-12. Namun, atlet Indonesia tersebut mampu menjaga ketenangan, membalikkan momentum, dan merebut gim kedua 12-9. Pada gim penentuan, Sumaya kembali menunjukkan daya juang tinggi dan menutup pertandingan dengan kemenangan 12-7.
""Dia (Joaquim Dsouza) memilik permainan yang bagus. Sejak awal saya bermain tenang dan fokus pada setiap poin. Jadi saya yakin akan menang,"" kata Sumaya dalam keterangan tertulisnya.
Kemenangan tersebut mengantarkan Sumaya ke partai final sekaligus memastikan medali perak untuk Indonesia. Hasil ini juga menjadi pencapaian bersejarah bagi teqball Indonesia pada penampilan perdana cabang olahraga tersebut di Asian Games.
Perjalanan Sumaya menuju final memang tidak berlangsung mudah. Pada fase Grup B, ia membuka perjuangan dengan kemenangan atas wakil Lebanon, Dandal Kamar, 12-9, 12-11. Pada pertandingan kedua, Sumaya harus mengakui keunggulan wakil Myanmar, Wai Khin Hnin, dengan skor 10-12, 8-12.
Kekalahan tersebut tidak menghentikan langkah Sumaya. Ia bangkit pada pertandingan terakhir Grup B dan menundukkan wakil Kirgizstan, Aidana Otorbaeva, melalui pertarungan tiga gim, 6-12, 12-6, 12-6. Hasil itu menempatkannya di posisi kedua Grup B dan membuat Sumaya harus melewati babak repechage.
Di babak repechage, Sumaya tampil solid dan mengalahkan wakil Kamboja, DY Koemyean, dua gim langsung, 12-8, 12-7, untuk mengamankan tiket semifinal.
Di partai puncak, Sumaya akan kembali berhadapan dengan Wai Khin Hnin dari Myanmar yang juga tampil impresif sepanjang fase grup dan menjadi juara Grup B tanpa menelam kekalahan, untuk mengungguli Sumaya yang finis di posisi kedua.
Pertemuan kembali di final membuat Sumaya memiliki kesempatan untuk menutup perjalanan panjangnya dengan hasil berbeda dari pertemuan pertama. Kali ini, keduanya akan memperebutkan medali emas Asian Games Aichi-Nagoya 2026.
Bagi Sumaya, laga final bukan sekadar pertandingan perebutan gelar. Ini menjadi kesempatan untuk menuntaskan perjuangan yang dimulai dari fase grup sekaligus membawa nama teqball Indonesia ke panggung tertinggi Asian Games.
Sumaya juga mengaku percaya diri menghadapi pertandingan-pertandingan di Asian Games, terlebih di partai final besok. Keyakinan tersebut tumbuh bersama proses latihan yang dijalaninya selama dua tahun terakhir.
""Ini sangat berarti bagi saya. Saya terus berlatih dan setiap hari, pagi, sore, malam. Kami datang untuk mencari medali emas,"" ujar Sumaya.    
    
    (mcy/aff)",sport
99,"Punya 15 arena olahraga dalam satu tempat kadang bikin bingung mau mulai dari mana. Buat kamu yang baru pertama kali ke SKORZ FX Sudirman, ada urutan yang bisa bikin pengalaman main jadi lebih nyaman dan nggak keburu kehabisan tenaga di awal. Apalagi kalau kamu datang rame-rame, strategi urutan main bisa nentuin seberapa maksimal waktu dua jam pertama di venue.
Mulai dari yang Santai Dulu
Sebelum coba wahana yang butuh tenaga ekstra, mini golf dan billiards jadi pintu masuk yang pas karena ritmenya lebih santai dan cocok buat pemanasan sambil membiasakan diri dengan suasana venue. Setelah itu, pickleball bisa jadi lanjutan yang pas karena gerakannya lebih ringan dibanding futsal atau basketball, tapi tetap seru dan kompetitif buat dimainkan bareng teman.
Baru Naik ke Level Lebih Menantang
Kalau badan sudah pemanasan, coba lanjut ke laser tag buat war bareng rombongan, atau wall climbing kalau mau mengukur keberanian naik ke ketinggian. Basketball dan futsal paling pas dicoba menjelang akhir sesi karena butuh stamina lebih banyak, jadi tubuh sudah lebih siap menghadapi permainan yang lebih intens.
Info Penting Sebelum Datang
SKORZ FX Sudirman berada di FX Sudirman lantai 3, Jakarta Pusat, dan buka setiap hari pukul 10.00 sampai 22.00 WIB. Jangan lupa bawa pakaian yang nyaman untuk bergerak dan sepatu olahraga tertutup karena beberapa wahana mengharuskan alas kaki tertentu. Setelah puas main, kamu juga bisa mampir ke kafe atau karaoke room di dalam venue buat lanjut nongkrong.
Dengan strategi urutan main yang tepat, satu kunjungan ke SKORZ FX Sudirman bisa dipakai maksimal tanpa keburu capek di awal. Cek jadwal dan pesan tiketnya sekarang di detikevent sebelum kehabisan slot.
(pur/pur)",sport
100,"Sudah bosan dengan ide date yang itu-itu saja? Setiap kali ingin menghabiskan waktu bersama pasangan, pilihannya kembali ke makan, ngopi, atau nonton bioskop. Lama-lama, quality time terasa seperti agenda rutin yang kurang meninggalkan kesan.
Kalau sedang mencari ide date yang lebih seru di Jakarta, SKORZ FX Sudirman bisa jadi pilihan. Tempat ini mengusung konsep sportainment dengan berbagai arena permainan yang bisa dicoba dalam satu lokasi.
Satu Tempat untuk Berbagai Aktivitas
Salah satu tantangan saat mencari aktivitas date adalah menemukan kegiatan yang bisa dinikmati berdua tanpa terasa membosankan.
Di SKORZ, kamu dan pasangan bisa memilih berbagai aktivitas sesuai mood. Mulai dari basketball, futsal, pickleball, mini golf, laser tag, wall climbing, hingga billiards tersedia dalam satu tempat. Total ada 15 arena permainan olahraga yang bisa dicoba.Aktivitas seperti ini juga bisa membuat quality time terasa lebih interaktif. Bukan hanya ngobrol, kamu dan pasangan bisa saling adu skill, mencoba permainan baru, atau sekadar seru-seruan bersama.
Bisa Pilih Tiket untuk Berdua
Buat kamu yang memang datang bersama pasangan, SKORZ juga menyediakan Couple Ticket yang sudah mencakup dua e-ticket.
Harga yang tercantum di halaman detikEvent adalah Rp273.600 untuk weekdays dan Rp309.600 untuk weekends, belum termasuk biaya platform dan biaya lainnya.Dengan pilihan aktivitas yang beragam, kamu bisa mengisi waktu bersama pasangan tanpa harus terpaku pada satu jenis kegiatan saja.
Siap mencoba date yang lebih seru? Cek informasi lengkap dan pesan tiket SKORZ FX Sudirman melalui detikevent sekarang.
(pur/pur)",sport
101,"Manajer Koperasi Desa/Kelurahan Merah Putih (KDKMP) ditempatkan paling lambat 25 September 2026. Penempatan ini akan dilakukan oleh PT Agrinas Pangan Nusantaran usai seluruh proses verifikasi dan evaluasi rampung.
""Kita bisa asumisnya itu sudah ada selesai verifikasi, validasi. Setelah itu selesai dievaluasi secara paralel dengan BPKP kemudian dilaksanakan berita acara serah terima. Jadi, asumsi per tanggal 25 September sebenarnya proses penempatan atau deploy ini bisa dilakukan oleh PT Agrinas (Pangan),"" ujar Ferry dalam unggahan video di akun Instagram @ferry.juliantono, dikutip Kamis (17/9/2026).
Hal tersebut disampaikan Ferry dalam rapat koordinasi bersama Badan Pengaturan (BP) BUMN serta PT Agrinas Pangan Nusantara. Ferry menyebut rapat ini juga membahas besaran gaji serta tunjangan manajer KDKMP.
""Dalam rapat ini, kita juga perlu segera memutuskan rencana penempatan manager, termasuk besaran gaji, tunjangan, dan hal-hal terkait lainnya. Kita ingin memastikan seluruh proses berjalan tepat waktu agar operasionalisasi KDKMP dapat segera dilaksanakan dengan baik,"" tambah Ferry.
Sementara itu, Kepala BP BUMN Dony Oskaria meminta agar proses penempatan manajer KDKMP tidak berlarut-larut dan sesuai dengan mekanisme yang tertuang dalam Instruksi Presiden (Inpres).
Nantinya, penempatan personel secara spesifik akan diserahkan kepada PT Agrinas Pangan Nusantara. Langkah ini dinilai paling efektif karena pihak Agrinas telah memetakan secara presisi koperasi-koperasi mana saja yang sudah siap beroperasi di lapangan.
""Saya tidak mau berlarut-larut prosesnya untuk segera dituntaskan sesuai dengan mekanisme di Inpers yang sudah dibuat. Nah ini kan harus nanti penentuan orang dan lain sebagainya diserahkan kepada Agrinas Pangan yang sudah mengetahui di mana posisi koperasi yang siap beroperasi,"" tambah Dony.
SK Segera Terbit
Surat Keputusan (SK) Manajer Koperasi Desa/Kelurahan Merah Putih (KDMP) ditargetkan terbit paling lambat dua hari lagi. SK tersebut nantinya juga memuat besaran gaji seorang manajer KDKMP.
""Kemarin sudah keluar Perpres tata kelola Koperasi Desa Kurang Merah Putih sehingga pemrosesan pembuatan SK-nya sudah bisa dilaksanakan dan 1-2 hari ini sudah diterbitkan SK pengangkatan manajer Koperasi Desa/Kelurahan Merah Putih termasuk dengan besaran gaji dan tunjangan dan sebagainya,"" kata Ferry dalam rapat kerja bersama Komisi VI di Kompleks Parlemen, Senayan, Jakarta, Kamis (17/9).
Meski begitu, Ferry tak menyebut berapa besaran jumlah gaji dan tunjangan yang diterima seorang manajer kopdes. Pasalnya, besaran tersebut ditetapkan oleh Badan Pengaturan (BP) Badan Usaha Milik Negara (BUMN) dan Kementerian Keuangan (Kemenkeu).
""Ya ini (gaji) bukan kami yang menentukan nanti dari BP BUMN,"" jelasnya.
Ferry menambahkan, jumlah manajer kopdes yang telah direkrut dan mengikuti pelatihan sebanyak 28.626 orang. Seluruh peserta manajer kopdes tersebut juga telah dinyatakan lulus.
""Kemarin memang kita harus menunggu Peraturan Presiden yang keluar tentang Perpres Tata Kelola, karena di situ manajer itu kan harus ada besaran gaji dan tunjangan. Dan kita harus menunggu soal itu,"" jelas ia.
Simak juga Video 'Menkop Pastikan KDKMP Tak Matikan Usaha Agen Lokal':
(rea/acd)",finance
102,"Presiden Prabowo Subianto menepis kabar pertumbuhan ekonomi hanya bergantung pada pengeluaran pemerintah saja. Menurutnya, realisasi investasi di Indonesia menjadi kontributor besar bagi ekonomi negara.
Prabowo meyakini Indonesia masih sangat diminati investor. Investasi swasta menjadi salah satu faktor pendorong bagi pertumbuhan ekonomi Indonesia.
Realisasi investasi hingga Juni 2026 telah mencapai Rp 1.010 triliun. Pada 2025, realisasi investasi juga mencapai Rp 1.931 triliun.
Investasi tersebut juga disebut telah memberikan kontribusi terhadap penciptaan lapangan kerja. Ada sekitar 2,7 juta lapangan kerja baru pada 2025.
Sementara tahun ini pemerintah mencatat pembukaan sekitar 1,4 juta lapangan kerja dari investasi.
""Ini investasi bukan dari program pemerintah, bukan MBG, bukan Koperasi Merah Putih, bukan,"" tegas Prabowo dalam acara Presiden Prabowo Menjawab, disiarkan lewat akun YouTube pribadinya, dikutip Kamis (17/9/2026).
Beberapa minggu ke depan, Prabowo mengatakan, bakal masuk lagi investasi ke Indonesia dan membuka lapangan kerja.
""Jadi padahal ini gejolak global ya. Beberapa minggu ke depan ya Anda tunggu saja. Karena saya sudah tahu ya akan ada investasi besar-besaran masuk ke Indonesia. Akan besar-besaran,"" ujar Prabowo.
Keyakinan terhadap masuknya investasi dalam jumlah besar didasarkan pada pertemuan Prabowo dengan sejumlah pelaku usaha besar dunia. Para investor tersebut telah melihat fundamental ekonomi Indonesia sebagai salah satu alasan untuk menanamkan modal di dalam negeri.
""Saya sudah ketemu pemain-pemain besar di dunia, mereka datang ke Indonesia, mereka tahu fundamental ekonomi kita kuat dan aman,"" ujar Prabowo.
Ekonomi Moncer
Beberapa indikator makro ekonomi Indonesia, kata Prabowo, jadi pemicu kepercayaan investor untuk menanamkan modalnya di Indonesia. Dia menyoroti tingkat inflasi yang menurutnya berada pada level rendah, rasio utang yang relatif rendah, serta defisit yang masih berada di bawah batas 3%.
""Ekonomi kita bagus. Inflasi kita salah satu terendah di dunia, 2,92%, Anda bayangkan,"" kata Prabowo.
Dia kemudian membandingkan posisi defisit Indonesia dengan sejumlah negara lain. Menurut Prabowo, defisit Indonesia berada di bawah 3%, sementara Filipina mencapai sekitar 6%, India 4,6%, dan Prancis 5,4%.
""Jadi, semua orang percaya sama Indonesia. Makanya mereka mau datang ke Indonesia. Saya sangat optimis,"" ujar Prabowo.
Prabowo menilai prospek ekonomi Indonesia dalam jangka panjang masih sangat besar. Dia merujuk pada proyeksi Goldman Sachs yang memperkirakan Indonesia dapat menjadi salah satu ekonomi terbesar dunia pada 2050.
""Semua dunia yakin Indonesia akan menjadi ekonomi ke-6, ke-5, ke-4. Dunia. Dalam tahun 2050, which is 25 tahun ke depan,"" kata Prabowo.
Dengan sejumlah indikator tersebut, Prabowo mengatakan pemerintah akan terus menjaga momentum ekonomi sekaligus menarik investasi masuk ke Indonesia.
Simak juga Video 'Prabowo Ajak Ubah Kerentanan Jadi Kekuatan Ekonomi di KTT BRICS':
(hal/hns)",finance
103,"PT Pegadaian menjadi salah satu pemain utama dalam pengembangan Bank Emas dan ekosistem bisnis emas di Indonesia. Melalui layanan bulion, Pegadaian tidak hanya mengelola emas sebagai instrumen investasi, tetapi juga menjalankan berbagai fungsi mulai dari penyimpanan, pembiayaan hingga perdagangan emas.
Peran Pegadaian tersebut sejalan dengan dorongan pemerintah untuk meningkatkan nilai tambah komoditas emas di dalam negeri. Presiden Prabowo Subianto pun menyoroti perkembangan Bank Emas Indonesia dalam Sidang Tahunan MPR RI.
Prabowo mengungkapkan Bank Emas yang dijalankan Pegadaian dan PT Bank Syariah Indonesia (BSI) telah mengelola 153 ton emas dengan nilai sekitar Rp 360 triliun.
""Hari ini dengan adanya bank emas yang baru beroperasi 1 tahun, bank emas kita di Pegadaian dan BSI sudah mengelola 153 ton emas dengan nilai sekitar Rp 360 triliun, US$ 20 miliar,"" ujar Prabowo beberapa waktu lalu.
Menurut Prabowo, pengembangan Bank Emas juga menjadi bagian dari upaya mengoptimalkan potensi emas nasional agar manfaat ekonominya dapat dirasakan di dalam negeri.
""Kita ingin emas Indonesia tidak hanya ditambang di negeri ini, tapi disimpan, diperdagangkan dan diberi nilai tambah di negeri sendiri,"" sambungnya.
Pegadaian Jadi Salah Satu Penggerak Bank Emas
Pegadaian menjadi salah satu perusahaan yang menjalankan kegiatan usaha bullion di Indonesia. Perusahaan ini telah memperoleh izin penyelenggaraan kegiatan usaha bulion dari Otoritas Jasa Keuangan (OJK) dan mulai menjalankan Layanan Bank Emas pada Februari 2025.
Melalui layanan tersebut, Pegadaian tidak hanya menjalankan bisnis gadai, tetapi juga mengembangkan berbagai layanan yang berkaitan dengan pengelolaan emas. Produk yang ditawarkan mencakup Deposito Emas, Pinjaman Modal Kerja Emas, Jasa Titipan Emas Korporasi hingga Perdagangan Emas.
Deposito Emas memungkinkan nasabah mendepositokan emas fisik maupun saldo emas. Sementara Pinjaman Modal Kerja Emas ditujukan bagi pelaku industri emas seperti pengrajin dan pedagang perhiasan. Pegadaian juga menyediakan Jasa Titipan Emas Korporasi dengan menjalankan fungsi sebagai gold custodian bagi perusahaan atau institusi yang memiliki aset emas dalam jumlah besar.
Selain itu, Pegadaian menjalankan fungsi sebagai gold provider melalui layanan perdagangan emas fisik. Emas yang diperdagangkan memiliki kemurnian 24 karat dan dilengkapi sertifikat resmi.
Kelolaan Ekosistem Emas Pegadaian Capai 145 Ton
Pengembangan berbagai layanan tersebut turut tercermin dari pertumbuhan kelolaan emas Pegadaian. Direktur Utama PT Pegadaian Damar Latri Setiawan mengungkapkan, hingga April 2026 total kelolaan ekosistem emas Pegadaian telah mencapai sekitar 145 ton.
""Total kelolaan ekosistem emas Pegadaian menembus angka sekitar 145 ton. Termasuk di dalamnya kelolaan Tabungan Emas Pegadaian yang kini mencapai lebih dari 20 ton dengan valuasi senilai lebih dari Rp 51 triliun. Alhamdulillah OSL produk Cicilan Emas juga mengalami kenaikan signifikan dengan pertumbuhan hingga 152,79% YoY, yaitu pada angka Rp 13,85 triliun per 30 April ini,"" ujar Damar.
Capaian tersebut menunjukkan besarnya aktivitas bisnis berbasis emas yang dikelola Pegadaian. Selain Tabungan Emas dan Cicilan Emas, perusahaan juga terus memperluas layanan bullion untuk menghubungkan kebutuhan investasi, penyimpanan, pembiayaan, dan perdagangan emas dalam satu ekosistem.
Pengelolaan tersebut turut ditopang oleh infrastruktur Pegadaian, mulai dari jaringan lebih dari 4.000 outlet, fasilitas vault berstandar internasional, jalur distribusi emas fisik hingga sistem pencatatan emas fisik dan digital dengan underlying asset 1:1.
Ekosistem Emas Merambah Pasar Modal
Pengembangan ekosistem emas Pegadaian juga diperluas hingga ke pasar modal. Pada Agustus 2026, ETF Emas mulai tercatat dan diperdagangkan di Bursa Efek Indonesia (BEI), dengan Pegadaian berperan sebagai penyedia underlying asset melalui Electronic Gold Receipt (EGR).
EGR merupakan bukti kepemilikan emas dalam bentuk elektronik yang merepresentasikan emas fisik. Dalam ekosistem ETF Emas tersebut, Pegadaian berperan sebagai underlying provider, bukan sebagai penerbit produk ETF.
Langkah tersebut memperluas akses masyarakat terhadap emas melalui instrumen pasar modal. Artinya, emas tidak hanya dikelola melalui produk investasi dan pembiayaan ritel, tetapi mulai terhubung dengan instrumen keuangan yang diperdagangkan di bursa.
Di sisi lain, Pegadaian juga terus memperkuat ekosistem bullion melalui kolaborasi dengan berbagai pihak. Perusahaan turut mengambil bagian dalam pengembangan Indonesia Bullion Market Association (IBMA) sebagai wadah untuk mendorong pendalaman pasar bullion nasional.
Dengan berbagai layanan tersebut, peran Pegadaian dalam bisnis emas kini semakin luas. Perusahaan tidak hanya menjalankan bisnis gadai, tetapi juga mengelola ekosistem yang mencakup investasi, penyimpanan, pembiayaan, perdagangan hingga akses emas ke pasar modal.
Penguatan ekosistem tersebut sejalan dengan arahan pemerintah untuk meningkatkan nilai tambah emas di dalam negeri. Sebagaimana disampaikan Prabowo, emas Indonesia diharapkan tidak hanya menjadi komoditas yang ditambang, tetapi juga dapat disimpan, diperdagangkan, dan memberikan manfaat ekonomi di dalam negeri.
Catatan Laba Pegadaian
Pegadaian berhasil mencetak laba bersih sebesar Rp 6,59 triliun atau tumbuh 84,4% dibandingkan periode yang sama di tahun 2025 sebesar Rp 3,58 triliun.
Adapun realisasi total aset yang kini mencapai Rp 186,33 triliun atau meningkat 53,9% dari tahun lalu yang tercatat sebesar Rp 121,1 triliun.
Pertumbuhan aset ini ditopang kuat oleh pencapaian Outstanding Loan (OSL) gross yang melesat ke angka Rp 155,1 triliun atau naik 52,7% dari capaian tahun sebelumnya senilai Rp 101,5 triliun.
Pencapaian impresif ini berjalan beriringan dengan kualitas pembiayaan yang semakin sehat dan pruden. Hal ini dibuktikan dengan penurunan rasio Non-Performing Loan (NPL) secara signifikan dari 0,81% pada periode 30 Juni 2025 menjadi 0,71% pada 30 Juni 2026.
""Alhamdulillah, Pegadaian terus membukukan pertumbuhan kinerja di tengah tantangan ekonomi dan geopolitik saat ini. Terima kasih kepada Nasabah dan seluruh masyarakat Indonesia, atas kepercayaan terhadap produk dan layanan Pegadaian. Dengan semangat Melayani Sepenuh Hati, Pegadaian terus meningkatkan peran dan kontribusi dalam pembangunan ekonomi, untuk MengEMASkan Indonesia,"" ujar Damar
Ia menambahkan, Pegadaian berupaya untuk terus bertransformasi menghadirkan produk dan layanan yang relevan bagi masyarakat.
""Pencapaian ini juga merupakan buah dari dedikasi dan kerja keras seluruh Insan Pegadaian. Kami berkomitmen untuk menghadirkan produk dan layanan yang relevan bagi masyarakat. Dengan hadirnya Layanan Bank Emas, serta aplikasi Tring!, harapannya mampu mempermudah masyarakat dalam berinvestasi bersama Pegadaian,"" tambah dia.
(anl/ega)",finance
104,"Kinerja PT Pegadaian menjadi salah satu yang disorot oleh Presiden RI Prabowo Subianto. Bagaimana tidak, Pegadaian berhasil menorehkan kinerja positif hingga 30 Juni 2026.
Dalam pidatonya, Prabowo menyinggung peningkatan laba sejumlah BUMN pada enam bulan pertama 2026, termasuk Pegadaian.
""Pembenahan BUMN kita lakukan secara besar-besaran. Di 6 bulan pertama tahun 2026 ini, untung bersih PT Semen Indonesia naik 408,9%. 400%,"" ujar Prabowo, beberapa waktu lalu.
""Untung bersih PT Pupuk Indonesia naik 252,8%. Untung bersih PT Pertamina naik 86%. Untung bersih Pegadaian naik 84,4%,"" sambungnya.
Menurut Prabowo, peningkatan kinerja tersebut menunjukkan bahwa pembenahan dan pengelolaan BUMN dengan manajemen yang baik dapat menghasilkan pertumbuhan dalam waktu relatif cepat.
""Ini membuktikan dengan manajemen yang akal sehat, dengan niat tidak menipu, keberhasilan kita bisa datang dengan sangat cepat,"" kata Prabowo.
Sinergi antara penyerapan dana darurat, pembiayaan usaha, hingga tata kelola emas skala besar ini makin mengukuhkan posisi Pegadaian sebagai pilar penyokong kesejahteraan dan stabilitas ekonomi masyarakat Indonesia.
Pegadaian pun memegang peran strategis dalam menjaga stabilitas ekonomi masyarakat. BUMN ini hadir membawa solusi finansial menyeluruh yang dirancang untuk menjawab berbagai tantangan keuangan publik, baik dalam jangka pendek maupun jangka panjang.
Peran Pegadaian sebagai lembaga jasa keuangan terlihat jelas melalui ragam layanan yang disediakan untuk menjawab kebutuhan finansial masyarakat. Setiap layanan dirancang untuk memberikan kemudahan, keamanan, serta pilihan yang fleksibel sesuai kebutuhan.
Melalui berbagai produk seperti gadai, pembiayaan, hingga investasi emas, Pegadaian hadir untuk membantu masyarakat memenuhi kebutuhan finansial jangka pendek maupun jangka panjang. Pegadaian juga memiliki peran untuk melakukan penetrasi inklusi keuangan di masyarakat.
Direktur Utama (Dirut) PT Pegadaian (Persero), Damar Latri Setiawan, mengatakan perusahaan terus melakukan transformasi untuk menghadirkan produk dan layanan yang relevan dengan kebutuhan masyarakat.
""Alhamdulillah, Pegadaian terus membukukan pertumbuhan kinerja di tengah tantangan ekonomi dan geopolitik saat ini. Terima kasih kepada Nasabah dan seluruh masyarakat Indonesia, atas kepercayaan terhadap produk dan layanan Pegadaian,"" kata Damar.
""Dengan semangat Melayani Sepenuh Hati, Pegadaian terus meningkatkan peran dan kontribusi dalam pembangunan ekonomi, untuk MengEMASkan Indonesia,"" sambungnya.
PT Pegadaian pun mempercepat transformasi digital guna memperluas jangkauan inklusi keuangan di Indonesia. Langkah ini diambil untuk memberikan kemudahan bagi masyarakat dalam mengakses berbagai layanan finansial tanpa harus terbatas oleh jarak dan waktu.
Dalam mendukung inklusi keuangan, Pegadaian menghadirkan Tring! by Pegadaian, sebuah aplikasi finansial digital yang dirancang untuk membuka akses layanan keuangan bagi seluruh lapisan masyarakat tanpa harus datang ke kantor cabang.
Aplikasi ini merupakan hasil rebranding dari Pegadaian Digital yang resmi diluncurkan pada 8 Oktober 2025 di Jakarta. Tidak hanya berganti nama, Tring! hadir dengan tampilan lebih modern, fitur yang semakin lengkap, serta sistem keamanan yang ditingkatkan.
Mengusung konsep '1 User ID, Semua Kebutuhan', aplikasi ini memberikan akses kontrol penuh kepada pengguna melalui proses registrasi dan verifikasi satu langkah yang praktis. Aplikasi Tring! mendobrak hambatan administratif dan finansial melalui berbagai keunggulan berikut:
- Akses Investasi Terjangkau: Masyarakat dari berbagai latar belakang ekonomi dapat mulai berinvestasi emas (Tabungan Emas) hanya dengan modal mulai dari Rp10.000.
- Layanan Pembiayaan Terpadu: Pengguna dapat mengajukan berbagai jenis pinjaman dan cicilan secara aman, diawasi oleh OJK, dengan syarat yang transparan.
- Ekosistem Transaksi Harian: Menyediakan fitur pembayaran tagihan rutin bulanan hingga pengisian saldo dompet digital (top-up e-wallet) secara praktis dari smartphone.
- Edukasi Finansial Berkelanjutan: Aplikasi ini dilengkapi dengan panduan dan literasi yang membantu pengguna memahami produk finansial sebelum mengambil keputusan.
Aplikasi ini merupakan hasil rebranding dari Pegadaian Digital yang resmi diluncurkan pada 8 Oktober 2025 di Jakarta. Tidak hanya berganti nama, Tring! hadir dengan tampilan lebih modern, fitur yang semakin lengkap, serta sistem keamanan yang ditingkatkan.
Tring! by Pegadaian menghadirkan berbagai fitur layanan finansial mulai dari investasi emas seperti Tabungan Emas, Deposito Emas, dan Cicil Emas. Fitur Gadai yang membuat masyarakat bisa menjadikan saldo Tabungan Emas sebagai agunan.
Ada juga fitur pembiayaan dari berbagai layanan seperti Cicil Emas, Bayar Pembiayaan, Pembiayaan Multiguna, Cicil Kendaraan, Wisata & Religi, Porsi Haji, dan Pembiayaan Usaha.
Berkat transformasi itu Pegadaian berhasil mencetak laba bersih sebesar Rp 6,59 triliun atau tumbuh 84,4% dibandingkan periode yang sama di tahun 2025 sebesar Rp 3,58 triliun.
Adapun realisasi total aset yang kini mencapai Rp 186,33 triliun atau meningkat 53,9% dari tahun lalu yang tercatat sebesar Rp 121,1 triliun.
Pertumbuhan aset ini ditopang kuat oleh pencapaian Outstanding Loan (OSL) gross yang melesat ke angka Rp 155,1 triliun atau naik 52,7% dari capaian tahun sebelumnya senilai Rp 101,5 triliun.
Pencapaian impresif ini berjalan beriringan dengan kualitas pembiayaan yang semakin sehat dan pruden. Hal ini dibuktikan dengan penurunan rasio Non-Performing Loan (NPL) secara signifikan dari 0,81% pada periode 30 Juni 2025 menjadi 0,71% pada 30 Juni 2026.
""Alhamdulillah, Pegadaian terus membukukan pertumbuhan kinerja di tengah tantangan ekonomi dan geopolitik saat ini. Terima kasih kepada Nasabah dan seluruh masyarakat Indonesia, atas kepercayaan terhadap produk dan layanan Pegadaian. Dengan semangat Melayani Sepenuh Hati, Pegadaian terus meningkatkan peran dan kontribusi dalam pembangunan ekonomi, untuk MengEMASkan Indonesia,"" ujar Damar.
(anl/ega)",finance
105,"Kinerja PT Pegadaian menjadi salah satu yang disorot oleh Presiden RI Prabowo Subianto. Bagaimana tidak, Pegadaian berhasil menorehkan kinerja positif hingga 30 Juni 2026.
Dalam pidatonya, Prabowo menyinggung peningkatan laba sejumlah BUMN pada enam bulan pertama 2026, termasuk Pegadaian.
""Pembenahan BUMN kita lakukan secara besar-besaran. Di 6 bulan pertama tahun 2026 ini, untung bersih PT Semen Indonesia naik 408,9%. 400%,"" ujar Prabowo, beberapa waktu lalu.
""Untung bersih PT Pupuk Indonesia naik 252,8%. Untung bersih PT Pertamina naik 86%. Untung bersih Pegadaian naik 84,4%,"" sambungnya.
Menurut Prabowo, peningkatan kinerja tersebut menunjukkan bahwa pembenahan dan pengelolaan BUMN dengan manajemen yang baik dapat menghasilkan pertumbuhan dalam waktu relatif cepat.
""Ini membuktikan dengan manajemen yang akal sehat, dengan niat tidak menipu, keberhasilan kita bisa datang dengan sangat cepat,"" kata Prabowo.
Adapun torehan positif yang diperoleh Pegadaian, tak lepas dari layanan yang dihadirkan untuk membantu finansial masyarakat mulai dari gadai hingga emas. Sejalan dengan transformasi di bawah Danantara, Pegadaian menghadirkan Tring! yang memudahkan transaksi keuangan dalam satu platform.
Aplikasi ini merupakan hasil rebranding dari Pegadaian Digital yang resmi diluncurkan pada 8 Oktober 2025 di Jakarta. Tidak hanya berganti nama, Tring! hadir dengan tampilan lebih modern, fitur yang semakin lengkap, serta sistem keamanan yang ditingkatkan.
Tring! by Pegadaian menghadirkan berbagai fitur layanan finansial mulai dari investasi emas seperti Tabungan Emas, Deposito Emas, dan Cicil Emas. Fitur Gadai yang membuat masyarakat bisa menjadikan saldo Tabungan Emas sebagai agunan.
Ada juga fitur pembiayaan dari berbagai layanan seperti Cicil Emas, Bayar Pembiayaan, Pembiayaan Multiguna, Cicil Kendaraan, Wisata & Religi, Porsi Haji, dan Pembiayaan Usaha.
Berkat transformasi itu Pegadaian berhasil mencetak laba bersih sebesar Rp 6,59 triliun atau tumbuh 84,4% dibandingkan periode yang sama di tahun 2025 sebesar Rp 3,58 triliun.
Adapun realisasi total aset yang kini mencapai Rp 186,33 triliun atau meningkat 53,9% dari tahun lalu yang tercatat sebesar Rp 121,1 triliun.
Pertumbuhan aset ini ditopang kuat oleh pencapaian Outstanding Loan (OSL) gross yang melesat ke angka Rp 155,1 triliun atau naik 52,7% dari capaian tahun sebelumnya senilai Rp 101,5 triliun.
Pencapaian impresif ini berjalan beriringan dengan kualitas pembiayaan yang semakin sehat dan pruden. Hal ini dibuktikan dengan penurunan rasio Non-Performing Loan (NPL) secara signifikan dari 0,81% pada periode 30 Juni 2025 menjadi 0,71% pada 30 Juni 2026.
""Alhamdulillah, Pegadaian terus membukukan pertumbuhan kinerja di tengah tantangan ekonomi dan geopolitik saat ini. Terima kasih kepada Nasabah dan seluruh masyarakat Indonesia, atas kepercayaan terhadap produk dan layanan Pegadaian. Dengan semangat Melayani Sepenuh Hati, Pegadaian terus meningkatkan peran dan kontribusi dalam pembangunan ekonomi, untuk MengEMASkan Indonesia,"" ujar Direktur Utama PT Pegadaian (Persero), Damar Latri Setiawan.
Damar menambahkan, Pegadaian berupaya untuk terus bertransformasi menghadirkan produk dan layanan yang relevan bagi masyarakat.
""Pencapaian ini juga merupakan buah dari dedikasi dan kerja keras seluruh Insan Pegadaian. Kami berkomitmen untuk menghadirkan produk dan layanan yang relevan bagi masyarakat. Dengan hadirnya Layanan Bank Emas, serta aplikasi Tring!, harapannya mampu mempermudah masyarakat dalam berinvestasi bersama Pegadaian,"" tambah dia.
Pegadaian menghadirkan portofolio produk Layanan Bank Emas (Bullion Services) terlengkap di tanah air, meliputi Deposito Emas, Pinjaman Modal Kerja Emas, Jasa Titipan Emas Korporasi, dan Perdagangan Emas. Pegadaian dinilai memiliki kesiapan infrastruktur yang paling mumpuni untuk mengoperasikan sistem Bank Emas ini.
Selain fakta bahwa 90% agunan gadai di Pegadaian berupa emas, perusahaan juga memiliki jaringan ruang penyimpanan emas (vault) dengan standar keamanan internasional terbaik di Indonesia.
""Emas terbukti menjadi aset aman (safe haven) yang paling diminati masyarakat. Dengan hadirnya layanan Bank Emas yang juga terintegrasi dengan Tring!, kami optimis dapat memberikan kontribusi yang signifikan terhadap roda perekonomian nasional. Bersama Danantara, kami optimis untuk mewujudkan misi jangka panjang untuk MengEMASkan Indonesia,"" tutup Damar.
(anl/ega)",finance
106,"Belajar akuntansi nggak berhenti di memahami debit, kredit, jurnal, dan laporan keuangan. Setelah memahami dasarnya, masih ada banyak materi yang perlu dikuasai, terutama ketika mulai berhadapan dengan transaksi dan kasus yang lebih kompleks.
Materi Akuntansi Nggak Cuma Soal Debit dan Kredit
Semakin jauh belajar akuntansi, semakin beragam pula kasus yang perlu dipahami. Di level Intermediate Accounting, misalnya, peserta akan mempelajari materi seperti kas dan petty cash, rekonsiliasi, piutang dagang, wesel, persediaan periodik dan perpetual, hingga investasi saham dan obligasi.
Materi kemudian dilanjutkan ke level Advanced Accounting yang membahas topik seperti persekutuan, perubahan kepemilikan, likuidasi perusahaan, akuntansi agen dan cabang, konsinyasi, hingga penyusunan laporan konsolidasian.
Dengan materi tersebut, peserta tidak hanya mengingat teori, tetapi juga diajak memahami bagaimana konsep akuntansi diterapkan pada berbagai kondisi dan transaksi.
Belajar Lewat Latihan dan Studi Kasus
Memahami materi akuntansi tentu akan lebih mudah jika tidak hanya membaca teori. Karena itu, pembelajaran dalam kelas dilakukan melalui pemaparan konsep, latihan soal, studi kasus, dan diskusi interaktif bersama instruktur.
Peserta juga mendapatkan e-modul, PPT, rekaman kelas, serta sesi konsultasi materi. Ada pula fasilitas konsultasi gratis untuk tugas kuliah maupun pekerjaan yang berkaitan dengan materi akuntansi.
Belajar Akuntansi Secara Online di Akhir Pekan
PeDe Akuntansi Batch 2 berlangsung secara online melalui Zoom pada Sabtu dan Minggu, 26 September sampai 18 Oktober 2026, pukul 09.00-12.00 WIB.
Kalau selama ini sudah memahami dasar akuntansi tetapi ingin lebih siap menghadapi materi dan kasus yang lebih kompleks, sekarang bisa menjadi waktu untuk memperdalam kemampuan tersebut.
Yuk, perdalam materi akuntansi dan cek informasi lengkap di detikevent.
(hns/hns)",finance
107,"Kerja di bagian keuangan tapi masih sering bingung soal pencatatan yang lebih kompleks? Atau punya usaha sendiri dan mau rapikan laporan keuangan biar nggak asal catat? PeDe Akuntansi Batch 2 bisa jadi jawaban buat kebutuhan itu.
Materi yang Relevan buat Dunia Kerja dan Usaha
Kelas Intermediate Accounting membekali kamu memahami kas, piutang, persediaan, sampai investasi saham dan obligasi, hal-hal yang sering muncul di pekerjaan harian staf keuangan.
Sementara Advanced Accounting membahas topik yang biasa dihadapi usaha yang lebih kompleks, seperti persekutuan, konsinyasi, akuntansi cabang, sampai laporan konsolidasian.
Belajar Sambil Tetap Kerja
Kelas berlangsung Sabtu dan Minggu, 26 September sampai 18 Oktober 2026, pukul 09.00 sampai 12.00 WIB, jadi tidak mengganggu jam kerja di hari biasa. Semua materi disampaikan online lewat Zoom, dilengkapi e-modul, PPT, dan recording sesi yang bisa diulang kalau ada bagian yang belum kepahaman.
Manfaat Tambahan
Selain materi, peserta juga dapat e-sertifikat, sesi konsultasi materi, dan konsultasi gratis untuk kebutuhan pekerjaan sehari-hari. Program ini juga bisa jadi bekal sebelum lanjut ke Brevet Pajak, Accurate, atau sertifikasi kompetensi lainnya.
Pendaftaran ditutup 25 September 2026 pukul 17.00 WIB. Kalau ingin lebih percaya diri dalam menangani pencatatan dan kasus keuangan yang semakin kompleks, memperdalam akuntansi bisa menjadi salah satu langkah yang bisa dilakukan.
Yuk, perdalam kemampuan akuntansi dan cek informasi lengkap melalui detikevent.
(Nafisa/hns)",finance
108,"Presiden Prabowo Subianto menyoroti sejumlah persoalan mendasar yang masih menjadi pekerjaan rumah pemerintah. Beberapa hal yang disinggung antara lain ketahanan pangan, energi, kemiskinan, hingga penciptaan lapangan kerja.
Prabowo menegaskan pemerintah memberikan perhatian serius terhadap persoalan kelaparan anak, stunting, serta kemiskinan absolut dan kemiskinan ekstrem.
""Bagi saya yang kita harus segera atasi adalah kelaparan anak-anak, stunting. Dan kemiskinan absolut, kemiskinan ekstrem,""kata Prabowo dalam Program Presiden Prabowo Menjawab, dikutip dari keterangan tertulis Badan Komunikasi, Kamis (17/9/2026).
Selain itu, ketahanan pangan menjadi prioritas, di mana pemerintah menargetkan kebutuhan masyarakat dapat terpenuhi. Sementara di sektor energi bahan bakar nabati berbasis kelapa sawit seperti B50 akan dikembangkan, serta pemanfaatan energi surya dalam skala besar.
""Yang paling mendasar adalah bagi saya, saya harus amankan pangan. Habis itu kita harus amankan BBM,"" ujar Prabowo
Upaya tersebut berjalan beriringan dengan agenda efisiensi anggaran dan penyelamatan uang negara dari berbagai kebocoran. Pemerintah mengarahkan sumber daya yang tersedia untuk investasi pada sektor-sektor produktif yang dapat menghasilkan devisa dan menciptakan lapangan kerja.
Di sektor ekonomi, pemerintah juga mendorong hilirisasi untuk meningkatkan nilai tambah sumber daya alam di dalam negeri. Sejumlah proyek hilirisasi telah dimulai yang diharapkan dapat memperkuat industri nasional sekaligus membuka lebih banyak kesempatan kerja.
Penguatan ekonomi masyarakat turut dilakukan melalui pengembangan Koperasi Desa Merah Putih dan Kampung Nelayan Merah Putih. Program tersebut diarahkan untuk memperkuat rantai pasok hingga tingkat desa, meningkatkan pendapatan masyarakat, serta mengurangi biaya logistik.
Lebih lanjut, Prabowo menjelaskan bahwa integrasi antara desa nelayan dan Koperasi Desa Merah Putih juga dapat memberikan kepastian pasar bagi hasil tangkapan nelayan sekaligus mendukung pemenuhan kebutuhan protein masyarakat.
""Jadi mereka tidak akan khawatir offtake-nya ke mana. Ini perhitungannya sangat jelas, kehidupan mereka tambah baik,"" tuturnya.
Sementara di sektor pendidikan, pemerintah terus melakukan berbagai intervensi untuk meningkatkan kualitas sumber daya manusia, antara lain melalui digitalisasi pembelajaran, renovasi sekolah, dan peningkatan kompetensi guru.
""Kita ingin semua lebih cepat, tapi insya Allah kita akan berhasil capai sasaran kita,"" tutup Prabowo.
(acd/acd)",finance
109,"Massa buruh yang tergabung dalam Koalisi Besar Perjuangan Buruh Indonesia (KBPBI) mendesak DPR RI untuk segera memperbaiki draf Rancangan Undang-Undang (RUU) Perlindungan Ketenagakerjaan sebelum tanggal 22 September 2026. Jika tuntutan ini tak terpenuhi, buruh akan menggelar aksi unjuk rasa besar-besaran.
Presiden Konfederasi Serikat Pekerja Seluruh Indonesia (KSPSI) Andi Gani Nena Wea mengatakan selama sekitar empat bulan terakhir buruh telah menempuh jalur diplomasi dengan membangun komunikasi bersama berbagai pihak, termasuk Asosiasi Pengusaha Indonesia (Apindo).
Langkah tersebut dilakukan agar RUU Perlindungan Ketenagakerjaan ini dapat menjadi UU yang memberikan keadilan bagi seluruh pemegang kepentingan. Namun setelah melihat draf yang diperoleh dari DPR, ia menyebut kalangan buruh sangat kecewa.
KBPBI masih memberikan kesempatan kepada pemerintah dan DPR untuk merespons aspirasi buruh terkait RUU tersebut hingga 22 September 2026. Kalau tidak, opsi aksi demonstrasi atau unjuk rasa besar-besaran dengan mendatangkan massa buruh ke Jakarta menjadi salah satu pilihan yang tengah dipertimbangkan.
""Tapi dengan draf yang kita dapatkan dari DPR RI, sangat-sangat mengecewakan kaum buruh. Karena itu, teman-teman sekalian, kami akan mencoba terus sampai tanggal 22 September. Kelihatannya pilihan aksi besar masuk Jakarta akan menjadi pilihan buat Koalisi Besar,"" kata Andi Gani dalam keterangan tertulis, Kamis (17/9/2026).
| Baca juga: Buruh Tuntut Upah 2027 Naik 9,5%! | 
Andi Gani menegaskan buruh sebenarnya memahami risiko pengerahan massa dalam jumlah besar ke Jakarta. Karena itu, selama beberapa bulan terakhir pihaknya memilih jalur diplomasi untuk mencari jalan keluar bersama pemerintah, DPR, pengusaha, dan stakeholder lainnya.
Apabila jalur diplomasi tidak menghasilkan perubahan berarti terkait tuntutan ini, akan ada pengerahan massa ke Jakarta yang mencapai puluhan ribu hingga 100 ribu buruh. Jumlah tersebut berasal dari 18 konfederasi dan 147 federasi buruh yang tergabung dalam KBPBI.
""Kalau kami prediksi, berapa besar massa yang akan masuk Jakarta bisa mencapai 70 ribuan massa buruh, bahkan sampai 100 ribu,"" kata Andi Gani.
Karena itu, Andi Gani meminta DPR dan pemerintah tidak lagi memperpanjang proses diskusi tanpa memberikan respons konkret terhadap substansi yang telah diajukan buruh.
""Kami tidak ingin berdiskusi banyak panjang-panjang karena kami sudah sampaikan semuanya. Ternyata draf yang dihasilkan, yang kami dapatkan sangat jauh dari draf yang sudah diajukan oleh Koalisi Besar,"" ujarnya.
Ia menambahkan, pimpinan konfederasi buruh akan menunggu respons DPR dan pemerintah hingga 22 September. Tenggat tersebut dinilai penting mengingat waktu pembahasan sebelum berakhirnya masa sidang DPR semakin terbatas.
Pasalnya batas waktu yang diberikan oleh Mahkamah Konstitusi (MK) untuk proses pengesahan RUU tersebut hanya sampai 30 Oktober, sedangkan DPR dijadwalkan memasuki masa reses pada 8 Oktober. Hal ini membuat buruh melihat periode awal Oktober sebagai waktu krusial.
""Artinya waktu kita efektif itu hanya tinggal sekitar 10 hari dari hari ini, sangat sempit. Batas waktu pengesahan menurut kami dengan adanya reses berarti tanggal 5-7 Oktober akan ada pengesahan UU Ketenagakerjaan,"" ujar Andi Gani.
Andi Gani berharap DPR dan Pemerintah segera merespons usulan KBPBI maupun koalisi buruh lainnya. Ia juga mengingatkan agar proses legislasi tidak kembali menghasilkan regulasi yang kemudian menimbulkan persoalan hukum dan gelombang penolakan di masyarakat.
""Kami menantikan DPR dan Pemerintah merespons usulan KBPBI agar betul-betul UU ini tidak menjadi UU Cipta Kerja jilid ll, yang akhirnya digugat di MK, ada demo berjilid-jilid,"" tuturnya.
Simak juga Video 'Massa Buruh Gelar Aksi Unjuk Rasa di DPRD Jakarta, Ini Tuntutannya!':
(igo/fdl)",finance
110,"Bisnis waralaba di Indonesia mencatatkan nilai lebih dari Rp 143 triliun. Industri ini tumbuh rata-rata 10-15% per tahun, terutama ditopang sektor makanan dan minuman, jasa, serta ritel.
Ketua Umum Perhimpunan Waralaba dan Lisensi Indonesia (WALI) Levita G. Supit mengatakan, pertumbuhan bisnis waralaba tidak terlepas dari kemitraan antara pemilik merek dengan mitra usahanya. Menurutnya kepercayaan menjadi faktor penting dalam membangun kemitraan tersebut.
""Waralaba tumbuh karena kepercayaan, dan kepercayaan dibangun lewat pertemuan langsung. Di FLEI, calon mitra bisa berbicara dengan pemilik merek, bertanya, membandingkan, dan memastikan bisnis yang dipilih memiliki legalitas yang jelas. Hubungan yang dimulai dengan baik akan menjadi kemitraan yang sehat,"" ujar Levita dalam keterangan tertulis, dikutip Jumat (18/9/2026).
Salah satu wadah yang mempertemukan pemilik merek dengan calon mitra adalah FLEI Business Show 2026. Pameran franchise dan lisensi edisi ke-27 dari Panorama Media tersebut akan digelar pada 9-11 Oktober 2026 di Nusantara International Convention & Exhibition (NICE) PIK 2, Jakarta.
FLEI Business Show 2026 akan menghadirkan ratusan merek dari berbagai industri, mulai dari makanan dan minuman, jasa, ritel, hingga penyedia solusi ritel dan lisensi IP. Pilihan investasi yang ditawarkan mulai dari paket usaha dengan modal terjangkau untuk pemula hingga kemitraan berskala besar bagi investor.
Pameran tersebut juga menghadirkan program Business Matching yang mempertemukan pemilik merek dengan calon franchisee, investor, distributor, dan reseller. Program ini ditujukan untuk membuka peluang kemitraan dan perluasan usaha.
Tak hanya itu, pengunjung juga bisa memanfaatkan beragam promo dan cashback eksklusif yang hanya tersedia selama FLEI Business Show 2026. Bagi yang sudah mantap memilih bisnis, pameran ini menjadi momen terbaik untuk memulai kemitraan dengan penawaran yang lebih menguntungkan.
FLEI juga mengadakan International Business Summit yang mempertemukan pelaku usaha Indonesia dengan pebisnis dari berbagai negara di kawasan ASEAN, antara lain Patrick Ng (Malaysia), Arnold Chua Santillan (Filipina), Jonathan Choy (Singapura), Jorge Rodriguez (Vietnam), dan Seth (Thailand).
(ily/ara)",finance
111,"Harga emas Antam kembali mengalami kenaikan yang cukup signifikan di tengah tren pelemahan. Harga emas Antam 24 karat hari naik hingga Rp 25.000 per gram berada di level Rp 2.623.000 per gram.
Berdasarkan situs Logam Mulia Antam, Jumat (18/9/2026), satuan harga emas hari ini yang Rp 1.361.500 ukuran 0,5 gram berada di angka Rp 1.355.000. Sementara harga emas 10 gram dijual dengan harga Rp 25.725.000 dan ukuran emas terbesar yakni 1.000 gram (1 kg) dibanderol Rp 2.563.600.000.
Jika ditarik dalam sepekan terakhir, harga emas Antam berada dalam rentang Rp 2.592.000-2.623.000 per gram. Sementara dalam sebulan terakhir, harga emas Antam bergerak dalam rentang Rp 2.592.000-2.768.000 per gram.
Buyback Emas
Harga emas hari ini untuk buyback emas Antam juga naik Rp 20.000 dan berada di level Rp 2.458.000 per gram. Harga buyback adalah jika Anda ingin menjual emas, maka Antam akan membelinya dengan harga tersebut.
Sesuai Peraturan Menteri Keuangan (PMK) Nomor 34 Tahun 2017, pembelian emas batangan akan dikenakan PPh 22 sebesar 0,9%. Jika ingin mendapatkan potongan pajak lebih rendah sebesar 0,45%, harus menyertakan NPWP untuk transaksinya.
Rincian Harga Emas Hari Ini
Harga emas 0,5 gram: Rp 1.361.500
Harga emas 1 gram: Rp 2.623.000
Harga emas 2 gram Rp 5.186.000
Harga emas 3 gram Rp 7.754.000
Harga emas 5 gram: Rp 12.890.000
Harga emas 10 gram: Rp 25.725.000
Harga emas 25 gram: Rp 64.187.000
Harga emas 50 gram: Rp 128.295.000
Harga emas 100 gram: Rp 256.512.000
Harga emas 250 gram: Rp 641.015.000
Harga emas 500 gram: Rp 1.281.820.000
Harga emas 1.000 gram: Rp 2.563.600.000
Demikian rincian harga emas hari ini keluaran Antam 1 gram hingga 1.000 gram, Jumat (18/9/2026).
Simak juga Video 'Harga Emas Antam Ambruk':
(igo/fdl)",finance
112,"Menteri Keuangan Suahasil Nazara mengumumkan kondisi Anggaran Pendapatan dan Belanja Negara (APBN) terkini. Ini adalah yang pertama kalinya disampaikan Suahasil sebagai Menteri Keuangan.
Ia mengatakan, APBN defisit sebesar Rp 240,1 triliun hingga Agustus 2026. Realisasi itu setara dengan 0,93% terhadap Produk Domestik Bruto (PDB).
Defisit APBN itu berarti pendapatan negara lebih kecil dibanding jumlah pengeluaran atau belanja negara. Tercatat pendapatan negara sampai Agustus 2026 mencapai Rp 2.055,6 triliun atau tumbuh 25,4% yoy.
Pendapatan negara sebesar Rp 2.055,6 triliun tersebut setara dengan 65,2% dari target yang ditetapkan. Sementara realisasi belanja negara mencapai 59,7% dari pagu, yakniRp 2.295,7 triliun atau tumbuh 17,1%.
""Hingga akhir Agustus kinerja APBN itu tetap kuat dengan keseimbangan primer positif, defisit tetap dalam batasan terkendali. Ini artinya perjalanan APBN relatif on track, pendapatan negara 2.055 triliun, 65,2% dari target, belanja negara Rp 2.295 triliun, maka defisit adalah Rp 240,1 triliun, artinya 0,93% dari PDB kita,"" katanya dalam konferensi pers APBN KiTA di Kementerian Keuangan, Jumat (18/9/2026).
Di sisi lain, keseimbangan primer APBN hingga Agustus 2026 masih tercatat positif sebesar Rp 154 triliun.
Suahasil menambahkan, pemerintah juga turut memperhatikan kondisi perekonomian global. Salah satunya konflik di Timur Tengah yang turut berpengaruh terhadap kondisi di Indonesia.
""Kita baca gimana konflik Timur Tengah masih berlanjut, tambah seru, di tengah-tengah itu 2 hari lalu banyak yang sudah melaporkan juga bahwa The Fed menaikkan suku bunga. Tentu ini antisipasi di sisi Amerika karena dia antisipasi dari perkeonomian AS,"" ujarnya.
Simak juga Video'Pergantian Pemain di Kemenkeu, Berdampak Bagi Investor?':
(acd/acd)",finance
113,"Menteri Keuangan (Menkeu) Suahasil Nazara memastikan kebijakan pencairan restitusi dilakukan sesuai dengan ketentuan yang berlaku. Namun, Suahasil meminta agar pelaku usaha juga mematuhi penggunaan restitusi sesuai dengan ketentuan.
""Teman-teman di Direktorat Jenderal Pajak menjalankan manajemen restitusi tersebut sesuai dengan ketentuan, namun kepatuhan memang kita minta. Kita minta kepatuhan kepada seluruh pelaku ekonomi supaya betul-betul menggunakan restitusi itu sesuai dengan aturan yang ada,"" ujar Suahasil dalam konferensi pers APBNKita, di kantornya, Jakarta, Jumat (18/9/2026).
Suahasil memastikan hak dari setiap pelaku usaha akan tetap diberikan. Ia pun meminta kepada Direktur Jenderal Pajak Bimo Wijayanto agar penanganan manajemen restitusi yang dijalankan nanti disosialisasikan kepada pengusaha.
""Kalau merupakan hak dari pelaku usaha pasti akan diberikan. Ini saya sudah sampaikan kepada Dirjen Pajak supaya dilakukan penanganan manajemen restitusi termasuk komunikasi atas manajemen restitusi yang kita jalankan,"" jelas ia.
Sebelumnya, Direktur Jenderal Pajak (DJP) Bimo Wijayanto memastikan pencairan restitusi kepada wajib pajak sesuai dengan standar operasional dan prosedur (SOP). Restitusi pajak sempat dikeluhkan oleh kalangan pengusaha.
Bimo mengatakan pencairan restitusi dilakukan secara selektif, terukur, dan terencana, dan terarah pada sektor yang patuh.
""Jadi itu resitusi memang secara selektif, lebih terukur, lebih terencana, terarah sesuai dengan sektor yang memang betul-betul patuh. Yang lain ya dalam pemeriksaan,"" ujar Bimo saat ditemui di Kementerian Keuangan, Jakarta, Selasa (15/9).
Restitusi pajak dicairkan juga melalui SOP yang sudah ditetapkan. Ke depan, kebijakan restitusi pajak akan dilaksanakan sesuai dengan arahan Menteri Keuangan (Menkeu) Suahasil Nazara.
Sebagai informasi, restitusi pajak masih menjadi salah satu hambatan yang disorot oleh pengusaha. Ketua Umum Asosiasi Pengusaha Indonesia (Apindo) Shinta Kamdani berharap restitusi pajak ini dapat diselesaikan. Sebab, hal tersebut menjadi salah satu yang membebankan perusahaan.
""Harapannya tentunya ada mekanisme ya penyelesaian. Tapi harapan kami semoga ini juga bisa diselesaikan, tentunya akan sangat membebankan perusahaan terutama dari segi arus kas. Karena restitusi itu sangat penting untuk mereka bisa jalankan usaha,"" ujar Shinta di Kemenkeu.
(acd/acd)",finance
114,"Kementerian Keuangan mencatat penerimaan kepabeanan dan cukai mencapai Rp 210,2 triliun hingga Agustus 2026. Realisasi tersebut tumbuh 7,8% dibandingkan periode yang sama tahun sebelumnya.
Menteri Keuangan Suahasil Nazara mengatakan, penerimaan Bea Cukai sempat mengalami pertumbuhan negatif pada tiga bulan pertama tahun ini. Namun, tren penerimaan mulai berbalik dan mencatatkan pertumbuhan positif sejak April 2026.
""Teman-teman di Direktorat Jenderal Bea Cukai mengumpulkan Rp 210,2 triliun. Naik 7,8%, track record-nya dari bulan Januari sampai dengan Agustus bisa dilihat di gambar yang bawah. Januari, Februari, Maret masih negatif tapi mulai bulan April sudah mulai meningkat pertumbuhannya positif,"" kata Suahasil dalam konferensi pers APBN KiTA di Kementerian Keuangan, Jumat (18/9/2026).
Menurut Suahasil, capaian tersebut menjadi kinerja yang patut diapresiasi. Ia mengatakan mengumpulkan penerimaan negara bukan pekerjaan mudah dan harus dilakukan dengan tata kelola, disiplin, serta administrasi yang baik.
""Pada saat yang bersamaan harus bisa menjalin komunikasi dengan para pembayar pajak, para taxpayer, para wajib bayar, dan seterusnya. Ini adalah hubungan yang harus kita jaga terus dengan para pembayar pajak, wajib bayar kita, karena merekalah yang membiayai pembangunan Indonesia,"" ujarnya.
Secara rinci, penerimaan tersebut terdiri dari cukai sebesar Rp 148,7 triliun. Kemudian penerimaan bea masuk mencapai Rp 36,4 triliun dengan pertumbuhan 13%, sedangkan bea keluar tercatat Rp 25,1 triliun.
""Dan ini kalau pertumbuhan 7,8% ini menurut saya adalah kinerja yang sangat baik. Tentu berbagai macam faktor mempengaruhi,"" tuturnya.
Suahasil menjelaskan kinerja penerimaan kepabeanan turut dipengaruhi sejumlah faktor, mulai dari volume ekspor-impor, pergerakan kurs valuta asing, hingga permintaan dari luar negeri.
Perubahan nilai barang yang diperdagangkan pada akhirnya ikut mempengaruhi nominal bea masuk maupun bea keluar.
""Nah, jadi faktor volume, faktor kurs, faktor permintaan luar negeri itu menjadi sangat penting,"" tutup Suahasil.
(acd/acd)",finance
115,"Penerapan kebijakan Zero Over Dimension Overloading (ODOL) pada 2027 membutuhkan kesiapan infrastruktur pendukung, salah satunya terminal barang.
Pakar Transportasi Institut Transportasi & Logistik Trisakti, Suripno, mengatakan terminal barang dapat menjadi simpul distribusi sekaligus titik perpindahan angkutan logistik antarmoda.
""Terminal barang itu sangat penting sebagai simpul pertemuan, sekaligus memperluas alternatif angkutan logistik seperti kereta api, kapal, dan pesawat kargo,"" ujar Suripno dalam keterangannya, Jumat (18/9/2026).
Menurut Suripno, pembangunan terminal barang perlu didahului perencanaan jaringan lalu lintas angkutan jalan yang terintegrasi. Pemerintah perlu menyusun rencana induk jaringan Lalu Lintas dan Angkutan Jalan (LLAJ), termasuk pembagian jaringan berdasarkan kelas jalan.
""Jaringan lintas itu adalah suatu koridor yang kelasnya sama. Hal itu untuk mencegah supaya tidak terjadi perpindahan di sepanjang koridor jalan tersebut,"" katanya.
Ia mencontohkan kendaraan dapat menggunakan jalur dengan kelas jalan tertentu hingga mencapai titik perpindahan ke kelas jalan berikutnya. Terminal barang kemudian dapat ditempatkan di titik simpul tersebut.
""Harus dibuat satu jalur kelas 1 misalnya sampai ke titik perpindahan simpul ke kelas dua. Nah, itu dibuat jaringan lintasnya,"" ujar Suripno.
Terminal juga perlu ditempatkan pada lokasi strategis, termasuk titik perpindahan moda transportasi. Dengan begitu, distribusi barang dapat dialihkan ke moda lain sesuai kebutuhan.
Suripno mengatakan pembangunan terminal barang membutuhkan waktu karena harus dilengkapi sarana dan prasarana pendukung.
""Untuk membangun terminal barangnya saja dibutuhkan waktu minimal setahun karena harus dilengkapi dengan sarana dan prasarananya,"" katanya.
Kebutuhan terminal barang juga tercantum dalam rencana aksi Perpres Nomor 41 Tahun 2026 tentang Penguatan Logistik Nasional. Penyediaan terminal barang di jalan nasional kawasan simpul transportasi masuk dalam langkah yang perlu dibenahi pada 2026 terkait penyelesaian truk ODOL.
Selain infrastruktur, kesiapan jalur angkutan barang juga perlu diperhatikan. Kepala Korlantas Polri Irjen Pol Wibowo sebelumnya meminta jajarannya mengecek kembali kondisi jalur yang akan digunakan kendaraan angkutan barang serta memetakan persoalan yang mungkin muncul saat Zero ODOL diterapkan.
Pemetaan tersebut mencakup kondisi sarana dan prasarana serta berbagai kendala operasional di daerah. Langkah ini diperlukan agar penerapan aturan dimensi dan muatan kendaraan dapat berjalan tanpa mengganggu distribusi logistik.
Kesiapan terminal barang, jaringan jalan, kondisi jalur, dan koordinasi antarlembaga menjadi bagian yang perlu disiapkan sebelum Zero ODOL mulai berlaku pada 2027.
(fdl/fdl)",finance
116,"Operasional layanan KA Bandara Yogyakarta International Airport (YIA) resmi dialihkan pengelolaannya kepada KAI Commuter (KCI). Sebelumnya, operasional KA Bandara YIA dilakukan oleh KAI Bandara Railink. KA Bandara YIA kini resmi berubah nama menjadi layanan Commuter Line Bandara YIA.
Direktur Utama KAI Commuter Purnomo Sidi mengatakan peralihan dilakukan untuk optimalisasi dan integrasi layanan kereta bandara dengan KRL lintas Yogyakarta.
""Peralihan operasional ini dilakukan untuk mengoptimalkan layanan dan integrasi layanan KA Bandara dengan layanan Commuter Line yang ada di Area Yogyakarta,"" jelas Purnomo Sidi dalam keterangannya, Jumat (18/9/2026).
Lebih lanjut, Purnomo menyampaikan bahwa peralihan ini tidak mengubah layanan pengguna dan jadwal perjalanan. Termasuk tarif perjalanan, tetap sama seperti yang berlaku saat ini.
Untuk sistem pembelian tiket maupun pemesanan tiket Commuter Line Bandara YIA untuk keberangkatan mulai tanggal 17 September 2026 dan seterusnya mengalami perubahan dari channel-channel pembelian saat ini.
Pengguna Commuter Line Bandara YIA bisa melakukan pembelian dan pemesanan tiket perjalanannya hingga tujuh hari ke depan melalui Aplikasi C-Access atau Access By KAI yang sistem ticketingnya sudah terintegrasi dengan layanan Commuter Line lainnya yang ada di Area Yogyakarta. Di samping juga bisa dilakukan melalui website airport-train.kci.id serta Vending Machine yang tersedia di stasiun.
Jadwal Tak Berubah
Dalam layanannya, Commuter Line Bandara YIA tetap memiliki dua layanan yaitu layanan Commuter Line Bandara YIA Public Service Obligation (PSO) atau layanan dengan tarif subsidi dan layanan Commuter Line Bandara YIA Ekspres. Dengan total 50 perjalanan setiap hari yang melayani relasi Stasiun Yogyakarta - Stasiun Bandara YIA.
Selain itu, Purnomo menambahkan bahwa layanan Commuter Line Bandara YIA PSO memiliki jadwal 24 perjalanan PP dengan stasiun layanan naik-turun pengguna yaitu Stasiun Yogyakarta - Wates - Stasiun Bandara YIA. Sedangkan untuk layanan Commuter Line Bandara YIA Komersial memiliki jadwal 26 perjalanan PP dengan stasiun layanan naik-turun pengguna hanya Stasiun Yogyakarta - Stasiun Bandara YIA.
Untuk peningkatan layanan, KAI Commuter juga akan memberlakukan bundling tiket kepada pengguna Commuter Line Bandara YIA akan terintegrasi dengan layanan Commuter Line Yogyakarta-Palur maupun Commuter Prameks. Selain itu peningkatan layanan dan fitur aplikasi pemesanan tiket juga akan dikembangkan dalam waktu dekat ini.
""Selama waktu peralihan ini, petugas siap membantu dan memberikan informasi yang dibutuhkan kepada pengguna. Dengan alih kelola ini, diharapkan layanan Commuter Line Bandara YIA dapat lebih baik lagi dari layanan Commuter Line yang telah berhasil diterapkan KAI Commuter,"" tandas Purnomo.
Sementara itu, Direktur Utama KAI Bandara Porwanto Handry Nugroho menyampaikan bahwa peralihan pengelolaan layanan KA Bandara YIA kepada KAI Commuter merupakan bagian dari upaya penguatan integrasi layanan perkeretaapian, khususnya di wilayah Yogyakarta.
""KAI Bandara mendukung proses peralihan pengelolaan layanan KA Bandara YIA kepada KAI Commuter. Kami memastikan proses transisi dapat berjalan dengan baik sehingga keberlanjutan layanan kepada masyarakat tetap menjadi prioritas. Bagi pengguna, tidak ada perubahan pada tarif maupun jadwal perjalanan yang selama ini berlaku."" jelas Porwanto.
Porwanto menambahkan, selama masa transisi KAI Bandara bersama KAI Commuter akan terus berkoordinasi untuk memastikan informasi mengenai perubahan pengelolaan maupun mekanisme pembelian tiket dapat tersampaikan dengan baik kepada pelanggan.",finance
117,"Situasi geopolitik global semakin memanas, apalagi ditambah The Fed menaikkan suku bunga acuannya. Di tengah kondisi tersebut, Menteri Keuangan Suahasil Nazara memastikan kondisi perekonomian Indonesia tetap kuat.
Suahasil mengatakan langkah The Fed tersebut merupakan bentuk antisipasi terhadap kondisi perekonomian di Amerika Serikat sendiri. Secara keseluruhan, pasar memperkirakan suku bunga global akan berada di level yang tinggi dalam jangka waktu yang lebih lama (higher for longer).
DI tengah ketidakpastian global dan proyeksi pertumbuhan dunia yang mengalami moderasi, Suahasil menilai fundamental ekonomi Indonesia tetap menunjukkan ketahanan yang baik (resilien).
""Kita sudah lihat Indonesia semester-I (tumbuh) 5,45%, lalu kita dapat angka kemarin, inflasi 3,19%, itu adalah angka-angka yang cukup memberikan confidence kepada kita bahwa perekonomian Indonesia itu stay resilien,"" ujar Suahasil dalam konferensi pers APBNKita, di kantornya, Jakarta, Jumat (18/9/2026).
Ketahanan tersebut tidak hanya terlihat dari angka saja, tetapi juga berdampak langsung pada pergerakan ekonomi di tengah masyarakat. Aktivitas transaksi, gerak investasi, hingga konsumsi masyarakat terjaga dengan baik di tengah bervariasinya pertumbuhan ekonomi negara-negara mitra utama Indonesia, seperti India, Vietnam, Singapura, Malaysia, hingga China.
""Indonesia itu tetap resilient perekonomiannya, gerak ekonominya, gerak di masyarakat, transaksi yang ada di masyarakat. Itu gerak ekonomi itu transaksi, juga gerak investasi, gerak konsumsi,"" jelas ia.
(acd/acd)",finance
118,"Menteri Keuangan (Menkeu) Suahasil Nazara melaporkan total penerimaan pajak hingga 31 Agustus 2026 mencapai Rp 1.409 triliun atau 59,8% dari target yang ditetapkan APBN sepanjang tahun ini. Angka tersebut tumbuh 24,1% dibandingkan dengan periode yang sama pada tahun sebelumnya.
""Penerimaan pajak 1.409 triliun, pertumbuhannya adalah 24,1%,"" ujar Suahasil dalam konferensi pers APBNKita, di kantornya, Jakarta Pusat, Jumat (18/9/2026).
Suahasil menyebut penerimaan pajak terus tumbuh sejalan dengan aktivitas ekonomi dan penerapan Coretax yang makin membaik. Ia merinci PPh Nonmigas tumbuh 16,6% atau mencapai Rp 722,2 triliun, PPN & PPnBM naik 38,9% atau mencapai Rp 591,5 triliun.
Suahasil menjelaskan PPN & PPnBM meningkat tinggi ditopang konsumsi dalam negeri dan daya beli yang kuat. Sementara, PPh nonmigas naik karena didorong oleh peningkatan aktivitas ekonomi, termasuk harga dan penguatan administrasi pajak melalui Coretax.
""Penerimaan pajak itu terus tumbuh sejalan dengan aktivitas ekonomi yang terus meningkat, pertumbuhan yang ada, transaksinya ada, kita lihat permintaan semen itu tumbuh, permintaan listrik itu tumbuh, permintaan mobil dan motor itu tumbuh. Berarti aktivitas ekonomi itu tumbuh, karena itu pajak juga menerima,"" imbuh ia.
Lalu, PPh migas tumbuh 63,8% atau mencapai Rp 39 triliun. Menurut Suahasil, pertumbuhan PPh migas ini tak lepas dari harga minyak dunia yang meningkat.
Ia menjelaskan situasi tersebut membuat pendapat perusahaan migas melonjak sehingga berdampak pada pembayaran pajak yang lebih tinggi.
""Kalau harga migas dunia meningkat si perusahaan revenue tambah banyak kemungkinan akan membayar pajak lebih tinggi. Maka liat pertumbuhannya 63,8%. memang dia nggak instan, begitu harga naik bayar pajak tinggi, tapi tren itu terlihat tetap bisa kita ikuti,"" terang ia.
Namun, PBB dan pajak lainnya mengalami penurunan 15,7% atau hanya Rp 56,4 triliun. Angka ini turun karena kepatuhan SPT naik, di mana pajak terutang dilunasi melalui deposit.
""PBB lain dan pajak lain turun karena kepatuhan SPT naik di mana pajak terutang dilunasi via deposit,"" jelasnya.
(acd/acd)",finance
119,"Direktorat Jenderal Bea dan Cukai (DJBC) Kementerian Keuangan mencatat jumlah rokok ilegal yang diamankan dalam penindakan mencapai 1,124 miliar batang hingga Agustus 2026. Jumlah tersebut melonjak 60% dibandingkan periode yang sama tahun lalu.
Menteri Keuangan Suahasil Nazara mengatakan tugas Bea Cukai tidak hanya mengumpulkan penerimaan negara. Bea Cukai juga melakukan pengawasan dan penindakan terhadap peredaran barang ilegal, termasuk barang kena cukai.
""Kalau kita lihat 1,124 miliar batang itu peningkatannya 60% dari tahun lalu. Tapi jumlah penindakan yang hanya naik 9,8%,"" kata Suahasil dalam konferensi pers APBN KiTA di Kementerian Keuangan, Jakarta, Jumat (18/9/2026).
Jumlah penindakan tercatat sebanyak 13.151 kali. Menurut Suahasil, kondisi tersebut menunjukkan jumlah barang yang diamankan dalam setiap penindakan semakin besar.
Selain rokok ilegal, Bea Cukai melakukan penindakan terhadap narkotika. Meski jumlah penindakannya turun, barang bukti yang diamankan justru meningkat hingga mencapai 11,43 ton dari berbagai jenis narkotika.
Salah satu penindakan yang disoroti Suahasil adalah pengamanan 2,6 ton metamfetamin cair dari kapal MV Ocean Porter. Ia kembali menegaskan penindakan tersebut dilakukan Bea Cukai melalui kerja sama dengan aparat lainnya.
""Lagi-lagi, teman-teman BC itu bekerja sama dengan aparat-aparat yang lain. Dan ini adalah menjaga Republik Indonesia,"" tutup Suahasil.
(acd/acd)",finance
120,"Buruh menuntut upah minimum tahun depan naik hingga naik 7,5-9,5%. Namun, angka tersebut belum menjadi bahan pembahasan pemerintah.
Menteri Ketenagakerjaan Yassierli mengatakan fokus pemerintah saat ini adalah menyelesaikan Rancangan Undang-Undang (RUU) Perlindungan Ketenagakerjaan. Meski begitu, Yassierli mengatakan pemerintah menampung aspirasi pihak buruh.
""Kita belum bahas itu, jadi sekarang kita fokus ke RUU, RUU Perlindungan Ketenagakerjaan. Jadi kalau ada stakeholders apakah itu dari buruh, dari industri yang menyampaikan aspirasi, ya kita tampung ya,"" ujar Yassierli saat ditemui di Kantor BPS, Jakarta, Jumat (18/9/2026).
Adapun saat ditanya soal formulasi usulan buruh yang mengacu pada ketentuan Peraturan Pemerintah Nomor 49 Tahun 2026 yang menggunakan angka inflasi, angka pertumbuhan ekonomi dan indeks tertentu (alpha), Yassierli mengatakan ke depan perhitungan upah minimum akan mengacu pada rumusan yang tertuang dalam RUU Pelindungan Ketenagakerjaan.
""Formulasi nanti tergantung dari hasil yang tertulis pada RUU Pelindungan Ketenagakerjaan. Nanti basisnya dari situ, nanti kemudian baru kita lihat bersama implikasinya kepada regulasi yang sudah ada seperti apa,"" katanya.
Sebelumnya, Konfederasi Serikat Pekerja Indonesia (KSPI) bersama Partai Buruh dan Koalisi Serikat Pekerja dan Partai Buruh (KSPPB) mengusulkan kenaikan upah minimum tahun 2027 sebesar 7,5-9,5%. Usulan ini akan disampaikan kembali dalam aksi unjuk rasa dijadwalkan pada Oktober mendatang.
Presiden KSPI sekaligus Presiden Partai Buruh, Said Iqbal menjelaskan perhitungan usulan tersebut mengacu pada ketentuan Peraturan Pemerintah Nomor 49 Tahun 2026 yang menggunakan angka inflasi, angka pertumbuhan ekonomi dan indeks tertentu (alpha).
""Jelas 7,5% sampai 9,5% yang akan diperjuangkan oleh kaum buruh, khususnya KSPI dan Partai Buruh, dan juga yang bergabung di Koalisi Serikat Pekerja dan Partai Buruh, KSPPB. Yaitu usulannya 7,5% sampai 9,5%,"" kata Said dalam konferensi pers yang dilakukan secara online, Rabu (16/9/2026).
Terkait rencana aksi unjuk rasa pada bulan Oktober mendatang, Said mengatakan waktu pasti unjuk rasa ini masih belum ditetapkan dan masih dalam pembahasan. Namun yang pasti aksi ini akan dilakukan bertahap dari tingkat daerah di kantor-kantor kepala daerah di seluruh Indonesia.
(hrp/fdl)",finance
121,"Menteri Keuangan Suahasil Nazara menyampaikan pembayaran subsidi dan kompensasi mencapai Rp 331,4 triliun hingga 31 Agustus 2026. Realisasi itu setara dengan 74,2% dari target anggaran pendapatan dan belanja negara (APBN) 2026 dan melonjak 52,1% secara tahunan (yoy).
""Realisasi subsidi dan kompensasi sudah kita bayarkan Rp 331,4 triliun dan pembayaran kompensasi itu sekarang dilakukan bulanan dan pembayaran subsidi juga dilakukan bulanan kepada PLN dan Pertamina,"" ujar Suahasil dalam konferensi pers APBNKita, di kantornya, Jakarta Pusat, Jumat (18/9/2026).
Dalam paparannya, realisasi tersebut dari subsidi sebesar Rp 177,1 triliun dan kompensasi sebesar Rp 154,4 triliun. Suahasil menyebut pembayaran subsidi dan kompensasi tahun ini lebih tinggi jika dibandingkan dengan periode yang sama di tahun lalu. Hingga Agustus 2025, pembayaran subsidi dan kompensasi hanya mencapai Rp 218 triliun.
""Tahun lalu sampai dengan akhir Agustus yang sudah dibayarkan ke PLN dan Pertamina itu Rp 218 triliun. Tahun ini sampai dengan Agustus yang sudah dibayarkan itu Rp 331 triliun, Rp 100 triliun lebih tinggi dibandingkan tahun lalu,"" beber ia.
Menurutnya, realisasi subsidi dan kompensasi yang lebih tinggi ini bertujuan agar Pertamina dan PLN leluasa dalam mengelola keuangan sehingga produk subsidi tetap tersedia di masyarakat.
Pada kesempatan tersebut, Suahasil juga merinci konsumsi produk-produk subsidi di masyarakat yang kompak meningkat jika dibandingkan dengan tahun lalu. Misalnya, realisasi volume BBM mencapai 11.578 ribu kilo liter atau tumbuh 8,8% secara tahunan (yoy).
Serupa, realisasi konsumsi LPG 3 kg juga tumbuh 2,6% secara yoy atau mencapai 5,04 juta kg. Pelanggan listrik bersubsidi juga tumbuh 2,1% secara yoy atau mencapai 43,3 juta pelanggan.
""Volume pupuk naik 23%, debitur KUR jumlah juta debitur yang naik 5,9%. Ekonominya berjalan terus, salah satunya didukung oleh barang-barang yang harganya diatur oleh pemerintah, memang ada subsidi, kompensasi yang kita bayarkan dan tahun ini pun kita bayarkan lebih tinggi dibandingkan pembayaran subsidi dan kompensasi tahun 2025,"" beber ia.
(acd/acd)",finance
122,"Kementerian Keuangan buka suara terkait kelanjutan penyelesaian kewajiban proyek Kereta Cepat Jakarta-Bandung atau Whoosh usai Purbaya Yudhi Sadewa dicopot dari posisi Menteri Keuangan.
Pemerintah sebelumnya berencana mengambil alih seluruh saham PT Pilar Sinergi BUMN Indonesia (PSBI) di PT Kereta Cepat Indonesia China (KCIC).
Direktur Jenderal Kekayaan Negara Kementerian Keuangan Evita Manthovani mengatakan proses, pengalihan saham PSBI kepada pemerintah melalui Kementerian Keuangan masih dalam tahap finalisasi. Skema pengalihan juga telah ditetapkan dan dibahas secara rinci.
""Pengalihan saham PT PSBI ke pemerintah melalui Kementerian Keuangan saat ini masih dalam proses finalisasi. Skema telah ditetapkan, telah dibahas secara detail,"" kata Evita dalam konferensi pers APBN KiTA di Kementerian Keuangan, Jakarta, Jumat (18/9/2026).
Evita menegaskan skema yang disiapkan tidak melibatkan Anggaran Pendapatan dan Belanja Negara (APBN). Menurut Evita, pihaknya masih perlu memetakan sejumlah aspek agar proses pengalihan saham dapat berjalan sesuai rencana.
""Dan untuk itu kita saat ini juga supaya pengalihan nanti berjalan dengan terencana tepat dan juga bisa operasional, tentu diperlukan untuk pemetaan beberapa aspek, antara lain finansial, aspek bisnis, operasional, dan tentu hukumnya,"" ujarnya.
Saat ini Kementerian Keuangan juga tengah melakukan uji tuntas atau due diligence serta evaluasi terhadap nilai saham PSBI yang akan dialihkan. Pemerintah juga tengah menyiapkan Peraturan Presiden (Perpres).
""Saat ini di Kementerian Keuangan sedang berjalan, yaitu due diligence oleh Kementerian Keuangan, dan juga evaluasi nilai saham terhadap saham PSBI yang akan dialihkan. Dan secara paralel penyusunan Perpres juga sedang kami lakukan,"" jelas Evita.
Koordinasi juga terus dilakukan Kementerian Keuangan bersama Badan Pengaturan BUMN (BP BUMN) dan Badan Pengelola Investasi (BPI) Danantara.
Sebagai informasi, rencana pengalihan tersebut sebelumnya ditargetkan rampung pada pertengahan September 2026. PSBI merupakan pemegang 60% saham KCIC dari pihak Indonesia, sementara 40% sisanya dimiliki konsorsium perusahaan China. Dengan rencana pengalihan tersebut, kepemilikan saham pihak Indonesia di KCIC akan beralih ke Kementerian Keuangan.
Purbaya saat masih menjabat sebagai Menteri Keuangan menyebut kewajiban tersebut akan ditangani melalui Special Mission Vehicle (SMV) di bawah Kementerian Keuangan (Kemenkeu).
(acd/acd)",finance
123,"Fenomena menarik terjadi di tengah masyarakat Indonesia saat berinvestasi emas. Alih-alih membeli emas saat harga mengalami penurunan, sebagian besar masyarakat justru gemar memborong logam mulia ketika harga sedang melonjak.
Direktur Teknologi Informasi dan Digital PT Pegadaian, Yos Iman Jaya Dappu, menilai fenomena ini terjadi lantaran mayoritas masyarakat melakukan investasi emas karena terdorong rasa takut ketinggalan momen atau fear of missing out (FOMO).
""Masyarakat Indonesia mayoritas masih FOMO. Jadi jumlah orang yang beli emas pada saat harga turun justru malah turun. Buktinya di sistem kita bilang beberapa hari terakhir begitu harga emas mulai naik lagi, jumlah transaksi yang beli emas naik lagi,"" ujar Yos saat ditemui usai Peluncuran bluInvest Emas di Jakarta Pusat, Jumat (18/9/2026).
Yos menegaskan fenomena ini membuktikan jika masalah utama dalam berinvestasi khususnya untuk instrumen logam mulia bukan terletak pada daya beli atau kemampuan finansial masyarakat, melainkan pada pemahaman literasi keuangan.
""Saya agak nggak ngerti juga kalau dibilang daya beli. Ternyata orang Indonesia masih mumpuni gitu loh. Toh kita mulainya dari Rp 10.000 kan,"" ujarnya.
Melihat fenomena ini, Yos mengimbau masyarakat untuk mengubah pola pikir dalam berinvestasi emas. Seharusnya momen ketika harga sedang turun menjadi kesempatan untuk membeli emas, bukan malah sebaliknya.
""Agak aneh kalau orang baru beli saat harga naik. Pada saat sekarang seperti ini ketika harga emas lagi turun justru ini saatnya untuk membeli emas, baik melalui tabungan emas maupun fisik,"" jelasnya.
Ia juga menekankan bahwa emas bukanlah instrumen investasi jangka pendek atau alat perdagangan harian (trading). Sebab, jika diperlakukan seperti trading, investor akan selalu kalah oleh selisih harga jual kembali (buyback) dan harga beli.
""Kalau emas itu teman-teman perlakukan layaknya trading, setiap hari harga emas itu antara jual dan beli itu selalu lebih murah yang belinya. Pada saat dijual pasti akan, kalian akan kalah harga, sudah pasti,"" tutur Yos.
""Makanya, uang yang nanti mau ditaruh untuk investasi emas itu bukan yang nanti uang dipakai untuk dana darurat. Tapi emas dipakai untuk kondisi darurat, iya. Tapi uang yang dipakai jangan kemudian besok 'wah mendadak harus saya ambil lagi'. Itu sudah pasti kalah,"" tambahnya.
(igo/fdl)",finance
124,"Menteri Keuangan Suahasil Nazara sudah merealisasikan transfer ke daerah (TKD) sebesar Rp 504,3 triliun hingga Agustus 2026. Jumlah itu terealisasi 72,8% dari pagu anggaran pendapatan belanja negara (APBN) 2026 yang sebesar Rp 693 triliun.
""Belanja TKD, kinerjanya adalah telah disalurkan Rp 504,3 triliun kepada alokasi TKD,"" ujar Suahasil dalam konferensi pers di kantornya, Jakarta, Jumat (18/9/2026).
Suahasil menjelaskan pagu awal alokasi TKD 2026 mencapai Rp 693 triliun. Lalu, pemerintah pusat mengucurkan tambahan TKD untuk bencana Sumatera sebesar Rp 10,6 triliun dan non-bencana sebesar Rp 18,9 triliun. Dengan begitu, total alokasi TKD saat ini mencapai Rp 715,34 triliun.
""Lalu sejumlah pemerintah daerah juga mengatakan ada beberapa kesulitan yang perlu ditangani, maka ditambah lagi yang untuk non-bencana Rp 18,9 triliun, sudah dikeluarkan Keputusan Menteri Keuangan-nya 198 tahun 2026. Karena itu sebenarnya alokasi TKD saat ini adalah Rp 715,34 triliun,"" beber Suahasil.
Realisasi TKD ini didorong oleh kinerja penyerapan anggaran dan output Pemerintah Daerah (pemda) yang membaik. Selain itu, tunjangan guru kini disalurkan menjadi bulanan yang mana sebelumnya triwulan serta peningkatan alokasi Dana Alokasi umum (DAU) dan Dana Bagi Hasil (DBH) untuk pembayaran gaji ASN daerah.
Penyaluran TKD juga ini digunakan untuk mendukung pemerataan layanan publik daerah di berbagai sektor. Di bidang pendidikan, TKD mendorong program kesetaraan bagi siswa, Tunjangan Profesi Guru (TPG), penyediaan Bantuan Operasional Sekolah (BOS) dan Bantuan Operasional Penyelenggaraan Pendidikan Anak Usia Dini (BOP PAUD).
Di bidang kesehatan, TKD digunakan untuk penguatan 50 rumah sakit umum daerah. Sementara di sektor infrastruktur, TKD membiayai pembangunan serta perluasan sistem penyediaan air minum serta penanganan jalan. Selain itu, TKD juga mendukung penggajian 4,3 juta Aparatur Sipil Negara (ASN) Daerah.
""Ini yang akan kita lihat terus, kita salurkan secara tepat waktu sehingga pemerintah daerah bisa terus menjalankan kegiatan pemerintah daerah,"" jelasnya.
(acd/acd)",finance
125,"Kementerian Keuangan (Kemenkeu) mencatat utang baru yang ditarik pemerintah hingga Agustus 2026 mencapai Rp 506 triliun. Realisasi tersebut setara 60,8% dari target pembiayaan utang APBN 2026 yang dipatok sebesar Rp 832,2 triliun.
Angka ini melonjak dibandingkan realisasi pada periode yang sama tahun lalu sebesar Rp 464,6 triliun.
Menteri Keuangan (Menkeu) Suahasil Nazara menyampaikan pembiayaan utang berasal dari Surat Berharga Negara (SBN) sebesar Rp 527,4 triliun atau setara 66% dari target APBN sebesar Rp 799,5 triliun.
Sementara itu, pembiayaan melalui pinjaman tercatat negatif Rp 21,4 triliun atau setara 65,5% dari pagu pembiayaan dalam APBN 2026 sebesar Rp 32,7 triliun.
""Pembiayaan utang neto, saat ini realisasi sampai 31 Agustus ada Rp 506 triliun, terdiri dari surat berharga negara, netonya adalah Rp 527,4 triliun yang merupakan 66% dari target APBN,"" ujar Suahasil dalam konferensi pers APBNKita, di kantornya, Jakarta, Jumat (18/9/2026).
Suahasil memastikan pembiayaan utang dikelola secara prudent dan tetap berjalan sesuai dengan target APBN.
""Jadi, dengan sudah Agustus, on track, ini on track. Nah, karena itu, sesuai dengan rencana APBN, dia on track, kita perhatikan terus ke depannya dan kita laporkan terus,"" jelasnya.
(acd/acd)",finance
126,"Menteri Ketenagakerjaan (Menaker) Yassierli menyampaikan pemerintah akan merilis metode terbaru perhitungan Kebutuhan Hidup Layak (KHL) untuk level kota/kabupaten pada tahun ini. Adapun pada akhir tahun lalu, pemerintah telah merilis KHL untuk 38 Provinsi di Indonesia.
Yassierli mengatakan nantinya data tersebut digunakan sebagai salah satu dasar dalam penentuan upah pekerja di kota/kabupaten.
""Dan allhamdulillah legasi pertama, akhir tahun lalu, kita memiliki hasil penghitungan KHL pada level provinsi. Dan InsyaAllah tahun ini, kita akan memiliki perhitungan KHL, estimasi KHL untuk level kota dan kabupaten. Ini legacy yang luar biasa, sehingga KHL inilah yang bisa kita jadikan sebagai salah satu dasar dalam penentuan upah,"" ujar Yassierli di Kantor BPS, Jakarta, Jumat (18/7/2026).
Yassierli menyampaikan perhitungan KHL ini akan menggunakan data konsumsi rumah tangga. Selain itu akan ada data dari BPS lain yang akan digunakan.
""Teman-teman buruh menuntut upah minimum sekian, basisnya survei. Kita belajar dari negara lain, ternyata kita sebenarnya punya data. Data konsumsi rumah tangga, hasil dari teman-teman BPS, itu yang kita gunakan untuk mengestimasi KHL,"" ujarnya.
Berdasarkan catatan detikcom, KHL untuk level provinsi tahun lalu menggukan mengacu standar internasional yang dikembangkan International Labour Organization (ILO). Metode ini merujuk pada studi ILO berjudul Minimum Wage Study, Developing a Formula and Methodology for Minimum Wage Determination in Indonesia yang dirilis pada 2025.
Kebutuhan Hidup Layak diposisikan sebagai patokan utama dalam menentukan arah kebijakan upah minimum provinsi (UMP) bagi pekerja atau buruh. KHL dipahami sebagai standar kebutuhan bulanan yang memungkinkan pekerja beserta keluarganya memenuhi kebutuhan dasar secara wajar.
Dalam metode terbaru tersebut, KHL disusun dari empat komponen utama konsumsi rumah tangga, yakni kebutuhan makanan, kesehatan dan pendidikan, kebutuhan pokok lainnya, serta perumahan atau tempat tinggal.
Adapun secara teknis, KHL dihitung menggunakan rumus konsumsi per kapita yang dikalikan dengan jumlah anggota rumah tangga, kemudian dibagi dengan jumlah anggota rumah tangga yang bekerja. Formula ini dimaksudkan agar penghitungan KHL lebih proporsional terhadap kondisi nyata di tingkat keluarga.
Hasil perhitungan tersebut dihasilkan Kebutuhan Hidup Layak (KHL) untuk 38 Provinsi. Tertinggi diduduki oleh DKI Jakarta dengan biaya hidup layak sebesar Rp 5,8 juta. Sementara daerah dengan KHL terendah Nusa Tenggara Timur Rp 3,05 juta.
(hrp/fdl)",finance
127,"Pemerintah akhirnya menuntaskan kewajiban surat utang terkait Bantuan Likuiditas Bank Indonesia (BLBI) yang berasal dari penanganan krisis 1997-1998. Kewajiban tersebut tuntas pada Agustus 2026 menggunakan surplus Bank Indonesia (BI).
Menteri Keuangan Suahasil Nazara mengatakan, berdasarkan hasil audit buku 2025, BI tercatat memiliki surplus Rp 55 triliun. Sesuai ketentuan perundang-undangan, surplus tersebut disetorkan kepada kas negara.
""Saat ini dengan adanya surplus BI Rp 55 triliun yang telah digunakan untuk membayar kembali kewajiban surat utang dalam rangka BLBI zaman dahulu, itu sekarang surat utang yang dalam rangka penanganan krisis 97-98 kemarin tuntas kita selesaikan di bulan Agustus,"" kata Suahasil dalam konferensi pers APBN KiTA di Kementerian Keuangan, Jumat (18/9/2026).
Surplus tersebut dimasukkan sebagai Kekayaan Negara Dipisahkan (KND). Berdasarkan peraturan perundang-undangan, surplus BIsalah satunya memang digunakan untuk menyelesaikan kewajiban surat utang negara yang diterbitkan dalam rangka penanganan krisis 1997-1998.
""Penggunaannya diatur untuk membayar kewajiban atau membayar penyelesaian kewajiban surat utang. Surat utang Republik Indonesia, surat utang negara,yang ketika itu dikeluarkan dalam rangka penanganan krisis 97-98.Nah di dalam bukunya Bank Indonesia itu ada terus.Setiap kali ada surplus kita bayar, ada surplus kita bayar,"" bebernya.
Suahasil menjelaskan, pemerintah menerbitkan berbagai jenis obligasi ketika menangani krisis 1997-1998. Secara keseluruhan, nilainya saat itu mencapai sekitar Rp 640 triliun.
Beberapa kewajiban tersebut memiliki waktu pelunasan yang berbeda. Menurut Suahasil, obligasi rekap telah lunas pada Juli 2020, sedangkan kewajiban surat utang terkait BLBI baru diselesaikan pada Agustus 2026.
""Kalau kita lihat lagi sejarah 30 tahun yang lalu itu,ketika menangani krisis 97-98, pemerintah itu mengeluarkan total obligasi mencapai Rp 640 triliun saat itu.Dan kita membayar kembali itu. Dan kalau untuk beberapa jenis obligasi kita keluarkan saat itu.Ada yang sudah lunas di Juli 2020, ada yang lunas di kemarin,"" tutup Suahasil.
(acd/acd)",finance
128,"Investasi tak harus menunggu seseorang memiliki uang dalam jumlah besar. Kebiasaan menyisihkan dana secara konsisten sejak dini justru dapat menjadi langkah awal untuk membangun kondisi finansial yang lebih baik.
Salah satu instrumen yang masih menjadi pilihan untuk investasi adalah emas. Melihat kebutuhan tersebut, PT Bank Digital BCA (BCA Digital) melalui aplikasi blu berkolaborasi dengan PT Pegadaian (Persero) menghadirkan bluInvest Emas, layanan investasi emas digital yang terintegrasi dalam aplikasi blu.
Direktur Bisnis BCA Digital, Aditya Wahyu Windarwo, mengatakan kehadiran bluInvest Emas diharapkan dapat memberikan kemudahan bagi masyarakat yang ingin mulai berinvestasi emas. Melalui layanan tersebut, nasabah dapat melakukan investasi emas secara praktis melalui aplikasi blu.
""Yang mau investasi emas bisa langsung coba bluInvest Emas dengan praktis dan aman di aplikasi blu digital,"" ujar Aditya dalam sambutannya saat acara peluncuran bluInvest Emas, di Jakarta, Jumat (18/9/2026).
Direktur Teknologi Informasi dan Digital PT Pegadaian (Persero), Yos Iman Jaya Dappu, menekankan investasi sebaiknya tidak dilakukan hanya ketika seseorang sudah memiliki banyak uang. Menurutnya, yang lebih penting adalah memulai dari nominal kecil dan membangun kebiasaan secara konsisten.
""Jangan investasi dari sisa, tapi alokasikan dari awal. Mulai dari kecil, yang penting habit dan konsistensinya,"" ujar Yos.
Yos juga menyoroti kebiasaan anak muda dalam mengambil keputusan finansial yang kerap dipengaruhi oleh tren. Ia menyebutkan terdapat tiga istilah, yaitu FOMO (Fear of Missing Out), YOLO (You Only Live Once), dan JOMO (Joy of Missing Out).
Menurutnya, FOMO dapat terjadi ketika seseorang melihat harga emas naik atau melihat orang lain mulai berinvestasi, kemudian ikut membeli karena takut tertinggal. Sementara itu, YOLO dapat mendorong seseorang untuk menghabiskan uang karena ingin mengikuti gaya hidup tertentu.
Karena itu, Yos mendorong anak muda untuk menerapkan JOMO dalam mengelola keuangan. Artinya, keputusan finansial sebaiknya tidak hanya mengikuti apa yang dilakukan orang lain, tetapi didasarkan pada tujuan dan alasan yang jelas.
""Joy of Missing Out artinya bukan tidak ikut investasi, tapi kita bisa mengatakan bahwa: 'Saya tidak harus mengikuti semua orang, saya tahu tujuan finansial saya, dan saya tahu why kenapa saya berinvestasi,"" kata Yos.
Head of Retail & Digital Business BCA Digital, Edwin Tirta, mengatakan melalui bluInvest Emas, masyarakat dapat mulai berinvestasi emas dengan nominal mulai dari Rp10 ribu. Selain itu, layanan tersebut juga menawarkan kemudahan dalam transaksi jual beli emas.
""Jadi, kita paling affordable untuk belinya pun juga minimal Rp10.000, ngejualnya pun juga tidak ada biaya admin. Sangat mantap. Baik beli maupun jual,"" kata Edwin.
Nominal yang terjangkau menjadi salah satu kemudahan yang ditawarkan bluInvest Emas, terutama bagi generasi muda. Kemudahan tersebut juga relevan dengan karakteristik pengguna blu. Ia menyebut 91% nasabah blu merupakan generasi milenial dan Gen Z.
""Jadi paling affordable dan itu sangat relevan bagi generasi muda sekarang yang di mana 91% nasabah blu adalah generasi milenial dan generasi Z,"" ujar Edwin.
|  Foto: Dok. blu BCA Digital | 
Content Creator dan Financial Expert, William Sudhana, mengatakan kebiasaan mengelola keuangan dan mulai membangun aset dapat menjadi langkah awal bagi generasi muda untuk mempersiapkan kondisi finansial jangka panjang.
""Dengan kita punya mindset mengelola keuangan, semua aset yang kita miliki, dan itu dengan hal yang paling mudah yang dikerjakan sekarang, itu akan menjadi stepping stone yang bagus buat kita dan buat generasi kita ke depannya,"" ujar William.
Senada, Head of Digital PT Pegadaian (Persero), Supriyanto, menilai kemudahan akses menjadi salah satu hal penting agar anak muda dapat mulai mengenal investasi emas.
""Tentunya, dengan blu BCA ini memberikan akses seluas-luasnya ke anak-anak muda. Bagaimana berinvestasi, bagaimana memiliki emas dengan mudah, tapi dijamin emasnya ada, dijamin keamanannya terjamin, tapi memberikan kemudahan akses 24 jamnya,"" pungkas Supriyanto.
Dalam rangka peluncuran bluInvest Emas, Pegadaian dan blu by BCA Digital menawarkan promo cashback saldo blu sebesar Rp50.000. Promo ini berlaku bagi nasabah yang melakukan pembelian emas minimal Rp500.000 dengan menggunakan kode promo LAUNCHEMAS26.
Promo tersebut berlaku pada 18-30 September 2026 melalui fitur bluInvest Emas di aplikasi blu. Nasabah hanya dapat menggunakan promo satu kali selama periode program, dengan kuota yang terbatas.
(akn/ega)",finance
129,"Kebutuhan pengelolaan kekayaan bagi kalangan high-net-worth individuals (HNWIs) semakin beragam. Tidak hanya investasi, nasabah juga membutuhkan perencanaan keuangan, pemenuhan kebutuhan keluarga, hingga persiapan kekayaan untuk generasi berikutnya (legacy planning).
Kondisi tersebut membuat layanan wealth management perlu dirancang dengan mempertimbangkan profil, tujuan, dan kebutuhan finansial setiap nasabah.
Menjawab kebutuhan itu, BRI Private menghadirkan layanan pengelolaan kekayaan yang menggabungkan pendampingan personal dengan akses terhadap berbagai solusi finansial dalam ekosistem BRI.
BRI Private raih penghargaan Best Private Bank for HNWIs - Indonesia
Pendekatan tersebut turut mendapat pengakuan melalui ajang The Asset Triple A Private Capital Awards 2026. BRI Private dinobatkan sebagai Best Private Bank for HNWIs - Indonesia.
Penghargaan tersebut merupakan salah satu ajang yang memberikan pengakuan terhadap inovasi dan layanan di bidang private banking serta wealth management.
Bagi nasabah HNWI, kebutuhan pengelolaan kekayaan dapat berbeda berdasarkan kondisi finansial, profil risiko, tujuan keuangan, hingga rencana jangka panjang. Kebutuhan tersebut juga dapat berubah seiring perjalanan bisnis dan kehidupan nasabah.
""Oleh karena itu, BRI Private menghadirkan pendekatan yang menyesuaikan kebutuhan tersebut melalui pendampingan relationship manager atau advisor. Peran tersebut membantu nasabah memahami kebutuhan finansial sebelum menentukan solusi yang sesuai,"" tulis BRI dikutip dari keterangan resminya, Jumat (18/9/2026).
Dukungan tersebut juga ditopang ekosistem BRI yang menyediakan berbagai solusi finansial. Dengan demikian, pengelolaan kekayaan dapat disesuaikan dengan tujuan nasabah, mulai dari menjaga dan mengembangkan aset hingga mempersiapkan kebutuhan keluarga dan generasi berikutnya.
Lengkapi layanan dengan berbagai previlese
Selain solusi finansial, kebutuhan nasabah layanan perbankan premium juga mencakup kemudahan dan pengalaman dalam aktivitas sehari-hari.
BRI Private dan BRI Prioritas menghadirkan berbagai program serta benefit untuk memberikan pengalaman perbankan yang lebih eksklusif.
Salah satunya, melalui BRI Kartu Kredit Infinite yang dapat digunakan untuk mendukung kebutuhan transaksi dan gaya hidup nasabah melalui berbagai benefit yang tersedia.
Informasi mengenai program dan benefit BRI Kartu Kredit Infinite dapat ditemukan di laman bbri.id/cashbackinfinite.
Kehadiran solusi finansial dan berbagai privilege tersebut menjadi bagian dari ekosistem layanan BRI bagi nasabah premium.
Jaga kepercayaan nasabah
Predikat Best Private Bank for HNWIs - Indonesia dalam The Asset Triple A Private Capital Awards 2026 menjadi pengakuan terhadap layanan BRI Private bagi segmen HNWI.
Penghargaan tersebut sekaligus menjadi dorongan bagi BRI Private untuk menjaga dan meningkatkan kualitas layanan secara berkelanjutan.
Dalam pengelolaan kekayaan, kebutuhan nasabah dapat berkembang seiring perubahan kondisi finansial, bisnis, dan kehidupan. Oleh karena itu, pendekatan layanan yang personal dan hubungan jangka panjang menjadi bagian penting dalam mendampingi nasabah.
Melalui layanan wealth management dan ekosistem solusi finansial yang tersedia, BRI Private berkomitmen mendukung nasabah dalam mengelola, mengembangkan, dan menjaga kekayaan sesuai dengan tujuan masing-masing.
(ega/ega)",finance
130,"Kementerian Keuangan mengungkap maraknya upaya penyelundupan emas sepanjang 2026. Hingga 14 September 2026, Direktorat Jenderal Bea dan Cukai (DJBC) telah melakukan 74 kali penindakan dengan total emas mencapai 334,5 kilogram (kg).
Menteri Keuangan Suahasil Nazara mengatakan, penyelundupan tersebut dilakukan dengan membawa emas tanpa prosedur maupun dokumentasi yang semestinya. Emas tersebut terutama hendak dibawa keluar dari Indonesia.
""Penindakan upaya penyelundupan emas, membawa emas dengan secara tidak proper, dengan dokumentasi yang tidak proper, sampai dengan tanggal 14 September yang lalu, selama tahun 2026 ini telah dilakukan 74 kali penindakan. Penindakan, upaya membawa emas, terutama keluar, beratnya 334,5,"" kata Suahasil dalam konferensi pers APBN KiTA di Kementerian Keuangan, Jumat (18/9/2026).
| Baca juga: Orang RI Punya Kebiasaan Aneh Saat Beli Emas | 
Emas yang ditemukan dalam penindakan tersebut memiliki berbagai bentuk. Mulai dari emas batangan dan perhiasan hingga berbentuk serbuk emas.
""Dengan berbagai macam bentuk emas. Ada yang emas batangan, ada yang emas perhiasan, bahkan ada yang sifatnya itu serbuk emas,"" ujarnya.
Suahasil menilai praktik tersebut bukan sekadar persoalan pelanggaran prosedur. Menurutnya, penyelundupan emas merupakan upaya membawa sumber daya alam Indonesia ke luar negeri dengan cara yang tidak semestinya.
""Apa efeknya ini? Ini adalah upaya untuk membawa sumber daya alam Indonesia ke luar negeri dengan cara yang tidak baik,"" tegas Suahasil.
(acd/acd)",finance
131,"Direktorat Jenderal Pajak (DJP) menyampaikan pengembalian kelebihan pembayaran pajak atau restitusi pajak mencapai Rp 191,73 triliun hingga Agustus 2026. Angka ini turun jika dibandingkan dengan periode yang sama di tahun lalu sebesar Rp 304,29 triliun.
Berdasarkan data DJP, realisasi restitusi pajak sampai Agustus tahun ini terdiri dari Pajak Penghasilan (PPh) Rp 55,62 triliun, Pajak Pertambahan Nilai (PPN) Rp 134,27 triliun, Pajak Penjualan atas Barang Mewah (PPnBM) Rp 55,62 miliar, Pajak Bumi dan Bangunan (PBB) dan pajak lainnya sebesar Rp 1,83 triliun.
Direktur Jenderal Pajak Bimo Wijayanto mengatakan restitusi pajak tetap diproses sesuai dengan hak wajib pajak secara hati-hati dan sesuai dengan standar operasional prosedur (SOP) pemeriksaan. Ia juga membantah bahwa pengembalian kelebihan pembayaran pajak ini melalui obligasi.
""Jangan ngarang dong. Tadi disampaikan kan kita sudah disampaikan Pak Menteri bahwa kita sekarang lebih prudent. Semua sektor yang berisiko tinggi, kita lihat dari matriks kepatuhan wajib pajak itu memang kita akan lakukan sesuai dengan SOP pemeriksaan,"" ujar Bimo saat ditemui di kantor Kementerian Keuangan (Kemenkeu), Jakarta, Jumat (18/9/2026).
Bimo memastikan pihaknya tidak akan menahan restitusi yang menjadi hak wajib pajak (WP). Sepanjang dokumen hingga transaksi menunjukkan kelebihan pembayaran pajak, pihaknya akan tetap melakukan pengembalian dana.
""Pasti akan kita kembalikan. Jadi, insyaallah sih kita enggak akan membuat hal-hal yang tidak sesuai dengan SOP prosedur,"" jelas Bimo.
Saat ditanya nilai restitusi yang ada saat ini, Bimo mengakui angka restitusi yang tercatat mengalami penurunan sekitar 30%. Ia memastikan pihaknya tidak pernah menggunakan kuota dalam pembayaran restitusi.
Besaran nilai restitusi sepenuhnya bergantung pada permohonan dari Surat Pemberitahuan (SPT) lebih bayar yang disampaikan oleh masing-masing wajib pajak.
""30-an persen. Enggak ada budget-budget-an. Restitusi itu sesuai dengan apa yang disampaikan oleh wajib pajak. Kan pemerintah enggak bisa kemudian memberikan budget memperkirakan restitusi, enggak. Itu kan request dari SPT lebih bayarnya wajib pajak,"" jelasnya.
(acd/acd)",finance
132,"Badan Pusat Statistik (BPS) resmi merilis Klasifikasi Baku Jabatan Indonesia (KBJI) 2026 yang memuat lebih banyak jenis jabatan seusai dengan perkembangan dunia kerja saat ini. KBJI ini merupakan pemutakhiran KBJI yang telah terbit tahun 2014 lalu.
Kepala BPS Amalia Adininggar Widyasanti menjelaskan, pemutakhiran KBJI ini diperlukan untuk menangkap perubahan jenis pekerjaan yang berkembang pesat, termasuk munculnya digital jobs dan green jobs.
Selain itu, KBJI yang mutakhir ini diperlukan untuk mendukung standardisasi, integrasi, dan keterbandingan statistik ketenagakerjaan, sekaligus menjadi rujukan tunggal bagi kegiatan sensus, kegiatan survei, dan integrasi data administrasi lintas sektor terkait ketenagakerjaan.
""Sehingga dengan demikian, baik data-data administrasi, data sensus, ataupun survei yang dilakukan oleh BPS dan data-data administrasi maupun registrasi yang disediakan oleh kementerian-kementerian terkait termasuk Kementerian Ketenagakerjaan bisa mengacu kepada standar klasifikasi yang sama, sehingga nanti begitu data-data tersebut diintegrasikan bisa lebih koheren dan konsisten,"" ujar Amalia dalam acara rilis KBJI di Kantor BPS, Jakarta, Jumat (18/9/2026).
Amalia membeberkan berbagai jabatan baru seiring perkembangan dunia kerja dalam KBJI. Misalnya di sektor pariwisata itu munculnya jabatan Ahli Cagar Budaya, Dosen Ilmu Pariwisata, Terapis Spa, Edukator Museum, dan Registrar Museum.
""Ini contoh-contoh tangkapan pekerjaan baru. Perkembangan serupa juga terjadi di sektor kesehatan. Misalnya dalam KBJI 2026 mengakomodasi jabatan-jabatan yang semakin spesifik, seperti Dokter Spesialis Kedokteran Olahraga, Dokter Spesialis Mikrobiologi Klinik, Dokter Spesialis Bedah Plastik, dan Ahli Kapasitas Fisik,"" terangnya.
Untuk sektor ekonomi kreatif muncul jabatan baru seperti Pembuat Konten Layanan Berbagi Video dan Desainer Fashion. Di sektor green jobs, KBJI 2026 juga mengakomodasi jabatan-jabatan yang semakin spesifik, seperti Analis Cadangan Biomasa Karbon, Teknisi Daur Ulang Limbah, dan Operator Press Material Daur Ulang.
""Contoh lain misalnya digital jobs, muncul jabatan baru seperti Analis Kriptografi, Spesialis Keamanan Siber, dan Perancang Antarmuka Web dan Digital, dan sebagainya,"" katanya.
Amalia menambahkan, KBJI juga akan dimanfaatkan dalam diseminasi data ketenagakerjaan sehingga menjadi lebih informatif. Di mana KBJI nantinya dapat membantu menyesuaikan data jabatan dan memperkuat keterhubungan informasi ketenagakerjaan dalam data Siap Kerja dengan Sakernas BPS.
Sementara itu, Menteri Ketenagakerjaan Yassierli mengatakan KBJI juga telah ditunggu dunia industri sebagai bahasa yang sama dalam proses rekrutmen, penataan organisasi perusahaan, hingga komunikasi antara perusahaan dan pencari kerja.
""Dan bagi dunia industri, sebenarnya KBJI ini juga ditunggu, sebagai bahasa yang sama dalam mereka melakukan rekrutmen, dalam mereka melakukan penataan organisasi di perusahaan mereka, dan bahasa yang sama untuk mengkomunikasikan, apakah itu dengan perusahaan yang lain, ataupun pada para pencari kerja,"" katanya.
(hrp/fdl)",finance
133,"Direktorat Jenderal Pajak (DJP) akan menerapkan pemungutan pajak penghasilan (PPh) pasal 22 oleh marketplace mulai 1 November 2026. Saat ini, kebijakan tersebut masih ditunda hingga 31 Oktober 2026.
""Marketplace itu kan ditunda sampai 31 Oktober. Ya nanti insyaallah 1 November akan kita berlakukan sesuai dengan kesiapan para platform,"" ujar Direktur Jenderal Pajak Bimo Wijayanto saat ditemui di Kementerian Keuangan, Jakarta Pusat, Jumat (18/9/2026).
Bimo menekankan rencana tersebut masih sesuai dengan aturan serta pengumuman yang telah ditetapkan. Namun, Bimo menyebut saat ini belum mendapatkan arahan dari Menteri Keuangan yang baru, Suahasil Nazara soal penerapan kebijakan tersebut.
""Ini berdasarkan aturan yang sudah ada, pengumumannya sudah kita tetapkan. Nah, kalau dari Pak Suahasil, nanti, saya belum dapat arahan,"" imbuh ia.
Berdasarkan catatan detikcom, mulanya pemerintah menerapkan pemungutan PPh terhadap pedagang dengan mekanisme Perdagangan Melalui Sistem Elektronik (PMSE) atau e-commerce mulai 1 Agustus. Kebijakan ini diharapkan dapat mengerek penerimaan negara hingga Rp 24 triliun per tahun.
Pada 1 Juli 2026, DJP telah menunjuk empat platform marketplace sebagai pemungut pajak, yakni Tokopedia, Shopee, Lazada, dan Blibli. Kemudian Kemenkeu memberikan tenggat waktu selama satu bulan kepada platform yang telah ditunjuk untuk sosialisasi hingga penyesuaian sistem. Adapun penerapan ini sebagai tindak lanjut dari Peraturan Menteri Keuangan (PMK) Nomor 37 Tahun 2025.
Namun, penerapannya mengalami penundaan. Purbaya Yudhi Sadewa yang saat itu menjabat sebagai Menteri Keuangan mengatakan alasan penundaannya karena sejumlah indikator ekonomi saat ini belum menunjukkan kondisi yang cukup kuat untuk memberlakukan pajak toko online. Ia memperkirakan penundaan kebijakan tersebut masih akan berlangsung hingga beberapa bulan ke depan.
""Kita ingin tumbuh lebih cepat lagi, kalau sudah indikasi membaik betulan, kita akan terapkan lagi, mungkin beberapa bulan kita tunda,"" ungkapnya kepada wartawan di Kantor Kementerian Keuangan, Jakarta, Rabu (5/8).
(acd/acd)",finance
134,"Pelita Air menebar tiket MotoGP Mandalika gratis secara acak di setiap penerbangannya. Gelaran Pertamina Grand Prix of Indonesia 2026 akan dihelat pada Sirkuit Mandalika pada 9-11 Oktober 2026 mendatang.
Di dalam pesawat, Pelita Air menghadirkan aktivasi bertajuk 'Lucky Seat in the Air' dan 'Quiz on Board' pada periode 21-30 September 2026 pada berbagai penerbangannya.
Melalui Lucky Seat in the Air, Pelita Air akan menyebar sebanyak 100 tiket nonton gratis motogp ke berbagai penerbangan secara acak. Pelanggan yang beruntung akan menemukan tiket nonton gratis Moto GP di kantong kursinya dan berkesempatan langsung untuk menyaksikan gelaran Pertamina Grand Prix of Indonesia 2026 di Mandalika.
| Baca juga: Pelita Air Diskon Tiket hingga 45%! | 
Direktur Utama Pelita Air Faik Fahmi mengatakan bahwa penyelenggaraan Pertamina Grand Prix of Indonesia 2026 di Mandalika menjadi momentum untuk memperkenalkan destinasi pariwisata prioritas Indonesia kepada masyarakat yang lebih luas.
""Sebagai maskapai yang menghubungkan berbagai kota di Indonesia, Pelita Air ingin turut menghadirkan akses dan pengalaman perjalanan yang mendukung momentum tersebut. Melalui rangkaian aktivasi ini, kami juga ingin berbagi pengalaman dan kebahagiaan bersama pelanggan yang melakukan perjalanan menuju Mandalika,"" ujar Faik Fahmi dalam keterangannya, Jumat (18/9/2026).
Di sisi lain, melalui Quiz on Board, pelanggan di sejumlah penerbangan terpilih akan diajak mengikuti kuis selama penerbangan. Pelanggan yang berhasil menjawab pertanyaan dari awak kabin berkesempatan mendapatkan merchandise resmi maupun tiket nonton gratis Moto GP di Mandalika.
Kesempatan untuk menyaksikan langsung gelaran Moto GP juga dibuka bagi masyarakat luas melalui program paket perjalanan gratis ke Lombok, yang mencakup tiket penerbangan Pelita Air sekaligus tiket menonton balapan dari tribun VIP Premier. Program ini berlangsung pada 23-30 September 2026 dan terbuka untuk umum.
(hal/ara)",finance
135,"Menteri Keuangan (Menkeu) Suahasil Nazara menanggapi soal permintaan Direktur Jenderal Pajak Bimo Wijayanto dan Direktur Jenderal Bea dan Cukai Djaka Budhi Utama agar membatalkan perombakan pejabat di lingkungan Direktorat Jenderal Pajak (DJP) dan Direktorat Jenderal Bea dan Cukai (DJBC) dibatalkan. Perombakan ini dilakukan oleh Purbaya Yudhi Sadewa yang saat itu menjabat sebagai Menteri Keuangan pada Kamis (10/9).
Suahasil mengatakan permintaan tersebut masih dalam tahap pembahasan.
""Sudah itu, lagi dibicarakan kayaknya,"" ujar Suahasil saat ditemui di kantornya, Jakarta, Jumat (18/9/2026).
Saat ditanya mengenai kemungkinan perombakan pejabat era sebelumnya ini benar-benar akan dibatalkan serta soal adanya nama-nama 'ajaib' tersebut, Suahasil enggan berkomentar banyak dan meminta untuk menunggu kepastian keputusan final.
""Nanti aja, kalau sudah jadi,"" jelas ia.
Sementara itu, Dirjen Pajak Bimo Wijayanto mengatakan perombakan yang terjadi merupakan rotasi biasa. Saat ini, pihaknya akan membahas secara internal terkait rotasi tersebut.
""Rotasi biasa. Rotasinya biasa. Ini mau saya rapatin, saya enggak bisa ngomong, baru mau rapat,"" kata Bimo.
Ketika ditanyai mengenai sosok dibalik nama ajaib tersebut, Bimo meresponsnya dengan bergurau. ""Ajaib, ajaib, ajaib, ajaib,"" sahut ia.
Sebelumnya, Bimo menyebut terdapat nama-nama 'ajaib' yang masuk usai perombakan tersebut. Perombakan ratusan pejabat Kementerian Keuangan dilakukan Purbaya pada Kamis 10 September 2026. Mayoritas perombakan menyasar Direktorat Jenderal (Ditjen) Bea Cukai dan Ditjen Pajak.
Perombakan terjadi pada pejabat Pimpinan Tinggi Pratama, Pejabat Administrator, Pejabat Pengawas, Pejabat Fungsional, dan Pejabat pada Unit Organisasi Non Eselon Kemenkeu.
""Itu kan usulan kita, rotasi itu. Cuma memang ada beberapa yang nama-nama 'ajaib' yang tidak ikut proses assessment talent management,"" ujar Bimo saat ditemui usai acara International Tax Conference di kantor pusat DJP, Jakarta Selatan, Rabu (16/9).
Alhasil, Bimo mengaku, bersama Dirjen Bea Cukai Djaka Budhi Utama, telah meminta perombakan dibatalkan.
""Kemudian itu yang membuat saya dan Dirjen Bea Cukai meminta untuk ditunda dahulu, dibatalkan, karena sinyalnya nggak bagus bagi pasukan yang lain, yang ikut susah payah ikut assessment, ikut ujian, ikut talent management,"" tegas Bimo.
(acd/acd)",finance
136,"Kementerian Keuangan (Kemenkeu) belum membayar cicilan dan bunga pembiayaan Koperasi Desa/Kelurahan Merah Putih (KDMP). Kewajiban pembayaran KDMP tahap awal mencapai Rp 37 triliun yang akan jatuh tempo pada 25 September 2026.
Plt Direktur Jenderal Perimbangan Keuangan Kemenkeu Nufransa Wira Sakti mengatakan, pembayaran baru dapat dilakukan setelah Kemenkeu menerima tagihan dari Himpunan Bank Milik Negara (Himbara).
""Terkait dengan pembayaran untuk KDMP, sesuai dengan PMK Nomor 15 Tahun 2026, nanti Kemenkeu akan membayar setelah adanya tagihan dari Himbara,"" kata Nufransa dalam konferensi pers APBN KiTA di Kementerian Keuangan, Jakarta, Jumat (18/9/2026).
Namun hingga saat ini, Nufransa mengatakan Kemenkeu belum menerima tagihan tersebut. Kondisi ini membuat pembayaran belum dapat dilakukan.
""Sehingga dengan demikian sampai saat ini kita belum menerima tagihan dari Himbara tersebut. Jadi belum bisa kita bayarkan,"" tutur Nufransa.
Meski tagihan belum masuk, Nufransa memastikan anggaran untuk pembayaran telah tersedia. Kemenkeu juga terus berkoordinasi dengan kementerian dan lembaga terkait untuk memastikan proses pembayaran berjalan transparan dan akuntabel.
""Namun anggarannya sudah kami siapkan. Kemudian juga terkait dengan hal ini, kami senantiasa bekerja sama juga dengan kementerian dan lembaga terkait hingga nanti pada saat pembayarannya akan terus terjaga transparansi dan juga akuntabilitasnya,"" terang Nufransa.
Ia menambahkan, nantinya adaproses serah terima dari PT Agrinas dan Kementerian Koperasi (Kemenkop) kepada Himbara. Proses tersebut juga harus dilengkapi berita acara serah terima yang telah direviu Badan Pengawasan Keuangan dan Pembangunan (BPKP).
Sebagai informasi,total pembiayaan kredit KDMP diperkirakan mencapai Rp 240 triliun. Dana tersebut digunakan untuk menyalurkan kredit ke lebih dari 80 ribu koperasi, dengan masing-masing koperasi menerima pembiayaan Rp 3 miliar.
Purbaya Yudhi Sadewa saat masih menjabat sebagai Menteri Keuangan menyatakan pihaknya siap membayar tagihan tersebut. Jumlah anggaran yang disiapkan Kementerian Keuangan mencapai Rp 40 triliun.
(acd/acd)",finance
137,"Sekolah diperbolehkan menolak program Makan Bergizi Gratis (MBG). Namun khusus sekolah negeri, penolakan harus berdasarkan kesepakatan sekolah dan seluruh wali murid sehingga keputusan berlaku bagi semua siswa.
Kepala Badan Gizi Nasional (BGN) Sudaryono mengatakan tidak bisa sebagian siswa dalam satu sekolah menerima MBG sementara sebagian lainnya menolak.
Ketentuan sementara tersebut merupakan hasil rapat BGN bersama Kementerian Pendidikan Dasar dan Menengah (Kemendikdasmen) dan Kementerian Koordinator Bidang Pangan.
""Jadi tidak mungkin dalam satu sekolah negeri katakanlah 70% misalnya mampu, 30% nggak mampu, kemudian kalau memang iya konsensusnya harus sekolah beserta semua, wali murid harus sepakat-sepakat iya semua atau sepakat-sepakat tidak semua,"" kata Sudaryono dalam rapat dengan Komisi IX DPR RI, Kamis (17/9/2026) kemarin.
Menurut Sudaryono, ketentuan tersebut juga mempertimbangkan kondisi siswa di sekolah. BGN ingin menghindari situasi ketika sebagian siswa mendapatkan makanan MBG sementara teman-temannya tidak.
""Atau temennnya tidak makan, dia makan sendiri. Itu saya kira kita harus arif juga dalam pendidikan ini bukan hanya masalah suka atau tidak suka itu yang menjadi pertimbangan kita,"" ujarnya.
Sudaryono kemudian mengungkap sejauh ini terdapat 1.653 sekolah yang dikeluarkan dari kriteria penerima MBG. Di antaranya sekolah internasional, sekolah bertaraf internasional, hingga sekolah berasrama bertaraf nasional.
""SMA Taruna Nusantara, tentu saja tidak mendapatkan MBG. Kemudian termasuk sekolah-sekolah bertaraf internasional, Cambridge kemudian ya, yang level itu lah. Selain itu juga dari 1.653 itu adalah sekolah-sekolah lain baik negeri dan swasta yang yang di data Dikdasmen itu menolak bantuan dana BOS,"" tutup Sudaryono.
(acd/acd)",finance
138,"Direktur Jenderal Bea dan Cukai Djaka Budhi Utama menyampaikan masih mengkaji skema layer baru tarif Cukai Hasil Tembakau (CHT) sebagai langkah menekan peredaran rokok ilegal. Saat ini, rencana tersebut masih dalam tahap pembahasan internal dan pengkajian mendalam.
Djaka mengatakan rancangan untuk menerapkan kebijakan itu masih dibahas bersama Direktorat Jenderal Strategi Ekonomi dan Fiskal (DJSEF).
""Kita masih bahas yang pasti, tunggu tanggal mainnya aja. Karena kan saya eksekutor. Ya pasti 'kan dibicarakan sama DJSEF,"" ujar Djaka saat ditemui di Kementerian Keuangan, Jakarta, Jumat (18/9/2026).
Kebijakan ini juga tidak akan diputuskan secara sepihak. Pemerintah nantinya akan berkonsultasi serta membicarakan hal tersebut bersama Dewan Perwakilan Rakyat (DPR).
""Mudah-mudahan mungkin nanti ada solusi untuk pembicaraan dengan DPR, karena kan kita nggak bisa ini sendiri, pasti kita akan konsultasi dengan DPR,"" tambah Djaka.
Djaka menjelaskan, tujuan dari rencana ini untuk menarik peredaran rokok yang selama ini ilegal agar beralih menjadi legal. Dengan begitu, para pelaku usaha diharapkan bisa belajar untuk taat terhadap aturan dan ketentuan yang berlaku yang telah ditetapkan pemerintah.
Rencananya, para pelaku rokok ilegal ini akan mendaftarkan guna memperoleh nomor Nomor Pokok Pengusaha Barang Kena Cukai (NPPBKC) sehingga dapat menjalankan usahanya secara resmi. Kendati demikian, aturan resmi maupun pembukaan pendaftaran tersebut belum diluncurkan karena masih menunggu rampungnya regulasi dan skema yang matang.
""Mereka mendaftar kepada kita untuk nomor NPPBKC-nya, sehingga dia bisa ya jualan dengan resmi, kan? Selama ini kan ilegal. Yang pasti masih menunggu ya, karena kita kan belum resmi untuk, 'Oke, kita naik, kita buka layernya,' Ketika itu dibuka, pasti akan ada pendaftaran untuk bisa masuk ke kelas III,"" beber ia.
(acd/acd)",finance
139,"Presiden Prabowo Subianto mendapatkan bantuan dari Malaysia untuk memadamkan kebakaran hutan dan lahan. Bantuan itu disampaikan langsung oleh Wakil PM Malaysia Ahmad Zahid Hamidi usai diterima langsung di kediaman pribadi Prabowo di Hambalang.
Prabowo mengaku senang dan gembira dengan bantuan yang diberikan Malaysia. Sebelumnya, Prabowo bilang sudah ada Jepang dan beberapa negara lain yang memberikan bantuan.
""Yang pertama, dari pihak Malaysia menawarkan bantuan, ingin ikut membantu kita untuk mengatasi kebakaran hutan di Kalimantan. Hal ini saya tanggapi dengan terima kasih, dengan gembira. Kita juga sudah menerima bantuan dari Jepang, kemudian juga beberapa negara menawarkan. Jadi kami sangat berterima kasih,"" papar Prabowo dalam keterangannya, Jumat (18/9/2026).
Menurutnya, karhutla adalah masalah lingkungan hidup yang tak cuma dirasakan oleh masyarakat Indonesia saja. Negara tetangga juga terdampak dan siap bahu membahu menangani masalah itu bersama-sama.
""Ini adalah masalah lingkungan hidup yang mempengaruhi banyak pihak, dan walaupun itu kebakaran di Indonesia, tapi dampaknya dirasakan di tetangga-tetangga kita. Jadi mereka ingin bantu kita, dan kita terima dengan baik,"" ujar Prabowo.
Dalam waktu dekat Malaysia akan kirim satu pesawat dan tiga helikopter, serta 52 anggota tim pemadam kebakaran. Bantuan semacam ini juga pernah dilakukan berapa tahun yang lalu.
""Saya sedang menyusun langkah-langkah pencegahan menyeluruh supaya tidak tiap beberapa tahun muncul lagi, muncul lagi. Saya kira demikian,"" ujar Prabowo.
(hal/ara)",finance
140,"Kesehatan menjadi bagian penting dalam menjaga kualitas hidup, terutama di tengah aktivitas dan mobilitas yang semakin tinggi. Perhatian terhadap kesehatan bukan hanya soal mendapatkan perawatan saat dibutuhkan, tetapi juga langkah preventif dan akses terhadap layanan kesehatan premium yang berkualitas.
Sebagai bentuk apresiasi kepada nasabah terpilih, BRI Private dan BRI Prioritas menghadirkan privilege kesehatan nasabah melalui kerja sama dengan RSPI Group. Privilege BRI Private ini menjadi wujud komitmen BRI Private dalam memberikan care beyond banking bagi nasabah.
BRI Private dan BRI Prioritas x RSPI Group Hadirkan Layanan Kesehatan Eksklusif
Kolaborasi BRI Private RSPI ini menghadirkan akses terhadap berbagai layanan kesehatan eksklusif dengan special offers dan fasilitas eksklusif di jaringan RSPI Group. RSPI Group dikenal sebagai jaringan rumah sakit swasta modern dengan fasilitas medis lengkap dan tenaga profesional berpengalaman.
Bagi BRI Private, kesehatan dan wellbeing merupakan bagian tak terpisahkan dari gaya hidup nasabah premium. Privilege kesehatan BRI ini menegaskan bahwa BRI Private hadir sebagai partner dalam berbagai aspek kehidupan nasabah, tidak hanya dalam urusan finansial.
Promo Executive Health Checkup untuk Langkah Preventif yang Lebih Optimal
Pemeriksaan kesehatan secara berkala menjadi langkah preventif yang penting, khususnya bagi nasabah dengan mobilitas tinggi. Melalui promo Executive Health Checkup ini, nasabah pemegang Kartu Debit BRI Private memperoleh potongan harga 15%, sementara nasabah BRI Prioritas memperoleh potongan harga 10% untuk layanan Executive Health Checkup Jakarta di RSPI Group.
Pengalaman Rawat Inap dengan Privilege Lebih di Promo Rumah Sakit Jakarta Ini
Privilege turut hadir bagi nasabah yang membutuhkan perawatan rawat inap. Nasabah mendapatkan potongan harga 10% untuk kamar VVIP, Junior Suite, dan Suite, lengkap dengan complimentary gift serta layanan penjemputan ambulans gratis dengan radius maksimal 20 km.
Kemudahan Cicilan 0% RSPI untuk Nasabah
Bagi pemegang Kartu Kredit BRI, tersedia fasilitas cicilan 0% RSPI hingga 12 bulan sesuai tiering yang berlaku. Pembayaran dapat dilakukan melalui Kartu Debit BRI, Kartu Kredit BRI via EDC BRI, maupun transfer ke rekening BRI.
Jaringan RSPI Pondok Indah, RSPI Puri Indah, dan RSPI Bintaro Jaya
Privilege ini dapat dinikmati nasabah di tiga rumah sakit dalam jaringan RSPI Group. Ketiganya adalah RSPI Pondok Indah di Jakarta Selatan, RSPI Puri Indah di Jakarta Barat, dan RSPI Bintaro Jaya di Tangerang Selatan.
Benefit BRI Private dan BRI Prioritas yang Melengkapi Gaya Hidup Nasabah
Privilege kesehatan ini melengkapi positioning BRI Private sebagai layanan yang memahami kebutuhan nasabah secara menyeluruh. Akses terhadap layanan kesehatan berkualitas menjadi salah satu bentuk apresiasi BRI Private kepada nasabah dan keluarga.
Periode Program dan Cara Mendapatkan Privilege
Program privilege BRI Private dan BRI Prioritas RSPI ini berlangsung mulai 01 September 2026 hingga 31 Agustus 2027. Nasabah wajib menunjukkan Kartu Debit BRI Private saat registrasi atau transaksi layanan untuk mendapatkan privilege sesuai ketentuan yang berlaku.
Melalui privilege BRI Private dan BRI Prioritas x RSPI Group, BRI menghadirkan bentuk apresiasi yang melampaui kebutuhan perbankan. Nasabah dan keluarga mendapatkan akses terhadap layanan kesehatan eksklusif serta fasilitas yang mendukung wellbeing mereka.
Jadikan kesehatan bagian dari prioritas Anda bersama privilege BRI Private, cek informasi lengkapnya di sini.
(akn/ega)",finance
141,"Kewajiban surat utang pemerintah yang berkaitan dengan Bantuan Likuiditas Bank Indonesia (BLBI) pada masa krisis 1997-1998 dinyatakan lunas. Penyelesaian dilakukan pada Agustus 2026 dengan memanfaatkan surplus Bank Indonesia (BI).
Menteri Keuangan Suahasil Nazara menjelaskan, pemerintah menerbitkan berbagai jenis obligasi ketika menangani krisis 1997-1998. Secara keseluruhan nilainya saat itu mencapai sekitar Rp 640 triliun.
Menurutnya beberapa kewajiban tersebut memiliki waktu pelunasan yang berbeda. Obligasi rekap telah lunas pada Juli 2020, sedangkan kewajiban surat utang terkait BLBI baru diselesaikan pada Agustus 2026.
""Kalau kita lihat lagi sejarah 30 tahun yang lalu itu, ketika menangani krisis 97-98, pemerintah itu mengeluarkan total obligasi mencapai Rp 640 triliun saat itu.Dan kita membayar kembali itu. Dan kalau untuk beberapa jenis obligasi kita keluarkan saat itu, ada yang sudah lunas di Juli 2020, ada yang lunas di kemarin,""kata Suahasil dalam konferensi pers APBN KiTA di Kementerian Keuangan, Jumat (18/9/2026).
Suahasil menyebut jumlah surplus BI berdasarkan hasil audit laporan keuangan 2025 mencapai Rp 55 triliun.Mengacu pada ketentuan yang berlaku, surplus BI tersebut kemudian disetorkan ke kas negara.
""Saat ini dengan adanya surplus BI Rp 55 triliun yang telah digunakan untuk membayar kembali kewajiban surat utang dalam rangka BLBI zaman dahulu, itu sekarang surat utang yang dalam rangka penanganan krisis 97-98 kemarin tuntas kita selesaikan di bulan Agustus,"" terang dia.
Surplus BI dimasukkan sebagai Kekayaan Negara Dipisahkan (KND). Berdasarkan peraturan perundang-undangan, surplus BI salah satunya memang digunakan untuk menyelesaikan kewajiban surat utang negara yang diterbitkan dalam rangka penanganan krisis 1997-1998.
""Penggunaannya diatur untuk membayar kewajiban atau membayar penyelesaian kewajiban surat utang. Surat utang Republik Indonesia, surat utang negara,yang ketika itu dikeluarkan dalam rangka penanganan krisis 97-98.Nah di dalam bukunya Bank Indonesia itu ada terus. Setiap kali ada surplus kita bayar, ada surplus kita bayar,"" tutup Suahasil.
(ily/acd)",finance
142,"Direktur Jenderal Pajak (Dirjen) Bimo Wijayanto memastikan tidak ada kenaikan pajak pertambahan nilai (PPN). Tarif PPN yang berlaku secara efektif saat ini sebesar 11% untuk barang/jasa non-mewah.
""Enggak ada, enggak ada,"" kata Bimo saat ditemui di Kantor Kementerian Keuangan (Kemenkeu), Jakarta, Jumat (18/9/2026).
Hingga 31 Agustus, penerimaan pajak mencapai Rp 1.409 triliun atau 59,8% dari target yang ditetapkan APBN sepanjang tahun ini. Angka tersebut tumbuh 24,1% jika dibandingkan dengan periode yang sama pada tahun sebelumnya.
Secara rinci, PPh nonmigas tumbuh 16,6% atau mencapai Rp 722,2 triliun, PPN & PPnBM naik 38,9% atau mencapai Rp 591,5 triliun, serta PPh migas tumbuh 63,8% atau mencapai Rp 39 triliun. Namun, PBB dan pajak lainnya mengalami penurunan 15,7% atau hanya mencapai Rp 56,4 triliun.
Menteri Keuangan Suahasil Nazara mengatakan penerimaan pajak terus tumbuh sejalan dengan aktivitas ekonomi dan penerapan Coretax yang makin membaik.
""Penerimaan pajak itu terus tumbuh sejalan dengan aktivitas ekonomi yang terus meningkat, pertumbuhan yang ada, transaksinya ada, kita lihat permintaan semen itu tumbuh, permintaan listrik itu tumbuh, permintaan mobil dan motor itu tumbuh. Berarti aktivitas ekonomi itu tumbuh, karena itu pajak juga menerima,"" kata ia dalam konferensi pers APBNKita, di kantornya, Jakarta Pusat, Jumat (18/9).
(acd/acd)",finance
143,"Menteri Keuangan (Menkeu) Suahasil Nazara menyampaikan pembatalan perombakan pejabat di lingkungan Direktorat Jenderal Pajak (DJP) dan Direktorat Jenderal Bea dan Cukai (DJBC) mulai dibahas. Perombakan pejabat ini dilakukan oleh Purbaya Yudhi Sadewa saat menjabat sebagai Menteri Keuangan.
Terkait perombakan itu, Direktur Jenderal Pajak Bimo Wijayanto dan Direktur Jenderal Bea dan Cukai Djaka Budhi Utama meminta kepada Suahasil agar dibatalkan.
""Sudah itu, lagi dibicarakan kayaknya,"" ujar Suahasil saat ditemui di Kementerian Keuangan, Jakarta, Jumat (18/9/2026).
Saat ditanya mengenai kemungkinan perombakan pejabat era sebelumnya ini benar-benar akan dibatalkan serta soal adanya nama-nama 'ajaib' yang disebut Bimo, Suahasil enggan berkomentar banyak. Ia meminta agar menunggu keputusan finalnya saja.
""Nanti aja, kalau sudah jadi,"" jelas ia.
Sementara itu, Dirjen Pajak Bimo Wijayanto mengatakan perombakan yang terjadi merupakan rotasi biasa. Saat ini, pihaknya akan membahas secara internal terkait rotasi tersebut.
""Rotasi biasa, rotasinya biasa. Ini mau saya rapatin, saya enggak bisa ngomong, baru mau rapat,"" kata Bimo.
Ketika ditanyai mengenai sosok di balik nama ajaib yang disebutnya, Bimo meresponsnya dengan bergurau. ""Ajaib, ajaib, ajaib, ajaib,"" sahut ia.
Sebelumnya, Bimo menyatakan terdapat nama-nama 'ajaib' yang masuk usai perombakan tersebut. Perombakan ratusan pejabat Kementerian Keuangan dilakukan Purbaya pada Kamis 10 September 2026.
Mayoritas perombakan menyasar Direktorat Jenderal (Ditjen) Bea Cukai dan Ditjen Pajak. Perombakan terjadi pada pejabat Pimpinan Tinggi Pratama, Pejabat Administrator, Pejabat Pengawas, Pejabat Fungsional, dan Pejabat pada Unit Organisasi Non Eselon Kemenkeu.
""Itu kan usulan kita, rotasi itu. Cuma memang ada beberapa yang nama-nama 'ajaib' yang tidak ikut proses assessment talent management,"" ujar Bimo saat ditemui usai acara International Tax Conference di kantor pusat DJP, Jakarta Selatan, Rabu (16/9).
Alhasil, Bimo mengaku, bersama Dirjen Bea Cukai Djaka Budhi Utama, telah meminta perombakan dibatalkan.
""Kemudian itu yang membuat saya dan Dirjen Bea Cukai meminta untuk ditunda dahulu, dibatalkan, karena sinyalnya nggak bagus bagi pasukan yang lain, yang ikut susah payah ikut assessment, ikut ujian, ikut talent management,"" tegas Bimo.
(acd/acd)",finance
144,"Presiden Prabowo Subianto mengaku telah disumpah sejak kecil untuk menjadikan Indonesia sejahtera. Dalam sumpahnya, ia mengaku ingin melihat rakyat Indonesia sejahtera dan terlepas dari kelaparan.
""Saya dari kecil, saya disumpah, saya siap waktu itu 18 tahun saya siap mati untuk negara ini. Saya ingin membela bangsa saya, untuk melihat suatu saat Indonesia terhormat, rakyat Indonesia sejahtera, tidak ada orang lapar di Indonesia,"" ujar Prabowo dalam sambutannya di HUT ke-28 Partai Amanat Nasional, dikutip dari YouTube PAN TV, Jumat (18/9/2026).
Prabowo juga mengaku ingin melihat keluarga-keluarga Indonesia tidak bingung jika salah satu anggota keluarganya sakit. Ia juga tidak ingin melihat anak-anak Indonesia berangkat sekolah dalam kondisi lapar.
Ia menegaskan keinginannya agar anak-anak Indonesia dapat tumbuh dengan asupan gizi yang cukup. Prabowo juga berharap Indonesia dapat terbebas dari masalah stunting.
""Tidak ada anak-anak Indonesia yang berangkat sekolah kelaparan, tidak anak-anak Indonesia yang stunting yang tidak dapat gizi, sehingga tulangnya lemah, ototnya lemah, sel otaknya lemah, tidak bisa bersaing dengan anak-anak bangsa lain, saya tidak ingin lihat itu,"" tegasnya.
Lebih lanjut, Prabowo menegaskan tidak ingin anak-anak Indonesia tertinggal dan kalah bersaing dengan anak-anak dari negara lain. Karena itu, ia berkomitmen untuk terus mendorong terwujudnya Indonesia yang lebih sejahtera.
""Saya bersumpah untuk melihat Indonesia sejahtera. itu sumpah saya,"" pungkasnya.
(hns/hns)",finance
145,"Presiden Prabowo Subianto menyebut sejumlah Badan Usaha Milik Negara (BUMN) berhasil membalikkan kinerja keuangannya dari rugi menjadi untung. Hal tersebut menjadi capaian pemerintahan yang dipimpinnya.
Prabowo bahkan menyebut rata-rata pertumbuhan laba BUMN lebih dari dua digit. Salah satunya PT Pupuk Indonesia (Persero), yang menurutnya berhasil membalikan rugi menjadi untung.
""PT Pupuk yang dari dulu mengalami kerugian, sekarang naik keuntungannya 252%. PT Pupuk Indonesia naik,"" ungkap Prabowo dalam sambutannya di HUT ke-28 Partai Amanat Nasional, dikutip dari YouTube PAN TV, Jumat (18/9/2026).
Selain itu, Prabowo juga menyebut PT Perkebunan Nusantara (Persero) juga mencatat pertumbuhan laba hingga 54%. Selain itu, PT Pertamina (Persero) juga mencatat pertumbuhan laba sebesar 86%.
""Pertamina untungnya naik 86%,"" tegasnya.
| Baca juga: Prabowo Klaim Harga Pupuk Turun! | 
Kemudian PT Pegadaian juga mencatat kenaikan laba hingga 84% dan PT Semen Indonesia (Persero) Tbk juga naik bahkan hingga 400%.
Selanjutnya, Prabowo mengatakan saat kehadiran Badan Pengelola Investasi (BPI) Daya Anagata Nusantara (Danantara) berhasil menaikan kekayaan Indonesia.
""Indonesia punya sekarang Danantara, kekuatan semua kekayaan negara kita pusatkan, kita konsolidasikan, dan penghasilannya dalam satu setengah tahun naik 400%,"" pungkasnya.
(hns/hns)",finance
146,"Badan Pengelola Investasi (BPI) Daya Anagara Nusantara (Danantara) mencatatkan kinerja keuangan positif sepanjang satu setengah tahun berdiri. Hal ini disampaikan Presiden Prabowo Subianto dalam sambutannya di acara HUT ke-28 Partai Amanat Nasional (PAN).
Prabowo mengatakan, Danantara adalah badan yang mengelola kekayaan pertama dalam sejarah Indonesia. Ia menyebut, seluruh kekayaan yang dikonsolidasikan berhasil mencetak pertumbuhan penghasilan mencapai 400%.
""Danantara, pertama kali dalam sejarah Indonesia, Indonesia punya sekarang Danantara, kekuatan semua kekayaan negara kita pusatkan, kita konsolidasikan, dan penghasilannya dalam satu setengah tahun naik 400%,"" ujar Prabowo sambutannya, dikutip dari YouTube PAN TV, Jumat (18/9/2026).
Prabowo mengatakan, kenaikan penghasilan Danantara adalah bukti nyata capaian yang diraih pemerintah. Di sisi lain, Prabowo juga menyebut rata-rata pertumbuhan laba BUMN lebih dari dua digit.
Salah satunya PT Pupuk Indonesia (Persero), di mana ia menyebut berhasil membalikkan rugi menjadi laba dengan pertumbuhan mencapai 252%.
""PT Pupuk yang dari dulu mengalami kerugian, sekarang naik keuntungannya 252%. PT Pupuk Indonesia naik,"" jelasnya.
Selain itu, Prabowo juga menyebut PT Perkebunan Nusantara (Persero) juga mencatat pertumbuhan laba hingga 54%, PT Pertamina (Persero) juga mencatat pertumbuhan laba sebesar 86%, PT Pegadaian juga mencatat kenaikan laba hingga 84% dan PT Semen Indonesia (Persero) Tbk juga naik bahkan hingga 400%.
(hns/hns)",finance
147,"Presiden Prabowo Subianto mengklaim nilai kekayaan Indonesia mencapai lebih dari US$ 1.000 triliun atau sekitar Rp 17.828 triliun (asumsi kurs Rp 17.828/US$). Hal tersebut ia ungkap dalam pidatonya di acara HUT ke-28 Partai Amanat Nasional (PAN).
""Kekayaan kita nilainya lebih dari 1.000 triliun dolar Amerika,"" ujar Prabowo sambutannya, dikutip dari YouTube PAN TV, Jumat (18/9/2026).
Prabowo meyakini total kekayaan Indonesia dapat terus tumbuh lebih tinggi dalam rentang 3-4 tahun ke depan. Ia mengaku telah mempelajari seluruh angka-angka terkait kekayaan Indonesia.
""Saya percaya dan saya yakin 3-4 tahun lagi kekayaan ini akan naik saudara-saudara sekalian. Saya sudah pelajari angka-angkanya,"" jelasnya.
Prabowo menerangkan, pemerintah telah mencetak sejumlah pencapaian selama kurang dari dua tahun bekerja. Salah satu yang paling menonjol adalah mencapai swasembada untuk 8 komoditas pangan.
Di sisi lain, pemerintah juga telah membangun infrastruktur di desa-desa. Pembangunan ini mencakup lebih dari 1.000 kilometer jaringan irigasi dan membangun hampir 4.000 jembatan di desa.
""Ini salah satu apa pencapaian kita yang menonjol, menonjol, kita sudah swasembada 8 komoditas pangan dalam satu tahun. Kita sudah membangun hampir 4.000 jembatan, sampai akhir tahun 5.000 jembatan di desa,"" pungkas Prabowo.
(hns/hns)",finance
148,"Badan Pusat Statistik (BPS) resmi merilis Klasifikasi Baku Jabatan Indonesia (KBJI) 2026 yang memuat lebih banyak jenis jabatan seusai dengan perkembangan dunia kerja saat ini.
KBJI 2026 ditetapkan melalui Peraturan BPS Nomor 7 Tahun 2026 yang ditetapkan pada 8 September 2026 dan diundangkan pada 14 September 2026. Di mana KBJI ini merupakan pemutakhiran KBJI yang telah terbit tahun 2014 lalu.
Kepala BPS Amalia Adininggar Widyasanti menjelaskan, pemutakhiran KBJI ini diperlukan untuk menangkap perubahan jenis pekerjaan yang berkembang pesat, termasuk munculnya digital jobs dan green jobs.
Selain itu, KBJI yang mutakhir ini diperlukan untuk mendukung standardisasi, integrasi, dan keterbandingan statistik ketenagakerjaan, sekaligus menjadi rujukan tunggal bagi kegiatan sensus, kegiatan survei, dan integrasi data administrasi lintas sektor terkait ketenagakerjaan.
""Sehingga dengan demikian, baik data-data administrasi, data sensus, ataupun survei yang dilakukan oleh BPS dan data-data administrasi maupun registrasi yang disediakan oleh kementerian-kementerian terkait termasuk Kementerian Ketenagakerjaan bisa mengacu kepada standar klasifikasi yang sama, sehingga nanti begitu data-data tersebut diintegrasikan bisa lebih koheren dan konsisten,"" ujar Amalia dalam acara rilis KBJI di Kantor BPS, Jakarta Pusat, Jumat (18/9/2026).
Amalia menjelaskan dalam KBJI 2026, jumlah golongan pokok kodenya tetap sama. Namun, pada level subgolongan dan jabatan telah terdapat penyesuaian jumlah klasifikasi.
Jumlah subgolongan meningkat dari 446 menjadi 449. Sementara jumlah jabatan bertambah 243, dari sebelumnya 2.137 jabatan pada KBJI 2014 menjadi 2.380 jabatan.
""Pemutakhiran ini menunjukkan semakin rincinya klasifikasi jabatan ini diperlukan dan kami upayakan untuk dihadirkan, sehingga bisa menangkap perkembangan dunia kerja dan untuk mendukung kebutuhan data ketenagakerjaan nasional,"" ujarnya.
Amalia menambahkan, KBJI juga akan dimanfaatkan dalam diseminasi data ketenagakerjaan sehingga menjadi lebih informatif. Di mana KBJI nantinya dapat membantu menyesuaikan data jabatan dan memperkuat keterhubungan informasi ketenagakerjaan dalam data Siap Kerja dengan Sakernas BPS.
Berbagai jabatan baru seiring perkembangan dunia kerja dalam KBJI, mulai dari sektor pariwisata, sektor kesehatan, sektor ekonomi kreatif, sektor green job, sektor digital job.
Daftar Jabatan Baru yang Masuk KBJI 2026:
1. Sektor Pariwisata
Pada sektor ini, muncul berbagai jenis pekerjaan baru yang sebelumnya belum banyak dikenal. Misalnya, Ahli Cagar Budaya, Dosen Ilmu Pariwisata, Terapis Spa, Edukator Museum, dan Registrar Museum
2. Sektor Kesehatan
Dalam KBJI 2026, sektor kesehatan mengakomodasi jabatan-jabatan yang semakin spesifik, misalnya, Dokter Spesialis Kedokteran Olahraga, Dokter Spesialis Mikrobiologi Klinik, Dokter Spesialis Bedah Plastik, dan Ahli Kapasitas Fisik.
3. Sektor Ekonomi Kreatif
Dalam KBJI 2026, orang yang sering membuat konten dan telah menghasilkan pendapatan maka pekerjaannya ialah Pembuat Konten Layanan Berbagi Video. Selain itu ada jabatan baru yakni Desainer Fashion.
4. Sektor Green Job
Dalam KBJI 2026 juga mengakomodasi jabatan-jabatan yang semakin spesifik, seperti Analis Cadangan Biomasa Karbon, Teknisi Daur Ulang Limbah, dan Operator Press Material Daur Ulang.
5. Sektor Digital Jobs
Untuk sektor ini dalam KBJI 2026 terdapat jabatan baru untuk orang yang mempunyai bergelut di bidang IT. Misalnya, Analis Kriptografi, Spesialis Keamanan Siber, dan Perancang Antarmuka Web dan Digital.
(hrp/fdl)",finance
149,"Warren Buffett secara resmi mengumumkan pengunduran dirinya sebagai Chairman Berkshire Hathaway. Namun ia akan tetap berada di dewan direksi untuk menjabat sebagai ketua emeritus.
Bersamaan dengan pengunduran diri itu, posisi ketua atau chairman Berkshire akan diduduki oleh putra Buffett, Howard. Dirinya telah menjadi anggota dewan direksi sejak 1993.
Perubahan susunan dewan perusahaan ini menjadi kelanjutan dari proses suksesi di Berkshire. Sebelumnya Buffett telah menyerahkan posisi Chief Executive Officer (CEO) kepada Greg Abel pada awal 2026, setelah mengumumkan rencana pengunduran dirinya pada Mei 2025.
Buffett mengatakan bahwa pengunduran diri ini sebagian dilakukan karena CEO Greg Abel telah bekerja melampaui harapannya. Namun, ia juga mengakui usia juga menjadi alasan utama lainnya.
Bahkan dalam surat kepada para pemegang saham Berkshire, ia menyebutkan bahwa cicitnya yang baru saja berusia satu tahun kini sudah bisa bergerak sedikit lebih cepat daripada Buffett akhir-akhir ini.
""Waktu selalu menang. Namun, Ia telah bermurah hati kepada saya. Ia telah memberi saya kesempatan untuk melihat Berkshire mencapai titik di mana saya lebih yakin dari sebelumnya tentang apa yang ada di depan,"" tulis Buffett dalam surat kepada para pemegang saham seperti dikutip dari CNN, Sabtu (19/9/2026).
Beruntung, saham Berkshire (BRK.A) tidak mengalami banyak perubahan setelah pengumuman pengunduran diri Buffett tersebut.
""Pengaruh Warren terhadap Berkshire dan para pemiliknya tidak tertandingi dalam sejarah bisnis Amerika,"" puji penerus Buffett, Abel, dalam sebuah pernyataan.
Berkshire Hathaway
Sebagai informasi, Buffett telah berhasil membangun Berkshire Hathaway sebagai salah satu perusahaan bank investasi paling berharga di dunia. Berdasarkan pada teori investasi nilai, operasional bank yang dipimpin Buffett selalu jauh melampaui kinerja pasar secara keseluruhan.
Buffett memulai kariernya pada tahun 1951 sebagai tenaga penjualan untuk Buffett, Falk, & Co., perusahaan investasi milik ayahnya. Setelah bekerja sebentar sebagai analis sekuritas di Graham-Newman Corp. di New York, ia kembali ke Omaha dan mendirikan perusahaan investasinya sendiri pada tahun 1956.
Pada 1962, ia mulai membeli saham di Berkshire Hathaway, yang saat itu merupakan produsen tekstil yang sedang berjuang di New Bedford, Massachusetts. Ia memperoleh saham pengendali perusahaan tersebut pada tahun 1965, dan empat tahun kemudian membubarkan perusahaan investasinya dan menjadikan Berkshire sebagai wahana investasi utamanya.
Berkshire berkembang menjadi perusahaan yang sangat sukses dan terdiversifikasi, memiliki perusahaan asuransi GEICO, perusahaan kereta api barang Burlington Northern Santa Fe, produsen pakaian Fruit of the Loom, dan jaringan toko es krim Dairy Queen. Selama masa kepemimpinan Buffett, nilai pasar Berkshire selalu tumbuh dengan rata-rata tingkat tahunan sebesar 19%, jauh melampaui pasar secara keseluruhan.
Berkat itu ia yang dikenal sebagai ""Oracle of Omaha"" juga berhasil menjadi salah satu orang paling tajir di dunia. Terakhir dirinya menduduki posisi sebagai orang terkaya ke-10 di dunia dan salah satu filantropis paling dermawan. Dengan kekayaan bersihnya mencapai US$ 145 miliar atau Rp 2.574.91 triliun (asumsi kurs Rp 17.785/dolar AS).",finance
150,"PT Bank Negara Indonesia (Persero) Tbk atau BNI mendukung penyelenggaraan Jatinangor Music Fest yang digelar Ikatan Alumni Universitas Padjadjaran (IKA Unpad). Gelaran ini sebagai bagian dari rangkaian Homecoming Festival dalam rangka Dies Natalis ke-69 Universitas Padjadjaran.
Dukungan tersebut menjadi bagian dari upaya BNI memperkuat perannya sebagai mitra perbankan Unpad sekaligus menghadirkan layanan keuangan yang dekat dengan aktivitas mahasiswa, sivitas akademika, dan alumni.
Jatinangor Music Fest akan berlangsung pada Sabtu, 19 September 2026 di Lapangan Merah Unpad, Jatinangor, Sumedang, Jawa Barat (Jabar). Acara tersebut menghadirkan Bernadya, Maliq & D'Essentials, dan Dewa 19 serta menjadi ruang perjumpaan mahasiswa, alumni, dan masyarakat melalui musik dan berbagai aktivitas di lingkungan kampus.
Corporate Secretary BNI, Okki Rushartomo mengatakan dukungan BNI terhadap Jatinangor Music Fest menjadi bagian dari upaya perseroan untuk hadir lebih dekat dengan generasi muda sekaligus memperluas kolaborasi dengan institusi pendidikan dan komunitas alumni.
""BNI memandang lingkungan kampus sebagai ruang penting untuk membangun hubungan jangka panjang dengan mahasiswa, sivitas akademika, dan alumni. Melalui Jatinangor Music Fest, kami ingin menghadirkan layanan perbankan digital yang dapat mendukung kebutuhan transaksi dan aktivitas sehari-hari,"" ujar Okki dalam keterangan tertulis, Sabtu (19/9/2026).
Selama festival, BNI menghadirkan Booth BNI dan BNI Music Lounge sebagai ruang interaksi dengan pengunjung. Melalui booth tersebut, pengunjung dapat membuka rekening wondr by BNI, mengajukan Kartu Kredit BNI, serta memanfaatkan berbagai promo transaksi digital.
Pengunjung berkesempatan memperoleh reward hingga Rp100.000 untuk pembukaan rekening wondr by BNI, cashback hingga Rp500.000 untuk pengajuan Kartu Kredit BNI melalui wondr by BNI, serta potongan langsung Rp5.000 untuk transaksi menggunakan QRIS wondr by BNI, sesuai dengan syarat dan ketentuan yang berlaku.
Selain itu, BNI juga menyediakan infrastruktur pembayaran bagi seluruh tenant melalui QRIS dan mesin Electronic Data Capture (EDC) BNI. Dukungan tersebut diharapkan membantu kelancaran transaksi non-tunai selama festival sekaligus memperluas penggunaan layanan pembayaran digital di lingkungan kampus.
Okki menambahkan, dukungan BNI tidak hanya ditujukan kepada pengunjung, tetapi juga kepada pelaku usaha dan tenant yang menjadi bagian dari kegiatan tersebut.
""BNI ingin hadir tidak hanya sebagai mitra transaksi, tetapi juga sebagai bagian dari aktivitas generasi muda. Melalui dukungan layanan digital dan pembayaran, kami berharap dapat memberikan kemudahan bagi pengunjung sekaligus membantu tenant menjalankan aktivitas usahanya selama festival,"" kata Okki.
Sebagai mitra perbankan Universitas Padjadjaran, BNI terus membuka ruang kolaborasi dengan Unpad dan IKA Unpad melalui berbagai kegiatan yang mendukung kebutuhan mahasiswa, alumni, dan komunitas kampus.
Informasi mengenai promo dan aktivitas BNI selama Jatinangor Music Fest dapat diakses melalui bni.id/JMF2026, sementara informasi mengenai jadwal dan rangkaian acara tersedia melalui akun Instagram resmi @jatinangormusicfest.
(anl/ega)",finance
151,"Pemerintahan Amerika Serikat (AS) telah menyetujui rencana penjualan paket bantuan pesawat tempur F-35 senilai US$ 24,3 miliar atau Rp 431,51 triliun (kurs Rp 17.758) kepada Arab Saudi. Penjualan ini ditujukan untuk membantu Arab Saudi menghadapi serangan milisi Houthi yang didukung Iran di Yaman.
Dalam rencana penjualan yang diumumkan pada Kamis (17/9) kemarin, paket bantuan ini mencakup penjualan 48 pesawat tempur F-35 yang diproduksi oleh Lockheed Martin, serta 49 mesin Pratt & Whitney dan suku cadang lainnya.
""Penjualan yang diusulkan ini akan mendukung kebijakan luar negeri dan tujuan keamanan nasional Amerika Serikat dengan meningkatkan keamanan sekutu utama non-NATO yang merupakan kekuatan untuk stabilitas politik dan kemajuan ekonomi di kawasan Teluk,"" kata Kementerian Luar Negeri AS dalam sebuah pernyataan seperti dikutip dari CNBC, Sabtu (19/9/2026).
Pengumuman penjualan ini disampaikan seiring meningkatnya intensitas serangan yang dilakukan kelompok Houthi baru-baru ini terhadap Arab Saudi. Bahkan kelompok ini juga sempat melancarkan serangan darat kilat untuk menguasai Selat Bab el-Mandeb, sebuah titik strategis penting untuk jalur minyak.
Atas dasar inilah pemerintahan Presiden AS Donald Trump menegaskan kesepakatan tersebut akan secara signifikan membantu meningkatkan kemampuan Arab Saudi untuk mencegah ancaman.
Meski dalam hal ini AS menegaskan bantuan pembelian unit jet tempur itu tidak akan mengubah keseimbangan militer di kawasan itu. Hal ini merujuk pada kebijakan AS yang sudah lama berlaku bahwa Israel harus mempertahankan keunggulan militer atas calon pesaing di Timur Tengah.
Di luar itu, Trump sempat memuji Arab Saudi dan para pemimpinnya pada Mei 2025 lalu setelah Gedung Putih melaporkan komitmen kerajaan itu untuk berinvestasi sebesar US$ 600 miliar dalam serangkaian kesepakatan dengan AS.
Di antara kesepakatan tersebut terdapat kesepakatan penjualan sektor pertahanan senilai hampir US$ 142 miliar yang menurut Gedung Putih kala itu akan menyediakan peralatan dan layanan peperangan mutakhir dari lebih dari selusin perusahaan pertahanan AS.
Lebih lanjut, Trump juga memiliki hubungan yang cukup dekat dengan Putra Mahkota Arab Saudi Mohammed bin Salman, telah menyambut putra mahkota tersebut di Gedung Putih pada November lalu.
(igo/ara)",finance
152,"Harga emas Antam naik cukup signifikan, melanjutkan tren penguatan nilai logam mulia dalam negeri. Harga emas Antam 24 karat hari naik hingga Rp 15.000 per gram berada di level Rp 2.638.000 per gram.
Berdasarkan situs Logam Mulia Antam, Sabtu (19/9/2026), satuan harga emas hari ini ukuran terkecil yakni 0,5 gram berada di angka Rp 1.369.000. Sementara harga emas 10 gram dijual dengan harga Rp 25.875.000 dan ukuran emas terbesar yakni 1.000 gram (1 kg) dibanderol Rp 2.578.600.000.
Jika ditarik dalam sepekan terakhir, harga emas Antam berada dalam rentang Rp 2.592.000-2.638.000 per gram. Sementara dalam sebulan terakhir, harga emas Antam bergerak dalam rentang Rp 2.592.000-2.768.000 per gram.
| Baca juga: Orang RI Punya Kebiasaan Aneh Saat Beli Emas | 
Buyback Emas
Harga emas hari ini untuk buyback emas Antam juga naik Rp 15.000 dan berada di level Rp 2.473.000 per gram. Harga buyback adalah jika Anda ingin menjual emas, maka Antam akan membelinya dengan harga tersebut.
Sesuai Peraturan Menteri Keuangan (PMK) Nomor 34 Tahun 2017, pembelian emas batangan akan dikenakan PPh 22 sebesar 0,9%. Jika ingin mendapatkan potongan pajak lebih rendah sebesar 0,45%, harus menyertakan NPWP untuk transaksinya.
Rincian Harga Emas Hari Ini
Harga emas 0,5 gram: Rp 1.369.000
Harga emas 1 gram: Rp 2.638.000
Harga emas 2 gram Rp 5.216.000
Harga emas 3 gram Rp 7.799.000
Harga emas 5 gram: Rp 12.965.000
Harga emas 10 gram: Rp 25.875.000
Harga emas 25 gram: Rp 64.562.000
Harga emas 50 gram: Rp 129.045.000
Harga emas 100 gram: Rp 258.012.000
Harga emas 250 gram: Rp 644.765.000
Harga emas 500 gram: Rp 1.289.320.000
Harga emas 1.000 gram: Rp 2.578.600.000
Demikian rincian harga emas hari ini keluaran Antam 1 gram hingga 1.000 gram, Sabtu (19/9/2026).
(igo/ara)",finance
153,"Tantangan El Niño dan kondisi lahan pesisir yang memiliki kadar garam (salinitas) tinggi tidak menghalangi produktivitas pertanian di Kabupaten Batang, Jawa Tengah. Kolaborasi PT Perusahaan Gas Negara (Persero) Tbk (PGN), Subholding Gas Pertamina, Badan Riset dan Inovasi Nasional (BRIN), dan Pemerintah Kabupaten Batang berhasil menghasilkan sekitar 166,5 ton gabah kering panen (GKP) dari budidaya Padi Biosalin dengan nilai ekonomi mencapai Rp1,3 miliar.
Hasil tersebut dipanen dalam Panen Raya Padi Biosalin di Kabupaten Batang, Jumat (18/9), melalui program CSR Pengembangan dan Budidaya Varietas Padi Biosalin dan Minapadi Salin pada Kawasan Salinitas Tinggi.
Capaian tersebut menjadi relevan di tengah kondisi iklim yang menantang. Berdasarkan data Badan Meteorologi, Klimatologi, dan Geofisika (BMKG), indeks ENSO rata-rata tiga bulanan periode Juli-September 2026 tercatat 2,6 atau berada pada kategori El Niño sangat kuat. Hingga Dasarian I September, sekitar 80,7 persen Zona Musim di Indonesia juga telah memasuki musim kemarau.
Kondisi tersebut menjadi tantangan bagi sektor pertanian, terutama di kawasan pesisir yang memiliki keterbatasan air dan menghadapi salinitas akibat pengaruh air laut maupun rob. Di Batang, kondisi tersebut sebelumnya membuat sebagian lahan pesisir tidak produktif selama 6 tahun.
Wakil Menteri Koordinator Bidang Pangan RI, Hanif Faisol Nurofiq mengatakan perubahan iklim, abrasi, dan rob menjadi tantangan bagi keberlanjutan lahan pertanian pesisir. Menurutnya, diperlukan langkah adaptasi dan mitigasi yang terintegrasi, termasuk melalui inovasi pertanian yang mampu beradaptasi dengan kondisi lahan salin.
Ia menilai pengembangan Padi Biosalin dan mina salin di Batang menunjukkan bahwa lahan dengan tingkat salinitas tinggi tetap dapat dimanfaatkan secara produktif melalui penerapan inovasi dan teknologi. ""Integrasi padi dan ikan juga rumput laut juga berpotensi menjadi model yang dapat dikembangkan sesuai karakteristik wilayah,"" ujar Hanif.
Bupati Batang, M. Faiz Kurniawan mengatakan tantangan perubahan iklim dan kondisi lingkungan pesisir membutuhkan kolaborasi lintas sektor. ""Kerjasama pemerintah, dunia usaha, lembaga riset, dan masyarakat dapat menghadirkan solusi yang sesuai dengan kebutuhan wilayah sekaligus memberikan manfaat ekonomi, lingkungan dan masyarakat khususnya petani,"" kata M. Faiz.
Anggota Dewan Pengarah BRIN, Tri Mumpuni menyampaikan bahwa keberhasilan panen kali ini adalah hasil dari gotong royong dan kolaborasi semua pihak baik pemerintah, akademisi, badan usaha, dan masyarakat. Secara khusus dia mengucapkan apresiasi kepada para petani yang gigih dan mau berjalan bersama mengaplikasi hasil rekayasa teknologi ini menjadi manfaat nyata buat masyarakat dan ketahanan pangan Batang.
Bangun Ekosistem Pesisir Berkelanjutan
Corporate Secretary PGN Fajriyah Usman mengatakan pengembangan Padi Biosalin merupakan bagian dari komitmen PGN menjalankan program tanggung jawab sosial CSR dan lingkungan yang menciptakan manfaat ekonomi sekaligus sosial bagi masyarakat.
Menurut Fajriyah, panen di Batang menunjukkan bahwa lahan yang sebelumnya tidak produktif dapat kembali dimanfaatkan dan memberikan nilai ekonomi bagi masyarakat dan membuka lapangan kerja melalui inovasi dan kolaborasi.
Program Padi Biosalin di Batang merupakan bagian dari kerja sama PGN dan BRIN yang telah dikembangkan di sejumlah wilayah pesisir. Sejak Desember 2024 hingga saat ini, pengembangannya telah mencapai sekitar 232 hektare di Semarang, Jepara, dan Batang.
Di Semarang, pengembangan dimulai pada Desember 2024 di wilayah pesisir Kelurahan Mangunharjo, Kecamatan Tugu. Dari tahap awal seluas 20 hektare, pengembangan mandiri terus berjalan sampai mencapai sekitar 180 hektare.
Sementara di Jepara, pengembangan dimulai pada September 2025 dengan penanaman 400 kilogram benih pada lahan awal seluas 5 hektare. Luasan kemudian diperluas menjadi sekitar 20 hektare dan telah mencapai panen pada lahan sekitar 22 hektare dengan produktivitas 6-8 ton per hektare.
Model tersebut juga mulai direplikasi di wilayah lain. Bibit Padi Biosalin 1 yang dikembangkan di Semarang telah diperluas ke Kabupaten Kendal dengan luasan sekitar 353 hektare.
Langkah mitigasi terhadap tantangan perubahan iklim juga dilakukan PGN melalui penguatan ketahanan pangan pesisir dengan upaya menjaga ekosistem. Sejak 2024, PGN grup turut mendukung penanaman sekitar 14 ribu mangrove di wilayah Batang, Kendal, dan Semarang untuk mendukung keberlanjutan lingkungan pesisir.
Fajriyah mengatakan pengalaman dari pengembangan di berbagai wilayah menunjukkan pentingnya menyesuaikan model budidaya dengan karakteristik lahan dan kebutuhan masyarakat. Karena itu, PGN bersama BRIN terus mendorong replikasi inovasi tersebut ke wilayah pesisir lainnya.
Melalui pengembangan tersebut, PGN berharap Padi Biosalin dapat menjadi salah satu model pemberdayaan masyarakat untuk meningkatkan produktivitas lahan pesisir sekaligus memperkuat ketahanan pangan dan ekonomi masyarakat.
""Dari lahan yang menghadapi keterbatasan, kita tumbuhkan produktivitas. Dari inovasi, kita hadirkan solusi. Dan melalui kolaborasi, kita ciptakan keberlanjutan yang manfaatnya dapat dirasakan masyarakat,"" tutup Fajriyah.
(fdl/fdl)",finance
154,"Bagi penggemar K-Pop, menyaksikan langsung MAMA Awards tentu menawarkan pengalaman berbeda dibanding hanya mengikuti keseruannya dari layar kaca. Apalagi jika kesempatan tersebut dilengkapi dengan pengalaman red carpet hingga menjelajahi Osaka, Jepang, bersama orang terdekat.
Kesempatan itu bisa menjadi lebih dekat melalui program 2026 MAMA Awards Top Spenders dari BRI. Program ini memberikan peluang bagi pemegang BRI Kartu Kredit Infinite Prioritas dan BRI Kartu Kredit Touch untuk mendapatkan hospitality package eksklusif. Nasabah berkesempatan untuk merasakan langsung kemeriahan MAMA Awards 2026 di Osaka.
Digelar selama 1-30 September 2026, program ini memungkinkan berbagai penggunaan kartu untuk kebutuhan sehari-hari maupun lifestyle ikut diakumulasikan. Nasabah yang memenuhi ketentuan dan mencatatkan total nilai transaksi tertinggi berkesempatan menjadi Top Spender serta menikmati pengalaman istimewa di Osaka bersama satu pendamping.
Apa Saja yang Didapat dari Hospitality Package MAMA Awards 2026?
Bukan sekadar kesempatan mendapatkan tiket MAMA Awards 2026, program ini menawarkan rangkaian pengalaman selama berada di Osaka. BRI menyediakan dua hospitality package, masing-masing diperuntukkan bagi satu pemenang dan satu pendamping.
Pemenang akan mendapatkan akomodasi selama 4 hari 3 malam, tiket MAMA Awards 2026, serta Red Carpet Experience untuk merasakan lebih dekat atmosfer salah satu ajang penghargaan musik K-Pop terbesar.
Hospitality package juga mencakup airport transfer dan transportasi lokal, Osaka city/shopping tour, welcome gifts dan merchandise, serta selected meals. Dengan rangkaian tersebut, perjalanan ke Jepang tidak hanya berpusat pada malam penyelenggaraan MAMA Awards, tetapi juga memberikan kesempatan menikmati Osaka bersama orang terdekat.
Perlu diperhatikan, tiket penerbangan tidak termasuk dalam hospitality package. Pengurusan visa serta biaya lain di luar fasilitas yang tercantum dalam paket juga menjadi tanggung jawab pemenang.
Bagaimana Cara Menjadi Top Spender MAMA Awards 2026?
Bagi pemegang BRI Kartu Kredit Infinite Prioritas dan BRI Kartu Kredit Touch yang ingin membuka kesempatan mendapatkan hospitality package tersebut, berikut mekanisme dan ketentuan program yang perlu diperhatikan:
- Ikuti program selama 1-30 September 2026, di mana akumulasi dihitung dari transaksi yang dilakukan selama periode tersebut.
- Capai minimum akumulasi transaksi Rp200 juta untuk masuk dalam bursa penentuan Top Spender.
- Maksimalkan nilai transaksi selama periode program, karena pemenang ditentukan berdasarkan total nilai transaksi tertinggi.
- Transaksi BRI Kartu Kredit Infinite Prioritas dan BRI Kartu Kredit Touch dapat digabungkan pada level nasabah (customer level).
- Pastikan transaksi sudah berstatus posted (berhasil dibukukan) hingga akhir periode.
- Transaksi pembelanjaan online maupun offline dapat dihitung selama memenuhi ketentuan program.
- Pastikan kartu utama dalam keadaan aktif, tidak terblokir, dan tidak memiliki tunggakan pembayaran.
- Program ini tidak berlaku bagi Pekerja BRI Group.
BRI berhak melakukan verifikasi serta mendiskualifikasi transaksi yang dinilai tidak wajar atau terindikasi fraud. Keputusan BRI terkait penentuan pemenang program ini bersifat mutlak dan final.
Dengan mekanisme tersebut, nasabah dapat mengoptimalkan penggunaan BRI Kartu Kredit untuk berbagai kebutuhan terencana. Transaksi ini mencakup pengeluaran shopping, dining, travel, lifestyle, hingga kebutuhan harian selama September 2026.
Bagaimana Memaksimalkan BRI Kartu Kredit Selama Periode Program?
Kartu kredit dapat menjadi bagian dari berbagai kebutuhan, mulai dari shopping, dining, travel, lifestyle, hingga pengeluaran sehari-hari. Karena itu, periode program dapat dimanfaatkan untuk mengoptimalkan penggunaan BRI Kartu Kredit pada berbagai rencana belanja.
Bagi pemegang BRI Kartu Kredit Infinite Prioritas maupun BRI Kartu Kredit Touch, penggunaan kartu selama September 2026 sekaligus dapat menambah nilai akumulasi. Dengan demikian, pemenuhan kebutuhan selama periode tersebut membuka peluang besar untuk masuk dalam jajaran Top Spender.
Seperti Apa Pengalaman MAMA Awards 2026 di Osaka?
Jika berhasil menjadi Top Spender, perjalanan menuju Osaka direncanakan berlangsung pada 19-22 November 2026. Jadwal ini mengikuti ketentuan final dari pihak Visa/CJ ENM dan penyelenggara resmi.
Bayangkan menjelajahi Osaka bersama orang pilihan, menikmati city dan shopping tour, lalu bersiap merasakan atmosfer Red Carpet MAMA Awards. Bagi K-Pop enthusiast, rangkaian ini dapat menjadi pengalaman berkesan (memorable) yang dinikmati bersama satu pendamping.
Kini, setiap penggunaan kartu selama periode program bisa menjadi bagian dari perjalanan menuju pengalaman yang lebih istimewa. Saatnya jadikan setiap transaksi lebih berarti bersama layanan perbankan BRI.
Yuk, gunakan BRI Kartu Kredit Infinite Prioritas atau BRI Kartu Kredit Touch dan maksimalkan transaksi selama periode program. Raih kesempatan menjadi Top Spender dan rasakan langsung pengalaman 2026 MAMA Awards di Osaka bersama BRI Kartu Kredit Anda!
(anl/ega)",finance
155,"Menteri Keuangan (Menkeu) Suahasil Nazara telah menyiapkan kanal aduan kinerja di lingkup Kementerian Keuangan (Kemnekeu) pengganti 'Lapor Pak Purbaya'. Dengan begitu masyarakat masih bisa melaporkan dugaan pelanggaran di lingkungan Kemenkeu untuk ditindaklanjuti.
""Masih bisa lapor nggak Pak ke Kementerian Keuangan? Bisa. Berbagai macam channel laporan terbuka,"" tegas Suahasil dalam Konferensi Pers APBN KiTa di Kementerian Keuangan, Jakarta Pusat, Jumat (18/9/2026) kemarin.
Seperti diketahui, sebelumnya Mantan Menkeu Purbaya Yudhi Sadewa sempat membuat kanal aduan bertajuk 'Lapor Pak Purbaya'. Kanal itu dinilai efektif dalam menjaring aduan dari masyarakat, terutama terkait kinerja Direktorat Jenderal Pajak dan Direktorat Jenderal Bea Cukai.
""Laporan pajak terbuka, laporan kepabeanan dan cukai terbuka. Biasanya dua ini yang seru ya. Laporan Kementerian Keuangan secara umum juga terbuka,"" ujarnya.
Lebih lanjut, Suahasil bahkan berencana untuk membuat daftar seluruh kanal aduan dan laporan yang sudah dimiliki Kemenkeu. Ia menegaskan seluruh aduan dan laporan ini nanti ditindaklanjuti secara institusional.
""Nanti karena saya tahu ini jadi concern, kalau perlu kita buatkan daftar channel untuk melaporkan segala sesuatu dan kita akan kerjakan itu secara institusional,"" tutur Suahasil.
Dalam hal ini, ia menegaskan seluruh aduan dan laporan dari kanal-kanal pengganti 'Lapor Pak Purbaya' ini secara langsung diawasi oleh Inspektur Jenderal Kemenkeu yang kini diduduki oleh Awan Nurmawan Nuh. Sehingga masyarakat tak perlu khawatir jika laporan atau aduannya tidak ditanggapi Kemenkeu.
""Tentu bakal ada yang nanya nih 'Pak lapor tapi nggak ditindaklanjuti'. Saya punya Inspektur Jenderal yang saya minta untuk melihat secara keseluruhan. Kalau ada laporan itu artinya apa? Dan kemudian nanti tentu kita tindaklanjuti sesuai ketentuan yang berlaku,"" terang Suahasil.
""Channel laporan di setiap unit eselon satu dan di kementerian keuangan secara keseluruhan, kita tetap buka. Dan kita undang untuk melaporkan lewat jalur-jalur tersebut,"" tegasnya.
(igo/ara)",finance
156,"PT Adhi Karya (Persero) Tbk (ADHI) memasuki tahap penting dalam proses penyehatan perusahaan melalui penandatanganan Master Restructuring Agreement (MRA) bersama lembaga keuangan kreditur. Kesepakatan ini menandai peralihan dari proses pembahasan menuju implementasi kerangka restrukturisasi yang lebih terstruktur dan terukur.
Melalui MRA, Perseroan dan para kreditur menyepakati kerangka penataan kembali kewajiban ADHI, termasuk pengaturan terkait struktur dan mekanisme penyelesaian kewajiban sesuai kesepakatan para pihak.
Langkah ini menjadi bagian dari rangkaian penyehatan menyeluruh untuk memperkuat struktur keuangan, menciptakan ruang likuiditas yang lebih sehat, serta menjaga keberlangsungan usaha Perseroan dalam jangka panjang.
Penandatanganan MRA juga tidak terlepas dari dukungan PT Danantara Asset Manajemen (Persero) dan kepercayaan lembaga keuangan kreditur yang menjadi bagian penting dalam proses restrukturisasi ADHI.
Direktur Utama ADHI, Moeharmein Zein Chaniago menyampaikan penandatanganan MRA menjadi awal dari tahapan implementasi yang membutuhkan komitmen dan konsistensi dari seluruh pihak.
""Kami optimis, dengan sinergi erat yang terjalin hari ini antara ADHI Karya, Danantara Asset Manajemen, dan lembaga perbankan kreditur, kita dapat membangun fundamental bisnis yang semakin sehat, menciptakan pertumbuhan yang lebih berkelanjutan di masa depan serta memberikan kontribusi yang lebih besar bagi pembangunan dan perekonomian bangsa yang kita cintai,"" ujar Moeharmein Zein Chaniago dalam keterangannya, Sabtu (19/9/2026).
Sejalan dengan proses restrukturisasi, ADHI melanjutkan agenda transformasi perusahaan dengan mengembalikan fokus pada bisnis inti engineering dan konstruksi. Perseroan juga terus mendorong streamlining organisasi dan portofolio bisnis, peningkatan operational excellence berbasis teknologi, serta penguatan efektivitas pengelolaan keuangan dan procurement.
| Baca juga: Adhi Karya Pangkas Seluruh Anak Usaha! | 
ADHI tetap memastikan kegiatan operasional dan pelaksanaan proyek berjalan secara normal untuk memastikan keberlangsungan usaha dan penyelesaian proyek-proyek yang menjadi tanggung jawab Perseroan.
Keberlanjutan bisnis konstruksi tidak hanya penting bagi perusahaan, tetapi juga memberikan dampak bagi masyarakat melalui penciptaan lapangan kerja, perputaran ekonomi di sekitar proyek, serta keberlanjutan pembangunan infrastruktur yang mendukung aktivitas masyarakat.
Ke depan, ADHI berkomitmen menjalankan implementasi MRA secara transparan dan akuntabel dengan terus menjaga komunikasi bersama seluruh pemangku kepentingan.
Perseroan akan melanjutkan penguatan tata kelola, optimalisasi portofolio bisnis, peningkatan efektivitas modal, serta selektivitas dalam perolehan kontrak baru sebagai bagian dari upaya membangun ADHI yang lebih sehat, tangguh, kompetitif, dan berkelanjutan.
(anl/ega)",finance
157,"PT Adhi Karya (Persero) Tbk (ADHI) melanjutkan agenda transformasi perusahaan dengan mengembalikan fokus pada bisnis inti engineering dan konstruksi. Perseroan juga terus mendorong streamlining organisasi dan portofolio bisnis, peningkatan operational excellence berbasis teknologi, serta penguatan efektivitas pengelolaan keuangan dan procurement.
ADHI tetap memastikan kegiatan operasional dan pelaksanaan proyek berjalan secara normal untuk memastikan keberlangsungan usaha dan penyelesaian proyek-proyek yang menjadi tanggung jawab Perseroan.
Keberlanjutan bisnis konstruksi tidak hanya penting bagi perusahaan, tetapi juga memberikan dampak bagi masyarakat melalui penciptaan lapangan kerja, perputaran ekonomi di sekitar proyek, serta keberlanjutan pembangunan infrastruktur yang mendukung aktivitas masyarakat.
Sejalan dengan proses restrukturisasi, ADHI memasuki salah satu tahapan penting dalam proses penyehatan perusahaan melalui penandatanganan Master Restructuring Agreement (MRA) bersama lembaga keuangan kreditur.
Melalui MRA, Perseroan dan para kreditur menyepakati kerangka penataan kembali kewajiban ADHI, termasuk pengaturan terkait struktur dan mekanisme penyelesaian kewajiban sesuai kesepakatan para pihak.
Penandatanganan MRA juga tidak terlepas dari dukungan PT Danantara Asset Manajemen (Persero) dan kepercayaan lembaga keuangan kreditur yang menjadi bagian penting dalam proses restrukturisasi ADHI.
Direktur Utama ADHI, Moeharmein Zein Chaniago menyampaikan penandatanganan MRA menjadi awal dari tahapan implementasi yang membutuhkan komitmen dan konsistensi dari seluruh pihak.
""Kami optimis, dengan sinergi erat yang terjalin hari ini antara ADHI Karya, Danantara Asset Manajemen, dan lembaga perbankan kreditur, kita dapat membangun fundamental bisnis yang semakin sehat, menciptakan pertumbuhan yang lebih berkelanjutan di masa depan serta memberikan kontribusi yang lebih besar bagi pembangunan dan perekonomian bangsa yang kita cintai,"" ujar Moeharmein Zein Chaniago dalam keterangannya, Sabtu (19/9/2026).
Penandatanganan MRA menjadi tonggak penting bagi Perseroan karena menandai peralihan dari proses pembahasan menuju implementasi kerangka restrukturisasi yang lebih terstruktur dan terukur.
Langkah ini menjadi bagian dari rangkaian penyehatan menyeluruh untuk memperkuat struktur keuangan, menciptakan ruang likuiditas yang lebih sehat, serta menjaga keberlangsungan usaha Perseroan dalam jangka panjang.
Ke depan, ADHI berkomitmen menjalankan implementasi MRA secara transparan dan akuntabel dengan terus menjaga komunikasi bersama seluruh pemangku kepentingan.
Perseroan akan melanjutkan penguatan tata kelola, optimalisasi portofolio bisnis, peningkatan efektivitas modal, serta selektivitas dalam perolehan kontrak baru sebagai bagian dari upaya membangun ADHI yang lebih sehat, tangguh, kompetitif, dan berkelanjutan.
(anl/ega)",finance
158,"PT Industri Kereta Api (Persero) (INKA) bersama KAI Commuter telah menyelesaikan General Check Up pada satu rangkaian KRL iE305 atau seri CLI-225 milik KAI Commuter, Sabtu (19/9). Sementara enam trainset lainnya dilakukan secara bertahap.
Senior Manager Corporate Communications and Representative Office PT INKA, Nanang Agung Rohmandiyas, menjelaskan pemeriksaan dilakukan secara menyeluruh terhadap sistem dan komponen utama untuk memastikan aspek keselamatan, keandalan, dan fungsi sarana berada dalam kondisi optimal.
Setelah seluruh tahapan pemeriksaan dan pengujian selesai, rangkaian tersebut telah diserahkan kembali kepada KAI Commuter untuk digunakan dalam pelayanan Commuter Line.
""Satu trainset telah menyelesaikan seluruh tahapan General Check Up dan sudah kami serahkan kembali kepada KAI Commuter untuk digunakan dalam pelayanan. Selanjutnya, dua trainset ditargetkan selesai pada minggu keempat September, dua trainset berikutnya pada akhir September atau awal Oktober, dan dua trainset terakhir pada akhir minggu pertama Oktober,"" ujar Nanang, dalam keterangannya, Sabtu (19/9/2026).
Pelaksanaan General Check Up dilakukan bersama KAI Commuter, KAI, serta stakeholder terkait dengan melibatkan tim engineering dan quality assurance INKA. Proses pemeriksaan berlangsung di dua fasilitas overhaul, yakni Depok dan Manggarai.
""Kami menyampaikan permohonan maaf kepada seluruh pengguna Commuter Line atas ketidaknyamanan selama proses ini berlangsung. Kami akan terus berkoordinasi dengan seluruh pihak terkait untuk menuntaskan seluruh tahapan pemeriksaan dengan tetap menjaga standar keselamatan dan keandalan sarana,"" tutup Nanang.
Jadwal Perjalanan KRL Bertambah
Pada kesempatan yang sama, VP Corporate Secretary KAI Commuter, Karina Amanda menyampaikan bahwa usai perawatan menyeluruh pada rangkaian CLI 225, secara bertahap KAI Commuter kembali mengoperasikan rangkaian yang sudah selesai perawatan untuk melayani pengguna pada lintas Bogor mulai Sabtu, (19/9).
""Dengan pengoperasian rangkaian yang telah selesai perawatan mulai Senin 21 September 2026 besok perjalanan Commuter Line lintas Bogor ditambah kembali sebanyak 4 perjalanan sehingga total perjalanan di seluruh lintas kembali normal sebanyak 1.065 perjalanan yang sebelumnya hanya 1.061 perjalanan mulai 10 september kemarin,"" jelas Karina.
Penambahan 4 perjalanan ini dilakukan untuk mendukung kebutuhan dan ketersediaan kapasitas angkut bagi masyarakat yang menggunakan Commuter Line Bogor sebagai kebutuhan mobilitas sehari-hari.Jadi, mulai Senin besok, total perjalanan Commuter Line lintas Bogor kembali menjadi 392 perjalanan.
| Baca juga: Rugi 677 M & Utang Rp 4,7 T, INKA Buka Suara | 
Lebih lanjut Karina menjelaskan bahwa KAI Commuter masih memberlakukan rekayasa peredaran sarana, khususnya di lintas Tanjung Priok. Pengoperasian rangkaian commuter line ini belum menggantikan kembali pengoperasian sarana Commuter Line di lintas Tanjung Priok dengan menggunakan rangkaian Commuter Line Bandara Soetta.
""Untuk layanan perjalanan Commuter Line Bandara Soetta juga masih dilakukan penyesuaian, dengan masih melayani perjalanan sementara sebanyak 52 perjalanan tiap harinya,"" jelas nya.
Dari catatan data volume pengguna awal minggu di lintas Bogor, sebelum pelaksanaan perawatan angka pengguna Commuter Line lebih dari 492 ribu orang. Sedangkan pada awal perawatan rangkaian, rata-rata tercatat sebanyak 440 orang per hari atau turun sebesar 10,6%. Setelah dilakukan pengaturan pola peredaran sarana Commuter Line lebih dari 454 ribu orang pengguna yang terlayani.
""Dengan pengoperasian kembali 4 perjalanan Commuter Line Bogor diharapkan memberikan ruang gerak pengguna untuk kembali menyesuaikan perjalanannya. Terutama pada awal minggu yang merupakan hari dengan volume tertinggi,"" tambah Karina.
KAI Commuter akan terus melakukan evaluasi penyesuaian operasional perjalanan Commuter Line imbas perawatan sarana KRL yang ada dan tetap memperhatikan jumlah jadwal perjalanan dengan peredaran sarana Commuter Line di seluruh lintas setiap harinya.
""Dengan telah beroperasinya 1 rangkaian CLI 225 ini dapat memberikan kenyamanan kepada pengguna. Keselamatan merupakan prioritas dan komitmen kami mengoptimalkan layanan dan selama masa perawatan ini,"" tandas Karina.
(ada/ara)",finance
159,"Presiden Prabowo Subianto kembali menegaskan Indonesia harus swasembada pangan dan energi, terlebih di tengah situasi global yang tak menentu dan penuh dengan konflik. Dengan begitu Indonesia tidak perlu tergantung dengan negara lain dan menjadi 'budak'.
""Dunia sekarang, dunia yang penuh dengan konflik, bahkan dengan perang, perang di mana-mana. Ini membuktikan bahwa apa yang sudah lama saya utarakan, kita harus swasembada pangan, kita harus swasembada energi,"" kata Prabowo dalam acara Syukuran 100 tahun Pondok Modern Darussalam Gontor, Jawa Timur, Sabtu (19/9/2026).
Ia tidak ingin Indonesia bergantung dengan bangsa lain. Jika Indonesia tidak mampu mengurus dan memperkuat, maka tidak ada pihak yang membantu.
""Kita tidak boleh bergantung dengan bangsa lain. Kita tidak boleh berharap kasihan bangsa lain, tidak ada bangsa yang kasihan sama kita. Kalau kita tidak mampu mengurus, menjaga, memperkuat diri, tidak ada orang lain yang akan bantu kita. Percaya sama saya,"" tegasnya.
Prabowo mengatakan Indonesia sudah berhasil mencapai target swasembada pangan. Hal ini terbukti dari cadangan beras pemerintah yang dalam kondisi sangat cukup.
Bahkan lebih dari itu, menurutnya saat ini pemerintah juga sudah menyiapkan berbagai langkah mitigasi menghadapi kemarau kering ekstrem atau El Nino untuk memastikan produksi pangan nasional tetap berkelanjutan.
""Alhamdulillah, swasembada pangan sudah. Cadangan pangan kita cukup. Langkah-langkah kita sudah antisipasi cuaca yang tidak baik, El Nino, kekeringan, kita siap,"" ujarnya.
Swasembada Energi
Selain kemandirian pangan, Prabowo juga menyoroti pencapaian pemerintah dalam upaya mencapai swasembada di sektor energi. Ia mengungkapkan sejak 1 Juli lalu, Indonesia berhasil menghentikan impor solar dari luar negeri berkat implementasi bahan bakar solar dicampur minyak sawit hingga 50% atau B50.
""Kita mulai 1 Juli yang lalu kita tidak impor solar dari luar negeri. Solar kita sekarang sudah mandiri,"" tutur Prabowo.
Prabowo menilai langkah penghentian impor solar ini terjadi di membatu Indonesia terlepas dari krisis energi. Pasalnya, kondisi global yang penuh konflik saat ini memicu kelangkaan pasokan solar di berbagai negara.
""Hari-hari ini solar langka di dunia, kita punya uang pun mungkin tidak ada barangnya. Alhamdulillah, kita sudah bisa produksi solar kita sendiri. Dari mana? Dari kelapa sawit,"" ucapnya.
Di akhir paparannya, Prabowo menegaskan bahwa segala pencapaian ini adalah bukti kerja cepat dan nyata, bukan sekadar janji atau omon-omon. Ia pun berpesan untuk terus menjaga optimisme, berdiri di atas kaki sendiri, dan tidak mudah dipecah belah oleh pihak luar melalui disinformasi di media sosial oleh para buzzer dan pihak yang menurutnya jadi 'antek-antek asing'.
""Mereka ingin kita lemah, mereka ingin kita tetap miskin, mereka ingin kita jadi budak mereka selamanya. Kita tidak mau jadi budaknya bangsa lain! Kita akan menjadi bangsa yang hebat, kita akan berdiri di atas kaki kita sendiri,"" pungkasnya.",finance
160,"Market Overview
Perdagangan saham di Bursa Efek Indonesia (BEI) pada Kamis (17/9) berakhir di zona hijau. IHSG naik 0,40% ke level 6.462,43.
Sejumlah saham menjadi penopang pergerakan indeks. BMRI naik 2,11%, disusul DSSA yang menguat 3,23% dan DCII sebesar 1,50%. Sebaliknya, AMMN turun 4,85%, TLKM melemah 2,63%, dan SRAJ terkoreksi 4,03%.
Aktivitas investor asing juga mencatatkan pembelian bersih. Di pasar reguler, asing mencatat net buy Rp152,69 miliar, sementara di seluruh pasar mencapai Rp160,16 miliar.
Dari 11 sektor yang diperdagangkan, 10 sektor berakhir menguat. Consumer Cyclical menjadi sektor dengan kenaikan paling tinggi, yakni 1,63%. Sementara itu, sektor Health menjadi satu-satunya sektor yang melemah paling dalam dengan penurunan 0,55%.
Bursa saham Amerika Serikat juga bergerak positif pada perdagangan sebelumnya. Dow Jones naik 0,61% ke level 51.778, S&P 500 bertambah 1,14% ke 7.637, dan Nasdaq menguat 1,69% ke 26.418.
Pergerakan tersebut berlangsung di tengah meredanya kekhawatiran mengenai gangguan pasokan minyak di Arab Saudi yang turut menekan harga minyak. Di pasar Indonesia, ETF EIDO naik 0,95%, sedangkan indeks MSCI Indonesia menguat 0,24%.
Berita Emiten
PT Sinergi Inti Andalan Prima Tbk (INET)
INET melakukan ekspansi bisnis melalui pengambilalihan 60% saham PT Sarana Global Indonesia (SGI). Nilai transaksi mencapai Rp280,40 miliar atau setara 7,35% dari ekuitas INET yang tercatat Rp3,81 triliun.
Transaksi tersebut dilakukan dengan membeli 180.000 saham baru SGI. Berdasarkan nilai transaksi terhadap ekuitas INET, aksi korporasi ini masuk dalam kategori bukan transaksi material maupun transaksi afiliasi.
Setelah transaksi, SGI menjadi entitas anak INET. Akuisisi ini juga membawa INET masuk lebih jauh ke bisnis engineering, procurement, and construction (EPC), termasuk pemeliharaan sistem kabel bawah laut yang digunakan untuk jaringan serat optik dan kabel listrik.
Ekspansi tersebut melengkapi bisnis utama INET di bidang jaringan serat optik. Perseroan sebelumnya memiliki rencana pengembangan tulang punggung serat optik nasional dengan total panjang sekitar 21.800 kilometer.
SGI sendiri memiliki pengalaman dalam pengerjaan proyek Palapa Ring Barat, Timur, dan Tengah. Perusahaan juga memiliki kontrak pemeliharaan jangka panjang yang menjadi sumber pendapatan berulang, serta armada kabel laut Pacific Guardian dan Nostag 10.
Dengan masuknya SGI ke dalam grup, INET kini memiliki kemampuan yang mencakup pembangunan, pengoperasian, hingga pemeliharaan infrastruktur kabel bawah laut dalam satu ekosistem.
PT Sariguna Primatirta Tbk (CLEO)
CLEO menambah kapasitas produksinya pada 2026 dengan membuka fasilitas baru di sejumlah wilayah.
Pabrik baru CLEO di Palu mulai dioperasikan pada kuartal III 2026. Sementara fasilitas produksi di Pontianak dan Pekanbaru dijadwalkan beroperasi pada kuartal IV 2026.
Penambahan fasilitas tersebut akan memperluas jaringan produksi CLEO yang saat ini terdiri dari 33 pabrik air minum di berbagai kota. Ekspansi dilakukan setelah perseroan mencatat pertumbuhan kinerja pada semester I 2026.
Penjualan bersih CLEO pada enam bulan pertama 2026 tercatat Rp1,69 triliun, naik 23,78% dibandingkan periode yang sama tahun sebelumnya sebesar Rp1,37 triliun. Laba bersih juga meningkat 27,04% menjadi Rp262,51 miliar dari sebelumnya Rp206,64 miliar.
Segmen produk botol menjadi kontributor terbesar terhadap penjualan perseroan. Sementara itu, untuk memperluas distribusi pada paruh kedua tahun ini, CLEO kini memiliki sekitar 11.000 mitra distribusi dan 500 titik distribusi internal.
CLEO juga menambah produk baru melalui peluncuran CLEO Galon Praktis 15 Liter pada 5 September 2026. Produk tersebut menggunakan kemasan yang 100% bebas bisphenol-A (BPA).
PT Merdeka Battery Materials Tbk (MBMA)
MBMA menyiapkan aksi pembelian kembali saham atau buyback. Jumlah saham yang akan dibeli kembali maksimal mencapai 1,47 miliar lembar.
Untuk aksi tersebut, MBMA menyiapkan dana paling banyak Rp1,38 triliun. Nilai tersebut sudah termasuk biaya perantara pedagang efek serta biaya lain yang berkaitan dengan pelaksanaan buyback.
Perseroan memperkirakan aksi pembelian kembali saham tersebut tidak akan menurunkan pendapatan maupun memengaruhi biaya pembiayaan.
Berdasarkan perhitungan proforma dengan mengacu pada laporan keuangan konsolidasian per 31 Maret 2026, laba per saham dasar berada di level US$0,00028 dan tidak mengalami perubahan material.
Sementara itu, laba periode berjalan yang diatribusikan kepada pemilik entitas induk tetap tercatat sebesar US$29,95 juta. Dalam perhitungan proforma tersebut, rata-rata tertimbang jumlah saham beredar turun dari 107,99 miliar menjadi 106,53 miliar lembar.
Pelaksanaan buyback saham MBMA dijadwalkan berlangsung paling lama tiga bulan, mulai 17 September hingga 16 Desember 2026.
Rekomendasi Saham Hari Ini
- CUAN - Buy 930-940 | TP 960-980 | SL 885
- INET - Buy 332-336 | TP 342-348 | SL 314
- DSSA - Buy 1105-1115 | TP 1140-1160 | SL 1040
- VKTR - Buy 755-765 | TP 780-800 | SL 720
- DMAS - Buy 193-195 | TP 198-200 | SL 185
Disclaimer: Ingat, bahwa segala analisis dan rekomendasi saham dalam artikel ini bersifat informatif sekaligus bukan merupakan ajakan untuk membeli atau menjual saham tertentu.
(ang/ang)",finance
161,"Indeks Harga Saham Gabungan (IHSG) pagi ini dibuka di zona hijau. IHSG menguat dan berada di level 6.500.
Dikutip dari RTI, Jumat (18/9/2026), IHSG pukul 9.05 WIB berada di level 6.505,32, naik 0,66% atau 42,89 poin. Pergerakan IHSG pada pembukaan berada di level 6.512,57 dengan level tertinggi 6.521,02 dan terendah 6.490,48.
Volume transaksi tercatat 1,90 miliar saham, turnover Rp 988,69 miliar dengan frekuensi transaksi 130.086 kali. Sebanyak 263 saham menguat, 186 saham melemah, dan 234 saham stagnan.
Sementara itu pada indeks saham di Asia lainnya, Nikkei terpantau naik 0,46%, Hang Seng menguat 0,70%, dan Shanghai Composite Index menguat 0,45%.
Simak juga Video 'Mau Tingkatkan Likuiditas, BEI Wacanakan Hapus Batas Rp 50 Saham':
(ily/ara)",finance
162,"Nilai tukar dolar Amerika Serikat (AS) pagi ini melemah terhadap rupiah. Mata uang Paman Sam bertengger di level Rp 17.700.
Berdasarkan data perdagangan Bloomberg, Jumat (18/9/2026), dolar AS turun 23 poin atau 0,13% pada pembukaan perdagangan pagi ini. Dolar AS bertengger di level Rp 17.730.
Sebelumnya, dolar AS sempat menguat usai bank sentral AS, The Fed menaikkan suku bunga acuannya untuk pertama kali sejak Juli 2023. Mata uang Paman Sam langsung menyentuh level Rp 17.700.
Hari ini, dolar AS juga melemah terhadap beberapa mata uang Asia. Dolar AS turun 0,02% terhadap rupee India, dan berkurang 0,10% terhadap yuan China.
Dolar AS juga melemah terhadap dolar Taiwan dan Hong Kong, masing-masing 0,29% dan 0,01%. Mata uang negeri Paman Sam hanya menguat terhadap yen Jepang 0,17% dan dolar Singapura 0,02%.
Simak juga Video 'Upaya Pemerintah Kurangi Ketergantungan Terhadap Dolar AS':
(hal/ara)",finance
163,"Badan Pengelola Investasi (BPI) Daya Anagata Nusantara (Danantara) disebut hendak menggenggam lebih dari 40% saham Bursa Efek Indonesia (BEI). Hal ini dimungkinkan setelah BEI melakukan demutualisasi dengan skema Hak Memesan Efek Terlebih Dahulu (HMETD) atau right issue.
Direktur Pengembangan BEI, Iding Pardi, menjamin independensi bursa meski sebagian sahamnya digenggam lembaga negara. Ia mengatakan, independensi BEI juga menjadi mandat dari aturan demutualisasi yang akan diterbitkan OJK.
""Itu pesan utama dari POJK adalah jangan sampai demut ini ada pemegang saham baru kemudian mengancam atau mengganggu independensi Bursa,"" kata Iding di Gedung BEI, Jakarta Selatan, Jumat (18/9/2026).
Iding menegaskan, Peraturan OJK (POJK) tentang demutualisasi menegaskan independensi bursa. Aturan tersebut juga menegaskan larangan intervensi pemegang saham terhadap pengurus BEI.
""Independensinya gimana? ya itu pasti akan diatur oleh OJK, bukan hanya POJK demut tapi POJK yang lain juga akan mengatur, misalnya direksinya seperti apa, anggaranya diatur oleh OJK, pokoknya OJK akan mengatur sedemikian rupa sehingga independensi bursa tetap terjaga,"" tegasnya.
Iding menambahkan, POJK juga membatasi porsi saham unruk pemegang saham baru. Ia juga menegaskan, aturan demutualisasi masih dalam tahap finalisasi OJK.
""Jadi itu belum firm, jadi kita tunggu. Sampai sekarang POJK-nya belum keluar kan. Jadi sampai sekarang belum keluar yang finalnya ya, tapi draftnya kan sudah dikonsultasikan ke publik, sudah public hearing, sudah rule making rule, yang antara lain menyebutkan bahwa kepemilikan maksimal 5%, di atas 5% harus persetujuan OJK,"" pungkasnya.
Sebagai informasi, demutualisasi BEI ini menjadi salah satu dari mandat Undang-Undang (UU) Pengembangan dan Penguatan Sektor Keuangan (P2SK). Dalam UU tersebut terdapat tiga lembaga negara yang memungkinkan menjadi pemegang saham BEI, yakni BPI Danantara, Kementerian Keuangan (Kemenkeu), dan Bank Indonesia (BI).
| Baca juga: Harga Saham Rp 1 Siap Berlaku 28 September | 
Berdasarkan dokumen yang diterima detikcom, demutualisasi BEI akan dilakukan dengan skema Hak HMETD atau right issue. Setelah aksi tersebut dilakukan, Danantara disebut akan menggenggam 69 lembar atau setara 40,12% saham BEI.
Kemudian 88 lembar atau 51,16% saham BEI akan digenggam oleh Anggota Bursa (AB). Sementara 4 lembar atau 2,32% saham digenggam oleh non-anggota bursa dan 11 lembar atau 6,40% lainnya merupakan saham treasuri.
Dalam dokumen tersebut, harga nominal saham BEI dipatok sebesar Rp 7.500.000.000 per lembar. Harga tersebut bersifat tetap baik sebelum maupun sesudah right issue diselenggarakan.
Total pemegang saham meningkat menjadi 93 pihak terdiri dari 1 DIM , 88 PS Anggota Bursa, dan 4 PS Non-AB setelah SPAB dicabut yaitu PT Wanteg Sekuritas, PT Yugen Bertumbuh Sekuritas, PT Ekuator Swarna Sekuritas, dan PT Paramitra Alfa Sekuritas.
(ahi/ara)",finance
164,"Rancangan Peraturan Otoritas Jasa Keuangan (RPOJK) tentang demutualisasi memberi ruang bagi Bursa Efek Indonesia (BEI) melakukan penawaran umum perdana saham atau Initial Public Offering (IPO). BEI juga terbuka untuk melakukan aksi korporasi tersebut sepanjang seluruh pemegang saham siap melakukan IPO.
Direktur Pengembangan BEI, Iding Pardi, menilai opsi IPO merupakan bentuk ideal dari implementasi demutualisasi. Namun untuk tahap awal implementasi demutualisasi difokuskan pada skema Hak Memesan Efek Terlebih Dahulu (HMETD) atau right issue.
""Kalau di POJK kan sebenarnya kalau demut itu tidak mesti IPO, tapi akan ideal nanti akan IPO. Jadi bisa jadi demut itu jadi dilakukan sebelum IPO, artinya dibuka dulu pemegang sahamnya siapa, baru IPO,"" ungkap Iding di Gedung BEI, Jakarta Selatan, Jumat (18/9/2026).
Iding mengatakan, BEI belum memiliki rencana IPO dalam waktu dekat. Berkaca pada praktik negara lain, proses demutualisasi awal hingga IPO memerlukan waktu satu hingga dua tahun tergantung kesiapan bursa terkait.
""Kita terus terang belum firm ya mengenai IPO itu berapa lama, kan di bursa lain juga ada yang setahun, ada yang dua tahun. Tentu itu akan bergantung pada kesiapan bursa itu sendiri. Kami di bursa ya setelah demut itu kan ada pemegang saham baru ya semuanya harus kita rencanakan dengan baik, ketika IPO itu memang harus sudah siap,"" tegasnya.
Iding menambahkan, BEI akan menerbitkan saham baru untuk implementasi demutualisasi. Namun ia mengatakan persentase pemegang saham yang lama akan mengalami dilusi atau penurunan porsi kepemilikan.
""Kalau ada saham baru pasti terdilusi, tapi kan nanti sebenarnya ada deal harga ya yang memang harusnya harganya itu harusnya ya di atas nilai bukunya,"" pungkasnya.
Saat ini, aturan demutualisasi masih dalam tahap penyelesaian harmonisasi dari Kementerian Hukum untuk selanjutnya dapat ditetapkan dan dilakukan pengundangan. Adapun pelaksanaan demutualisasi dapat dilakukan melalui menerbitkan saham baru atau melakukan penjualan atas saham yang telah dibeli kembali (buyback).
Namun dalam rancangan POJK yang tengah disusun, batas maksimum kepemilikan saham BEI hanya sebesar 5%. Bagi pihak yang hendak memiliki saham BEI di atas 5%, perlu mengantongi persetujuan OJK.
Selanjutnya, OJK juga memberikan ruang untuk BEI melakukan IPO dalam ketentuan pelaksanaan demutualisasi. Namun aturan tersebut menegaskan, aksi korporasi ini harus terlebih dahulu mengantongi restu OJK.
""Bursa Efek dapat melakukan IPO setelah memperoleh persetujuan terlebih dahulu dari OJK,"" ungkap Eksekutif Pengawas Pasar Modal, Keuangan Derivatif, dan Bursa Karbon OJK, Hasan Fawzi, dalam keterangannya, dikutip Kamis (17/9/2026).
(ahi/ara)",finance
165,"Bursa Efek Indonesia (BEI) tengah mengkaji opsi menambah waktu perdagangan selama 30 menit dengan membandingkan penerapannya di sejumlah bursa efek lain. Namun, hasil kajian BEI menunjukkan bahwa penambahan waktu perdagangan belum memberikan dampak signifikan.
""Itu masih dikaji ya. Jadi jam perdagangan itu kita kaji di beberapa market, ternyata tidak signifikan. Jadi nggak menambah likuiditas, makanya belum kita rencanakan untuk diimplementasikan,"" ungkap Direktur Pengembangan BEI, Iding Pardi di Gedung BEI, Jakarta Selatan, Jumat (18/9/2026).
Iding menjelaskan, penerapan jam perdagangan yang lebih panjang di sejumlah bursa saham lain belum tentu berdampak pada peningkatan likuiditas pasar. Meski demikian, BEI masih membuka peluang untuk menambah waktu perdagangan sekitar 30 menit.
Menurut Iding, penambahan jam perdagangan yang dilakukan secara ekstrem hingga 24 jam juga belum tentu membuat aktivitas transaksi menjadi lebih terkonsentrasi. Menurutnya, investor tetap akan melakukan transaksi pada waktu-waktu tertentu sehingga memperpanjang jam perdagangan tidak serta-merta meningkatkan aktivitas pasar.
""Kita akan tambah tapi mungkin nggak, ya cuman sedikit ya, tambah misalnya 30 menit apa, itu masih dalam kajian. Jadi memang ya event misalnya 24 jam gitu ya, ini ekstremnya gitu ya, tetap saja orang kan nggak mungkin juga akan terkonsentrasi di waktu jam tertentu,"" jelasnya.
Selain itu, BEI juga akan melonggarkan aturan berupa penghapusan ketentuan saham gocap alias Rp 50 yang masuk Papan Pemantauan Khusus atau Full Call Auction (FCA) mulai 28 September 2026. Ketentuan ini akan berlaku sejalan dengan penghapusan batas minimum harga saham Rp 50.
Iding menjelaskan, BEI akan menghapus sejumlah kriteria masuk Papan Pemantauan Khusus, terutama yang bersifat nonfundamental. Dengan begitu, hanya saham yang memiliki persoalan fundamental yang akan tetap masuk dalam mekanisme FCA.
""Ketentuan FCA itu memang bareng yang mau diimplementasikan dengan menghapus beberapa ketentuan. Jadi sekarang ada beberapa ketentuan kita hapus untuk FCA dan ketentuannya menjadi lebih longgar, jadi tidak mudah saham-saham itu masuk FCA,"" pungkasnya.
(ahi/ara)",finance
166,"Bursa Efek Indonesia (BEI) resmi mengimplementasikan perdagangan short selling pada Selasa (15/9) kemarin. Implementasi aturan ini dilakukan secara secara bertahap, dengan tetap memperhatikan kesiapan infrastruktur, mitigasi risiko yang memadai, dan efektivitas pengawasan.
Direktur Pengembangan BEI Iding Pardi mengatakan penerapan short selling didorong oleh sejumlah indikator, salah satunya catatan dari MSCI yang menilai implementasi short selling di pasar modal Indonesia masih terbatas.
""Antara lain saya sampaikan tadi, ada catatan meskipun nggak spesifik ya, nggak sampai diminta oleh MSCI, tapi kalau nggak salah ada catatan MSCI itu, bahwa short selling masih terbatas,"" ungkap Iding di Gedung BEI, Jakarta Selatan, Jumat (18/9/2026).
Di sisi lain, penerapan short selling dilakukan karena pasar modal Indonesia sudah menunjukkan sinyal perbaikan yang positif meski Indeks Harga Saham Gabungan (IHSG) masih jauh di bawah all time high (ATH). Sejalan dengan kondisi tersebut, batas penundaan implementasi juga jatuh tempo pada 15 September lalu.
""Kalau kita lihat market kita sekarang cukup stabil, volatility-nya masih stabil gitu ya. Sehingga ini kebetulan juga memang 15 September adalah hari terakhir atau tanggal terakhir penundaan itu. Jadi OJK kemudian memberikan arahan untuk dibuka dan tadi catatannya kita akan buka secara terbatas untuk melihat ini bagian dari pembelajaran ke market juga, ke investor,"" terangnya.
Iding menjelaskan, baru ada lima saham yang bisa menjalankan skema perdagangan short selling. Saham-saham tersebut diambil dari indeks LQ45 dengan alasan memiliki likuiditas yang tinggi.
""Kenapa yang harus likuid? Ya karena memang ya short selling itu kan ada tujuannya tadi strategi perdagangan. Jangan sampai kemudian ada saham-saham yang gampang dimanipulasi transaksinya, harganya gitu loh. Jadi harus cukup liquid sehingga memang itu efektif untuk strategi perdagangan,"" pungkasnya.
Sebagai informasi, BEI kembali menerapkan skema perdagangan short selling berdasarkan arahan Otoritas Jasa Keuangan (OJK) yang diterima BEI. Adapun Implementasi skema perdagangan short selling ini dijalankan berdasarkan ketentuan BEI.
Short selling adalah strategi transaksi di pasar modal di mana investor menjual saham yang belum dimiliki dengan cara meminjamnya terlebih dahulu, dengan harapan dapat membelinya kembali di harga yang lebih rendah untuk meraup keuntungan.
""Pemberlakuan kembali implementasi sebagaimana dimaksud pada angka 1 mulai berlaku sejak tanggal 15 September 2026,"" tulis Direktur Perdagangan dan Pengaturan Anggota Bursa BEI, Irvan Susandy, dalam pengumumannya, dikutip Selasa (15/9/2026).
(ahi/ara)",finance
167,"Perusahaan susu asal Belanda, Royal FrieslandCampina NV, mengumumkan rencana akuisisi saham PT Ultrajaya Milk Industry Tbk (ULTJ). Melalui transaksi tersebut, FrieslandCampina akan menjadi pemegang saham pengendali ULTJ.
Melalui kemitraan strategis ini, Frisian Flag Indonesia (FFI) akan menjadi bagian dari Grup Ultrajaya. Langkah ini sejalan dengan misi FrieslandCampina untuk menjangkau pasar anak dan keluarga di Asia.
""Sebagai bagian dari transaksi ini, FrieslandCampina akan memperoleh saham pengendali di Ultrajaya yang baru akan berlaku setelah transaksi selesai. Transaksi ini telah disetujui oleh Dewan Anggota FrieslandCampina, yang mewakili para peternak sapi perah anggota yang secara kolektif memiliki FrieslandCampina melalui koperasi tersebut,"" tulis manajemen FrieslandCampina dalam keterangan tertulis dikutip dari laman resminya, Jumat (18/9/2026).
FrieslandCampina memastikan Ultrajaya akan tetap berstatus sebagai perusahaan terbuka di Indonesia. Akuisisi tersebut juga tidak mengubah posisi Sabana Prawirawidjaja, salah satu pendiri Ultrajaya, yang akan tetap menjalankan perannya sebagai Direktur Utama Ultrajaya.
""Keluarga Prawirawidjaja akan terus menjadi pemegang saham jangka panjang yang signifikan di Ultrajaya,"" jelas FrieslandCampina.
Langkah ini sekaligus memperkuat posisi Grup Bisnis Asia FrieslandCampina dalam membangun bisnis susu di pasar yang terus berkembang. FFI juga akan turut memperkuat Ultrajaya dengan menggabungkan kepemimpinan lokal dan kemitraan jangka panjang FrieslandCampina.
""Kedua perusahaan memiliki komitmen jangka panjang yang sama terhadap konsumen Indonesia dan produk susu bergizi berkualitas tinggi,"" tutupnya.
(ahi/ara)",finance
168,"PT Buyung Poetra Sembada Tbk (HOKI) mengakui produk perseroan ikut terjaring beras fortifikasi yang diduga tidak sesuai dengan klaim gizi dan label kemasan. Produk-produk tersebut adalah Topi Koki Short Grain, Topi Koki Setra Royale, Topi Koki Long Grain Crystal, dan HOK-1 Gohan.
Direktur HOKI, Muliati, menjelaskan empat produk ini merupakan produk beras khusus yang diperkaya dengan dua vitamin. Perseroan memahami keempat produk tersebut menjadi objek pengawasan oleh instansi pemerintah.
""Perseroan menghormati hasil pengawasan dan proses tindak lanjut yang dilakukan oleh instansi pemerintah yang berwenang dan akan memproses tindak lanjut yang perlu dilakukan sesuai prosedur pemeriksaan yang fair dan mengikuti ketentuan yang berlaku,"" kata Muliati dikutip dari Keterbukaan Informasi, Jumat (18/9/2026).
Muliati mengatakan telah menerima surat dari Dinas Ketahanan Pangan, Kelautan dan Pertanian Provinsi DKI Jakarta terkait temuan keamanan, mutu, label, dan/atau gizi pada empat produk perseroan. Perseroan juga terus menindaklanjuti arahan dan ketentuan dari instansi terkait.
Muliati menegaskan HOKI akan mengikuti arahan instansi pemerintah terkait dan menyampaikan keterbukaan informasi jika terdapat perkembangan material sesuai aturan pasar modal. Meski demikian, hingga keterbukaan informasi ini diterbitkan, kegiatan usaha dan operasional perseroan masih berjalan normal.
""Kegiatan usaha dan operasional Perseroan secara umum masih berjalan sebagaimana biasa, dengan tetap memperhatikan dan menindaklanjuti arahan serta ketentuan yang disampaikan oleh instansi pemerintah terkait sebagaimana dijelaskan sebelumnya,"" jelasnya.
HOKI juga masih melakukan evaluasi dan kajian atas dampak yang mungkin timbul terhadap kegiatan usaha Perseroan. Namun hingga kini, HOKI memastikan belum ada dampak finansial maupun operasional perusahaan.
""Sampai dengan tanggal keterbukaan informasi ini, perseroan belum dapat menentukan secara pasti besaran dampak finansial maupun operasional terhadap Perseroan, termasuk dampak terhadap pendapatan dan kegiatan operasional apabila dilakukan penghentian penjualan dan/atau penarikan produk,"" pungkasnya.
Sebagaimana diketahui, pemerintah bersama Satgas Pangan Polri baru saja membuka tabir adanya temuan terhadap 25 merek beras yang dipasarkan sebagai beras fortifikasi. Akan tetapi diduga tidak sesuai dengan standar dan kandungan yang tercantum pada label.
Sebanyak 25 merek beras fortifikasi tidak memenuhi kandungan dan mutu sesuai SNI 9314:2024 untuk kernel beras fortifikan dan SNI 9372:2025 untuk beras fortifikasi. Adapun merek beras yang diduga melakukan pelanggaran adalah WFO, TKS, IMF, NUR, TKL, HOK, BRV, IMR, IHJ, IAK, PBK, GNB, DTR, TKR, WJK, PLK, MKY, IMC, PTK, ARP, ARN, SKM, GNM, TAR, dan CMS.
Bapanas mengungkap pula dugaan praktik curang dalam peredaran beras berlabel fortifikasi yang diduga tidak memenuhi standar mutu dan kandungan gizi sebagaimana klaim pada label kemasan. Berdasarkan hasil pengawasan dan pengujian sampel, potensi kerugian konsumen dari selisih harga produk tersebut diperkirakan mencapai Rp 89 triliun.
(ahi/ara)",finance
169,"Nasib independensi Bursa Efek Indonesia (BEI) menjadi sorotan setelah Badan Pengelola Investasi (BPI) Daya Anagata Nusantara (Danantara) berencana menggenggam lebih dari 40% saham bursa. Kepemilikan tersebut akan terjadi setelah BEI melakukan demutualisasi melalui skema Hak Memesan Efek Terlebih Dahulu (HMETD) atau right issue.
Meski porsi kepemilikan Danantara cukup besar, BEI memastikan independensinya tetap terjaga. Independensi bursa merupakan bagian dari mandat dalam aturan demutualisasi yang tengah disiapkan Otoritas Jasa Keuangan (OJK).
""Itu pesan utama dari POJK adalah jangan sampai demut ini ada pemegang saham baru kemudian mengancam atau mengganggu independensi Bursa,"" kata Direktur Pengembangan BEI, Iding Pardi di Gedung BEI, Jakarta Selatan, Jumat (18/9/2026).
Iding menegaskan, Peraturan OJK (POJK) tentang demutualisasi menegaskan independensi bursa. Aturan tersebut juga menegaskan larangan intervensi pemegang saham terhadap pengurus BEI.
""Independensinya gimana? ya itu pasti akan diatur oleh OJK, bukan hanya POJK demut tapi POJK yang lain juga akan mengatur, misalnya direksinya seperti apa, anggaranya diatur oleh OJK, pokoknya OJK akan mengatur sedemikian rupa sehingga independensi bursa tetap terjaga,"" tegasnya.
Iding menambahkan, POJK juga membatasi porsi saham unruk pemegang saham baru. Ia juga menegaskan, aturan demutualisasi masih dalam tahap finalisasi OJK.
""Jadi itu belum firm, jadi kita tunggu. Sampai sekarang POJK-nya belum keluar kan. Jadi sampai sekarang belum keluar yang finalnya ya, tapi draftnya kan sudah dikonsultasikan ke publik, sudah public hearing, sudah rule making rule, yang antara lain menyebutkan bahwa kepemilikan maksimal 5%, di atas 5% harus persetujuan OJK,"" pungkasnya.
Sebagai informasi, demutualisasi BEI ini menjadi salah satu dari mandat Undang-Undang (UU) Pengembangan dan Penguatan Sektor Keuangan (P2SK). Dalam UU tersebut terdapat tiga lembaga negara yang memungkinkan menjadi pemegang saham BEI, yakni BPI Danantara, Kementerian Keuangan (Kemenkeu), dan Bank Indonesia (BI).
Berdasarkan dokumen yang diterima detikcom, demutualisasi BEI akan dilakukan dengan skema Hak HMETD atau right issue. Setelah aksi tersebut dilakukan, Danantara disebut akan menggenggam 69 lembar atau setara 40,12% saham BEI.
Kemudian 88 lembar atau 51,16% saham BEI akan digenggam oleh Anggota Bursa (AB). Sementara 4 lembar atau 2,32% saham digenggam oleh non-anggota bursa dan 11 lembar atau 6,40% lainnya merupakan saham treasuri.
Dalam dokumen tersebut, harga nominal saham BEI dipatok sebesar Rp 7.500.000.000 per lembar. Harga tersebut bersifat tetap baik sebelum maupun sesudah right issue diselenggarakan.
Total pemegang saham meningkat menjadi 93 pihak terdiri dari 1 DIM , 88 PS Anggota Bursa, dan 4 PS Non-AB setelah SPAB dicabut yaitu PT Wanteg Sekuritas, PT Yugen Bertumbuh Sekuritas, PT Ekuator Swarna Sekuritas, dan PT Paramitra Alfa Sekuritas.
(ahi/ara)",finance
170,"Indeks Harga Saham Gabungan (IHSG) berbalik melemah pada penutupan perdagangan Jumat (18/9). Indeks saham melemah setelah menguat pada awal perdagangan pagi tadi pada posisi 6.500-an.
Berdasarkan data RTI Business, IHSG melemah 0,33% ke level 6.441,15 pada penutupan perdagangan sore ini. Indeks saham sempat menyentuh level tertingginya secara intraday pada posisi 6.521,02 pagi tadi.
IHSG mencatat volume perdagangan sebanyak 32,60 miliar dengan transaksi sebesar Rp 19,25 triliun. Adapun frekuensi saham yang diperdagangkan tercatat sebanyak 1.919.522 kali.
LQ45 tercatat melemah 1,25% ke level 640.249 pada penutupan perdagangan sore ini. Ada sebanyak 204 saham menguat, 442 saham melemah, dan 144 stagnan.
Sepanjang perdagangan lima hari terakhir, IHSG melemah sebesar 1,53%. Kemudian sepanjang sebulan terakhir, IHSG melemah 0,93%.
(ahi/ara)",finance
171,"Otoritas Jasa Keuangan (OJK) resmi memulai pengawasan Bursa Mineral dan Komoditas Strategis (BMKS). Pengawasan ini ditandai dengan terbitnya Peraturan OJK (POJK) tentang Penahapan Peralihan Tugas dan Wewenang Pengaturan dan Pengawasan Transaksi Pada Bursa Mineral dan Komoditas Strategis dari Badan Pengawas Perdagangan Berjangka Komoditi (Bappebti) ke OJK.
POJK ini mengatur mekanisme transisi kewenangan pengaturan dan pengawasan BMKS agar berjalan lancar dan terukur demi menjaga stabilitas pasar, mencegah terjadinya kekosongan hukum, dan meminimalkan kendala operasional bagi para pelaku usaha yang sudah berjalan.
""Peralihan kewenangan dari Bappebti ke OJK ini akan mulai berlaku sejak 1 Januari 2027 saat BMKS beroperasi,"" tulis siaran pers OJK, Jumat (18/9/2026).
Selain itu, OJK juga resmi menerbitkan POJK Nomor 16 Tahun 2026 tentang Penyelenggaraan BMKS. Aturan ini diterbitkan untuk memperkuat kerangka pengaturan dan pengawasan terhadap penyelenggaraan BMKS yang mengatur pelaku kegiatan perdagangan di BMKS, perdagangan dan tata cara penahapan perdagangan, penyelenggaraan transaksi, tata kelola, manajemen risiko, pelindungan pengguna jasa, dan penegakan integritas.
OJK menjelaskan, BMKS dirancang sebagai satu ekosistem yang mencakup perdagangan, kliring, penjaminan, penyelesaian transaksi, hingga pengelolaan Bukti Kepemilikan Elektronik. Penyelenggaraannya wajib mengedepankan prinsip transparansi, efisiensi, kepastian transaksi, integritas pasar, dan manajemen risiko.
""POJK ini juga mencantumkan aspek pelindungan pengguna jasa yang bertujuan untuk meningkatkan kepercayaan terhadap penyelenggaraan BMKS dan melindungi kepentingan pengguna jasa,"" jelas OJK.
Peraturan Otoritas Jasa Keuangan Nomor 15 Tahun 2026 mulai berlaku sejak tanggal 17 September 2026 dan Peraturan Otoritas Jasa Keuangan Nomor 16 Tahun 2026 mulai berlaku sejak tanggal 1 Januari 2027.
(ahi/hns)",finance
172,"Pembangunan fasilitas Pengolahan Sampah Menjadi Energi Listrik (PSEL) Bogor Raya 1 mulai dilakukan. Fasilitas ini dirancang mengolah sekitar 1.500 ton sampah per hari dari Kabupaten Bogor dan Kota Bogor.
Menteri Koordinator Bidang Pangan Zulkifli Hasan mengatakan sampah yang masuk setiap hari akan diolah menjadi energi listrik. Pemerintah juga menargetkan fasilitas tersebut dapat menangani timbunan sampah lama.
""Ini yang pertama di Indonesia. Sampah yang datang setiap hari kita selesaikan melalui PSEL menjadi energi listrik. Tetapi kita tidak berhenti di sana. Sampah lama yang sudah bertahun-tahun menumpuk juga harus kita tuntaskan dengan teknologi ini. Jadi yang baru selesai, yang lama juga kita bereskan,"" ujarnya.
PSEL Bogor Raya 1 diproyeksikan menghasilkan listrik sekitar 20-30 MW. Masa konstruksi diperkirakan sekitar dua tahun dan fasilitas ditargetkan mulai beroperasi pada akhir 2027.
Chief Investment Officer PT Danantara Investment Management, Pandu Patria Sjahrir, mengatakan proyek tersebut telah melalui sejumlah tahapan sejak awal 2026, mulai dari penandatanganan Joint Venture Agreement (JVA) pada Maret, Perjanjian Kerja Sama (PKS) pada April, hingga penetapan sebagai Proyek Strategis Nasional (PSN) pada Mei. Proyek kini memasuki tahap penandatanganan Perjanjian Jual Beli Listrik (PJBL).
""Hal ini menandai kesiapan untuk mendorong realisasi solusi pengolahan sampah terintegrasi di Indonesia yang dilanjutkan di Bogor Raya setelah kita melaksanakannya di Kota Bekasi dan Denpasar Raya dalam dua bulan terakhir,"" tegasnya.
Dalam persiapan proyek, analisis karakteristik sampah menjadi salah satu tahapan yang dilakukan. Kajian tersebut mencakup kuantitas, kualitas, komposisi, nilai kalor, kadar air, kandungan tanah, logam, dan parameter teknis lainnya.
Direktur Utama PT SUCOFINDO (PERSERO), Sandry Pasambuna, mengatakan data tersebut diperlukan untuk menentukan rancangan dan pengoperasian fasilitas PSEL.
""Karakteristik sampah menentukan keberhasilan proses pengolahan menjadi energi. Melalui kajian tersebut, dapat diketahui komposisi sampah, nilai kalor, kadar tanah, kandungan logam, kadar air, dan parameter teknis lainnya yang menjadi dasar dalam perancangan serta pengoperasian fasilitas. Dengan data yang tepat, risiko operasional dapat diminimalkan dan kinerja fasilitas dapat lebih optimal,"" jelasnya.
SUCOFINDO terlibat dalam persiapan proyek melalui Waste Analysis & Characterization (WAC) dan Land Investigation. Kajian tersebut digunakan untuk melihat karakteristik sampah sekaligus kondisi dan kesiapan lokasi pembangunan.
""Hingga saat ini, SUCOFINDO telah melaksanakan pengujian di tujuh lokasi pengembangan PSEL, yakni Bali, Bekasi, Medan, Tangerang, Yogyakarta, Semarang, dan Bogor. Melalui pengujian dan analisis yang komprehensif, kami membantu menyediakan data yang akurat terkait karakteristik sampah sebagai dasar pengambilan keputusan dan perencanaan operasional fasilitas,"" tambahnya.
(fdl/fdl)",finance
173,"Pertamina terus mengakselerasi produksi minyak dan gas bumi (migas) nasional untuk memperkuat ketahanan energi. Hal itu sekaligus mendukung target pemerintah mencapai produksi minyak 1 juta barel per hari.
Wakil Direktur Utama Pertamina Oki Muraza mengatakan migas masih memiliki peran penting dalam memenuhi kebutuhan energi nasional, termasuk di tengah berlangsungnya transisi menuju energi yang lebih rendah karbon. Karena itu, peningkatan produksi dari lapangan eksisting maupun pengembangan sumber daya baru menjadi salah satu prioritas Pertamina.
""Kami menyadari betul bahwa kebutuhan migas masih sangat besar dan menjadi fondasi utama bagi ketahanan energi negara. Seluruh potensi, kemampuan, serta sumber daya yang kami miliki akan kami kerahkan sepenuhnya, agar sasaran produksi dapat tercapai dan terus tumbuh secara berkelanjutan demi menjamin pasokan energi yang andal bagi seluruh masyarakat,"" ujar Oki dalam keterangan tertulis, Jumat (18/9/2026).
Menurutnya, kebutuhan migas merupakan fondasi utama bagi ketahanan energi negara. Hal itu ia sampaikan saat menghadiri Simposium IATMI ke-18 di Hotel Mulia, Jakarta, Selasa (15/9).
Upaya meningkatkan produksi dilakukan melalui berbagai strategi mulai dari pengeboran pengembangan, pemeliharaan dan optimalisasi sumur, peningkatan produktivitas lapangan eksisting hingga penerapan teknologi Enhanced Oil Recovery (EOR). Pertamina juga terus mengeksplorasi dan mengembangkan sumber daya baru, baik dari cadangan konvensional maupun nonkonvensional, sebagai bagian dari upaya menjaga keberlanjutan pasokan energi dalam jangka panjang.
Sejumlah wilayah kerja strategis yang dikelola Pertamina menjadi bagian penting dalam upaya tersebut. Pengelolaan dilakukan secara bertahap, antara lain di Offshore North West Java (ONWJ) sejak 2009, West Pangkah Offshore (WPO) pada 2011, Banyu Urip pada 2016, Mahakam pada 2018, hingga Blok Rokan pada 2021.
Salah satu fokus utama Pertamina saat ini adalah mengoptimalkan potensi Blok Rokan. Wilayah kerja yang memiliki sejarah panjang produksi migas tersebut secara historis telah menghasilkan sekitar 11 miliar barel minyak.
Menurut Oki, Pertamina masih melihat potensi besar yang dapat dikembangkan dari Blok Rokan. Berbagai upaya dilakukan untuk meningkatkan produktivitas, termasuk mengoptimalkan pengelolaan lapangan minyak berat, memenuhi kebutuhan listrik, menerapkan teknologi pengeboran pada lapisan berkualitas rendah, serta mengembangkan bahan kimia khusus untuk meningkatkan perolehan minyak.
""Kami menargetkan Produksi Blok Rokan meningkat signifikan melalui sinergi seluruh pemangku kepentingan untuk mengoptimalkan potensi migas serta mempercepat investasi dan kegiatan operasional, untuk menjaga ketersediaan energi,"" pungkasnya.
(ega/ega)",finance
174,"PT Pertamina EP buka suara soal kasus dugaan penyimpangan tata kelola badan usaha milik daerah (BUMD) di Kota Bekasi. PT Minyak dan Gas Bumi Perseroda diketahui bekerja sama dengan Pertamina EP untuk operasi salah satu lapangan migas.
Manager Communication Relations & CID PT Pertamina EP, Pinto Budi Bowo Laksono, menjelaskan PT Minyak dan Gas Bumi Perseroda memang pernah melakukan Kerja Sama Operasi di Lapangan Migas Jatinegara, hanya saja kerja sama cuma sampai Februari 2026.
""Menanggapi penyidikan yang dilakukan oleh Tim Penyidik Jampidsus Kejaksaan Agung terhadap Perseroda Kota Bekasi, PT Pertamina EP menyatakan bahwa PT Minyak dan Gas Bumi Perseroda (sebelumnya PD Migas Kota Bekasi) merupakan mitra Kerja Sama Operasi (KSO) PT Pertamina EP untuk area operasi Lapangan Jatinegara sampai dengan Februari 2026,"" ujar Pinto dalam keterangannya, Jumat (18/9/2026).
Seiring berakhirnya masa kontrak KSO tersebut, keberlanjutan operasional Lapangan Jatinegara dikelola oleh Pertamina EP sendirian atau own operation mulai Februari 2026.
""Perusahaan menghormati proses hukum yang sedang berlangsung dan siap untuk bekerjasama. Pertamina EP berkomitmen untuk menjalankan operasi dan bisnis dengan prinsip transparansi dan akuntabilitas, sesuai praktik tata kelola perusahaan yang baik (good corporate governance/GCG),"" ungkap Pinto.
Sebelumnya, Kejaksaan Agung (Kejagung) menemukan indikasi keterlibatan perusahaan milik pengusaha minyak Muhammad Riza Chalid (MRC) dalam kasus dugaan penyimpangan tata kelola badan usaha milik daerah (BUMD) di Kota Bekasi. Kasus ini diduga terkait kerja sama operasi (KSO) PT Minyak dan Gas Bumi (Perseroda) dengan PT Pertamina EP periode 2009-2024.
""Terindikasi, salah satunya itu. Terindikasi ada dengan perusahaan yang dimiliki, anak perusahaan yang diinvestasikan oleh yang sedang kita mintai (keterangan/keberadaannya), MRC. Ada irisannya,"" kata Kapuspenkum Kejaksaan Agung Anang Supriatna kepada wartawan di Kejari Jakarta Selatan, Jumat (18/9/2026).
Dia menjelaskan kasus ini diduga bermula dari pengelolaan sumur migas di Kota Bekasi melalui skema KSO antara PT Minyak dan Gas Bumi dengan anak perusahaan Pertamina, PT Pertamina EP. Kerja sama tersebut kemudian menggandeng perusahaan asing.
""Nah, dalam pelaksanaannya ternyata perusahaan itu baru dibentuk. Di mana ada penyimpangan, salah satunya tidak melalui izin, tidak izin melalui DPR, mekanisme-mekanismenya dilanggar semua,"" ujar Anang.
""Syarat-syaratnya, dan tidak melibatkan juga izin baik ke DPR maupun juga Kementerian SDM, itu diabaikan. Sehingga terjadi kerugian, yang harusnya ini (untung) malah kerugian, akhirnya defisit,"" sambungnya.
(hal/ara)",finance
175,"Kementerian Energi dan Sumber Daya Mineral (ESDM) resmi mengumumkan pemenang lelang enam Wilayah Kerja (WK) Minyak dan Gas Bumi Tahap I Tahun 2026 melalui Surat Keputusan Menteri ESDM No. 108.K/MG.4/DJM/2026 yang diterbitkan tanggal 17 September 2026.
Penawaran lelang enam Wilayah Kerja Minyak dan Gas Bumi (migas) tersebut merupakan bagian dari upaya Pemerintah untuk mendorong eksplorasi dan membuka peluang ditemukannya sumber energi fosil baru di 'perut' bumi Indonesia.
""Penambahan cadangan tersebut diharapkan dapat mendukung keberlanjutan produksi Minyak dan Gas Bumi serta memenuhi kebutuhan energi nasional di masa mendatang,"" tulis Kementerian ESDM dalam keterangan resminya, Jumat (18/9/2026).
Dijelaskan enam blok migas tersebut terdiri dari dua WK lelang penawaran langsung, yaitu Sapukala dan Natuna D-Alpha, serta empat WK lelang reguler area studi ABT 2025, yakni Bengara II, Pesut Mahakam, Puri, dan Rupat.
Untuk diketahui, salah satu yang menjadi pemenang lelang tersebut adalah perusahaan migas di bawah Arsari Group milik Hashim Djojohadikusumo yakni PT Nations Petroleum. Entitas milik adik Presiden Prabowo Subianto ini berhasil memenangkan WK Migas Natuna D-Alpha melalui penawaran langsung.
Kemudian ada juga entitas raksasa asal China ikut memenangkan lelang ini, yakni Sinopec International Energy Investment Holdings Limited yang memenangkan blok WK Bengara II. Selanjutnya masih ada Cinda Energy Limited asal Hong Kong yang memenangkan blok WK Rupat.
Secara keseluruhan, total nilai komitmen pasti dari keenam WK tersebut mencapai US$ 141,51 juta dengan akumulasi bonus tanda tangan sebesar US$ 1,6 juta.
Berikut daftar Pemenang Lelang WK Migas Tahap I Tahun 2026:
1. WK Sapukala (Penawaran Langsung): Dimenangkan oleh Eni Indonesia Limited dengan komitmen pasti 3 tahun pertama sebesar US$ 8.000.000 dan bonus tanda tangan US$ 200.000.
2. WK Natuna D-Alpha (Penawaran Langsung): Dimenangkan oleh PT Nations Petroleum dengan komitmen pasti 3 tahun pertama sebesar US$ 103.309.000 dan bonus tanda tangan US$ 200.000.
3. WK Bengara II (Lelang Reguler Area Studi ABT 2025): Dimenangkan oleh Sinopec International Energy Investment Holdings Limited dengan komitmen pasti 3 tahun pertama sebesar US$ 16.500.000 dan bonus tanda tangan US$ 300.000.
4. WK Pesut Mahakam (Lelang Reguler Area Studi ABT 2025): Dimenangkan oleh PT Timur Hijau Investama dengan komitmen pasti 3 tahun pertama sebesar US$ 7.403.000 dan bonus tanda tangan US$ 300.000.
5. WK Puri (Lelang Reguler Area Studi ABT 2025): Dimenangkan oleh PT Timur Hijau Investama dengan komitmen pasti 3 tahun pertama sebesar US$ 3.350.000 dan bonus tanda tangan US$ 300.000.
6.WK Rupat (Lelang Reguler Area Studi ABT 2025): Dimenangkan oleh Cinda Energy Limited dengan komitmen pasti 3 tahun pertama sebesar US$ 2.950.000 dan bonus tanda tangan US$ 300.000.
""Pemerintah mengharapkan para pemenang dapat memenuhi dan merealisasikan seluruh komitmen yang telah ditetapkan, khususnya dalam pelaksanaan kegiatan eksplorasi, sesuai dengan ketentuan yang berlaku,"" tulis Kementerian ESDM.
Saat ini masih ada tiga Wilayah Kerja migas yang tidak dapat ditetapkan pemenangnya. Ketiga WK tersebut adalah Wilayah Kerja Rombebai, Wilayah Kerja Maratua II, dan Wilayah Kerja Jayapura.
""Ketiga Wilayah Kerja tersebut selanjutnya ditawarkan sebagai Wilayah Kerja Available sesuai dengan ketentuan yang berlaku"" jelas Kementerian.
Status Wilayah Kerja Available ini membuka peluang bagi Badan Usaha dan/atau Bentuk Usaha Tetap untuk kembali berpartisipasi dalam kegiatan eksplorasi mekanisme Penawaran Langsung. Penawaran dapat dilakukan melalui Studi Bersama maupun tanpa Studi Bersama sesuai dengan ketentuan peraturan perundang-undangan.
Proses Lelang Penawaran Langsung tanpa Studi Bersama dilaksanakan dalam jangka waktu 30 hari kalender. Sementara Usulan tersebut dapat disampaikan kepada Direktur Jenderal Minyak dan Gas Bumi dalam jangka waktu paling lama 6 bulan sejak ditetapkannya hasil Penawaran Wilayah Kerja.
Dalam pengajuan usulan tersebut, Badan Usaha dan/atau Bentuk Usaha Tetap juga dapat mengusulkan Term and Condition yang berbeda sesuai dengan yang diharapkan.
""Ketiga Wilayah Kerja Available menawarkan peluang eksplorasi dengan karakteristik dan ketentuan pokok Kontrak Kerja Sama yang disesuaikan dengan kondisi masing-masing Wilayah Kerja,"" tegas Kementerian ESDM.
Bagi Badan Usaha dan/atau Bentuk Usaha Tetap yang berminat mengikuti Penawaran Lelang Wilayah Kerja Minyak dan Gas Bumi Tahap II Tahun 2026, proses Lelang akan dilaksanakan sesuai dengan jadwal sebagai berikut:
Jadwal dari Lelang Penawaran Langsung untuk Wilayah Kerja Jago, Mahesa, Rafflesia, Belibis, Talu, Manta, Palu adalah sebagai berikut:
a. Akses Bid Document: 17 September 2026 s.d. 31 Oktober 2026
b. Batas akhir waktu pemasukan Dokumen Partisipasi: 2 November 2026
Dan Jadwal Lelang Reguler pada Wilayah Kerja Leti Selatan adalah sebagai berikut:
a. Akses Bid Document: 17 September 2026 s.d. 14 Januari 2027
b. Batas akhir waktu pemasukan Dokumen Partisipasi: 14 Januari 2027
Badan Usaha dan/atau Bentuk Usaha Tetap yang berminat dapat melakukan registrasi dan mengakses Bid Document melalui laman lelang Wilayah Kerja Minyak dan Gas Bumi sesuai dengan jadwal yang telah ditetapkan. Informasi lebih lanjut mengenai Penawaran Lelang Wilayah Kerja Minyak dan Gas Bumi dapat diakses melalui https://esdm.go.id/wkmigas/
(fdl/fdl)",finance
176,"Pemerintah Thailand mengumumkan akan menghidupkan kembali pembangunan jalur darat baru yang menghubungkan Samudra Hindia dan Pasifik sebagai alternatif jaringan logistik di Selat Malaka. Langkah ini dilakukan menyusul ketegangan hingga penutupan Selat Hormuz di Timur Tengah.
Melansir The Nation, Jumat (18/9/2026), proposal rencana pembangunan proyek ini ditaksir menghabiskan sekitar 1 triliun baht atau sekitar Rp 533 triliun (asumsi kurs Rp 533/baht Thailand).
Melalui proyek ini, pemerintah Thailand berencana menghubungkan dua pelabuhan laut dalam baru, yakni Chumphon di Teluk Thailand dan Ranong di Laut Andaman. Kedua pantai di kawasan itu juga akan dihubungkan oleh jalur kereta api, jalan raya, dan infrastruktur logistik di seluruh Thailand selatan.
Proyek yang didukung oleh pemerintahan Perdana Menteri (PM) Anutin Charnvirakul ini kembali menjadi sorotan dan akan dihidupkan kembali setelah perang Amerika Serikat (AS) melawan Iran secara langsung menimbulkan gangguan di sekitar Selat Hormuz. Menunjukkan kerentanan jaringan logistik perdagangan global terhadap titik-titik strategis maritim.
Selain untuk berjaga-jaga jika suatu hari nanti Selat Malaka mengalami nasib serupa dengan Selat Hormuz, proyek ambisius ini juga ditujukan untuk memangkas biaya logistik perdagangan internasional Thailand.
""Koridor tersebut dapat memangkas biaya logistik hingga hampir 30% dan mengurangi waktu transit hingga 14 hari untuk kargo yang melakukan perjalanan antara China selatan dan pelabuhan di Samudra Hindia yang melayani Asia Selatan dan Timur Tengah,"" tulis presentasi pemerintah yang dilihat oleh Reuters seperti dikutip dari The Nation.
Namun dikatakan yang menjadi inti dari proyek Rp 533 triliun ini adalah jalur kereta api standar sepanjang 90 kilometer yang menghubungkan dua pelabuhan laut dalam, dengan kapasitas angkut hingga 20 juta TEU (Twenty-foot Equivalent Unit) per tahun.
Kemudian jaringan ini akan diperkuat lagi oleh jalur kereta api lainnya yang akan menghubungkan koridor tersebut ke jaringan kereta api nasional Thailand yang sudah ada. Menjadi jalur logistik baru yang selanjutnya juga didukung oleh jalan raya multi-jalur dan jalan lokal.
Meski begitu, para pejabat Thailand menegaskan jika proyek pembangunan jalur darat penghubung dua samudra ini tidak dirancang untuk menggantikan Selat Malaka sepenuhnya. Namun jaringan atau koridor tersebut dimaksudkan untuk merebut sebagian pasar transshipment dan kargo pengumpan di sekitar kawasan.
""Thailand menargetkan kapal pengumpan dengan kapasitas 12.000 TEU atau kurang, bukan kapal kontainer utama berukuran besar,"" kata Direktur Jenderal Kantor Kebijakan dan Perencanaan Transportasi dan Lalu Lintas Thailand, Jiraroth Sukolrat.
Namun, proyek ini masih menghadapi tantangan besar. Para analis mengatakan bahwa Jembatan Darat masih terlalu ambisius secara ekonomi dan mungkin akan kesulitan bersaing dengan jalur pelayaran yang lancar melalui Malaka.
(igo/fdl)",finance
177,"Pemerintah Malaysia mengumumkan kenaikan harga Bahan Bakar Minyak (BBM) untuk bensin eceran nonsubsidi. Ketetapan ini diumumkan oleh Kementerian Keuangan Malaysia (MOF) pada Rabu (16/9) kemarin.
Dikutip dari Mala Mail, harga bensin jenis RON 97 dan RON 95 akan naik sebesar 35 sen per liter untuk periode 17-23 September. Dengan demikian, harga bensin eceran RON 97 naik menjadi RM 4,85 atau sekitar Rp 21.097 (asumsi kurs Rp 4.350) per liter.
Sementara RON 95 tanpa subsidi akan naik menjadi RM 4,37 atau sekitar Rp 19.064 per liter. Kemudian untuk solar tanpa subsidi menjadi RM 5,27 atau sekitar Rp 22.930 per liter.
MOF mengatakan, kenaikan harga BBM nonsubsidi ini dilakukan menyusul tingginya harga bahan bakar global yang dipicu meningkatnya ketegangan Asia Barat di tengah konflik yang telah memasuki hari ke-200.
""Iran telah menyerang 10 kapal di dekat Selat Hormuz sebagai balasan atas serangan AS terhadap lima kapal tanker Iran, sementara serangan juga meluas ke Yaman dan infrastruktur energi Arab Saudi. Lalu lintas kapal melalui Selat Hormuz telah turun ke level satu digit setelah lonjakan serangan tersebut,"" tulis MOF dari Malay Mail, dikutip Jumat (18/9/2026).
""Situasi memburuk setelah serangan pesawat tak berawak memaksa penghentian sementara operasi di sepanjang Jalur Pipa Timur-Barat Arab Saudi, yang merupakan salah satu rute utama yang menghindari Selat Hormuz,"" tambahnya.
MOF mengatakan perkembangan ini mendorong harga minyak mentah Brent kembali di atas US$ 100 per barel, mencapai hampir US$ 110 per barel selama periode perhitungan Mekanisme Penetapan Harga Otomatis (APM).
Pada saat yang sama, MOF menilai gangguan terhadap kapasitas penyulingan di Rusia dan kendala pasokan minyak mentah terus membatasi produksi minyak bumi olahan, menjaga margin penyulingan tetap tinggi dan memberikan tekanan ke atas pada harga minyak bumi global.
Menurut MOF, meningkatnya ketegangan di Asia Barat dan konflik Rusia-Ukraina dapat mengakibatkan volatilitas berkepanjangan pada harga minyak global. Namun Pemerintah Madani berkomitmen untuk terus melindungi masyarakat dan bisnis dari dampak ketidakpastian global.
Kebijakan tersebut dijalankan melalui program subsidi BUDI Madani bagi konsumen yang memenuhi syarat. Lewat BUDI95, penerima manfaat tetap membeli RON 95 seharga RM 1,99 per liter, sementara pemerintah menanggung subsidi RM 2,38 per liter atau 54% dari harga tanpa subsidi yang mencapai RM 4,37.
Sementara itu, penerima BUDI Diesel membayar RM 2,10 per liter. Pemerintah memberikan subsidi RM 3,17 per liter atau sekitar 60% dari harga tanpa subsidi sebesar RM 5,27.
Mulai 1 September, pemerintah juga menaikkan batas subsidi bulanan BUDI95 dan BUDI Diesel menjadi 300 liter. Khusus pemilik truk pikap dan jip diesel yang memenuhi syarat, pemerintah memberikan tambahan kuota 100 liter sehingga totalnya menjadi 400 liter per bulan.
""Pemerintah Madani akan terus mengambil pendekatan yang bijaksana untuk melindungi rakyat dari fluktuasi harga sekaligus memastikan pasokan bahan bakar nasional tetap mencukupi dan aman,"" demikian bunyi pernyataan tersebut.
(acd/acd)",finance
178,"Kepala Staf Kepresidenan (KSP) Dudung Abdurachman menargetkan pembangunan 1 juta jaringan gas (jargas) rumah tangga rampung pada 2028. Program ini ditujukan untuk mendukung upaya pemerintah mewujudkan swasembada energi.
Pembangunan jargas rumah tangga tersebut menjadi bagian dari Program Prioritas Nasional sesuai arahan Presiden Prabowo Subianto dan telah masuk dalam Rencana Pembangunan Jangka Menengah Nasional (RPJMN) 2025-2029.
""Tahun 2028 selesai,"" ujar Dudung saat meninjau kesiapan pengoperasian jargas di Kabupaten Gresik, Jawa Timur, dikutip dari Antara Jumat (18/9/2026).
Diketahui, pemerintah menargetkan pembangunan 119.379 sambungan rumah (SR) di 15 kabupaten dan kota sepanjang periode 2025-2026. Dari jumlah tersebut, Kabupaten Gresik mendapat alokasi 7.363 sambungan, sedangkan Kabupaten Sidoarjo 7.223 sambungan.
Dudung mengatakan dukungan kementerian dan lembaga diperlukan agar perizinan jargas di lokasi berikutnya bisa disiapkan sejak awal dan diproses secara paralel. Langkah ini ditujukan untuk mengurangi ketergantungan impor LPG yang saat ini mencapai sekitar 80% dari kebutuhan nasional.
KSP akan mengawal penyelesaian perizinan, penetapan badan usaha pengelola, izin usaha niaga gas bumi, hingga alokasi gas dan titik serah. Pengawalan juga mencakup penetapan wilayah jaringan distribusi dan harga gas rumah tangga sampai seluruh sambungan beroperasi.
""Dukungan setiap kementerian dan lembaga terkait tetap dibutuhkan agar perizinan pada lokasi berikutnya disiapkan sejak perencanaan dan diproses secara paralel, sehingga impor LPG berkurang dan akses masyarakat terhadap energi semakin mudah,"" katanya.
Dudung mengatakan proses perizinan sejauh ini mulai tuntas dan secara bertahap masuk ke tahap pengoperasian. Ia meminta Kementerian ESDM segera menetapkan badan usaha pengelola dan menerbitkan izin usaha niaga gas bumi.
Sementara SKK Migas diminta memastikan alokasi gas dan titik serah. Adapun BPH Migas diminta menyiapkan harga gas rumah tangga yang tetap lebih murah dari LPG tabung 3 kilogram.
(ahi/hns)",finance
179,"Pemerintah kembali menawarkan Wilayah Kerja (WK) Minyak dan Gas Bumi (Migas) untuk mendorong investasi dan eksplorasi hulu migas.
Penawaran WK Migas dilakukan untuk mendorong eksplorasi dan menemukan cadangan baru untuk menjaga keberlanjutan produksi serta memenuhi kebutuhan energi nasional.
Dalam hal ini, Kementerian ESDM mengumumkan Lelang Penawaran WK Migas Tahap II Tahun 2026 untuk 8 wilayah. Penawaran WK ini menjadi upaya pemerintah untuk mendorong eksplorasi dan optimalisasi migas nasional.
""Penambahan cadangan tersebut diharapkan dapat mendukung keberlanjutan produksi Minyak dan Gas Bumi serta memenuhi kebutuhan energi nasional di masa mendatang,"" tulis Kementerian ESDM dikutip dari keterangan tertulis, Jumat (18/9/2026).
Pemerintah terus menyempurnakan kebijakan dan pengelolaan usaha hulu migas untuk menciptakan iklim investasi yang kompetitif sekaligus memberi kepastian bagi kontraktor.
Dalam hal ini, pemerintah telah menyediakan sejumlah kebijakan antara lain peningkatan porsi bagi hasil kontraktor, 10% FTP, nilai minimum Signature Bonus berdasarkan risiko, serta fleksibilitas memilih skema kontrak Cost Recovery atau Gross Split.
Pemerintah juga memberikan 100% harga DMO dan membebaskan kewajiban relinquishment dalam tiga tahun pertama masa komitmen.
Selain itu, kontraktor mendapat kemudahan akses data melalui keanggotaan Migas Data Repository, fasilitas perpajakan sesuai ketentuan, serta kesempatan mengajukan insentif jika terdapat kendala keekonomian dalam pengembangan wilayah kerja.
""Berbagai kebijakan tersebut menjadi bagian dari upaya Pemerintah untuk menciptakan iklim investasi hulu Minyak dan Gas Bumi yang semakin kompetitif, sekaligus memberikan ruang bagi Kontraktor untuk mengoptimalkan pengembangan Wilayah Kerja yang dikelola,"" jelasnya.
Berikut rincian 8 WK Migas yang dilelang pemerintah:
1. Jago - Luas 8.487,61 km2, kontrak Cost Recovery. Komitmen: G&G dan Akuisisi serta Pemrosesan Seismik 3D seluas 500 km2. Bonus: US$ 200.000 USD. Mekanisme: Penawaran Langsung.
2. Mahesa - Luas 9.145,66 km2, kontrak Cost Recovery. Komitmen: G&G dan Akuisisi serta Pemrosesan Seismik 2D sepanjang 1.000 km. Bonus: US$ 200.000. Mekanisme: Penawaran Langsung.
3. Rafflesia - Luas 9.027,74 km2, kontrak Cost Recovery. Komitmen sama dengan Mahesa, Seismik 2D 1.000 km. US$ Bonus 200.000. Penawaran Langsung.
4. Belibis - Luas 4.860,47 km2, kontrak Cost Recovery. Komitmen: G&G dan Pengeboran 1 Sumur Eksplorasi. US$ Bonus 200.000. Penawaran Langsung.
5. Talu - Luas 4.678,26 km2, kontrak Cost Recovery atau Gross Split. Komitmen: G&G dan Akuisisi Seismik 3D seluas 500 km2. US$ Bonus 200.000. Penawaran Langsung.
6. Manta - Luas 8.498,81 km2, kontrak Cost Recovery. Komitmen: G&G dan Seismik 2D sepanjang 1.000 km. Bonus US$ 200.000. Penawaran Langsung.
7. Palu - Luas 7.912,78 km2, kontrak Cost Recovery. Komitmen: G&G dan Seismik 2D sepanjang 300 km. Bonus US$ 200.000. Penawaran Langsung.
8. Leti Selatan - Luas paling besar 11.226,09 km2, kontrak Cost Recovery atau Gross Split. Komitmen: G&G dan Seismik 3D seluas 250 km2 atau 2D sepanjang 1.000 km. Bonus US$ 200.000. Mekanisme: Reguler, satu-satunya yang berbeda dari 7 lainnya.
Bagi Badan Usaha dan/atau Bentuk Usaha Tetap yang berminat mengikuti Penawaran Lelang WK Migas Tahap II Tahun 2026, proses lelang akan dilaksanakan sesuai dengan jadwal sebagai berikut:
Jadwal dari Lelang Penawaran Langsung untuk WK Jago, Mahesa, Rafflesia, Belibis, Talu, Manta, Palu adalah sebagai berikut:
a. Akses Bid Document: 17 September 2026 s.d. 31 Oktober 2026
b. Batas akhir waktu pemasukan Dokumen Partisipasi: 2 November 2026
Dan Jadwal Lelang Reguler pada Wilayah Kerja Leti Selatan adalah sebagai berikut:
a. Akses Bid Document: 17 September 2026 s.d. 14 Januari 2027
b. Batas akhir waktu pemasukan Dokumen Partisipasi: 14 Januari 2027
Badan Usaha dan/atau Bentuk Usaha Tetap yang berminat dapat melakukan registrasi dan mengakses Bid Document melalui laman lelang Wilayah Kerja Minyak dan Gas Bumi sesuai dengan jadwal yang telah ditetapkan. Informasi lebih lanjut mengenai Penawaran Lelang Wilayah Kerja Minyak dan Gas Bumi dapat diakses melalui https://esdm.go.id/wkmigas/
(ahi/hns)",finance
180,"Pakistan - Warga Karachi antre mengisi BBM setelah skema subsidi nasional mulai berlaku. Subsidi diberikan Rp100 per liter untuk kendaraan yang memenuhi syarat.
Warga antre mengisi BBM usai skema relief bahan bakar untuk motor, becak, dan mobil hingga 800cc resmi berlaku nasional di Karachi, Pakistan, Kamis (17/9/2026). REUTERS/Akhtar Soomro
Seorang petugas memeriksa ponsel pelanggan untuk mencari kode sebelum mengisi bahan bakar kendaraan mereka di sebuah SPBU. REUTERS/Akhtar Soomro
Program bertajuk PM Special Fuel Relief Scheme ini memberikan subsidi sebesar Rs100 per liter bagi kendaraan yang memenuhi syarat. REUTERS/Akhtar Soomro
Kuota subsidi diberikan sebesar 20 liter per bulan untuk kendaraan roda dua dan tiga, serta 30 liter per bulan untuk mobil bermesin hingga 800cc. REUTERS/Akhtar Soomro
Seorang petugas mencatat nomor ponsel seorang pelanggan sebelum mengisi bahan bakar kendaraannya di sebuah SPBU . REUTERS/Akhtar Soomro",finance
181,"Tangerang Selatan - Harga beras di Pasar Serpong, Tangerang Selatan, masih di bawah Rp14.000 per liter, meski suplai menurun dan harga mulai naik.
Harga beras di Pasar Serpong, Tangerang Selatan, Banten, relatif stabil dengan rata-rata masih berada di bawah Rp14.000 per liter.
Meski demikian, pedagang mulai merasakan adanya perubahan harga dibandingkan periode sebelumnya. Penurunan suplai beras akibat kekeringan di sejumlah wilayah membuat pasokan yang masuk ke pasar menjadi lebih terbatas.
Kondisi tersebut turut berdampak pada harga beras yang mengalami sedikit peningkatan. Pedagang menyebut keterbatasan pasokan menjadi salah satu faktor yang memengaruhi pergerakan harga beras di tingkat pasar.
Di tengah kondisi tersebut, aktivitas jual beli beras tetap berlangsung di Pasar Serpong. Pedagang tampak menimbang beras yang telah dipesan oleh pembeli sebelum diserahkan kepada konsumen.
Kenaikan harga beras juga mulai berdampak pada jumlah pembeli. Pedagang mencatat adanya penurunan jumlah konsumen seiring meningkatnya harga komoditas pangan tersebut.
Kondisi pasokan beras yang terbatas menjadi perhatian di tengah kekeringan yang melanda sejumlah wilayah Indonesia. Berkurangnya ketersediaan air dapat memengaruhi aktivitas pertanian dan pada akhirnya berdampak terhadap pasokan hasil panen.",finance
182,"Tangerang - Beragam tanaman hias eksotis dan langka menarik perhatian pengunjung FLOII Expo 2026 yang digelar di ICE BSD City hingga 20 September 2026.
Pameran Floriculture Indonesia International (FLOII) Expo 2026 menjadi magnet bagi pencinta tanaman hias. Beragam koleksi tanaman eksotis dan langka dipamerkan dalam ajang yang berlangsung di ICE BSD City, Tangerang, Banten.
Pameran tanaman hias berskala internasional tersebut berlangsung mulai 17 hingga 20 September 2026.
Lebih dari 120 eksibitor ambil bagian dengan menghadirkan beragam koleksi tanaman serta produk florikultura.
Perkembangan sektor florikultura dalam beberapa tahun terakhir turut mendorong tanaman hias menjadi bagian dari industri yang dinilai memiliki peluang besar.
Pameran ini menjadi salah satu ruang untuk memperkenalkan keragaman tanaman sekaligus mempertemukan pelaku industri dengan masyarakat.
Meski nilai ekspor tanaman hias disebut mengalami penurunan dari Rp4,42 triliun pada 2025 menjadi Rp3,51 triliun pada 2026, pemerintah tetap optimistis terhadap perkembangan sektor florikultura.
Pengembangan florikultura juga tidak hanya diarahkan pada nilai penjualan. Sektor ini turut menjadi sarana untuk memperkenalkan kekayaan dan identitas keindahan alam Indonesia melalui beragam jenis tanaman yang dimiliki.
Pengunjung dapat melihat langsung berbagai tanaman hias yang dipamerkan oleh para eksibitor. Selain melihat koleksi tanaman, pengunjung juga dapat mengikuti sejumlah agenda selama pameran, seperti lelang tanaman, kompetisi, hingga lokakarya edukatif.
FLOII Expo 2026 terbuka untuk masyarakat umum selama penyelenggaraan pameran. Pameran berlangsung setiap hari mulai pukul 10.00 hingga 21.00 WIB hingga 20 September 2026.",finance
183,"Jakarta - Warga mengais lumpur di Banjir Kanal Barat, Jakarta, untuk mencari cacing sutra yang dijual sebagai pakan bibit ikan hias.
Foto Bisnis
Mengais Rezeki dari Cacing Sutra di Tengah Lumpur BKB
Jumat, 18 Sep 2026 09:57 WIB
Anda menyukai artikel ini
Artikel disimpan",finance
184,"Ternate - Sebanyak 17.288 KDKMP ditargetkan mulai beroperasi pada akhir September atau awal Oktober 2026 setelah pembangunan fisiknya rampung.
Pekerja melintas di gerai Koperasi Desa Merah Putih (KDMP) yang telah rampung di Kelurahan Bastiong, Ternate, Maluku Utara, Jumat (18/9/2026). Sebanyak 17.288 Koperasi Desa/Kelurahan Merah Putih (KDKMP) ditargetkan mulai beroperasi pada akhir September atau awal Oktober 2026. Target tersebut menyusul rampungnya pembangunan fisik koperasi di berbagai daerah di Indonesia. Antara Foto/Andri Saputra
Kementerian Koperasi menyebut koperasi yang bangunan fisiknya telah selesai akan dipersiapkan untuk segera menjalankan kegiatan operasional. Kehadiran KDKMP diharapkan dapat memperkuat aktivitas ekonomi masyarakat di tingkat desa dan kelurahan. Antara Foto/Andri Saputra
Pemerintah terus melakukan koordinasi dan pemantauan terhadap kesiapan KDKMP di berbagai wilayah. Dengan proses pembangunan, verifikasi, dan validasi yang berjalan, operasional koperasi tersebut ditargetkan dapat dimulai secara bertahap pada akhir September hingga awal Oktober 2026. Antara Foto/Andri Saputra",finance
185,"Riau - Imigrasi Dumai menghadirkan layanan drive thru untuk pengambilan paspor. Sepanjang 2026, sebanyak 12.849 paspor telah diterbitkan.
Sebanyak 12.849 paspor diterbitkan Imigrasi Dumai sepanjang 2026. Pengambilannya kini bisa dilakukan lebih praktis melalui layanan drive thru.
Kantor Imigrasi Kelas I TPI Dumai, Riau, menghadirkan layanan drive thru untuk memudahkan masyarakat mengambil dokumen paspor. Layanan ini memungkinkan pemohon menerima paspor dengan lebih cepat dan praktis tanpa perlu turun dari kendaraan.
Layanan drive thru tersebut juga tetap beroperasi pada Sabtu, sehingga masyarakat memiliki pilihan waktu yang lebih fleksibel untuk mengambil paspor.
Selain layanan drive thru, Kantor Imigrasi Kelas I TPI Dumai memberikan pelayanan yang ramah bagi kelompok rentan. Salah satunya kepada masyarakat pengguna kursi roda yang datang untuk mengurus paspor.
Seorang pemohon pengguna kursi roda terlihat mendapatkan layanan pembuatan paspor. Paspor tersebut dibuat untuk keperluan berobat ke Melaka, Malaysia.
Sepanjang 2026, Kantor Imigrasi Kelas I TPI Dumai telah menerbitkan 12.849 paspor. Jumlah tersebut terdiri dari 5.560 paspor untuk pemohon laki-laki dan 7.289 paspor untuk pemohon perempuan.
Berdasarkan tujuan perjalanan, mayoritas paspor diterbitkan untuk keperluan wisata, yakni sebanyak 9.399 paspor. Sementara itu, sebanyak 831 paspor diterbitkan untuk tujuan berobat dan 2.068 paspor untuk keperluan umrah.",finance
186,"Jakarta - Keluarga prasejahtera di Jagakarsa mengikuti pelatihan memasak. Kegiatan ini menjadi bekal untuk mengembangkan usaha secara mandiri.
Peserta mengikuti pelatihan memasak di Gedung Sasana Krida Karang Taruna (SKKT) Jagakarsa, Jakarta, Jumat (18/9/2026).
Suku Dinas Sosial (Sudinsos) Jakarta Selatan menggelar pelatihan Usaha Ekonomi Produktif (UEP) bagi keluarga miskin.
Pelatihan tersebut menjadi upaya untuk meningkatkan kapasitas dan keterampilan peserta agar mampu mengembangkan usaha secara mandiri.
Peserta yang mengikuti kegiatan ini ditentukan berdasarkan data kesejahteraan masyarakat dengan kategori desil di bawah 5.
Dalam pelaksanaannya, peserta mendapat pelatihan keterampilan yang berfokus pada pembuatan berbagai makanan dan minuman kekinian.
Materi pelatihan diberikan secara bertahap selama beberapa hari dengan menu yang berbeda pada setiap pertemuan.
Melalui pelatihan tersebut, peserta diharapkan memiliki keterampilan yang dapat menjadi bekal untuk meningkatkan kemandirian dan mengembangkan usaha ekonomi produktif.",finance
187,"Tangerang Selatan - Sampah plastik kresek dan bungkus kopi diolah menjadi tas hingga lukisan di Bank Sampah My Darling, Bintaro, sekaligus menjadi ruang belajar warga.
Seorang warga terlihat memilah sampah tutup botol galon di Bank Sampah My Darling, Bintaro, Tangerang Selatan.
Bank Sampah My Darling menjadi ruang pemberdayaan masyarakat untuk belajar mengolah dan mendaur ulang sampah. Kegiatan tersebut melibatkan berbagai kelompok usia, mulai dari anak-anak, remaja karang taruna, hingga ibu-ibu.
Salah satu sampah yang menjadi fokus pengelolaan saat ini adalah plastik kresek dan plastik multilayer, seperti bungkus kopi.
Material tersebut diolah menjadi berbagai kerajinan, mulai dari tas hingga karya lukisan.
Plastik kresek yang sebelumnya menjadi limbah diolah kembali menjadi material untuk menghasilkan barang bernilai guna.
Tak hanya mengandalkan sampah dari nasabah, Bank Sampah My Darling juga menerima hibah sampah dari sejumlah toko besar di sekitar wilayah Bintaro. Sampah-sampah tersebut kemudian dimanfaatkan sebagai bahan untuk berbagai kegiatan pengolahan dan kerajinan.
Bank Sampah My Darling didirikan oleh Yeni Mulyani Hidayat, yang akrab disapa Mbak Darling. Yeni memulai bank sampah tersebut pada 2012 di Jakarta sebelum kemudian pindah ke kawasan Bintaro, Tangerang Selatan.
Melalui Bank Sampah My Darling, Yeni ingin semakin banyak masyarakat yang memahami bahwa sampah dapat diolah dan dimanfaatkan kembali. Edukasi tersebut juga dikenalkan sejak dini dengan melibatkan anak-anak dalam proses pembuatan kerajinan.",finance
188,"Anak usaha PT Semen Indonesia (Persero) Tbk, PT Solusi Bangun Indonesia Tbk menyiapkan sejumlah langkah untuk menghadapi kemarau yang diprediksi lebih panjang. Perusahaan menyatakan terus memperkuat pengelolaan air melalui efisiensi penggunaan, pemanfaatan kembali air, pengembangan sumber air alternatif, serta penerapan teknologi untuk mengoptimalkan penggunaan dan distribusi air dalam kegiatan operasional.
Sebagai bagian dari Target Keberlanjutan 2030, Solusi Bangun Indonesia menargetkan pengurangan pengambilan air baku sebesar 10% dibandingkan baseline 2019. Hingga 2025, Perusahaan telah mengurangi pengambilan air baku sebesar 45%, jauh melampaui target yang ditetapkan untuk 2030.
 
Direktur Operasi Solusi Bangun Indonesia, Edi Sarwono, mengatakan perubahan pola iklim mendorong industri untuk semakin adaptif dalam mengelola sumber daya air.
""Air merupakan sumber daya vital bagi kehidupan termasuk kegiatan ekonomi dan industri. Karena itu, kami terus berupaya menurunkan penggunaan air permukaan dengan memanfaatkan sumber air alternatif seperti pemanenan air hujan, penggunaan recycled water, serta penggunaan teknologi yang membantu mengoptimalkan distribusi air ke fasilitas produksi agar lebih efisien,"" ujar Edi Sarwono dalam keterangannya, Jumat (18/9/2026).
 
Upaya tersebut tercermin pada perubahan komposisi penggunaan air di seluruh area operasi Perusahaan. Berdasarkan Laporan Keberlanjutan 2025, total pengambilan air baku turun dari 2.252 megaliter pada 2024 menjadi 2.132 megaliter pada tahun 2025. Dengan komposisi pengambilan air permukaan berkurang sekitar 18% dari 841 megaliter pada 2024 menjadi 688 megaliter pada 2025.
Penggunaan air tanah turun sekitar 11% dari 487 megaliter menjadi 432 megaliter, sementara volume air hujan yang ditampung meningkat sekitar 9% dari 676 megaliter menjadi 734 megaliter.
 
Pemanfaatan recycled water juga terus ditingkatkan. Pada tahun 2025, kegiatan produksi semen di keempat pabrik Solusi Bangun Indonesia memanfaatkan 563 megaliter recycled water dari proses produksi, angka ini setara dengan 31,7% dari total pengambilan air serta meningkat 24% dari tahun sebelumnya.
Solusi Bangun Indonesia menerapkan berbagai pendekatan sesuai dengan karakteristik masing-masing fasilitas produksi. Di Pabrik Cilacap, Jawa Tengah, air hujan yang tertampung di settling pond dimanfaatkan kembali untuk kebutuhan produksi. Melalui inisiatif tersebut, Pabrik Cilacap mencatat pengurangan 37% penggunaan air baku pada tahun 2025 dibandingkan baseline 2019.
 
Sementara itu, Pabrik Narogong, Jawa Barat, menerapkan teknologi Programmable Logic Control (PLC) dan Internet of Things (IoT) dalam River Pump Management untuk mengatur distribusi air secara lebih presisi. Penerapan teknologi tersebut membantu mengurangi konsumsi air tawar dari sungai sebesar 82 megaliter sepanjang 2025.
 
Pabrik Lhoknga, Aceh, memanfaatkan air hujan melalui fasilitas penampungan yang juga menjadi bagian dari upaya mengurangi penggunaan air sungai untuk kebutuhan operasional. Pada tahun 2025, Pabrik Lhoknga berhasil mengurangi penggunaan air baku dari sungai sebesar 100%.
 
Menurut Edi Sarwono, berbagai inisiatif tersebut merupakan bagian dari upaya Perusahaan untuk mengoptimalkan penggunaan air melalui efisiensi, penggunaan kembali, dan pemanfaatan sumber alternatif.
""Ketahanan menghadapi perubahan iklim dibangun dari keputusan yang kita ambil hari ini. Setiap upaya untuk menggunakan kembali air, memanfaatkan sumber alternatif, dan mengurangi kehilangan air membantu menjaga ketersediaannya bagi operasi, lingkungan, maupun masyarakat,"" tutup Edi Sarwono.
(acd/acd)",finance
189,"Industrial Festival 2026 kembali diselenggarakan Kementerian Perindustrian sebagai wadah edukasi, kolaborasi, dan eksplorasi industri yang dikemas secara kreatif dan relevan bagi generasi muda.
Tahun ini acara tersebut mengusung tema besar 'Start Your Journey' yang diharapkan mampu memacu keterlibatan aktif generasi muda sebagai pelaku industri, inovator, hingga entrepreneur masa depan.
Menteri Perindustrian Agus Gumiwang Kartasasmita menyampaikan, Industrial Festival merupakan bagian dari komitmen untuk membangun optimisme generasi muda terhadap masa depan industri nasional yang semakin adaptif, modern, dan berdaya saing global.
""Industrial Festival bukan sekadar event, tetapi menjadi ruang aktualisasi bagi generasi muda untuk melihat langsung berbagai peluang dan transformasi yang sedang berlangsung di sektor industri. Kami ingin generasi muda Indonesia berani memulai perjalanan mereka di sektor industri nasional yang kini semakin inovatif, hijau, dan berbasis teknologi,"" kata Agus Gumiwang dalam keterangannya, Jumat (17/9/2026).
Menurut Agus, sektor industri manufaktur nasional terus menunjukkan ketahanan yang kuat di tengah dinamika global. Oleh karena itu, diperlukan dukungan sumber daya manusia yang kreatif, adaptif, dan memiliki kemampuan menghadapi disrupsi teknologi maupun tantangan keberlanjutan.
""Generasi muda harus menjadi bagian dari transformasi industri nasional. Mereka tidak hanya menjadi pengguna teknologi, tetapi juga pencipta solusi dan inovasi industri masa depan,"" tegas Agus.
Industrial Festival 2026 akan menghadirkan berbagai rangkaian kegiatan, antara lain inspiring talkshow, community engagement, coaching clinic, layanan publik on location, career and networking corner, hingga kompetisi content creation.
Pada tahun ini, Industrial Festival juga akan berkolaborasi dengan dua agenda besar nasional, yakni Halal Indo 2026 yang berlangsung pada 24-27 September 2026 di ICE BSD, Tangerang, serta peringatan Hari Batik Nasional 2026 di Surabaya.
Sekretaris Jenderal Kementerian Perindustrian Eko S.A. Cahyanto mengatakan, Industrial Festival menjadi sarana strategis untuk memperkuat komunikasi publik Kemenperin sekaligus memperkenalkan lebih dekat ekosistem industri nasional kepada masyarakat, khususnya generasi muda.
""Melalui Industrial Festival, kami ingin membangun awareness bahwa industri manufaktur memiliki peluang karier yang luas, inovasi yang berkembang pesat, dan kontribusi besar terhadap perekonomian nasional. Karena itu, pendekatan komunikasi kepada generasi muda perlu dilakukan dengan cara yang kreatif, inklusif, dan interaktif,"" ujar Eko.
Selain menghadirkan edukasi terkait perkembangan industri masa depan, kegiatan tersebut juga akan memperkuat kolaborasi antara pemerintah, dunia industri, komunitas, akademisi, dan media. Kemenperin juga menyiapkan layanan publik secara langsung di lokasi acara sebagai bentuk pelayanan yang lebih dekat dengan masyarakat.
Dalam rangkaian Industrial Festival x Halal Indo 2026, Kemenperin juga akan mengangkat berbagai isu strategis terkait pengembangan industri halal nasional, penguatan bisnis halal berbasis teknologi, hingga pengembangan industri yang berkelanjutan dan berbasis ESG syariah. Sementara pada kolaborasi dengan Hari Batik Nasional 2026, Industrial Festival akan mendukung penguatan ekosistem batik sebagai bagian dari industri kreatif nasional yang kompetitif dan dekat dengan generasi muda.
(hal/ara)",finance
190,"Presiden Prabowo Subianto menerima kunjungan Wakil PM Malaysia Ahmad Zahid Hamidi di kediaman pribadinya, di Hambalang, Bogor.
Salah satu materi pembahasan soal Kerja sama industri halal. Prabowo bilang kerja sama industri halal Indonesia dan Malaysia harus diperkuat karena hubungan kedua negara sangat baik dengan berbagai kesamaan, termasuk dari sisi pemeluk agama Islam.
""Gagasan untuk kita kerja sama di bidang industri halal dan lain-lain saya kira hubungan kita dengan Malaysia cukup baik,"" ujar Prabowo dalam keterangannya, Jumat (18/9/2026).
""Indonesia dan Malaysia adalah saudara. Kita harus bekerja sama kita harus pelihara hubungan yang sangat baik,"" sambungnya.
Sebelumnya, Ahmad Zahid sudah sempat bertemu dengan Wakil Presiden (Wapres) Gibran Rakabuming Raka dan menyampaikan kedua negara memiliki peluang besar untuk bersama-sama memperluas pasar produk halal.
Salah satu langkah yang dibahas adalah penguatan saling pengakuan terhadap produk halal kedua negara untuk mempermudah akses pasar produk Indonesia di Malaysia maupun produk Malaysia di Indonesia.
""Paling penting karena produk halal ini, di market, kebutuhan di dunia bernilai US$ 1,3 triliun. Besar. Dan tentunya, Indonesia dan Malaysia mempunyai market share untuk kita menawarkan produk-produk halal ke seluruh dunia,"" ujar Ahmad dalam keterangan pers BPMI Setwapres.
Merespons peluang tersebut, Indonesia pun mendorong agar kerja sama halal Indonesia dan Malaysia segera diperluas dari kerja sama bilateral menuju penguatan ekosistem halal di tingkat ASEAN.
Kepala BPJPH Ahmad Haikal menambahkan Gibran memberikan dukungan terhadap percepatan pembentukan ASEAN Halal Council sebagai langkah memperkuat kerja sama halal di kawasan.
""Mas Wapres sangat mendukung dan meminta segera dilakukan percepatan menuju ASEAN Halal Council. Karena ketika ASEAN Halal Council terwujud, ini sudah naik kelas halal,"" tutur Haikal.
Menurut Haikal, sebagai langkah awal menuju penguatan kerja sama tersebut, Indonesia dan Malaysia berencana memprakarsai pembentukan Indonesia-Malaysia Halal Council pada akhir tahun ini.
Inisiatif tersebut diharapkan menjadi wadah untuk memperkuat saling pengakuan sertifikasi halal kedua negara sehingga produk halal Indonesia dapat lebih mudah memasuki pasar Malaysia, demikian pula sebaliknya.
""Rencananya di akhir tahun ini kita berdua memprakarsai Indonesia-Malaysia Halal Council. Sehingga barang-barang halal yang ada di Indonesia itu sudah otomatis halal di Malaysia dan barang-barang di Malaysia pun sudah di Indonesia,"" jelasnya.
(hal/hns)",finance
191,"Presiden Prabowo Subianto menegaskan pemerintah yang dipimpinnya telah bekerja keras, salah satu hasilnya harga pupuk turun. Di sisi lain, produksi pupuk diklaim melimpah.
Prabowo mengatakan, capaian tersebut menjadi yang pertama kali diraih Indonesia dalam sejarah.
""Harga pupuk turun, tapi jumlah pupuk tambah,"" ungkap Prabowo dalam sambutannya di HUT ke-28 Partai Amanat Nasional, dikutip dari YouTube PAN TV, Jumat (18/9/2026).
Prabowo juga mengatakan PT Pupuk Indonesia (Persero) berhasil membalikan kinerja keuangannya. Hal tersebut tercermin dari laba perusahaan yang tumbuh tinggi setelah menelan kerugian.
""PT Pupuk yang dari dulu mengalami kerugian, sekarang naik keuntungannya 252%,"" tegasnya.
Selama memimpin pemerintah kurang dari 2 tahun, Prabowo mengaku berhasil 125 kebijakan yang baik. Hal tersebut juga dirasakan oleh masyarakat Indonesia.
""Gak sampai dua tahun kita sudah menghasilkan 125 kebijakan luar biasa, kalian merasakan. Pertama kali dalam sejarah Indonesia, kita bisa turunkan harga pupuk,"" pungkasnya.
(hns/hns)",finance
192,"PT Dirgantara Indonesia (Persero) atau PTDI meningkatkan produksi pesawat komersial N219 berkapasitas 19 penumpang. VP Business Development & Marketing Heber M. F. Panjaitan menjelaskan pesawat N219 diproduksi untuk melayani rute-rute perintis seperti daerah 3 T (Tertinggal, Terdepan dan Terluar).
Pesawat N219 diyakini dapat menghubungkan daerah-daerah yang sulit dijangkau dengan darat maupun laut. Heber menekankan, pesawat N219 ini diproduksi dengan peruntukan dual use, bisa untuk kebutuhan sipil/komersial maupun militer.
""Untuk komersial potensi lebih dari 150 unit untuk memenuhi rute-rute perintis, itulah tadi buat yang N219. Jadi cukup besar yang layak bangsa pasarnya. Dan ada 30 unit penugasan Kemhan yang tadi saya bilang, 30 unit dari penugasan Presiden, untuk memenuhi kebutuhan di kementerian lembaga. Jadi memang cukup besar bangsa pasarnya, 150 plus 30 itu, 180 unit,"" kata dia kepada detikcom dalam TNI Fair, di Monumen Nasional, Jakarta Pusat, Sabtu (19/9/2026).
Untuk mengejar pasar tersebut, PTDI menargetkan peningkatan kapasitas produksi N219 secara bertahap. Pada 2026, Heber mengungkap sudah ada kontrak 13 unit, yaitu 4 untuk komersial, 6 permintaan dari TNI AD dan 3 dipesan oleh PT BIBU Agro Maritim, anak usaha PT BIBU Panji Sakti.
Selain itu, terdapat 3 unit N219 yang sudah masuk tahap Perjanjian Pengadaan Barang dan Jasa (PPBJ) dari Kementerian Pertahanan.
""Untuk N219 sendiri, yang sudah kontrak itu ada 6 dari TNI AD, kemudian ada 4 dari Mitra Aviasi Perkasa, kemudian ada 3 dari BIBU Panji Sakti,"" tambahnya.
PTDI menyebut harga N219 berada di kisaran US$9 juta-US$ 10 Juta per unitnya. Namun harga itu belum termasuk jika ada permintaan modifikasi tertentu.
""Kalau kita lihat kan pesawat ini kami sudah memiliki pricing sekitar 9 juta sampai 10 juta dolar kisaran harga satu pesawat ini untuk basic configuration. Jadi tinggal dikalikan dengan unitnya, satuannya untuk basic, kecuali ada modifikasi-modifikasi tertentu, mungkin ada peningkatan harga,"" ujarnya.
Produksi Pesawat PTDI
Secara keseluruhan, kapasitas produksi PTDI pada 2026 ditargetkan mencapai 28 unit. Jumlah tersebut terdiri dari 6 unit NC212, 4 unit CN235, 2 unit N219, dan 16 unit helikopter.
""Produksinya, kapasitas kita tahun 2026 ini ada 28 unit. Gabungan daripada 6 unit NC212i, 4 CN235, 2 N219, dan 16 helikopter. Kita akan targetkan naik bertahap lewat ekspansi CN235 ke 6-8 unit per tahun, terus sampai ke 10-12 unit per tahun. Terus untuk N219, dari 6 meningkat ke 12 unit per tahun. Ekspornya tentunya negara-negara yang kita targetkan itu wilayah Asia Pasifik, Afrika, dan juga Amerika Latin,"" jelasnya.
Pesawat ini juga dipamerkan dalam ajang TNI Fair yang digelas di Monumen Nasional (Monas) pada 19-20 September 2026. Pameran tersebut menjadi ajang bagi PT Dirgantara Indonesia (PTDI) untuk menampilkan sejumlah produk dan kapabilitas industri kedirgantaraan yang telah dikontrak maupun yang berpotensi memenuhi kebutuhan TNI.
Produk yang ditampilkan antara lain pesawat CN235, NC212/NC212i, N219, helikopter, hingga sejumlah teknologi pendukung pertahanan.
Selain produk pesawat, PTDI menampilkan berbagai kerja sama dan pengembangan teknologi pertahanan, termasuk kerja sama dengan sejumlah mitra asing serta pengembangan drone. PTDI juga memperkuat kapabilitas pemeliharaan dan perawatan mesin pesawat melalui anak usahanya, PT Nusantara Turbin dan Propulsi (NTP).
Keikutsertaan PTDI dalam pameran ini juga menjadi bagian dari upaya perusahaan memperluas pasar dan meningkatkan kapasitas produksi.",finance
193,"Operasi tangkap tangan (OTT) dilakukan Komisi Pemberantasan Korupsi (KPK) di lingkungan Kementerian ATR/BPN. Menteri ATR/Kepala BPN Nusron Wahid buka suara soal insiden ini.
Dia menjamin layanan pertanahan akan tetap jalan dan tidak terganggu dengan kasus hukum di kantornya. Beberapa layanan unggulan macam peralihan hak sepuluh hari hingga pengukuran tanah terjadwal tetap jalan.
""Insyaallah tidak terganggu. Kami minta tetap solid, pelayanan tetap jalan, peralihan hak sepuluh hari tetap jalan, pengukuran terjadwal tetap jalan. Kan memang sebelum ini kita sudah committed untuk itu, untuk melakukan beberapa inovasi-inovasi dan perubahan-perubahan,"" ujar Nusron dalam keterangan video, Jumat (18/9/2026).
Pihaknya juga menghormati aparatur penegakan hukum (APH) dalam melakukan proses pendalaman kasus. Pihaknya pun akan mengikuti dan siap membantu semua proses hukum yang ada.
""Semoga dengan kejadian ini ada proses percepatan perbaikan pelayanan di internal kantor ATR BPN. Kita ikuti prosesnya ini dan kami serahkan sepenuhnya kepada KPK sebagai APH,"" kata Nusron.
Sebelumnya, Komisi Pemberantasan Korupsi (KPK) menangkap 17 orang dalam operasi tangkap tangan di BPN Kabupaten Bogor, Jawa Barat. Penangkapan tersebut terkait dengan dugaan suap dalam pengurusan HGB.
Terdapat sejumlah pejabat tinggi yang terjaring OTT. Beberapa di antaranya yaitu Direktur Jenderal Pengendalian dan penertiban Tanah dan Ruang Lampri, Kepala Kantor Pertanahan Bogor Sontang Coin Manurung, dan Kepala Kantor Pertanahan Tangerang Tardi.
Sebagai informasi, pada Kamis (17/9/2026), KPK menyambangi Kementerian ATR/BPN sejak sebelum pukul 12.00 WIB untuk melakukan penggeledahan. Tujuan penggeledahan ini untuk memperoleh barang bukti tambahan.
Dalam perkara tanah ini, KPK telah menetapkan delapan tersangka. Sebanyak empat di antaranya disebut sebagai orang kepercayaan Menteri ATR/BPN Nusron Wahid.
Daftar Tersangka Sejauh Ini:
1. Lampri (LMP) selaku Dirjen Pengendalian dan Penertiban Tanah dan Ruang ATR/BPN;
2. Sontang Coin Manurung (SON) selaku Kepala Kantor Pertanahan Kabupaten Bogor I
3. Adrianto Pitojo Adi (ADR) selaku Direktur Utama (Dirut) Summarecon;
4. Arif Sugiyanto (ARF) selaku pihak swasta yang diduga orang kepercayaan Menteri ATR/BPN Nusron Wahid;
5. Fahd El Fouz atau Fahd A Rafiq (FEZ) selaku pihak swasta yang diduga orang kepercayaan Menteri ATR/BPN Nusron Wahid;
6. Rizal Pahlevi (LEV) selaku pihak swasta;
7. Erwin (ERW) selaku pihak swasta yang diduga orang kepercayaan Menteri ATR/BPN Nusron Wahid;
8. Muhammad Fakhry (MF) selaku pihak swasta yang diduga orang kepercayaan Menteri ATR/BPN Nusron Wahid.
KPK juga turut menyita uang Rp 106,3 miliar dalam kasus ini. Jumlah ini menjadi yang terbesar sepanjang sejarah OTT KPK.
(hal/ara)",finance
194,"Badan Informasi Geospasial (BIG) menyatakan kondisi kekeringan berdampak terhadap perubahan tutupan genangan di Waduk Jatigede, Kabupaten Sumedang, Jawa Barat. Area yang sebelumnya tertutup air berubah menjadi daratan terbuka hingga mencapai 260,01 hektare pada September 2026.
Direktur Pemetaan Tematik BIG Gatot Haryo Pramono menjelaskan berdasarkan pemantauan citra satelit yang dianalisis melalui Piksel, memperlihatkan perubahan area yang sebelumnya tertutup air menjadi area terbuka di sisi selatan waduk. 
 
Perubahan tersebut terekam dalam rangkaian citra satelit pada 9 Juni, 4 Juli, 8 Agustus, dan 7 September 2026. Pada awal periode pengamatan, genangan masih mendominasi area yang diamati.
""Memasuki Juli, area terbuka mulai terlihat di sejumlah tepian. Perubahan semakin jelas pada Agustus dan September, ketika daratan yang sebelumnya tertutup air tampak semakin luas,"" ujar Gatot dalam keterangan tertulis, Jumat (18/9/2026)..
 
Menurut Gatot berdasarkan analisis citra, luas area yang mengalami perubahan dari kondisi tergenang menjadi area terbuka mencapai 138,3 hektare pada Juli.
Luasan tersebut meningkat menjadi 252,3 hektare pada Agustus dan mencapai 260,01 hektare pada September 2026, jika dibandingkan dengan kondisi pada Juni.
""Luas 260 hektare tersebut setara dengan sekitar 360 lapangan sepak bola,"" terangnya.
 
Namun, Gatot menekankan, angka tersebut tidak menunjukkan bahwa seluruh Waduk Jatigede mengalami penyusutan dengan luasan yang sama. Pengukuran dilakukan secara khusus pada area pengamatan di sisi selatan waduk.
Citra satelit memperlihatkan perubahan tutupan permukaan, tetapi untuk menentukan penyebab dan kondisi hidrologis waduk secara keseluruhan diperlukan data pendukung seperti tinggi muka air, volume tampungan, curah hujan, serta debit air yang masuk dan keluar waduk. 
 
Pemanfaatan citra multitemporal melalui Piksel memungkinkan perubahan permukaan bumi diamati dari waktu ke waktu secara lebih mudah. Dengan membandingkan citra dari beberapa tanggal, lokasi perubahan dapat diketahui sekaligus diukur luasnya.
Teknologi ini dapat menjadi salah satu sumber informasi pendukung untuk memantau dinamika waduk dan sumber daya air, terutama selama periode kemarau. 
 
""Pengamatan Waduk Jatigede juga menunjukkan bagaimana data penginderaan jauh dapat digunakan untuk mengubah perubahan yang terlihat dari atas menjadi informasi yang lebih terukur. Melalui Piksel, BIG terus membuka pemanfaatan data satelit untuk berbagai kebutuhan, mulai dari pemantauan sumber daya air, kebencanaan, perubahan tutupan lahan, hingga kondisi lingkungan di berbagai wilayah Indonesia,"" jelas Gatot.",finance
195,"Presiden Prabowo Subianto menyebut pemerintah telah membangun lebih dari 1.000 kilometer (km) jaringan irigasi. Hal tersebut dicapai dalam waktu kurang dari dua tahun sejak pemerintahannya berjalan.
""1.000 kilometer lebih irigasi terbangun,"" ujar Prabowo dalam sambutannya di HUT ke-28 Partai Amanat Nasional, dikutip dari YouTube PAN TV, Jumat (18/9/2026).
Selain itu, Prabowo juga menyebut pemerintah berhasil mencapai swasembada untuk 8 komoditas pangan dalam satu tahun. Pemerintah juga telah membangun hampir 4.000 jembatan di desa.
Prabowo juga menargetkan 5.000 jembatan berhasil dibangun di desa-desa hingga akhir tahun nanti.
""Kita sudah membangun hampir 4.000 jembatan, sampai akhir tahun 5.000 jembatan di desa,"" jelas Prabowo.
Prabowo menambahkan, pemerintah juga telah mengirim 228 layar digital pintar untuk semua sekolah di Indonesia. Pemerintah juga akan menambah unit hingga 300.000 untuk layar digital.
""Tahun ini kita akan tambah mungkin mendekati 300 ribu lagi. Tiap sekolah Indonesia termasuk di pesantren-pesantren akan memiliki 4 ruang kelas dengan layar digital sehingga anak-anak kita akan punya akses terhadap ilmu pengetahuan dari seluruh dunia,"" pungkasnya.
(hns/hns)",finance
196,"Pemerintah menargetkan 5.000 Kampung Nelayan Merah Putih (KNMP) rampung dibangun hingga akhir tahun 2029. Program ini dianggap sebagai salah satu bentuk perhatian pemerintah terhadap para nelayanan Indonesia.
Presiden Prabowo Subianto menjelaskan, pembangunan KNMP akan dilakukan secara bertahap. Untuk tahun ini ditargetkan sebanyak 1.300, kemudian dua tahun selanjutnya ditargetkan masing-masing 2.000 KNPM.
""Para nelayan kita yang nggak pernah diperhatikan selama sekian puluh tahun, kita tahun ini akan menyelesaikan 1.300 kampung nelayan. Tahun depan sasaran kita 2.000 kampung nelayan. Tahun 2028, 2.000 lagi,"" ungkap Prabowo dalam sambutannya di HUT ke-28 Partai Amanat Nasional, dikutip dari YouTube PAN TV, Jumat (18/9/2026).
Prabowo mengatakan, KNPM nantinya akan memiliki fasilitas seperti balai lelang, akses kapal, cold storage, bengkel, pabrik es, hingga pembangunan Stasiun Pengisian Bahan Bakar Nelayan (SPBN). Bahkan jika perlu, ia juga tak ragu membangun lapangan terbang.
""Kalau perlu kita akan bikin lapangan terbang dekat kampung-kampung nelayan itu supaya ikan yang bernilai, masih segar bisa diangkut dengan pesawat menuju pasar-pasar dunia,"" kata Prabowo.
Prabowo menambahkan, pemerintah telah memesan sedikitnya 1.500 kapal nelayan dengan kapasitas di atas 100 Gross Ton (GT). Kapal-kapal tersebut nantinya akan disalurkan untuk mendukung aktivitas nelayan di berbagai kampung nelayan.
""Juga akan segera kita sudah pesen minimal 1.500 kapal nelayan yang di atas 100 Gross Ton. Yang lebih kecil akan kita adakan segera untuk disampaikan ke kampung-kampung nelayan tersebut,"" pungkasnya.
(hns/hns)",finance
197,"Bank sentral Amerika Serikat (AS), Federal Reserve (The Fed), menaikkan suku bunga acuannya untuk pertama kali sejak Juli 2023. Kebijakan ini turun menopang harga Bitcoin dan mendorong dolar AS semakin perkasa.
Harga Bitcoin pada Kamis (17/9/2026) berada pada US$ 76.400-an atau sekitar Rp 1,35 miliar (Kurs Rp 17.749). Berdasarkan pantauan CoinMarketCap sekitar pukul 12.06 WIB, Harga Bitcoin (BTC) naik 1,05% dalam 24 jam terkahir dan berada di kisaran US$ 76.442.
Adapun kapitalisasi pasar Bitcoin tercatat mencapai sekitar US$ 1,53 triliun, naik 0,8%. Sementara itu, volume perdagangan Bitcoin dalam 24 jam terakhir mencapai US$ 30,34 miliar. Angka ini turun sebesar 21,79%.
Jumlah Bitcoin yang beredar saat ini tercatat sekitar 20,08 juta BTC, dari batas maksimum 21 juta BTC.
Dolar AS Semakin Perkasa
Dolar Amerika Serikat pun juga semakin perkasa terhadap sejumlah mata uang Asia setelah The Fed menaikkan suku bunga. Penguatan dolar tersebut membuat mata uang negara-negara Asia, termasuk Ringgit Malaysia, Rupiah Indonesia berada di bawah tekanan.
Dikutip dari Bloomberg, Kamis (17/9/2026) pada pukul 13.18 WIB, nilai tukar dolar AS berada pada level MYR 4,0967/US$, menguat 0,50%. Kemudian dolar juga menguat terhadap Rupiah. Di mana dolar AS berada pada level Rp 17.753, menguat 0,32%.
Lalu nilai tukar dolar AS terhadap won Korea menguat 0,49% menjadi KRW 1.383,1/US$. Dolar AS juga menguat terhadap Dong Vietnam sebesar 0,04% menjadi VND 25.596/US$.
Begitu juga dolar AS terhadap dolar Taiwan menguat 0,27% menjadi TWD 31,86/US$. Dolar AS menguat terhadap peso Filipina 0,02% menjadi PHP 62,7450/US$.
Sementara, dolar AS terhadap Yuan China melemah 0,02% menjadi CNY 6,7074/US$. Dolar AS juga melemah terhadap dolar Singapura sebesar 0,18% menjadi SGD 1,275/US$.
Kemudian dolar AS juga melemah 0,44% terhadap Yen Jepang menjadi JPY 155,58/US$. Sama halnya dengan Yen Jepang, dolar AS juga melemah terhadap Bath Thailand sebesar 0,13% menjadi THB 33,33/US$.
Bunga The Fed
Untuk diketahui, The Fed menaikkan suku bunga acuannya untuk pertama kali sejak Juli 2023. The Fed juga memberi sinyal masih ada peluang menaikkan suku bunga lagi hingga akhir tahun demi meredam inflasi.
Suku bunga diputuskan naik sebesar 25 basis poin (bps) dalam pertemuan Rabu (16/9). Keputusan yang diambil dengan suara bulat 12-0 itu membuat suku bunga acuan The Fed naik ke kisaran 3,75-4%.
""Kebijakan hari ini akan mendukung kembalinya inflasi ke target Komite sebesar 2% secara lebih cepat. Komite akan mewujudkan stabilitas harga,"" kata Federal Open Market Committee (FOMC) dikutip dari CNBC, Kamis (17/9).
(fdl/fdl)",finance
198,"Bank of Japan (BOJ) diperkirakan menaikkan suku bunga acuannya pada Jumat (18/9). Suku bunga diproyeksikan naik dari 1% menjadi 1,25%, level tertinggi dalam 31 tahun atau sejak 1995.
Langkah tersebut akan menjadi kenaikan suku bunga pertama BOJ dalam tiga bulan terakhir. Kebijakan ini sekaligus membawa Jepang semakin jauh dari era suku bunga ultra-rendah yang telah berlangsung selama puluhan tahun.
Tekanan terhadap BOJ semakin besar setelah bank sentral Amerika Serikat (AS), Federal Reserve (The Fed), menaikkan suku bunga pada Rabu (16/9). The Fed juga masih berpeluang kembali menaikkan suku bunga pada akhir tahun.
Perbedaan suku bunga AS dan Jepang yang semakin lebar dikhawatirkan membuat yen melemah terhadap dolar AS. Pelemahan yen dapat meningkatkan biaya impor dan pada akhirnya menambah tekanan inflasi di Jepang.
Kondisi tersebut membuat pernyataan Gubernur BOJ Kazuo Ueda setelah pertemuan menjadi perhatian pasar. Investor akan mencari petunjuk mengenai seberapa cepat dan seberapa jauh BOJ akan kembali menaikkan suku bunga.
""Jika The Fed kembali menaikkan suku bunga pada Desember, BOJ mungkin juga terpaksa melakukan hal yang sama,"" kata Executive Rates Strategist Nomura Securities, Mari Iwashita dikutip dari Reuters, Jumat (18/9/2026).
Kenaikan menjadi 1,25% juga akan membawa suku bunga BOJ masuk ke kisaran estimasi suku bunga netral nominal Jepang sebesar 1,1-2,5%. Suku bunga netral merupakan tingkat yang dinilai tidak mendorong maupun menekan pertumbuhan ekonomi.
BOJ mengakhiri kebijakan stimulus yang telah berjalan sekitar satu dekade pada 2024. Sejak saat itu, bank sentral Jepang telah beberapa kali menaikkan suku bunga seiring upaya mencapai target inflasi 2% secara berkelanjutan.
Laju kenaikan suku bunga BOJ yang relatif lambat mendapat kritik karena dinilai ikut membuat yen tetap lemah. Kondisi tersebut, ditambah lonjakan harga energi akibat perang Iran, telah mendorong inflasi di tingkat produsen yang dikhawatirkan merembet ke harga konsumen.
(ily/ara)",finance
199,"PT Pegadaian resmi menjalin kolaborasi strategis dengan PT Bank Digital BCA Tbk (BCA Digital) untuk menghadirkan fitur bluInvest Emas di aplikasi blu by BCA Digital. Melalui kerja sama ini, masyarakat kini bisa membeli emas digital Pegadaian melalui aplikasi blu by BCA Digital.
Direktur Teknologi Informasi dan Digital PT Pegadaian, Yos Imbang Jaya Dapu, menyampaikan kerja sama ini bertujuan untuk memperluas akses investasi emas secara digital yang aman, praktis, dan terjangkau bagi masyarakat, khususnya generasi muda.
""Pegadaian membawa gold-nya dan membawa trust-nya. blu by BCA Digital itu membawa digital experience-nya dan reach-nya. Dan sama-sama kita akan buat supaya gold itu more accessible melalui bluInvest Emas,"" kata Yos dalam acara peluncuran bluInvest Emas di Jakarta Pusat, Jumat (18/9/2026).
Melalui fitur bluInvest Emas, pengguna aplikasi dapat membuka rekening dan mulai bertransaksi tabungan emas hanya dengan besaran transaksi mulai dari Rp 10.000. Dengan begitu pengguna dapat mulai berinvestasi dengan modal minim.
""Pembukaan rekening dan pembelian emas dapat dimulai dari Rp 10.000. Itu luar biasa dan itu penting. Karena kita ingin mengubah persepsi, ini khusus untuk anak muda, investasi nggak harus nunggu punya uang banyak,"" ujarnya.
Yos juga memastikan setiap transaksi emas digital Pegadaian, termasuk melalui fitur bluInvest Emas, didukung oleh emas fisik yang nyata. Sehingga masyarakat atau pengguna aplikasi tidak perlu khawatir jika emas yang dibelinya dapat dicetak secara fisik jika diperlukan.
""Bukan hanya sebagai tempat masyarakat membeli emas, Pegadaian akan selalu hadir bersama BCA Digital sebagai trusted gold institution bagi Indonesia. Membawa trust, membawa legalitas, dan dukungan stok emas kami selalu satu banding satu,"" papar Yos.
""Pada akhirnya saya berharap keberhasilan bluInvest Emas tidak hanya kita ukur dari berapa banyak transaksi yang terjadi, tapi dari berapa banyak good financial habits yang kita mulai. Karena financial resilience tidak dibangun dalam satu hari,"" tegasnya.
Sementara itu, Direktur Bisnis BCA Digital, Aditya Wahyu Windarwo, mengungkapkan kerja sama ini sejalan dengan komitmen perusahaan dalam menghadirkan solusi keuangan terintegrasi bagi anak muda dan milenial.
""Untuk produk terbaru ini merupakan salah satu komitmen dari kami, blu by BCA Digital, untuk menghadirkan solusi keuangan digital yang relevan dengan kebutuhan masyarakat, terutama untuk anak-anak muda, masyarakat muda, mulai menabung, mengatur keuangan, hingga berinvestasi,"" terang Aditya.
Melalui peluncuran bluInvest Emas, ia berharap BCA dan Pegadaian dapat membentuk kebiasaan masyarakat untuk berinvestasi serta meningkatkan inklusi keuangan dan ketahanan finansial secara berkelanjutan.
""Kami menilai terjadinya kemitraan strategis antara Pegadaian dan blu menjadi langkah yang tepat dalam menyediakan ekosistem digital yang terintegrasi,"" pungkasnya.
(igo/fdl)",finance
200,"Pemerintah akan mempertahankan penempatan dana Saldo Anggaran Lebih (SAL) sebesar Rp 200 triliun di bank-bank Himpunan Bank Milik Negara (Himbara). Dana tersebut akan tetap ditempatkan di perbankan hingga Juli 2027.
Wakil Menteri Keuangan Juda Agung mengatakan, kebijakan penempatan SAL terus dikomunikasikan setiap bulan dengan BI maupun pihak perbankan. Pemerintah akan menjaga penempatan dana sebesar Rp 200 triliun hingga pertengahan tahun depan.
""Intinya akhir tahun tetap sampai dengan Rp 200 triliun dan diperpanjang sampai dengan Juli tahun depan. Jadi ini masih konsisten dengan apa yang sudah kita komunikasikan baik kepada Bank Indonesia maupun kepada perbankan,"" kata Juda dalam konferensi pers APBN KiTA di Kementerian Keuangan, Jumat (18/9/2026).
Sementara itu, Direktur Jenderal Perbendaharaan Kementerian Keuangan, Astera Primanto Bhakti mengatakan saat ini total dana SAL yang ditempatkan di perbankan mencapai Rp 299 triliun atau hampir Rp 300 triliun.
""Jadi untuk SAL tadi sebagaimana disampaikan oleh Pak Juda, sekarang penempatannya posisinya adalah Rp 299 triliun. Jadi nyaris Rp 300 triliun,"" ujar Primanto.
Meski saat ini mencapai Rp 299 triliun, pemerintah akan menjaga penempatan SAL sebesar Rp 200 triliun di perbankan hingga Juli tahun depan. Primanto menegaskan dana tersebut merupakan penempatan sementara sehingga tetap dapat digunakan pemerintah untuk membiayai belanja.
""Untuk kebijakannya ke depan ini akan tetap dijaga yang Rp 200 triliun sebagaimana tadi sudah disampaikan untuk terus ditempatkan di perbankan sampai dengan bulan Juli tahun depan. Tapi yang patut diingat ini adalah dana yang sifatnya penempatan sementara. Jadi nanti pada saat belanja ya tentunya ini adalah dana yang akan digunakan,"" jelasnya.
Pemerintah juga akan terus berkomunikasi dengan pihak perbankan terkait penarikan dana SAL. Koordinasi dilakukan agar penarikan dana tidak menimbulkan kesenjangan antara likuiditas yang tersedia di bank dengan dana yang ditarik pemerintah.
""Kami terus melakukan komunikasi dengan perbankan sehingga yang di atas Rp 200 T tadi dan Rp 200 T ini pada saat nanti akan dilakukan penarikan, ini kita akan sampaikan dan juga koordinasikan supaya tidak terjadi gap atau lag antara dana yang tersedia di bank dengan apa yang kita tarik,"" tutup Primanto.
(acd/acd)",finance
