ID,Isi Berita,Label,tokens,Label asli,Prediksi,Keyakinan,Benar,Jumlah token
138,"Kementerian Perhubungan (Kemenhub) telah menerbitkan dan menyiarkan Notice to Mariners (NTM) kepada kapal-kapal yang berlayar di sekitar wilayah operasi pencarian korban KMP Virgo Transport 8 di Laut Jawa.
Melalui pemberitahuan tersebut, kapal yang berada atau melintas di sekitar lokasi diminta meningkatkan kewaspadaan dan turut membantu melakukan penyisiran.
Apabila menemukan korban atau informasi terkait, kapal diminta segera melaporkannya kepada KSOP, Vessel Traffic Service (VTS), Stasiun Radio Pantai (SROP), atau pihak terkait lainnya.
Direktur Jenderal Perhubungan Laut Muhammad Masyhud mengatakan seluruh dukungan tersebut dilakukan untuk memperkuat koordinasi dan membantu proses pencarian korban yang hingga saat ini masih berlangsung.
""Kami terus berkoordinasi dengan seluruh unsur terkait dan mengoptimalkan dukungan yang dimiliki Ditjen Perhubungan Laut untuk membantu proses pencarian. Keselamatan seluruh unsur yang terlibat tetap menjadi perhatian utama dalam pelaksanaan operasi,"" ujar Masyhud dalam keterangan tertulis, Selasa (15/9/2026).
Selain itu, Ditjen Perhubungan Laut terus melakukan pemantauan dan komunikasi melalui VTS dan SROP. Kapal Negara Kenavigasian KN Kunyit juga dikerahkan sebagai relay komunikasi radio antara kapal-kapal di lokasi operasi dengan SROP, mengingat jarak lokasi menyebabkan sebagian kapal tidak dapat melakukan transmisi radio secara langsung.
""Dukungan komunikasi dan pemantauan terus kami optimalkan agar koordinasi dan pertukaran informasi antara kapal-kapal di lokasi dengan petugas di darat dapat berjalan dengan baik selama proses pencarian berlangsung,"" jelas Masyhud.
Hingga saat ini, sebanyak 114 orang dari total 243 orang telah ditemukan. Dari jumlah tersebut, 108 orang ditemukan dalam kondisi selamat dan 6 orang meninggal dunia, sementara 129 orang lainnya masih dalam proses pencarian.
Dari 114 orang yang telah ditemukan, sebanyak 86 orang telah tiba di Pelabuhan Trisakti Banjarmasin, terdiri atas 85 orang selamat dan 1 orang meninggal dunia. Sebanyak 22 korban selamat yang sebelumnya berada di KM Cahaya Bahari telah dievakuasi menggunakan KRI Nala-363 dan tiba di Pelabuhan Trisakti Banjarmasin.
Dalam penanganan korban dan keluarga usai kejadian, Kemenhub turut mendampingi PT Jasa Raharja dalam penyerahan santunan kepada ahli waris korban meninggal dunia dalam insiden KMP Virgo Transport 8 yang mengalami kecelakaan saat berlayar pada rute Surabaya-Banjarmasin.
Masyhud menegaskan pihaknya akan terus memantau perkembangan penanganan insiden KMP Virgo Transport 8 serta menyesuaikan dukungan dengan kebutuhan di lapangan, baik dalam mendukung proses pencarian maupun penanganan korban dan keluarga.
""Fokus kami saat ini adalah mendukung upaya pencarian terhadap korban yang masih belum ditemukan sekaligus memastikan penanganan terhadap korban dan keluarga dapat berjalan dengan baik. Kementerian Perhubungan akan terus berkoordinasi dengan seluruh pihak terkait,"" tutup Masyhud.
Simak juga video 'Nakhoda KM Virgo Selamat, Kini Sedang Diperiksa':
(hal/hns)",finance,"['kementerian', 'perhubungan', 'kemenhub', 'telah', 'menerbitkan', 'menyiarkan', 'notice', 'mariners', 'ntm', 'kapal', 'kapal', 'berlayar', 'sekitar', 'wilayah', 'operasi', 'pencarian', 'korban', 'kmp', 'virgo', 'transport', 'laut', 'jawa', 'pemberitahuan', 'kapal', 'berada', 'melintas', 'sekitar', 'lokasi', 'diminta', 'meningkatkan', 'kewaspadaan', 'turut', 'membantu', 'melakukan', 'penyisiran', 'apabila', 'menemukan', 'korban', 'informasi', 'kapal', 'diminta', 'segera', 'melaporkannya', 'ksop', 'vessel', 'traffic', 'service', 'vts', 'stasiun', 'radio', 'pantai', 'srop', 'pihak', 'lainnya', 'direktur', 'jenderal', 'perhubungan', 'laut', 'muhammad', 'masyhud', 'mengatakan', 'seluruh', 'dukungan', 'dilakukan', 'memperkuat', 'koordinasi', 'membantu', 'proses', 'pencarian', 'korban', 'berlangsung', 'terus', 'berkoordinasi', 'seluruh', 'unsur', 'mengoptimalkan', 'dukungan', 'dimiliki', 'ditjen', 'perhubungan', 'laut', 'membantu', 'proses', 'pencarian', 'keselamatan', 'seluruh', 'unsur', 'terlibat', 'tetap', 'menjadi', 'perhatian', 'utama', 'pelaksanaan', 'operasi', 'ujar', 'masyhud', 'keterangan', 'tertulis', 'selasa', 'selain', 'ditjen', 'perhubungan', 'laut', 'terus', 'melakukan', 'pemantauan', 'komunikasi', 'vts', 'srop', 'kapal', 'negara', 'kenavigasian', 'kunyit', 'dikerahkan', 'relay', 'komunikasi', 'radio', 'kapal', 'kapal', 'lokasi', 'operasi', 'srop', 'mengingat', 'jarak', 'lokasi', 'menyebabkan', 'sebagian', 'kapal', 'melakukan', 'transmisi', 'radio', 'secara', 'langsung', 'dukungan', 'komunikasi', 'pemantauan', 'terus', 'optimalkan', 'koordinasi', 'pertukaran', 'informasi', 'kapal', 'kapal', 'lokasi', 'petugas', 'darat', 'berjalan', 'baik', 'proses', 'pencarian', 'berlangsung', 'jelas', 'masyhud', 'sebanyak', 'orang', 'total', 'orang', 'telah', 'ditemukan', 'jumlah', 'orang', 'ditemukan', 'kondisi', 'selamat', 'orang', 'meninggal', 'dunia', 'sementara', 'orang', 'lainnya', 'proses', 'pencarian', 'orang', 'telah', 'ditemukan', 'sebanyak', 'orang', 'telah', 'tiba', 'pelabuhan', 'trisakti', 'banjarmasin', 'terdiri', 'atas', 'orang', 'selamat', 'orang', 'meninggal', 'dunia', 'sebanyak', 'korban', 'selamat', 'sebelumnya', 'berada', 'cahaya', 'bahari', 'telah', 'dievakuasi', 'menggunakan', 'kri', 'nala', 'tiba', 'pelabuhan', 'trisakti', 'banjarmasin', 'penanganan', 'korban', 'keluarga', 'usai', 'kejadian', 'kemenhub', 'turut', 'mendampingi', 'jasa', 'raharja', 'penyerahan', 'santunan', 'ahli', 'waris', 'korban', 'meninggal', 'dunia', 'insiden', 'kmp', 'virgo', 'transport', 'mengalami', 'kecelakaan', 'berlayar', 'rute', 'surabaya', 'banjarmasin', 'masyhud', 'menegaskan', 'pihaknya', 'terus', 'memantau', 'perkembangan', 'penanganan', 'insiden', 'kmp', 'virgo', 'transport', 'menyesuaikan', 'dukungan', 'kebutuhan', 'lapangan', 'baik', 'mendukung', 'proses', 'pencarian', 'penanganan', 'korban', 'keluarga', 'fokus', 'mendukung', 'upaya', 'pencarian', 'terhadap', 'korban', 'ditemukan', 'sekaligus', 'memastikan', 'penanganan', 'terhadap', 'korban', 'keluarga', 'berjalan', 'baik', 'kementerian', 'perhubungan', 'terus', 'berkoordinasi', 'seluruh', 'pihak', 'tutup', 'masyhud', 'simak', 'video', 'nakhoda', 'virgo', 'selamat', 'kini', 'sedang', 'diperiksa', 'hal', 'hns']",finance,finance,1.0,True,287
41,"Persib Bandung akan dijamu FC Seoul dalam lanjutan Asian Champions League (ACL) 2. Maung Bandung diprediksi cuma akan kalah tipis dari Dark Red Warriors.
Di Stadion Piala Dunia Seoul, Rabu (16/9/2026), FC Seoul vs Persib berlangsung. Laga itu akan kickoff pada pukul 17.00 WIB.
FC Seoul jelas bukan lawan mudah untuk Persib. Sebabnya, FC Seoul merupakan pemuncak klasemen K League 1 untuk sementara ini.
FC Seoul Lebih Banyak Menang 8 Laga Terakhir
Dalam delapan pertandingan terakhir, FC Seoul lebih banyak memetik kemenangan. Tim asuhan Kim Gi-dong itu memetik sebanyak enam kemenangan, sekali hasil imbang, dan sekali menelan kekalahan.
Dalam tiga pertandingan kandang terakhir di K League 1, FC Seoul selalu menang. Ada enam gol yang dicetak, FC Seoul juga sudah mencatatkan dua clean sheet.
FC Seoul mencatatkan 55 gol dalam 29 pertandingan di K League 1. Mereka merupakan tim paling subur di kasta tertinggi Liga Korea Selatan.
Persib Masih Inkonsisten
Persib masih naik turun dalam dua pertandingan di Super League. Setelah menang atas PSM Makassar 3-1, Pangeran Biru menelan kekalahan 1-2 dari Persija Jakarta.
Pertahanan menjadi pekerjaan rumah yang harus diselesaikan oleh Igor Tolic. Ada tiga gol yang bersarang ke gawang tim asal Kota Kembang itu.
Persib mampu mencatatkan kemenangan dalam pertandingan terakhir di ACL 2. Manila Digger yang dikalahkan Persib.
FC Seoul Unggulan
FC Seoul menjadi unggulan saat melawan Persib. Oddschecker memberi koefisien kemenangan tim tuan rumah di angka 8/13.
Kemenangan Persib ada di koefisien 7/2. Sedangkan hasil imbang FC Seoul vs Persib ada di angka 14/5.
Skor tipis 1-0 untuk kemenangan FC Seoul ada di angka 7/1. Sedangkan kemenangan Persib dengan skor 1-0 ada di angka 14/1.
(cas/aff)",sport,"['persib', 'bandung', 'dijamu', 'seoul', 'lanjutan', 'asian', 'champions', 'league', 'acl', 'maung', 'bandung', 'diprediksi', 'cuma', 'kalah', 'tipis', 'dark', 'red', 'warriors', 'stadion', 'piala', 'dunia', 'seoul', 'rabu', 'seoul', 'persib', 'berlangsung', 'laga', 'kickoff', 'pukul', 'wib', 'seoul', 'jelas', 'lawan', 'mudah', 'persib', 'sebabnya', 'seoul', 'pemuncak', 'klasemen', 'league', 'sementara', 'seoul', 'banyak', 'menang', 'laga', 'terakhir', 'delapan', 'pertandingan', 'terakhir', 'seoul', 'banyak', 'memetik', 'kemenangan', 'tim', 'asuhan', 'kim', 'dong', 'memetik', 'sebanyak', 'enam', 'kemenangan', 'sekali', 'hasil', 'imbang', 'sekali', 'menelan', 'kekalahan', 'tiga', 'pertandingan', 'kandang', 'terakhir', 'league', 'seoul', 'selalu', 'menang', 'enam', 'gol', 'dicetak', 'seoul', 'mencatatkan', 'dua', 'clean', 'sheet', 'seoul', 'mencatatkan', 'gol', 'pertandingan', 'league', 'tim', 'subur', 'kasta', 'tertinggi', 'liga', 'korea', 'selatan', 'persib', 'inkonsisten', 'persib', 'naik', 'turun', 'dua', 'pertandingan', 'super', 'league', 'menang', 'atas', 'psm', 'makassar', 'pangeran', 'biru', 'menelan', 'kekalahan', 'persija', 'jakarta', 'pertahanan', 'menjadi', 'pekerjaan', 'rumah', 'diselesaikan', 'igor', 'tolic', 'tiga', 'gol', 'bersarang', 'gawang', 'tim', 'asal', 'kota', 'kembang', 'persib', 'mampu', 'mencatatkan', 'kemenangan', 'pertandingan', 'terakhir', 'acl', 'manila', 'digger', 'dikalahkan', 'persib', 'seoul', 'unggulan', 'seoul', 'menjadi', 'unggulan', 'melawan', 'persib', 'oddschecker', 'memberi', 'koefisien', 'kemenangan', 'tim', 'tuan', 'rumah', 'angka', 'kemenangan', 'persib', 'koefisien', 'sedangkan', 'hasil', 'imbang', 'seoul', 'persib', 'angka', 'skor', 'tipis', 'kemenangan', 'seoul', 'angka', 'sedangkan', 'kemenangan', 'persib', 'skor', 'angka', 'cas', 'aff']",sport,sport,1.0,True,176
96,"Persiapan menuju FIA Rallycross World Cup 2026 dimulai. Sarga Motorsport selaku penyelenggara melakukan modifikasi Sirkuit International e-Prix Ancol hari ini.
Jakarta secara resmi menjadi tuan rumah Kejuaraan FIA Rallycross 2026. Ajang balap mobil dunia itu akan bergulir di Ancol, pada 5-6 Desember mendatang. Indonesia akan menggelar dua kategori yaitu RX1 dan RX5.
""Mulai hari ini kami memulai modifikasi. Sebenarnya bukan pembangunan, tetapi memodifikasi sirkuit,"" ujar CEO Sarga.co Nugdha Achadie dalam jumpa persnya di kawasan Jakarta Pusat, pada Selasa (15/9/2026).
Berbeda dengan saat digunakan Formula E yang full aspal, sirkuit Ancol akan dirombak total untuk kebutuhan rallycross. Proses modifikasi ini ditargetkan selesai pada November 2026.
""Awalnya, sirkuit tersebut digunakan untuk Formula E dan hanya menggunakan lintasan aspal. Nah, di Rallycross ini kami akan menggabungkan lintasan aspal dengan lintasan gravel atau dirt. Jadi, ini akan sangat menarik bagi seluruh pengunjung dan masyarakat Jakarta serta Indonesia,"" kata Nugdha.
""InsyaAllah, mulai hari ini kami sudah mulai melakukan modifikasi. Pada bulan November sudah siap dan Desember sudah bisa digunakan sepenuhnya untuk FIA Rallycross World Cup 2026,"" tambahnya.
Sementara itu, Pemerintah Provinsi DKI Jakarta memastikan dukungan penuh. Kadispora DKI Andri Yansyah menyebut persiapan sudah berjalan sejak tahun lalu bersama Ikatan Motor Indonesia (IMI).
""Bicara masalah kesiapan, tadi sudah disinggung oleh Pak Nugraha bahwa kita memang sudah dari tahun lalu melakukan persiapan dan dibantu dengan teman-teman dari IMI,"" kata Andri.
""Bagaimana pelayanan publik berjalan dengan baik, transportasi berjalan dengan baik, keamanan berjalan dengan baik, serta layanan dan fasilitas berjalan dengan baik. Dan itu tidak bisa kita lakukan sendiri,"" ujarnya.
Menyoal pembalap, Sarga Motorsport sudah memastikan dua nama besar yaitu Kevin Hansen dan legenda dunia, Sebastian Loeb untuk nomor RX1. Sementara untuk RX5, akan ada kejutan. Rencananya, ada talenta dari Indonesia yang akan ikut berlaga.
""Untuk pembalap lainnya, kami masih menunggu finalisasi dari FIA. Jadi, kita tunggu bersama. Semoga dalam waktu dekat sudah bisa diumumkan oleh FIA,"" pungkas Nugdha.
(mcy/rin)",sport,"['persiapan', 'menuju', 'fia', 'rallycross', 'world', 'cup', 'dimulai', 'sarga', 'motorsport', 'selaku', 'penyelenggara', 'melakukan', 'modifikasi', 'sirkuit', 'international', 'prix', 'ancol', 'hari', 'jakarta', 'secara', 'resmi', 'menjadi', 'tuan', 'rumah', 'kejuaraan', 'fia', 'rallycross', 'ajang', 'balap', 'mobil', 'dunia', 'bergulir', 'ancol', 'desember', 'mendatang', 'indonesia', 'menggelar', 'dua', 'kategori', 'mulai', 'hari', 'memulai', 'modifikasi', 'sebenarnya', 'pembangunan', 'memodifikasi', 'sirkuit', 'ujar', 'ceo', 'sarga', 'nugdha', 'achadie', 'jumpa', 'persnya', 'kawasan', 'jakarta', 'pusat', 'selasa', 'berbeda', 'digunakan', 'formula', 'full', 'aspal', 'sirkuit', 'ancol', 'dirombak', 'total', 'kebutuhan', 'rallycross', 'proses', 'modifikasi', 'ditargetkan', 'selesai', 'november', 'awalnya', 'sirkuit', 'digunakan', 'formula', 'hanya', 'menggunakan', 'lintasan', 'aspal', 'nah', 'rallycross', 'menggabungkan', 'lintasan', 'aspal', 'lintasan', 'gravel', 'dirt', 'jadi', 'menarik', 'seluruh', 'pengunjung', 'masyarakat', 'jakarta', 'indonesia', 'kata', 'nugdha', 'insyaallah', 'mulai', 'hari', 'mulai', 'melakukan', 'modifikasi', 'bulan', 'november', 'siap', 'desember', 'digunakan', 'sepenuhnya', 'fia', 'rallycross', 'world', 'cup', 'tambahnya', 'sementara', 'pemerintah', 'provinsi', 'dki', 'jakarta', 'memastikan', 'dukungan', 'penuh', 'kadispora', 'dki', 'andri', 'yansyah', 'menyebut', 'persiapan', 'berjalan', 'sejak', 'tahun', 'lalu', 'bersama', 'ikatan', 'motor', 'indonesia', 'imi', 'bicara', 'masalah', 'kesiapan', 'tadi', 'disinggung', 'pak', 'nugraha', 'bahwa', 'memang', 'tahun', 'lalu', 'melakukan', 'persiapan', 'dibantu', 'teman', 'teman', 'imi', 'kata', 'andri', 'bagaimana', 'pelayanan', 'publik', 'berjalan', 'baik', 'transportasi', 'berjalan', 'baik', 'keamanan', 'berjalan', 'baik', 'layanan', 'fasilitas', 'berjalan', 'baik', 'lakukan', 'sendiri', 'ujarnya', 'menyoal', 'pembalap', 'sarga', 'motorsport', 'memastikan', 'dua', 'nama', 'besar', 'kevin', 'hansen', 'legenda', 'dunia', 'sebastian', 'loeb', 'nomor', 'sementara', 'kejutan', 'rencananya', 'talenta', 'indonesia', 'ikut', 'berlaga', 'pembalap', 'lainnya', 'menunggu', 'finalisasi', 'fia', 'jadi', 'tunggu', 'bersama', 'semoga', 'waktu', 'dekat', 'diumumkan', 'fia', 'pungkas', 'nugdha', 'mcy', 'rin']",sport,sport,0.9514189,True,215
97,"Pereli Memen Harianto membawa cerita usai tampil di Asia Cross Country Rally (AXCR) 2026 bulan lalu. Tidak cuma di dalam, tapi juga luar lintasan.
Membawa mobil balap ke ajang internasional bukan hanya soal persiapan mesin dan performa kendaraan. Urusan dokumen, kepabeanan, logistik, hingga proses membawa kembali kendaraan ke Tanah Air juga menjadi bagian penting yang harus dipersiapkan sejak awal.
Memen Harianto selaku leader Indonesia Cross Country Rally Team (IXCRT) kategori mobil merasakan itu saat membawa Toyota Hilux Revo nomor 116 untuk berlaga di Asia Cross Country Rally (AXCR) 2026 di Thailand.
Setelah menyelesaikan seluruh enam leg AXCR 2026 dan finis di posisi keempat kelas T1G, kendaraan beserta perlengkapan pendukungnya kembali ke Indonesia. Pada 9 September, Bea Cukai melakukan pemeriksaan terhadap kontainer yang membawa kendaraan dan perlengkapan tersebut sebagai bagian dari proses kepabeanan.
Bagi Memen, yang mendapat dukungan dari banyak sponsor, seperti FIN+, Galad Exchange, Pertamina Lubricants, Pegadaian Indonesia, dan InJourney Airport, pengalaman tersebut juga menjadi kesempatan untuk berbagi edukasi mengenai proses resmi membawa kendaraan kompetisi ke luar negeri.
ATA Carnet, ""Paspor"" untuk Barang
Salah satu dokumen penting dalam kegiatan tersebut adalah ATA Carnet, yaitu dokumen kepabeanan internasional untuk membawa barang secara sementara ke negara lain dan kemudian membawanya kembali ke negara asal.
Karena sifatnya sementara, ATA Carnet banyak digunakan untuk kegiatan internasional, termasuk motorsport yang membawa kendaraan, spare part, tools, ban, dan perlengkapan pendukung lainnya.
Secara sederhana, ATA Carnet kerap disebut sebagai ""paspor untuk barang"". Namun, penggunaannya tetap harus mengikuti ketentuan kepabeanan negara asal maupun negara tujuan.
Pengurusan Dimulai dari KADIN
Menurut pengalaman Memen, proses perlu dipersiapkan jauh sebelum keberangkatan. Pengajuan ATA Carnet dilakukan melalui Kamar Dagang dan Industri (KADIN) sebagai lembaga penerbit ATA Carnet di Indonesia.
Pemohon harus menyiapkan general list, yakni daftar rinci barang yang akan dibawa. Untuk motorsport, daftar tersebut dapat mencakup kendaraan, spare part, ban, velg, tools, dan perlengkapan servis.
Data seperti jenis dan jumlah barang, identitas atau nomor seri, nilai barang, serta asal barang perlu dicantumkan secara akurat karena akan menjadi acuan dalam pemeriksaan.
Selain biaya administrasi, pemohon juga perlu menyiapkan uang jaminan sesuai ketentuan yang berlaku. Jaminan tersebut berkaitan dengan kewajiban pemegang Carnet untuk memenuhi mekanisme pemasukan sementara dan penyelesaian kepabeanan sampai barang kembali atau mendapatkan penyelesaian sesuai prosedur.
Setelah seluruh persyaratan dipenuhi, barang akan diperiksa Bea Cukai sebelum keberangkatan untuk dicocokkan dengan data dalam general list dan ATA Carnet.
""Kalau mau bawa mobil balap ke luar negeri, persiapannya jangan hanya mobilnya. Dari awal kita harus tahu barang apa saja yang dibawa, spare part, tools, ban, dan semuanya harus didata dengan baik. Mulai dari jenis barang, harga dan asal negara. Form tersebut bisa kita dapatkan di KADIN pada saat pengajuan,"" ujar Memen.
Dua Kontainer Menuju Thailand
|  											 											 												Foto: Istimewa											 										 | 
Untuk AXCR 2026, kebutuhan logistik tim cukup besar. Total terdapat tiga kontainer yang diberangkatkan dari Indonesia.
Satu kontainer 40 feet digunakan untuk membawa Toyota Hilux Revo Memen Harianto, spare part, serta kebutuhan tim motor yang dipimpin Rudy Poa selaku leader tim sekaligus rider senior.
Satu kontainer 20 feet membawa Suzuki Jimny milik Gema Suria - Dodi. Kondisi tersebut menunjukkan bahwa mengikuti cross-country rally internasional bukan hanya membutuhkan mobil yang siap balap, tetapi juga perencanaan logistik yang matang.
Kapal Sempat Delay
Dalam perjalanan menuju Thailand, tim juga menghadapi perubahan jadwal dan keterlambatan kapal. Kondisi tersebut pada periode itu juga terjadi di berbagai negara dan bukan hanya di Indonesia.
Perubahan jadwal membuat tim harus menyesuaikan berbagai kebutuhan logistik dan administrasi. Dalam kondisi tersebut, koordinasi dengan Bea Cukai menjadi bagian penting dalam penyelesaian proses keberangkatan.
Memen mengapresiasi asistensi dan koordinasi yang diberikan Bea Cukai dalam penyelesaian proses dokumen kepabeanan sehingga penyesuaian akibat perubahan jadwal kapal dapat dilakukan sesuai prosedur.
""Waktu itu kapal sempat delay, jadi kami harus menyesuaikan jadwal. Kami sangat terbantu dengan asistensi dan koordinasi dari Bea Cukai dalam penyelesaian proses dokumen keberangkatan. Komunikasinya sangat membantu kami memahami dan menyelesaikan proses yang harus dilakukan,"" kata Memen.
Dukungan tersebut juga mendapat apresiasi dari Adhang Noegroho Adhi selaku Kepala Kantor Pelayanan Utama (KPU) Bea dan Cukai Tipe A Tanjung Priok.
""Kami mendukung dan mengapresiasi Indonesia Cross Country Rally Team. Selain membawa nama harum Indonesia di event rally internasional, mereka layak menjadi contoh dan panutan sebagai tim yang tertib dan menaati aturan, dengan membawa barang keluar dan masuk selalu sama dari tahun ke tahun,"" ujar Adhang.
Setelah AXCR selesai, kendaraan dan perlengkapan kembali ke Indonesia dan menjalani proses kepabeanan.
Bea Cukai melakukan pemeriksaan terhadap kontainer yang tiba di Tanah Air. Kendaraan dan perlengkapan diperiksa serta dicocokkan kembali dengan data dan dokumentasi yang tercantum dalam ATA Carnet dan general list.
Proses tersebut penting untuk memastikan barang yang kembali sesuai dengan barang yang sebelumnya dibawa keluar dari Indonesia.
Setelah seluruh kewajiban kepabeanan diselesaikan sesuai ketentuan, proses penyelesaian ATA Carnet dan pengembalian jaminan kepada pemegang Carnet dapat dilanjutkan melalui mekanisme yang berlaku.
""Support dari Bea Cukai kami rasakan dari proses keberangkatan sampai barang kembali. Asistensi dan koordinasi yang diberikan sangat membantu kami dalam menyelesaikan proses dan memastikan semuanya berjalan sesuai prosedur,"" ujar Memen.
Baca juga: AXCR 2026: Overheating Gagalkan Misi Juara Memen Harianto
Motorsport Bukan Hanya Soal Balapan
Dari pengalaman tersebut, Memen menilai pembalap Indonesia yang ingin mengikuti kompetisi internasional perlu memahami bahwa motorsport memiliki ekosistem yang lebih luas daripada sekadar persiapan kendaraan.
Teknis, safety, shipping, dokumen, kepabeanan, hingga koordinasi logistik harus dipikirkan sejak awal.
""Jangan sampai kita hanya fokus membuat mobil bagus dan cepat, tapi lupa bagaimana cara membawa mobil itu keluar dan masuk kembali ke Indonesia. Semua harus dipikirkan dari awal,"" tutur Memen.
Memen berharap pengalaman ini dapat menjadi referensi bagi pembalap Indonesia lainnya yang ingin membawa kendaraan sendiri untuk berlaga di kompetisi internasional.
""Terima kasih kepada KADIN, dan Bea Cukai, yang setiap tahun selalu mendukung kami dalam mengikuti AXCR,"" tutup Memen.
Baca juga: Bagaimana Kiprah Pereli Indonesia di AXCR 2026?
Simak Video ""Video: Timnya CR7 Dihajar 4-0 oleh AL Ain di AFC Champions League""
[Gambas:Video 20detik]",sport,"['pereli', 'memen', 'harianto', 'membawa', 'cerita', 'usai', 'tampil', 'asia', 'cross', 'country', 'rally', 'axcr', 'bulan', 'lalu', 'cuma', 'luar', 'lintasan', 'membawa', 'mobil', 'balap', 'ajang', 'internasional', 'hanya', 'soal', 'persiapan', 'mesin', 'performa', 'kendaraan', 'urusan', 'dokumen', 'kepabeanan', 'logistik', 'proses', 'membawa', 'kembali', 'kendaraan', 'tanah', 'air', 'menjadi', 'bagian', 'penting', 'dipersiapkan', 'sejak', 'awal', 'memen', 'harianto', 'selaku', 'leader', 'indonesia', 'cross', 'country', 'rally', 'team', 'ixcrt', 'kategori', 'mobil', 'merasakan', 'membawa', 'toyota', 'hilux', 'revo', 'nomor', 'berlaga', 'asia', 'cross', 'country', 'rally', 'axcr', 'thailand', 'menyelesaikan', 'seluruh', 'enam', 'leg', 'axcr', 'finis', 'posisi', 'keempat', 'kelas', 'kendaraan', 'beserta', 'perlengkapan', 'pendukungnya', 'kembali', 'indonesia', 'september', 'bea', 'cukai', 'melakukan', 'pemeriksaan', 'terhadap', 'kontainer', 'membawa', 'kendaraan', 'perlengkapan', 'bagian', 'proses', 'kepabeanan', 'memen', 'mendapat', 'dukungan', 'banyak', 'sponsor', 'fin', 'galad', 'exchange', 'pertamina', 'lubricants', 'pegadaian', 'indonesia', 'injourney', 'airport', 'pengalaman', 'menjadi', 'kesempatan', 'berbagi', 'edukasi', 'mengenai', 'proses', 'resmi', 'membawa', 'kendaraan', 'kompetisi', 'luar', 'negeri', 'ata', 'carnet', 'paspor', 'barang', 'salah', 'satu', 'dokumen', 'penting', 'kegiatan', 'ata', 'carnet', 'dokumen', 'kepabeanan', 'internasional', 'membawa', 'barang', 'secara', 'sementara', 'negara', 'lain', 'membawanya', 'kembali', 'negara', 'asal', 'sifatnya', 'sementara', 'ata', 'carnet', 'banyak', 'digunakan', 'kegiatan', 'internasional', 'termasuk', 'motorsport', 'membawa', 'kendaraan', 'spare', 'part', 'tools', 'ban', 'perlengkapan', 'pendukung', 'lainnya', 'secara', 'sederhana', 'ata', 'carnet', 'kerap', 'disebut', 'paspor', 'barang', 'penggunaannya', 'tetap', 'mengikuti', 'ketentuan', 'kepabeanan', 'negara', 'asal', 'negara', 'tujuan', 'pengurusan', 'dimulai', 'kadin', 'menurut', 'pengalaman', 'memen', 'proses', 'perlu', 'dipersiapkan', 'jauh', 'keberangkatan', 'pengajuan', 'ata', 'carnet', 'dilakukan', 'kamar', 'dagang', 'industri', 'kadin', 'lembaga', 'penerbit', 'ata', 'carnet', 'indonesia', 'pemohon', 'menyiapkan', 'general', 'list', 'daftar', 'rinci', 'barang', 'dibawa', 'motorsport', 'daftar', 'mencakup', 'kendaraan', 'spare', 'part', 'ban', 'velg', 'tools', 'perlengkapan', 'servis', 'data', 'jenis', 'jumlah', 'barang', 'identitas', 'nomor', 'seri', 'nilai', 'barang', 'asal', 'barang', 'perlu', 'dicantumkan', 'secara', 'akurat', 'menjadi', 'acuan', 'pemeriksaan', 'selain', 'biaya', 'administrasi', 'pemohon', 'perlu', 'menyiapkan', 'uang', 'jaminan', 'sesuai', 'ketentuan', 'berlaku', 'jaminan', 'berkaitan', 'kewajiban', 'pemegang', 'carnet', 'memenuhi', 'mekanisme', 'pemasukan', 'sementara', 'penyelesaian', 'kepabeanan', 'sampai', 'barang', 'kembali', 'mendapatkan', 'penyelesaian', 'sesuai', 'prosedur', 'seluruh', 'persyaratan', 'dipenuhi', 'barang', 'diperiksa', 'bea', 'cukai', 'keberangkatan', 'dicocokkan', 'data', 'general', 'list', 'ata', 'carnet', 'mau', 'bawa', 'mobil', 'balap', 'luar', 'negeri', 'persiapannya', 'jangan', 'hanya', 'mobilnya', 'awal', 'tahu', 'barang', 'apa', 'dibawa', 'spare', 'part', 'tools', 'ban', 'semuanya', 'didata', 'baik', 'mulai', 'jenis', 'barang', 'harga', 'asal', 'negara', 'form', 'dapatkan', 'kadin', 'pengajuan', 'ujar', 'memen', 'dua', 'kontainer', 'menuju', 'thailand', 'foto', 'istimewa', 'axcr', 'kebutuhan', 'logistik', 'tim', 'cukup', 'besar', 'total', 'tiga', 'kontainer', 'diberangkatkan', 'indonesia', 'satu', 'kontainer', 'feet', 'digunakan', 'membawa', 'toyota', 'hilux', 'revo', 'memen', 'harianto', 'spare', 'part', 'kebutuhan', 'tim', 'motor', 'dipimpin', 'rudy', 'poa', 'selaku', 'leader', 'tim', 'sekaligus', 'rider', 'senior', 'satu', 'kontainer', 'feet', 'membawa', 'suzuki', 'jimny', 'milik', 'gema', 'suria', 'dodi', 'kondisi', 'menunjukkan', 'bahwa', 'mengikuti', 'cross', 'country', 'rally', 'internasional', 'hanya', 'membutuhkan', 'mobil', 'siap', 'balap', 'perencanaan', 'logistik', 'matang', 'kapal', 'sempat', 'delay', 'perjalanan', 'menuju', 'thailand', 'tim', 'menghadapi', 'perubahan', 'jadwal', 'keterlambatan', 'kapal', 'kondisi', 'periode', 'terjadi', 'berbagai', 'negara', 'hanya', 'indonesia', 'perubahan', 'jadwal', 'membuat', 'tim', 'menyesuaikan', 'berbagai', 'kebutuhan', 'logistik', 'administrasi', 'kondisi', 'koordinasi', 'bea', 'cukai', 'menjadi', 'bagian', 'penting', 'penyelesaian', 'proses', 'keberangkatan', 'memen', 'mengapresiasi', 'asistensi', 'koordinasi', 'diberikan', 'bea', 'cukai', 'penyelesaian', 'proses', 'dokumen', 'kepabeanan', 'sehingga', 'penyesuaian', 'akibat', 'perubahan', 'jadwal', 'kapal', 'dilakukan', 'sesuai', 'prosedur', 'waktu', 'kapal', 'sempat', 'delay', 'jadi', 'menyesuaikan', 'jadwal', 'terbantu', 'asistensi', 'koordinasi', 'bea', 'cukai', 'penyelesaian', 'proses', 'dokumen', 'keberangkatan', 'komunikasinya', 'membantu', 'memahami', 'menyelesaikan', 'proses', 'dilakukan', 'kata', 'memen', 'dukungan', 'mendapat', 'apresiasi', 'adhang', 'noegroho', 'adhi', 'selaku', 'kepala', 'kantor', 'pelayanan', 'utama', 'kpu', 'bea', 'cukai', 'tipe', 'tanjung', 'priok', 'mendukung', 'mengapresiasi', 'indonesia', 'cross', 'country', 'rally', 'team', 'selain', 'membawa', 'nama', 'harum', 'indonesia', 'event', 'rally', 'internasional', 'layak', 'menjadi', 'contoh', 'panutan', 'tim', 'tertib', 'menaati', 'aturan', 'membawa', 'barang', 'keluar', 'masuk', 'selalu', 'sama', 'tahun', 'tahun', 'ujar', 'adhang', 'axcr', 'selesai', 'kendaraan', 'perlengkapan', 'kembali', 'indonesia', 'menjalani', 'proses', 'kepabeanan', 'bea', 'cukai', 'melakukan', 'pemeriksaan', 'terhadap', 'kontainer', 'tiba', 'tanah', 'air', 'kendaraan', 'perlengkapan', 'diperiksa', 'dicocokkan', 'kembali', 'data', 'dokumentasi', 'tercantum', 'ata', 'carnet', 'general', 'list', 'proses', 'penting', 'memastikan', 'barang', 'kembali', 'sesuai', 'barang', 'sebelumnya', 'dibawa', 'keluar', 'indonesia', 'seluruh', 'kewajiban', 'kepabeanan', 'diselesaikan', 'sesuai', 'ketentuan', 'proses', 'penyelesaian', 'ata', 'carnet', 'pengembalian', 'jaminan', 'pemegang', 'carnet', 'dilanjutkan', 'mekanisme', 'berlaku', 'support', 'bea', 'cukai', 'rasakan', 'proses', 'keberangkatan', 'sampai', 'barang', 'kembali', 'asistensi', 'koordinasi', 'diberikan', 'membantu', 'menyelesaikan', 'proses', 'memastikan', 'semuanya', 'berjalan', 'sesuai', 'prosedur', 'ujar', 'memen', 'baca', 'axcr', 'overheating', 'gagalkan', 'misi', 'juara', 'memen', 'harianto', 'motorsport', 'hanya', 'soal', 'balapan', 'pengalaman', 'memen', 'menilai', 'pembalap', 'indonesia', 'ingin', 'mengikuti', 'kompetisi', 'internasional', 'perlu', 'memahami', 'bahwa', 'motorsport', 'memiliki', 'ekosistem', 'luas', 'daripada', 'sekadar', 'persiapan', 'kendaraan', 'teknis', 'safety', 'shipping', 'dokumen', 'kepabeanan', 'koordinasi', 'logistik', 'dipikirkan', 'sejak', 'awal', 'jangan', 'sampai', 'hanya', 'fokus', 'membuat', 'mobil', 'bagus', 'cepat', 'lupa', 'bagaimana', 'cara', 'membawa', 'mobil', 'keluar', 'masuk', 'kembali', 'indonesia', 'dipikirkan', 'awal', 'tutur', 'memen', 'memen', 'berharap', 'pengalaman', 'menjadi', 'referensi', 'pembalap', 'indonesia', 'lainnya', 'ingin', 'membawa', 'kendaraan', 'sendiri', 'berlaga', 'kompetisi', 'internasional', 'terima', 'kasih', 'kadin', 'bea', 'cukai', 'tahun', 'selalu', 'mendukung', 'mengikuti', 'axcr', 'tutup', 'memen', 'baca', 'bagaimana', 'kiprah', 'pereli', 'indonesia', 'axcr', 'simak', 'video', 'video', 'timnya', 'dihajar', 'ain', 'afc', 'champions', 'league', 'gambas', 'video', 'detik']",sport,finance,0.99997705,False,709
124,"Purbaya Yudhi Sadewa telah melakukan proses serah terima jabatan (sertijab) Menteri Keuangan (Menkeu) ke Suahasil Nazara. Di balik pergantian Purbaya ke Suahasil ini, muncul isu masalah internal di Kementerian Keuangan.
Banyak pihak mengatakan ada masalah internal kementerian yang membuat Purbaya digantikan Suahasil, khususnya soal urusan Direktorat Jenderal Pajak dan Bea Cukai. Namun, Purbaya menepis kabar tersebut.
""Enggak, enggak ada. Gesekan sih enggak ada, yang jelas ya itu hak prerogatif Presiden yang beliau udah memutuskan,"" ujar Purbaya usai sertijab di Kementerian Keuangan (Kemenkeu), Selasa (15/9/2026).
Sambil nada bergurau, Purbaya mengatakan satu tahun menjabat sebagai Menteri Keuangan sudah cukup. ""Setahun kan udah cukup. Dulu kan udah tanda tangan dulu kontraknya setahun, kita ikutin,"" tambahnya.
Terpisah, Direktur Jenderal Bea dan Cukai (DJBC) Djaka Budhi Utama juga membantah kabar tersebut. Ia menegaskan bahwa kabar masalah internal hanya kebohongan.
""Kata siapa? Lu ngarang-ngarang aja. Nggak, nggak benar, bohong-bohong,"" kata Djaka.
Simak juga Video Blak-blakan Purbaya soal Alasan Dicopot",finance,"['purbaya', 'yudhi', 'sadewa', 'telah', 'melakukan', 'proses', 'serah', 'terima', 'jabatan', 'sertijab', 'menteri', 'keuangan', 'menkeu', 'suahasil', 'nazara', 'balik', 'pergantian', 'purbaya', 'suahasil', 'muncul', 'isu', 'masalah', 'internal', 'kementerian', 'keuangan', 'banyak', 'pihak', 'mengatakan', 'masalah', 'internal', 'kementerian', 'membuat', 'purbaya', 'digantikan', 'suahasil', 'khususnya', 'soal', 'urusan', 'direktorat', 'jenderal', 'pajak', 'bea', 'cukai', 'purbaya', 'menepis', 'kabar', 'enggak', 'enggak', 'gesekan', 'sih', 'enggak', 'jelas', 'hak', 'prerogatif', 'presiden', 'beliau', 'udah', 'memutuskan', 'ujar', 'purbaya', 'usai', 'sertijab', 'kementerian', 'keuangan', 'kemenkeu', 'selasa', 'sambil', 'nada', 'bergurau', 'purbaya', 'mengatakan', 'satu', 'tahun', 'menjabat', 'menteri', 'keuangan', 'cukup', 'setahun', 'kan', 'udah', 'cukup', 'dulu', 'kan', 'udah', 'tanda', 'tangan', 'dulu', 'kontraknya', 'setahun', 'ikutin', 'tambahnya', 'terpisah', 'direktur', 'jenderal', 'bea', 'cukai', 'djbc', 'djaka', 'budhi', 'utama', 'membantah', 'kabar', 'menegaskan', 'bahwa', 'kabar', 'masalah', 'internal', 'hanya', 'kebohongan', 'kata', 'siapa', 'ngarang', 'ngarang', 'aja', 'nggak', 'nggak', 'benar', 'bohong', 'bohong', 'kata', 'djaka', 'simak', 'video', 'blak', 'blakan', 'purbaya', 'soal', 'alasan', 'dicopot']",finance,finance,1.0,True,129
5,"Diego Simeone menjagokan Lionel Messi meraih Ballon d'Or 2026. Menurutnya performa La Pulga di Piala Dunia tak bisa dipandang sebelah mata.
Ballon d'Or 2026 telah merilis daftar 30 nominasi. Nama Lionel Messi masuk di antaranya.
Ini menjadi kali ke-17 Lionel Messi masuk nominasi Ballon d'Or. LM10 sudah meraih 8 gelar Si Bola Emas, paling banyak di antara pemain mana pun sepanjang sejarah.
Lionel Messi kini bersaing dengan nama-nama tenar seperti Kylian Mbappe, Lamine Yamal, dan Harry Kane dalam Ballon d'Or 2026. Pelatih Atletico Madrid Diego Simeone menilai Messi layak sekali apabila meraih penghargaan tersebut.
""Messi, tanpa ragu. Setelah Piala Dunia yang ia ikuti dan di usianya sekarang? Messi, tak diragukan lagi,"" kata Simeone, dilansir dari A Bola.
Lionel Messi memang tampil trengginas di Piala Dunia 2026. Dia mencetak 8 gol, berada di peringkat kedua top skor turnamen di bawah Mbappe (10 gol).
Timnas Argentina juga dibawa Messi hingga ke final Piala Dunia 2026. Tim Tango harus puas meraih medali perak setelah dikalahkan Spanyol dalam babak perpanjangan.
🚨🚨🎙️| Diego Simeone on the Ballon d'Or: 
""Ballon d'Or? Messi, without a doubt. After the World Cup he had, and at his age? Messi, without a doubt."" 🐐 pic.twitter.com/hXMdHIF1id
Di level klub Messi juga mentereng. Pemain berusia 39 tahun ini mengantarkan Inter Miami meraih titel MLS 2025.
Messi menyabet top skor MLS dengan 29 gol. Dia juga meraih gelar MVP untuk kedua kalinya secara beruntun, satu-satunya pemain dalam sejarah MLS yang memenangkan 2 gelar MVP berturut-turut.
(bay/mrp)",sport,"['diego', 'simeone', 'menjagokan', 'lionel', 'messi', 'meraih', 'ballon', 'menurutnya', 'performa', 'pulga', 'piala', 'dunia', 'tak', 'dipandang', 'sebelah', 'mata', 'ballon', 'telah', 'merilis', 'daftar', 'nominasi', 'nama', 'lionel', 'messi', 'masuk', 'antaranya', 'menjadi', 'kali', 'lionel', 'messi', 'masuk', 'nominasi', 'ballon', 'meraih', 'gelar', 'bola', 'emas', 'banyak', 'pemain', 'mana', 'sepanjang', 'sejarah', 'lionel', 'messi', 'kini', 'bersaing', 'nama', 'nama', 'tenar', 'kylian', 'mbappe', 'lamine', 'yamal', 'harry', 'kane', 'ballon', 'pelatih', 'atletico', 'madrid', 'diego', 'simeone', 'menilai', 'messi', 'layak', 'sekali', 'apabila', 'meraih', 'penghargaan', 'messi', 'tanpa', 'ragu', 'piala', 'dunia', 'ikuti', 'usianya', 'sekarang', 'messi', 'tak', 'diragukan', 'kata', 'simeone', 'dilansir', 'bola', 'lionel', 'messi', 'memang', 'tampil', 'trengginas', 'piala', 'dunia', 'mencetak', 'gol', 'berada', 'peringkat', 'kedua', 'top', 'skor', 'turnamen', 'bawah', 'mbappe', 'gol', 'timnas', 'argentina', 'dibawa', 'messi', 'final', 'piala', 'dunia', 'tim', 'tango', 'puas', 'meraih', 'medali', 'perak', 'dikalahkan', 'spanyol', 'babak', 'perpanjangan', 'diego', 'simeone', 'the', 'ballon', 'ballon', 'messi', 'without', 'doubt', 'after', 'the', 'world', 'cup', 'had', 'and', 'his', 'age', 'messi', 'without', 'doubt', 'pic', 'twitter', 'com', 'hxmdhif', 'level', 'klub', 'messi', 'mentereng', 'pemain', 'berusia', 'tahun', 'mengantarkan', 'inter', 'miami', 'meraih', 'titel', 'mls', 'messi', 'menyabet', 'top', 'skor', 'mls', 'gol', 'meraih', 'gelar', 'mvp', 'kedua', 'kalinya', 'secara', 'beruntun', 'satu', 'satunya', 'pemain', 'sejarah', 'mls', 'memenangkan', 'gelar', 'mvp', 'berturut', 'turut', 'bay', 'mrp']",sport,sport,1.0,True,179
130,"PT Pegadaian (Persero) memperoleh Sertifikasi Sistem Manajemen Mutu ISO 9001:2015 untuk Layanan Kustodi (custody services). Sertifikasi berstandar internasional ini diterbitkan oleh lembaga sertifikasi global QSCert dengan akreditasi resmi dari International Accreditation Forum (IAF) dan Slovak National Accreditation Service (SNAS), dengan nomor sertifikat Q-13543/26.
Seremoni penyerahan sertifikasi ini diselenggarakan di Pegadaian Tower pada Jumat (21/8/2026). Penyerahan sertifikasi ini menegaskan komitmen PT Pegadaian (Persero) dalam mengimplementasikan tata kelola fasilitas penyimpanan emas (vault) yang terpercaya, transparan, dan berdaya saing global.
Direktur Pemasaran, Penjualan dan Pengembangan Produk PT Pegadaian (Persero) Selfie Dewiyanti menyampaikan pencapaian ini menjadi wujud nyata Pegadaian dalam memberikan garansi perlindungan hukum dan standar pelayanan tertinggi bagi nasabah perorangan, pelaku industri, hingga institusi korporasi yang mempercayakan penyimpanan aset emasnya.
Keandalan infrastruktur fisik gedung dan teknologi terintegrasi yang dimiliki Pegadaian kini terbukti setara dengan standar kustodi bullion kelas dunia.
""Perolehan Sertifikasi ISO 9001:2015 untuk Layanan Kustodi ini merupakan tonggak sejarah penting bagi Pegadaian dalam memperkuat kepercayaan nasabah dan pelaku industri bullion. Melalui standarisasi mutu internasional ini, kami memastikan seluruh proses pengelolaan dan penyimpanan emas di fasilitas vault Pegadaian berjalan dengan tingkat presisi tinggi, terukur, dan terkendali dari celah kelalaian operasional,"" ungkap Selfie dalam keterangan tertulis, Selasa (15/9/2026).
Keberhasilan ini diraih setelah melalui serangkaian audit independen yang ketat (No. Laporan Audit: C-01/R-QMS/VIII/2026), mencakup penyelarasan Standar Operasional Prosedur (SOP), penguatan teknologi sistem pengamanan modern, hingga peningkatan kompetensi sumber daya manusia (SDM) yang tersertifikasi secara profesional.
Sertifikasi ISO 9001:2015 mencakup ruang lingkup operasional Layanan Kustodi secara menyeluruh dan end-to-end. Seluruh alur proses, mulai dari verifikasi penerimaan, pengujian kemurnian kadar emas, pengadministrasian, penyimpanan di dalam vault, pengamanan fisik dan sistem, hingga proses penyerahan kembali aset emas, dikendalikan secara ketat untuk meminimalkan potensi risiko kehilangan, kerusakan, maupun penyimpangan operasional.
Sebagai pionir Bullion Bank di Indonesia, langkah strategis ini semakin memperkokoh posisi kepemimpinan Pegadaian dalam menyediakan ekosistem emas dengan produk terlengkap di Tanah Air. Ketersediaan fasilitas kustodi yang terakreditasi global ini semakin memperkuat komitmen Pegadaian dalam memfasilitasi kebutuhan pasar keuangan berbasis emas.
Melalui Layanan Kustodi, pelaku industri dan korporasi kini dapat mengoptimalkan tata kelola penyimpanan aset emas fisik bernilai tinggi dengan jaminan keamanan berlapis dan standar mutu yang teruji.
(anl/ega)",finance,"['pegadaian', 'persero', 'memperoleh', 'sertifikasi', 'sistem', 'manajemen', 'mutu', 'iso', 'layanan', 'kustodi', 'custody', 'services', 'sertifikasi', 'berstandar', 'internasional', 'diterbitkan', 'lembaga', 'sertifikasi', 'global', 'qscert', 'akreditasi', 'resmi', 'international', 'accreditation', 'forum', 'iaf', 'slovak', 'national', 'accreditation', 'service', 'snas', 'nomor', 'sertifikat', 'seremoni', 'penyerahan', 'sertifikasi', 'diselenggarakan', 'pegadaian', 'tower', 'jumat', 'penyerahan', 'sertifikasi', 'menegaskan', 'komitmen', 'pegadaian', 'persero', 'mengimplementasikan', 'tata', 'kelola', 'fasilitas', 'penyimpanan', 'emas', 'vault', 'terpercaya', 'transparan', 'berdaya', 'saing', 'global', 'direktur', 'pemasaran', 'penjualan', 'pengembangan', 'produk', 'pegadaian', 'persero', 'selfie', 'dewiyanti', 'menyampaikan', 'pencapaian', 'menjadi', 'wujud', 'nyata', 'pegadaian', 'memberikan', 'garansi', 'perlindungan', 'hukum', 'standar', 'pelayanan', 'tertinggi', 'nasabah', 'perorangan', 'pelaku', 'industri', 'institusi', 'korporasi', 'mempercayakan', 'penyimpanan', 'aset', 'emasnya', 'keandalan', 'infrastruktur', 'fisik', 'gedung', 'teknologi', 'terintegrasi', 'dimiliki', 'pegadaian', 'kini', 'terbukti', 'setara', 'standar', 'kustodi', 'bullion', 'kelas', 'dunia', 'perolehan', 'sertifikasi', 'iso', 'layanan', 'kustodi', 'tonggak', 'sejarah', 'penting', 'pegadaian', 'memperkuat', 'kepercayaan', 'nasabah', 'pelaku', 'industri', 'bullion', 'standarisasi', 'mutu', 'internasional', 'memastikan', 'seluruh', 'proses', 'pengelolaan', 'penyimpanan', 'emas', 'fasilitas', 'vault', 'pegadaian', 'berjalan', 'tingkat', 'presisi', 'tinggi', 'terukur', 'terkendali', 'celah', 'kelalaian', 'operasional', 'ungkap', 'selfie', 'keterangan', 'tertulis', 'selasa', 'keberhasilan', 'diraih', 'serangkaian', 'audit', 'independen', 'ketat', 'laporan', 'audit', 'qms', 'viii', 'mencakup', 'penyelarasan', 'standar', 'operasional', 'prosedur', 'sop', 'penguatan', 'teknologi', 'sistem', 'pengamanan', 'modern', 'peningkatan', 'kompetensi', 'sumber', 'daya', 'manusia', 'sdm', 'tersertifikasi', 'secara', 'profesional', 'sertifikasi', 'iso', 'mencakup', 'ruang', 'lingkup', 'operasional', 'layanan', 'kustodi', 'secara', 'menyeluruh', 'end', 'end', 'seluruh', 'alur', 'proses', 'mulai', 'verifikasi', 'penerimaan', 'pengujian', 'kemurnian', 'kadar', 'emas', 'pengadministrasian', 'penyimpanan', 'vault', 'pengamanan', 'fisik', 'sistem', 'proses', 'penyerahan', 'kembali', 'aset', 'emas', 'dikendalikan', 'secara', 'ketat', 'meminimalkan', 'potensi', 'risiko', 'kehilangan', 'kerusakan', 'penyimpangan', 'operasional', 'pionir', 'bullion', 'bank', 'indonesia', 'langkah', 'strategis', 'semakin', 'memperkokoh', 'posisi', 'kepemimpinan', 'pegadaian', 'menyediakan', 'ekosistem', 'emas', 'produk', 'terlengkap', 'tanah', 'air', 'ketersediaan', 'fasilitas', 'kustodi', 'terakreditasi', 'global', 'semakin', 'memperkuat', 'komitmen', 'pegadaian', 'memfasilitasi', 'kebutuhan', 'pasar', 'keuangan', 'berbasis', 'emas', 'layanan', 'kustodi', 'pelaku', 'industri', 'korporasi', 'kini', 'mengoptimalkan', 'tata', 'kelola', 'penyimpanan', 'aset', 'emas', 'fisik', 'bernilai', 'tinggi', 'jaminan', 'keamanan', 'berlapis', 'standar', 'mutu', 'teruji', 'anl', 'ega']",finance,finance,1.0,True,276
81,"Emil Audero Mulyadi tampil penuh saat Rayo Vallecano menjamu Espanyol dalam lanjutan LaLiga. Timnya meraih kemenangan tipis 2-1.
Matchday keenam Liga Spanyol menghadirkan duel Rayo Vallecano vs Espanyol . Pertandingan digelar di Estadio Municipal de Butarque , Rabu (16/9/2026) dini hari WIB.
Rayo langsung mencetak goal ketika laga baru berjalan 3 menit. Alvaro Garcia yang mencatatkan namanya di papan skor.
Garcia menyambar masuk ball muntah di tenerh kemelut dalam kotak penalty Espanyol . Lightning memimpin 1-0.
Lightning menggandakan keunggulan pada menit ke-26. Adria Pedrosa mencetak goal dari pelota tendangan dari sudut sempit. Skor 2-0 untuk Rayo bertahan hingga babak pertama berakhir.
Espanyol memperkecil ketertinggalan selepas turun minum, tepatnya menit ke-54. Roberto Fernandez membobol gawang Emil Audero dengan ball tembakan dari sisi kiri serangan.
Penyelamatan gemilang draw Emil Audero pada menit ke-58. Kiper Timnas Indonesia ini menepis pelota sepakan on target jarak jauh Clemens Riedel.
KARTU MERAH! Espanyol bermain dengan 10 pemain di injury time. El Hilaili mendapat kartu merah langsung dari wasit akibat handball dalam posisi bek terakhir di pertahanan.
Tim tamu gagal mengejar ketertinggalan di sisa waktu yang ada. Skor 2-1 untuk Rayo Vallecano jadi hasil akhir pertandingan.
Emil Audero tak tergantikan sepanjang laga Rayo vs Espanyol. Dia mencatatkan 3 saves, salah satunya menggagalkan tembakan Bryan Zaragoza di kotak penalti.
Hasil ini membawa Rayo ke posisi 12 klasemen sementara Liga Spanyol dengan 7 poin. Espanyol tertahan di urutan kedelapan dengan 7 poin.
FINAL #RayoEspanyol 2-1 
¡El @RayoVallecano suma una nueva victoria en #LALIGAEASPORTS! ❤️ pic.twitter.com/uy4rEBWfry
Susunan Pemain
Rayo Vallecano: Emil Audero Mulyadi ; Andrei Ratiu , Florian Lejeune , Mujaid Saddick , Adria Pedrosa ; Pedro Diaz , Pathe Ciss , Unai Lopez; Giorgi Tsitaishvili , Sergio Camello , Alvaro Garcia.
Espanyol: Marko Dmitrovic ; Roger Hinojo , Leandro Cabrera, Clemens Riedel , El Hilali ; Gonzalez de Zarete , Gabriel Moscardo , Quilindschy Hartman, Javi Hernandez, Rafael Bauza ; Roberto Fernandez.
(bay/raw)",sport,"['emil', 'audero', 'mulyadi', 'tampil', 'penuh', 'rayo', 'vallecano', 'menjamu', 'espanyol', 'lanjutan', 'laliga', 'timnya', 'meraih', 'kemenangan', 'tipis', 'matchday', 'keenam', 'liga', 'spanyol', 'menghadirkan', 'duel', 'rayo', 'vallecano', 'espanyol', 'pertandingan', 'digelar', 'estadio', 'municipal', 'butarque', 'rabu', 'dini', 'hari', 'wib', 'rayo', 'langsung', 'mencetak', 'goal', 'laga', 'baru', 'berjalan', 'menit', 'alvaro', 'garcia', 'mencatatkan', 'namanya', 'papan', 'skor', 'garcia', 'menyambar', 'masuk', 'ball', 'muntah', 'tenerh', 'kemelut', 'kotak', 'penalty', 'espanyol', 'lightning', 'memimpin', 'lightning', 'menggandakan', 'keunggulan', 'menit', 'adria', 'pedrosa', 'mencetak', 'goal', 'pelota', 'tendangan', 'sudut', 'sempit', 'skor', 'rayo', 'bertahan', 'babak', 'pertama', 'berakhir', 'espanyol', 'memperkecil', 'ketertinggalan', 'selepas', 'turun', 'minum', 'tepatnya', 'menit', 'roberto', 'fernandez', 'membobol', 'gawang', 'emil', 'audero', 'ball', 'tembakan', 'sisi', 'kiri', 'serangan', 'penyelamatan', 'gemilang', 'draw', 'emil', 'audero', 'menit', 'kiper', 'timnas', 'indonesia', 'menepis', 'pelota', 'sepakan', 'target', 'jarak', 'jauh', 'clemens', 'riedel', 'kartu', 'merah', 'espanyol', 'bermain', 'pemain', 'injury', 'time', 'hilaili', 'mendapat', 'kartu', 'merah', 'langsung', 'wasit', 'akibat', 'handball', 'posisi', 'bek', 'terakhir', 'pertahanan', 'tim', 'tamu', 'gagal', 'mengejar', 'ketertinggalan', 'sisa', 'waktu', 'skor', 'rayo', 'vallecano', 'jadi', 'hasil', 'akhir', 'pertandingan', 'emil', 'audero', 'tak', 'tergantikan', 'sepanjang', 'laga', 'rayo', 'espanyol', 'mencatatkan', 'saves', 'salah', 'satunya', 'menggagalkan', 'tembakan', 'bryan', 'zaragoza', 'kotak', 'penalti', 'hasil', 'membawa', 'rayo', 'posisi', 'klasemen', 'sementara', 'liga', 'spanyol', 'poin', 'espanyol', 'tertahan', 'urutan', 'kedelapan', 'poin', 'final', 'rayoespanyol', 'rayovallecano', 'suma', 'una', 'nueva', 'victoria', 'laligaeasports', 'pic', 'twitter', 'com', 'rebwfry', 'susunan', 'pemain', 'rayo', 'vallecano', 'emil', 'audero', 'mulyadi', 'andrei', 'ratiu', 'florian', 'lejeune', 'mujaid', 'saddick', 'adria', 'pedrosa', 'pedro', 'diaz', 'pathe', 'ciss', 'unai', 'lopez', 'giorgi', 'tsitaishvili', 'sergio', 'camello', 'alvaro', 'garcia', 'espanyol', 'marko', 'dmitrovic', 'roger', 'hinojo', 'leandro', 'cabrera', 'clemens', 'riedel', 'hilali', 'gonzalez', 'zarete', 'gabriel', 'moscardo', 'quilindschy', 'hartman', 'javi', 'hernandez', 'rafael', 'bauza', 'roberto', 'fernandez', 'bay', 'raw']",sport,sport,1.0,True,241
62,"Manchester United bakal kehilangan salah satu pemain muda berbakatnya. Dia adalah JJ Gabriel yang ingin meninggalkan klub demi mencari jam terbang.
Nama Gabriel memang melesat musim lalu ketika dia tampil mantap bersama Tim U-18 Setan Merah. Dia membuat 26 gol dan empat assist dari 29 laga yang membuatnya dinobatkan sebagai pesepakbola muda terbaik MU musim lalu.
Dia jadi pemain termuda yang menerima Jimmy Murphy Young Player of The Year. Gabriel juga jadi pemain terbaik Premier League U-18 musim lalu.
Performa itu berlanjut musim ini saat Gabriel bikin lima gol dan dua assist dari tiga pertandingan. Wajar jika Gabriel digadang-gadang bakal jadi bintang masa depan MU.
| Baca juga: Manchester United Masih Percaya Carrick | 
Sayangnya, hal itu bisa gagal terwujud karena Gabriel ingin cabut dari klub. Dikutip The Athletic, Gabriel sudah mengajukan surat pencabutan registrasi dari tim U-18 MU sehingga dia bisa dinyatakan bebas dari kontrak.
Gabriel memang belum mendapat kontrak profesional sehingga dia bisa saja diambil klub lain. Dengan situasi saat ini, maka Gabriel kemungkinan akan mencari klun yang dianggap cocok untuk perkembangan kariernya dan bisa memberinya kesempatan main lebih besar.
Keputusan Gabriel ini mengejutkan MU mengingat tidak ada masalah sama sekali dengan pemain. Bahkan manajer Michael Carrick berencana memasukkan Gabriel ke dalam skuad yang bertemu Brighton & Hove Albion di Babak Ketiga Carabao Cup tengah pekan ini.
Bahkan Gabriel sudah menghapus segala hal soal MU di akun instagramnya, baik foto maupun biografi. Sejumlah klub top Eropa seperti Real Madrid, Barcelona, dan Bayern Munich memang meminatinya.
Awas salah pilih, Gabriel.
(mrp/raw)",sport,"['manchester', 'united', 'bakal', 'kehilangan', 'salah', 'satu', 'pemain', 'muda', 'berbakatnya', 'gabriel', 'ingin', 'meninggalkan', 'klub', 'demi', 'mencari', 'jam', 'terbang', 'nama', 'gabriel', 'memang', 'melesat', 'musim', 'lalu', 'tampil', 'mantap', 'bersama', 'tim', 'setan', 'merah', 'membuat', 'gol', 'empat', 'assist', 'laga', 'membuatnya', 'dinobatkan', 'pesepakbola', 'muda', 'terbaik', 'musim', 'lalu', 'jadi', 'pemain', 'termuda', 'menerima', 'jimmy', 'murphy', 'young', 'player', 'the', 'year', 'gabriel', 'jadi', 'pemain', 'terbaik', 'premier', 'league', 'musim', 'lalu', 'performa', 'berlanjut', 'musim', 'gabriel', 'bikin', 'lima', 'gol', 'dua', 'assist', 'tiga', 'pertandingan', 'wajar', 'gabriel', 'digadang', 'gadang', 'bakal', 'jadi', 'bintang', 'masa', 'depan', 'baca', 'manchester', 'united', 'percaya', 'carrick', 'sayangnya', 'hal', 'gagal', 'terwujud', 'gabriel', 'ingin', 'cabut', 'klub', 'dikutip', 'the', 'athletic', 'gabriel', 'mengajukan', 'surat', 'pencabutan', 'registrasi', 'tim', 'sehingga', 'dinyatakan', 'bebas', 'kontrak', 'gabriel', 'memang', 'mendapat', 'kontrak', 'profesional', 'sehingga', 'diambil', 'klub', 'lain', 'situasi', 'gabriel', 'kemungkinan', 'mencari', 'klun', 'dianggap', 'cocok', 'perkembangan', 'kariernya', 'memberinya', 'kesempatan', 'main', 'besar', 'keputusan', 'gabriel', 'mengejutkan', 'mengingat', 'masalah', 'sama', 'sekali', 'pemain', 'bahkan', 'manajer', 'michael', 'carrick', 'berencana', 'memasukkan', 'gabriel', 'skuad', 'bertemu', 'brighton', 'hove', 'albion', 'babak', 'ketiga', 'carabao', 'cup', 'tengah', 'pekan', 'bahkan', 'gabriel', 'menghapus', 'segala', 'hal', 'soal', 'akun', 'instagramnya', 'baik', 'foto', 'biografi', 'sejumlah', 'klub', 'top', 'eropa', 'real', 'madrid', 'barcelona', 'bayern', 'munich', 'memang', 'meminatinya', 'awas', 'salah', 'pilih', 'gabriel', 'mrp', 'raw']",sport,sport,1.0,True,181
187,"BP BUMN dan Danantara mendorong penyelesaian persoalan LRT City dilakukan secara menyeluruh dengan tetap mengutamakan hak dan kepentingan konsumen. Adhi Karya diminta menuntaskan kewajiban serah terima sekitar 2.400 unit yang hingga kini belum diterima oleh pembeli.
Kepala BP BUMN sekaligus COO Danantara Dony Oskaria menegaskan penyelesaian persoalan tersebut tidak boleh menimbulkan kerugian bagi konsumen, khususnya masyarakat yang membeli rumah untuk pertama kalinya.
""Tidak boleh merugikan konsumen. Itu dasar daripada penyelesaian kita bahwa tidak boleh merugikan konsumen,"" ujar Dony, dalam keterangan tertulis, Selasa (15/9/2026).
""Karena konsumennya tidak salah, apalagi kalau orang-orang yang itu membeli rumah, rumah pertamanya. Karena ini adalah kesalahan daripada pihak kita secara internal,"" sambungnya.
Berdasarkan pemetaan Adhi Karya, dari sekitar 5.400 unit yang telah terjual, sebanyak 3.000 unit telah diserahterimakan kepada konsumen. Sementara itu, masih terdapat sekitar 2.400 unit yang belum dapat diserahterimakan dan tersebar di sejumlah proyek LRT City.
Untuk menentukan langkah penyelesaian, Danantara akan berdialog dengan perwakilan konsumen dan Menteri Perumahan dan Kawasan Permukiman. Pertemuan tersebut akan membahas sejumlah opsi penyelesaian bagi konsumen yang belum menerima unit.
Selain itu, Adhi Karya diminta menyusun perhitungan biaya penyelesaian proyek serta rencana bisnis yang komprehensif. Langkah tersebut diperlukan untuk memastikan setiap opsi penyelesaian memiliki dasar perhitungan yang jelas, baik melalui penyelesaian pembangunan maupun pengembalian dana konsumen.
Dony menegaskan persoalan tersebut harus segera memiliki penyelesaian konkret dan tidak boleh dibiarkan berlarut-larut.
""Bagaimanapun kan ini harus diselesaikan. Nggak mungkin apa nanti merugikan konsumen kita kan. Jadi bagi saya ini harus diselesaikan, baik itu penyelesaian apakah nanti kita mengembalikan atau kita membangun,"" jelas Dony.
""Itu harus diselesaikan itu instruksi dari saya ya, mau ini dibayarin direfund dulu, ini harus diselesaikan. Bukan berarti itu dibiarin mangkrak begitu,"" imbuhnya.
BP BUMN dan Danantara menegaskan penyelesaian LRT City harus memberikan kepastian kepada konsumen sekaligus memastikan proyek yang bermasalah tidak kembali menjadi beban bagi masyarakat yang telah memenuhi kewajibannya.
(hnu/ega)",finance,"['bumn', 'danantara', 'mendorong', 'penyelesaian', 'persoalan', 'lrt', 'city', 'dilakukan', 'secara', 'menyeluruh', 'tetap', 'mengutamakan', 'hak', 'kepentingan', 'konsumen', 'adhi', 'karya', 'diminta', 'menuntaskan', 'kewajiban', 'serah', 'terima', 'sekitar', 'unit', 'kini', 'diterima', 'pembeli', 'kepala', 'bumn', 'sekaligus', 'coo', 'danantara', 'dony', 'oskaria', 'menegaskan', 'penyelesaian', 'persoalan', 'boleh', 'menimbulkan', 'kerugian', 'konsumen', 'khususnya', 'masyarakat', 'membeli', 'rumah', 'pertama', 'kalinya', 'boleh', 'merugikan', 'konsumen', 'dasar', 'daripada', 'penyelesaian', 'bahwa', 'boleh', 'merugikan', 'konsumen', 'ujar', 'dony', 'keterangan', 'tertulis', 'selasa', 'konsumennya', 'salah', 'apalagi', 'orang', 'orang', 'membeli', 'rumah', 'rumah', 'pertamanya', 'kesalahan', 'daripada', 'pihak', 'secara', 'internal', 'sambungnya', 'berdasarkan', 'pemetaan', 'adhi', 'karya', 'sekitar', 'unit', 'telah', 'terjual', 'sebanyak', 'unit', 'telah', 'diserahterimakan', 'konsumen', 'sementara', 'sekitar', 'unit', 'diserahterimakan', 'tersebar', 'sejumlah', 'proyek', 'lrt', 'city', 'menentukan', 'langkah', 'penyelesaian', 'danantara', 'berdialog', 'perwakilan', 'konsumen', 'menteri', 'perumahan', 'kawasan', 'permukiman', 'pertemuan', 'membahas', 'sejumlah', 'opsi', 'penyelesaian', 'konsumen', 'menerima', 'unit', 'selain', 'adhi', 'karya', 'diminta', 'menyusun', 'perhitungan', 'biaya', 'penyelesaian', 'proyek', 'rencana', 'bisnis', 'komprehensif', 'langkah', 'diperlukan', 'memastikan', 'opsi', 'penyelesaian', 'memiliki', 'dasar', 'perhitungan', 'jelas', 'baik', 'penyelesaian', 'pembangunan', 'pengembalian', 'dana', 'konsumen', 'dony', 'menegaskan', 'persoalan', 'segera', 'memiliki', 'penyelesaian', 'konkret', 'boleh', 'dibiarkan', 'berlarut', 'larut', 'bagaimanapun', 'kan', 'diselesaikan', 'nggak', 'apa', 'nanti', 'merugikan', 'konsumen', 'kan', 'jadi', 'diselesaikan', 'baik', 'penyelesaian', 'apakah', 'nanti', 'mengembalikan', 'membangun', 'jelas', 'dony', 'diselesaikan', 'instruksi', 'mau', 'dibayarin', 'direfund', 'dulu', 'diselesaikan', 'berarti', 'dibiarin', 'mangkrak', 'begitu', 'imbuhnya', 'bumn', 'danantara', 'menegaskan', 'penyelesaian', 'lrt', 'city', 'memberikan', 'kepastian', 'konsumen', 'sekaligus', 'memastikan', 'proyek', 'bermasalah', 'kembali', 'menjadi', 'beban', 'masyarakat', 'telah', 'memenuhi', 'kewajibannya', 'hnu', 'ega']",finance,finance,1.0,True,209
8,"Tak bisa dipungkiri bahwa Ducati masih jadi tolok ukur di MotoGP. Lantas, mengapa Fabio Quartararo tak mencoba bergabung dengan tim yang bernaung di Ducati?
El Diablo akan mengakhiri kerja samanya selama delapan tahun dengan Yamaha pada akhir MotoGP 2026. Quartararo telah mengumumkan akan memperkuat Honda pabrikan mulai musim depan.
Kesulitan Yamaha di empat musim terakhir jadi latar belakangnya. Quartararo belum lagi memenangi balapan sejak jadi kampiun di Sachsenring pada 2022 alias empat tahun lalu. Semakin mengecewakan karena Quartararo hanya sekali naik podium (P2) dalam 61 seri terakhir.
Di tengah Yamaha yang jeblok, Ducati justru mendominasi. Para penunggang Desmosedici menyapu bersih empat musim terakhir dengan titel-titel juara dunia yang diraih Francesco Bagnaia (2), Jorge Martin, dan Marc Marquez.
Enam pebalap telah dipastikan akan menunggangi motor Ducati pada 2027. Ducati pabrikan mengandalkan duet Marquez dan Pedro Acosta, sedangkan tim-tim satelit seperti Gresini dan VR46 menandemkan Joan Mir dan Daniel Holgado serta Fermin Adelguer dan Nicolo Bulega berturut-turut.
| Baca juga: Bezzecchi Jatuh Bukan karena Rasakan Tekanan | 
Fabio Quartararo menjelaskan alasannya memilih Honda sekaligus tak mencoba mendapatkan kursi pebalap di tim Ducati. ""Karena kupikir Honda, selama beberapa tahun sampai sekarang, telah menjalani periode di mana mereka ingin juara lagi,"" ujar rider Prancis ini.
""Honda mengerahkan seluruh sumber daya yang mereka punya untuk comeback. Dengan perubahan regulasi, motor-motor baru, dan ban baru, kurasa Honda bisa membuat kejutan dan memproduksi sebuah motor yang sangat kompetitif.""
""Kami pernah bertemu dengan beberapa pabrikan, termasuk Honda. Di pertemuan-pertemuan itu, aku punya banyak sekali pertanyaan, dan tidak hanya menjawab pertanyaan-pertanyaanku, mereka menunjukkan kepadaku banyak hal tentang proyek mereka yang membuatku memutuskan untuk bergabung,"" Quartararo mengatakan kepada Motorsport.
(rin/rin)",sport,"['tak', 'dipungkiri', 'bahwa', 'ducati', 'jadi', 'tolok', 'ukur', 'motogp', 'mengapa', 'fabio', 'quartararo', 'tak', 'mencoba', 'bergabung', 'tim', 'bernaung', 'ducati', 'diablo', 'mengakhiri', 'kerja', 'samanya', 'delapan', 'tahun', 'yamaha', 'akhir', 'motogp', 'quartararo', 'telah', 'mengumumkan', 'memperkuat', 'honda', 'pabrikan', 'mulai', 'musim', 'depan', 'kesulitan', 'yamaha', 'empat', 'musim', 'terakhir', 'jadi', 'latar', 'belakangnya', 'quartararo', 'memenangi', 'balapan', 'sejak', 'jadi', 'kampiun', 'sachsenring', 'alias', 'empat', 'tahun', 'lalu', 'semakin', 'mengecewakan', 'quartararo', 'hanya', 'sekali', 'naik', 'podium', 'seri', 'terakhir', 'tengah', 'yamaha', 'jeblok', 'ducati', 'justru', 'mendominasi', 'penunggang', 'desmosedici', 'menyapu', 'bersih', 'empat', 'musim', 'terakhir', 'titel', 'titel', 'juara', 'dunia', 'diraih', 'francesco', 'bagnaia', 'jorge', 'martin', 'marc', 'marquez', 'enam', 'pebalap', 'telah', 'dipastikan', 'menunggangi', 'motor', 'ducati', 'ducati', 'pabrikan', 'mengandalkan', 'duet', 'marquez', 'pedro', 'acosta', 'sedangkan', 'tim', 'tim', 'satelit', 'gresini', 'menandemkan', 'joan', 'mir', 'daniel', 'holgado', 'fermin', 'adelguer', 'nicolo', 'bulega', 'berturut', 'turut', 'baca', 'bezzecchi', 'jatuh', 'rasakan', 'tekanan', 'fabio', 'quartararo', 'menjelaskan', 'alasannya', 'memilih', 'honda', 'sekaligus', 'tak', 'mencoba', 'mendapatkan', 'kursi', 'pebalap', 'tim', 'ducati', 'kupikir', 'honda', 'tahun', 'sampai', 'sekarang', 'telah', 'menjalani', 'periode', 'mana', 'ingin', 'juara', 'ujar', 'rider', 'prancis', 'honda', 'mengerahkan', 'seluruh', 'sumber', 'daya', 'punya', 'comeback', 'perubahan', 'regulasi', 'motor', 'motor', 'baru', 'ban', 'baru', 'kurasa', 'honda', 'membuat', 'kejutan', 'memproduksi', 'sebuah', 'motor', 'kompetitif', 'pernah', 'bertemu', 'pabrikan', 'termasuk', 'honda', 'pertemuan', 'pertemuan', 'aku', 'punya', 'banyak', 'sekali', 'pertanyaan', 'hanya', 'menjawab', 'pertanyaan', 'pertanyaanku', 'menunjukkan', 'kepadaku', 'banyak', 'hal', 'tentang', 'proyek', 'membuatku', 'memutuskan', 'bergabung', 'quartararo', 'mengatakan', 'motorsport', 'rin', 'rin']",sport,sport,1.0,True,202
98,"Kontingen atlet pelajar Jakarta Barat baru saja menjuarai Pekan Olahraga Pelajar Provinsi (Popprov) DKI Jakarta 2026. Bonus pun diberikan kepada para juara.
Popprov DKI Jakarta berlangsung 31 Agustus-5 September di Hall A Gelanggang Mahasiswa Soemantri Brodjonegoro, Jakarta Selatan.
Jakbar untuk pertama kalinya mencetak sejarah keluar sebagai juara umum dengan mengoleksi tujuh medali emas, dua perak, dan tujuh perunggu. Jakbar mengungguli Jaktim yang mengoleksi lima medali emas. Posisi berikutnya ditempati Jaksel dengan lima emas dan Jakut dengan tiga emas.
Tujuh medali emas Jakarta Barat disumbangkan dari sejumlah cabang olahraga, yakni bola basket beregu putri U-15, bulu tangkis beregu putra U-15 dan U-18, sepakbola beregu putra U-15 dan U-18, serta sepak takraw beregu putra dan putri U-18.
Atas prestasi tersebut, Anggota DPRD DKI Jakarta dari Fraksi PDI Perjuangan, Hardiyanto Kenneth, memberikan apresiasi dan bonus kepada para atlet pelajar peraih medali emas.
Penyerahan bonus dilakukan di Ruang MH Thamrin Kantor Wali Kota Administrasi Jakbar, dan disaksikan Wali Kota Iin Mutmainnah, Selasa (15/9/2026).
Besaran bonus disesuaikan dengan jumlah atlet pelajar yang terlibat dalam masing-masing cabang olahraga. Cabor sepakbola mendapatkan bonus terbesar, yakni Rp 18 juta. Bonus tersebut diberikan karena jumlah atlet pelajar dalam tim tersebut cukup banyak.
Selanjutnya, tim basket mendapatkan bonus Rp 14 juta, sepak takraw Rp 6 juta, dan bulu tangkis Rp 5 juta.
""Kenapa saya sangat mengapresiasi olahraga dan kepemudaan? Karena kebetulan saya suka olahraga. Saya masih main basket dan menjabat sebagai ketua umum catur DKI Jakarta (Percasi). Sayang sekali tim basket putranya gagal mendapatkan emas, cuma putri,"" ujar Kenneth dalam keterangannya.
Pria yang akrab disapa Bang Kent itu berharap bonus itu dapat memotivasi bagi para atlet pelajar untuk terus meningkatkan prestasi. Menurutnya, mempertahankan gelar juara umum akan menjadi tantangan yang lebih berat bagi Jakarta Barat pada Popprov berikutnya.
""Ini adalah sebuah awal. Yang paling berat itu adalah mempertahankan, harus di ingat itu. Dan harapan saya tim basket putra tahun depan bisa mendapatkan medali emas. Tradisi ini akan terus saya pertahankan dan konsisten akan terus saya berikan kalau ada kesempatan. Kalau memang bisa diulangi kembali menjadi juara umum akan saya tambahkan lagi bonusnya tahun depan,"" tutur pria yang juga Ketua Umum Percasi DKI Jakarta itu.
Kent juga mengajak para atlet pelajar yang meraih medali perak dan perunggu untuk bisa meningkatkan prestasi dan merebut medali emas pada Popprov selanjutnya.
""Saya berikan tantangan juga kepada para atlet pelajar peraih medali perunggu dan perak agar mereka penasaran dan bisa berjuang untuk merebut medali emas di Popprov selanjutnya tahun depan,"" lanjut Alumni PPRA LXII Lemhannas RI itu.
Tak hanya atlet pelajar, para pelatih dan asisten pelatih yang berhasil mengantarkan tim meraih medali emas juga kecipratan bonus. Pelatih mendapatkan Rp 2 juta, sedangkan asisten pelatih memperoleh bonus Rp 1 juta.
""Saya tambahkan apresiasi bonus untuk pelatih Rp2 juta. Asisten pelatih Rp1 juta. Harus di ingat bahwa tanpa pelatih kalian bukan apa-apa. Kebetulan saya bekas atlet, jadi saya tahu pentingnya peran pelatih. Pelatih adalah pelita kita, jadi harus kita hargai,"" papar Kepala BAGUNA (Badan Penanggulangan Bencana) DPD PDI Perjuangan Provinsi DKI Jakarta itu.
Sementara itu, Wali Kota Jakbar, Iin Mutmainnah mengapresiasi perjuangan para atlet pelajar yang telah membawa nama daerahnya menjadi juara umum.
""Terima kasih kepada atlet pelajar yang sudah berjuang untuk Jakarta Barat. Saya bangga dengan kalian. Ini perdana dan sejarah mencatatkan Jakarta Barat bisa menjadi juara umum sejak Popprov diadakan pada 2017,"" ujar Iin.
Pemberian bonus tersebut disambut positif oleh para atlet pelajar ini. Celine, salah satu atlet basket pelajar putri, berharap apresiasi yang diberikan Kenneth tersebut dapat menambah motivasi para atlet pelajar untuk mempertahankan prestasinya.
""Semoga dengan adanya bonus dari Pak Kenneth ini bisa memotivasi para atlet pelajar agar bisa berjuang lebih keras lagi di Popprov berikutnya dan bisa juara umum lagi,"" kata Celine.
(mrp/bay)",sport,"['kontingen', 'atlet', 'pelajar', 'jakarta', 'barat', 'baru', 'menjuarai', 'pekan', 'olahraga', 'pelajar', 'provinsi', 'popprov', 'dki', 'jakarta', 'bonus', 'diberikan', 'juara', 'popprov', 'dki', 'jakarta', 'berlangsung', 'agustus', 'september', 'hall', 'gelanggang', 'mahasiswa', 'soemantri', 'brodjonegoro', 'jakarta', 'selatan', 'jakbar', 'pertama', 'kalinya', 'mencetak', 'sejarah', 'keluar', 'juara', 'umum', 'mengoleksi', 'tujuh', 'medali', 'emas', 'dua', 'perak', 'tujuh', 'perunggu', 'jakbar', 'mengungguli', 'jaktim', 'mengoleksi', 'lima', 'medali', 'emas', 'posisi', 'berikutnya', 'ditempati', 'jaksel', 'lima', 'emas', 'jakut', 'tiga', 'emas', 'tujuh', 'medali', 'emas', 'jakarta', 'barat', 'disumbangkan', 'sejumlah', 'cabang', 'olahraga', 'bola', 'basket', 'beregu', 'putri', 'bulu', 'tangkis', 'beregu', 'putra', 'sepakbola', 'beregu', 'putra', 'sepak', 'takraw', 'beregu', 'putra', 'putri', 'atas', 'prestasi', 'anggota', 'dprd', 'dki', 'jakarta', 'fraksi', 'pdi', 'perjuangan', 'hardiyanto', 'kenneth', 'memberikan', 'apresiasi', 'bonus', 'atlet', 'pelajar', 'peraih', 'medali', 'emas', 'penyerahan', 'bonus', 'dilakukan', 'ruang', 'thamrin', 'kantor', 'wali', 'kota', 'administrasi', 'jakbar', 'disaksikan', 'wali', 'kota', 'iin', 'mutmainnah', 'selasa', 'besaran', 'bonus', 'disesuaikan', 'jumlah', 'atlet', 'pelajar', 'terlibat', 'masing', 'masing', 'cabang', 'olahraga', 'cabor', 'sepakbola', 'mendapatkan', 'bonus', 'terbesar', 'juta', 'bonus', 'diberikan', 'jumlah', 'atlet', 'pelajar', 'tim', 'cukup', 'banyak', 'selanjutnya', 'tim', 'basket', 'mendapatkan', 'bonus', 'juta', 'sepak', 'takraw', 'juta', 'bulu', 'tangkis', 'juta', 'kenapa', 'mengapresiasi', 'olahraga', 'kepemudaan', 'kebetulan', 'suka', 'olahraga', 'main', 'basket', 'menjabat', 'ketua', 'umum', 'catur', 'dki', 'jakarta', 'percasi', 'sayang', 'sekali', 'tim', 'basket', 'putranya', 'gagal', 'mendapatkan', 'emas', 'cuma', 'putri', 'ujar', 'kenneth', 'keterangannya', 'pria', 'akrab', 'disapa', 'bang', 'kent', 'berharap', 'bonus', 'memotivasi', 'atlet', 'pelajar', 'terus', 'meningkatkan', 'prestasi', 'menurutnya', 'mempertahankan', 'gelar', 'juara', 'umum', 'menjadi', 'tantangan', 'berat', 'jakarta', 'barat', 'popprov', 'berikutnya', 'sebuah', 'awal', 'berat', 'mempertahankan', 'ingat', 'harapan', 'tim', 'basket', 'putra', 'tahun', 'depan', 'mendapatkan', 'medali', 'emas', 'tradisi', 'terus', 'pertahankan', 'konsisten', 'terus', 'berikan', 'kesempatan', 'memang', 'diulangi', 'kembali', 'menjadi', 'juara', 'umum', 'tambahkan', 'bonusnya', 'tahun', 'depan', 'tutur', 'pria', 'ketua', 'umum', 'percasi', 'dki', 'jakarta', 'kent', 'mengajak', 'atlet', 'pelajar', 'meraih', 'medali', 'perak', 'perunggu', 'meningkatkan', 'prestasi', 'merebut', 'medali', 'emas', 'popprov', 'selanjutnya', 'berikan', 'tantangan', 'atlet', 'pelajar', 'peraih', 'medali', 'perunggu', 'perak', 'penasaran', 'berjuang', 'merebut', 'medali', 'emas', 'popprov', 'selanjutnya', 'tahun', 'depan', 'lanjut', 'alumni', 'ppra', 'lxii', 'lemhannas', 'tak', 'hanya', 'atlet', 'pelajar', 'pelatih', 'asisten', 'pelatih', 'berhasil', 'mengantarkan', 'tim', 'meraih', 'medali', 'emas', 'kecipratan', 'bonus', 'pelatih', 'mendapatkan', 'juta', 'sedangkan', 'asisten', 'pelatih', 'memperoleh', 'bonus', 'juta', 'tambahkan', 'apresiasi', 'bonus', 'pelatih', 'juta', 'asisten', 'pelatih', 'juta', 'ingat', 'bahwa', 'tanpa', 'pelatih', 'kalian', 'apa', 'apa', 'kebetulan', 'bekas', 'atlet', 'jadi', 'tahu', 'pentingnya', 'peran', 'pelatih', 'pelatih', 'pelita', 'jadi', 'hargai', 'papar', 'kepala', 'baguna', 'badan', 'penanggulangan', 'bencana', 'dpd', 'pdi', 'perjuangan', 'provinsi', 'dki', 'jakarta', 'sementara', 'wali', 'kota', 'jakbar', 'iin', 'mutmainnah', 'mengapresiasi', 'perjuangan', 'atlet', 'pelajar', 'telah', 'membawa', 'nama', 'daerahnya', 'menjadi', 'juara', 'umum', 'terima', 'kasih', 'atlet', 'pelajar', 'berjuang', 'jakarta', 'barat', 'bangga', 'kalian', 'perdana', 'sejarah', 'mencatatkan', 'jakarta', 'barat', 'menjadi', 'juara', 'umum', 'sejak', 'popprov', 'diadakan', 'ujar', 'iin', 'pemberian', 'bonus', 'disambut', 'positif', 'atlet', 'pelajar', 'celine', 'salah', 'satu', 'atlet', 'basket', 'pelajar', 'putri', 'berharap', 'apresiasi', 'diberikan', 'kenneth', 'menambah', 'motivasi', 'atlet', 'pelajar', 'mempertahankan', 'prestasinya', 'semoga', 'bonus', 'pak', 'kenneth', 'memotivasi', 'atlet', 'pelajar', 'berjuang', 'keras', 'popprov', 'berikutnya', 'juara', 'umum', 'kata', 'celine', 'mrp', 'bay']",sport,finance,0.9966449,False,430
102,"Kondisi Pasar Nangka Bungur, Kemayoran, Jakarta Pusat kini sepi bak mati suri usai ditinggalkan para pedagang dan pembeli. Banyak kios di dalam bangunan pasar dibiarkan kosong tak terisi dengan pintu-pintu besi tertutup rapat.
Berdasarkan pantauan detikcom Senin kemarin, Pasar Nangka Bungur berada tepat di Jl. Kalibaru Timur dekat persimpangan dengan Jl. Kalibaru Timur V. Di dekat jalan, pengunjung bisa dengan mudah melihat deretan lapak-lapak pedagang.
Di kanan-kiri ini, terdapat berbagai jenis lapak dagangan mulai dari sayuran, daging ayam dan sapi, bumbu masak, buah, hingga keperluan sehari-hari. Singkatnya, hampir semua jenis barang dagangan pasar ada di pinggir jalan ini.
Meski matahari sudah sampai puncaknya, pengunjung datang silih berganti dengan motor dan berhenti di depan lapak-lapak pinggir jalan tersebut. Mereka membeli berbagai produk, kemudian langsung meninggalkan area depan pasar.
Kondisi ini sangat jauh berbeda dengan kawasan di dalam bangunan Pasar Nangka Bungur. Di depan bangunan pasar, berdiri tiga bangunan kecil berbahan beton tanpa cat menutup pintu masuk utama pasar.
Bangunan ini adalah pasar penampungan sementara untuk pedagang pasar lain yang sedang di renovasi. Namun, dari sekian lapak yang ada, hanya ada dua kios yang buka dan sisanya tutup permanen.
Jauh berbeda dengan kondisi lapak yang ada di jalan depan, lorong-lorong sekitar pasar penampungan ini sangat sepi dan hampir tidak ada orang yang melintas. Menunjukkan bagaimana para pengunjung pasar hanya berbelanja di lapak-lapak pinggir jalan dan enggan masuk ke dalam bangunan pasar yang sesungguhnya.
Kondisi ini semakin parah saat memasuki bangunan utama pasar. Lorong-lorong di dalam bangunan tampak sangat lengang dengan mayoritas kios yang mengapit jalan setapak berlantai keramik putih itu tertutup rapat oleh rolling door besi.
Secara keseluruhan, di dalam bangunan pasar dua tingkat ini hanya terlihat kurang dari 20 lapak buka. Di lantai dasar terlihat ada 1 lapak sayuran, 4 lapak sembako, 1 lapak sepatu dan tumbler, 1 lapak produk kecantikan, dan 2 lapak perabotan rumah tangga.
Kemudian sisanya di lantai dua banyak diisi oleh sekitar 6 toko emas yang sebagian besar menempati lebih dari satu kios, dan beberapa lapak pakaian dan tas. Sedangkan area pasar basah yang biasanya diisi oleh pedagang sapi semuanya tutup.
""Yang los-los daging segala macam, daging, ayam, ikan semuanya di luar, semuanya di luar,"" kata Narita, seorang pedagang produk kecantikan yang masih membuka kios dalam bangunan Pasar Nangka Bungur.
Kondisi tersebut menjadi gambaran sulitnya pedagang resmi dalam bangunan Pasar Nangka Bungur untuk bertahan di tengah persaingan dengan pedagang yang berjualan di sisi jalan umum.
""Orang jualan di dalam sepi, kasihan dah kita. Sebagian dari dalam ada yang punya lapak di depan terus pindah ke depan. Sisanya ya tutup saja keluar dari pasar,"" ujarnya.
Simak juga Video 'Check: Menyusuri Wajah Baru Pasar Ikan Kramat Jati':
(igo/fdl)",finance,"['kondisi', 'pasar', 'nangka', 'bungur', 'kemayoran', 'jakarta', 'pusat', 'kini', 'sepi', 'bak', 'mati', 'suri', 'usai', 'ditinggalkan', 'pedagang', 'pembeli', 'banyak', 'kios', 'bangunan', 'pasar', 'dibiarkan', 'kosong', 'tak', 'terisi', 'pintu', 'pintu', 'besi', 'tertutup', 'rapat', 'berdasarkan', 'pantauan', 'detikcom', 'senin', 'kemarin', 'pasar', 'nangka', 'bungur', 'berada', 'tepat', 'kalibaru', 'timur', 'dekat', 'persimpangan', 'kalibaru', 'timur', 'dekat', 'jalan', 'pengunjung', 'mudah', 'melihat', 'deretan', 'lapak', 'lapak', 'pedagang', 'kanan', 'kiri', 'berbagai', 'jenis', 'lapak', 'dagangan', 'mulai', 'sayuran', 'daging', 'ayam', 'sapi', 'bumbu', 'masak', 'buah', 'keperluan', 'sehari', 'hari', 'singkatnya', 'hampir', 'jenis', 'barang', 'dagangan', 'pasar', 'pinggir', 'jalan', 'meski', 'matahari', 'sampai', 'puncaknya', 'pengunjung', 'datang', 'silih', 'berganti', 'motor', 'berhenti', 'depan', 'lapak', 'lapak', 'pinggir', 'jalan', 'membeli', 'berbagai', 'produk', 'langsung', 'meninggalkan', 'area', 'depan', 'pasar', 'kondisi', 'jauh', 'berbeda', 'kawasan', 'bangunan', 'pasar', 'nangka', 'bungur', 'depan', 'bangunan', 'pasar', 'berdiri', 'tiga', 'bangunan', 'kecil', 'berbahan', 'beton', 'tanpa', 'cat', 'menutup', 'pintu', 'masuk', 'utama', 'pasar', 'bangunan', 'pasar', 'penampungan', 'sementara', 'pedagang', 'pasar', 'lain', 'sedang', 'renovasi', 'sekian', 'lapak', 'hanya', 'dua', 'kios', 'buka', 'sisanya', 'tutup', 'permanen', 'jauh', 'berbeda', 'kondisi', 'lapak', 'jalan', 'depan', 'lorong', 'lorong', 'sekitar', 'pasar', 'penampungan', 'sepi', 'hampir', 'orang', 'melintas', 'menunjukkan', 'bagaimana', 'pengunjung', 'pasar', 'hanya', 'berbelanja', 'lapak', 'lapak', 'pinggir', 'jalan', 'enggan', 'masuk', 'bangunan', 'pasar', 'sesungguhnya', 'kondisi', 'semakin', 'parah', 'memasuki', 'bangunan', 'utama', 'pasar', 'lorong', 'lorong', 'bangunan', 'tampak', 'lengang', 'mayoritas', 'kios', 'mengapit', 'jalan', 'setapak', 'berlantai', 'keramik', 'putih', 'tertutup', 'rapat', 'rolling', 'door', 'besi', 'secara', 'keseluruhan', 'bangunan', 'pasar', 'dua', 'tingkat', 'hanya', 'terlihat', 'kurang', 'lapak', 'buka', 'lantai', 'dasar', 'terlihat', 'lapak', 'sayuran', 'lapak', 'sembako', 'lapak', 'sepatu', 'tumbler', 'lapak', 'produk', 'kecantikan', 'lapak', 'perabotan', 'rumah', 'tangga', 'sisanya', 'lantai', 'dua', 'banyak', 'diisi', 'sekitar', 'toko', 'emas', 'sebagian', 'besar', 'menempati', 'satu', 'kios', 'lapak', 'pakaian', 'tas', 'sedangkan', 'area', 'pasar', 'basah', 'biasanya', 'diisi', 'pedagang', 'sapi', 'semuanya', 'tutup', 'los', 'los', 'daging', 'segala', 'macam', 'daging', 'ayam', 'ikan', 'semuanya', 'luar', 'semuanya', 'luar', 'kata', 'narita', 'seorang', 'pedagang', 'produk', 'kecantikan', 'membuka', 'kios', 'bangunan', 'pasar', 'nangka', 'bungur', 'kondisi', 'menjadi', 'gambaran', 'sulitnya', 'pedagang', 'resmi', 'bangunan', 'pasar', 'nangka', 'bungur', 'bertahan', 'tengah', 'persaingan', 'pedagang', 'berjualan', 'sisi', 'jalan', 'umum', 'orang', 'jualan', 'sepi', 'kasihan', 'dah', 'sebagian', 'punya', 'lapak', 'depan', 'terus', 'pindah', 'depan', 'sisanya', 'tutup', 'keluar', 'pasar', 'ujarnya', 'simak', 'video', 'check', 'menyusuri', 'wajah', 'baru', 'pasar', 'ikan', 'kramat', 'jati', 'igo', 'fdl']",finance,finance,1.0,True,324
28,"Timnas Indonesia gagal di Piala AFF 2026, angkat koper di fase grup. John Herdman sebut Skuad Garuda sudah dan akan terus berikan segalanya.
Timnas Indonesia finis ketiga di Grup A Piala AFF 2026 dengan tujuh poin. Indonesia di bawahnya Vietnam (10 poin) dan Singapura (8 poin), akhirnya gagal ke semifinal.
Pelatih John Herdman ditanya awal media soal kegagalan di Piala AFF 2026 itu. Setelahnya ada turnamen FIFA ASEAN Cup, Herdman hanya bisa menjanjikan seperti yang sudah-sudah, timnya akan memberikan segalanya di lapangan!
""Kami harus berjanji bahwa kami akan memberikan segala yang kami miliki. Hanya itu satu-satunya hal yang bisa kami janjikan kepada para penggemar,"" ujarnya di SCTV Tower, Jakarta, Senin (15/9).
""Saya rasa tim, para pemain, selalu tampil dengan rasa hormat penuh terhadap lambang di jersey. Mereka selalu memberikan segalanya di atas lapangan, staf memberikan segalanya di balik layar, dan kami tahu para suporter memberikan segalanya di stadion,"" paparnya.
John Herdman fokus kepada tim tidak dengan hal-hal lain di luar lapangan. Tidak juga ke Dewi Fortuna.
""Anda tidak bisa mengendalikan 'Dewi Fortuna' sepakbola, Anda tidak bisa mengendalikan keputusan wasit. Yang bisa Anda kendalikan adalah usaha Anda, fokus Anda, dan komitmen Anda. itulah yang akan dikendalikan oleh para pemain kami sepanjang turnamen,"" tutupnya.
(aff/krs)",sport,"['timnas', 'indonesia', 'gagal', 'piala', 'aff', 'angkat', 'koper', 'fase', 'grup', 'john', 'herdman', 'sebut', 'skuad', 'garuda', 'terus', 'berikan', 'segalanya', 'timnas', 'indonesia', 'finis', 'ketiga', 'grup', 'piala', 'aff', 'tujuh', 'poin', 'indonesia', 'bawahnya', 'vietnam', 'poin', 'singapura', 'poin', 'akhirnya', 'gagal', 'semifinal', 'pelatih', 'john', 'herdman', 'ditanya', 'awal', 'media', 'soal', 'kegagalan', 'piala', 'aff', 'setelahnya', 'turnamen', 'fifa', 'asean', 'cup', 'herdman', 'hanya', 'menjanjikan', 'timnya', 'memberikan', 'segalanya', 'lapangan', 'berjanji', 'bahwa', 'memberikan', 'segala', 'miliki', 'hanya', 'satu', 'satunya', 'hal', 'janjikan', 'penggemar', 'ujarnya', 'sctv', 'tower', 'jakarta', 'senin', 'rasa', 'tim', 'pemain', 'selalu', 'tampil', 'rasa', 'hormat', 'penuh', 'terhadap', 'lambang', 'jersey', 'selalu', 'memberikan', 'segalanya', 'atas', 'lapangan', 'staf', 'memberikan', 'segalanya', 'balik', 'layar', 'tahu', 'suporter', 'memberikan', 'segalanya', 'stadion', 'paparnya', 'john', 'herdman', 'fokus', 'tim', 'hal', 'hal', 'lain', 'luar', 'lapangan', 'dewi', 'fortuna', 'mengendalikan', 'dewi', 'fortuna', 'sepakbola', 'mengendalikan', 'keputusan', 'wasit', 'kendalikan', 'usaha', 'fokus', 'komitmen', 'itulah', 'dikendalikan', 'pemain', 'sepanjang', 'turnamen', 'tutupnya', 'aff', 'krs']",sport,sport,1.0,True,130
192,"Presiden Prabowo Subianto meresmikan LRT Jakarta hari ini. Sebelum itu, Prabowo menjajal langsung LRT Jakarta, dari Stasiun LRT Jakarta Kelapa Gading menuju Stasiun Manggarai.
Dalam kesempatan ini, Prabowo didampingi Gubernur DKI Jakarta Pramono Anung hingga Menteri Sekretaris Negara Prasetyo Hadi. Prabowo tampak memasuki kereta sekitar pukul 13.10 WIB.
Prabowo duduk di barisan kursi penumpang bersama Pramono dan dua penumpang siswa sekolah. Saat kereta berjalan, Prabowo berbincang dengan Pramono membahas proyek tersebut.
Pramono sempat meminta bantuan ke Prabowo untuk mengerahkan Danantara mendanai perpanjangan LRT Jakarta. Proyek ini memang diproyeksikan dilanjut dari Manggarai ke Dukuh Atas yang akan selesai 2029.
""Nah kalo bapak izinkan sebenarnya tinggal dibantu sedikit dengan Danantara. Kan selama ini Jakarta sendiri pak,"" ucap Pramono kepada Prabowo, disiarkan YouTube Sekretariat Presiden, Rabu (16/9/2026).
Prabowo lantas menimpali permintaan Pramono dan menyebut bahwa Jakarta tergolong provinsi yang kaya. ""Jakarta kaya,"" ujar Prabowo sambil tertawa.
Sebagai informasi, perpanjangan jalur LRT Jakarta telah selesai dilakukan. Jalur yang sebelumnya dimulai dari Kelapa Gading, Jakarta Utara dan berakhir di Velodrome, Jakarta Timur, kini diperpanjang hingga Stasiun Manggarai, Jakarta Selatan. Proyek ini memiliki panjang 12,2 kilometer dengan nilai investasi Rp 12,1 triliun.
Berikut daftar 11 stasiun yang akan dilalui LRT Jakarta:
- Stasiun Kelapa Gading
- Stasiun Boulevard Utara
- Stasiun Boulevard Selatan 
- Stasiun Pulomas
- Stasiun Equestrian
- Stasiun Velodrome 
- Stasiun Rawamangun
- Stasiun Pramuka
- Stasiun Matraman
- Stasiun Proklamasi
- Stasiun Manggarai
Saksikan Live DetikSore :
Simak Video 'Prabowo Jajal LRT Rute Kelapa Gading-Manggarai Bareng Pramono':
(acd/acd)",finance,"['presiden', 'prabowo', 'subianto', 'meresmikan', 'lrt', 'jakarta', 'hari', 'prabowo', 'menjajal', 'langsung', 'lrt', 'jakarta', 'stasiun', 'lrt', 'jakarta', 'kelapa', 'gading', 'menuju', 'stasiun', 'manggarai', 'kesempatan', 'prabowo', 'didampingi', 'gubernur', 'dki', 'jakarta', 'pramono', 'anung', 'menteri', 'sekretaris', 'negara', 'prasetyo', 'hadi', 'prabowo', 'tampak', 'memasuki', 'kereta', 'sekitar', 'pukul', 'wib', 'prabowo', 'duduk', 'barisan', 'kursi', 'penumpang', 'bersama', 'pramono', 'dua', 'penumpang', 'siswa', 'sekolah', 'kereta', 'berjalan', 'prabowo', 'berbincang', 'pramono', 'membahas', 'proyek', 'pramono', 'sempat', 'meminta', 'bantuan', 'prabowo', 'mengerahkan', 'danantara', 'mendanai', 'perpanjangan', 'lrt', 'jakarta', 'proyek', 'memang', 'diproyeksikan', 'dilanjut', 'manggarai', 'dukuh', 'atas', 'selesai', 'nah', 'kalo', 'bapak', 'izinkan', 'sebenarnya', 'tinggal', 'dibantu', 'sedikit', 'danantara', 'kan', 'jakarta', 'sendiri', 'pak', 'ucap', 'pramono', 'prabowo', 'disiarkan', 'youtube', 'sekretariat', 'presiden', 'rabu', 'prabowo', 'menimpali', 'permintaan', 'pramono', 'menyebut', 'bahwa', 'jakarta', 'tergolong', 'provinsi', 'kaya', 'jakarta', 'kaya', 'ujar', 'prabowo', 'sambil', 'tertawa', 'informasi', 'perpanjangan', 'jalur', 'lrt', 'jakarta', 'telah', 'selesai', 'dilakukan', 'jalur', 'sebelumnya', 'dimulai', 'kelapa', 'gading', 'jakarta', 'utara', 'berakhir', 'velodrome', 'jakarta', 'timur', 'kini', 'diperpanjang', 'stasiun', 'manggarai', 'jakarta', 'selatan', 'proyek', 'memiliki', 'panjang', 'kilometer', 'nilai', 'investasi', 'triliun', 'berikut', 'daftar', 'stasiun', 'dilalui', 'lrt', 'jakarta', 'stasiun', 'kelapa', 'gading', 'stasiun', 'boulevard', 'utara', 'stasiun', 'boulevard', 'selatan', 'stasiun', 'pulomas', 'stasiun', 'equestrian', 'stasiun', 'velodrome', 'stasiun', 'rawamangun', 'stasiun', 'pramuka', 'stasiun', 'matraman', 'stasiun', 'proklamasi', 'stasiun', 'manggarai', 'saksikan', 'live', 'detiksore', 'simak', 'video', 'prabowo', 'jajal', 'lrt', 'rute', 'kelapa', 'gading', 'manggarai', 'bareng', 'pramono', 'acd', 'acd']",finance,finance,1.0,True,193
115,"Kementerian Kelautan dan Perikanan (KKP) menargetkan 1.269 Kampung Nelayan Merah Putih (KNMP) terbangun pada akhir 2026. Pembangunan ribuan kampung nelayan ini ditaksir membutuhkan anggaran Rp 10 triliun.
Menteri Kelautan dan Perikanan, Sakti Wahyu Trenggono, menjelaskan pemerintah menargetkan membangun 5.000 kampung nelayan hingga 2029. Pembangunan tersebut dilakukan secara bertahap dengan rincian 1.269 KNMP terbangun tahun ini, 1.000 KNMP pada 2027, 1.000 KNMP pada 2028, dan sisanya dibangun pada 2029.
Meski begitu, Trenggono tak menyebut pasti berapa total anggaran yang dibutuhkan untuk membangun 5.000 KNMP. Namun untuk pembangunan tahun ini, ia menyebut perkiraan anggaran yang dibutuhkan mencapai Rp 10 triliun.
""Kalau yang 2026 semestinya ada, cuma angka persisnya sama, Rp 10 triliun ya kalau nggak salah ya, 2026 itu Rp 10 triliun,"" ungkap Trenggono di KKP, Jakarta Pusat, Selasa (15/9/2026).
Trenggono menjelaskan, pembangunan KNMP di berbagai wilayah juga memiliki besaran biaya yang berbeda tergantung tematik lokasi. Untuk KNMP yang berperan sebagai hub, biaya pembangunan KNMP diperkirakan sekitar Rp 8-11 miliar, sementara untuk KNMP sebagai penyangga, biaya pembangunan Rp 3-5 miliar.
""Anggarannya bervariasi karena sesuai dengan tematik lokasi, jadi tidak sama. Satu titik ada yang, kalau dia hub mungkin sekitar antara Rp 8 miliar sampai Rp 11 miliar, lalu kalau dia penyangga kira-kira Rp 3 miliar sampai Rp 5 miliar,"" jelasnya.
Dalam kesempatan yang sama, Menteri Koordinator Bidang Pangan Zulkifli Hasan, mengatakan kampung nelayan yang sudah dibangun baru sebanyak 65 unit. Kemudian akan diselesaikan lagi pembangunan 35 KNMP.
Pria yang akrab disapa Zulhas itu menjelaskan, KNMP ini akan mencakup fasilitas seperti balai lelang, akses kapal, cold storage, bengkel, pabrik es, hingga pembangunan Stasiun Pengisian Bahan Bakar Nelayan (SPBN). Program ini dijalankan untuk meningkatkan kesejahteraan dan mendorong Nilai Tukar Nelayan (NTN) yang saat ini berada di level 103.
""Sekarang sudah 65 (KNMP), akan diselesaikan lagi 35,"" jelas Zulhas.
Selain itu, pemerintah juga akan membangun budi daya tematik di 40.000 lokasi dan mempercepat revitalisasi tambak di Pantura. Revitalisasi ini akan dilakukan pada 6.000 tambak yang tidak produktif dan terbengkalai.
Zulhas mengatakan, upaya ini dilakukan untuk meningkatkan NTN ke level 120 pada 2026. Ia menilai, kondisi nelayan saat ini jauh tertinggal dibandingkan petani. Ia membandingkan NTN nelayan yang berada di level 103 dengan Nilai Tukar Petani (NTP) yang sudah mencapai 129.
Menurutnya, NTN di level 103 menunjukkan tingkat kesejahteraan nelayan masih sangat rendah. Pendapatan yang diperoleh nelayan dinilai belum cukup untuk memenuhi kebutuhan hidup sehari-hari.
""Kalau pertanian itu 129, pokok 100 dia bisa untung 29 lebih, 29%, tapi kalau nelayan 100 untungnya 3%, yang bangkrut, bukan untung, rugi. Tidak cukup makan, tidak cukup apa-apa. Nah ini harus kita kerja keras, Menteri Kelautan dan Kementerian Terkait, tentu didukung oleh TNI dan lain-lain, agar nilai tukar ini dari 103 bisa menjadi 120,"" pungkasnya.
(ahi/ara)",finance,"['kementerian', 'kelautan', 'perikanan', 'kkp', 'menargetkan', 'kampung', 'nelayan', 'merah', 'putih', 'knmp', 'terbangun', 'akhir', 'pembangunan', 'ribuan', 'kampung', 'nelayan', 'ditaksir', 'membutuhkan', 'anggaran', 'triliun', 'menteri', 'kelautan', 'perikanan', 'sakti', 'wahyu', 'trenggono', 'menjelaskan', 'pemerintah', 'menargetkan', 'membangun', 'kampung', 'nelayan', 'pembangunan', 'dilakukan', 'secara', 'bertahap', 'rincian', 'knmp', 'terbangun', 'tahun', 'knmp', 'knmp', 'sisanya', 'dibangun', 'meski', 'begitu', 'trenggono', 'tak', 'menyebut', 'pasti', 'berapa', 'total', 'anggaran', 'dibutuhkan', 'membangun', 'knmp', 'pembangunan', 'tahun', 'menyebut', 'perkiraan', 'anggaran', 'dibutuhkan', 'mencapai', 'triliun', 'semestinya', 'cuma', 'angka', 'persisnya', 'sama', 'triliun', 'nggak', 'salah', 'triliun', 'ungkap', 'trenggono', 'kkp', 'jakarta', 'pusat', 'selasa', 'trenggono', 'menjelaskan', 'pembangunan', 'knmp', 'berbagai', 'wilayah', 'memiliki', 'besaran', 'biaya', 'berbeda', 'tergantung', 'tematik', 'lokasi', 'knmp', 'berperan', 'hub', 'biaya', 'pembangunan', 'knmp', 'diperkirakan', 'sekitar', 'miliar', 'sementara', 'knmp', 'penyangga', 'biaya', 'pembangunan', 'miliar', 'anggarannya', 'bervariasi', 'sesuai', 'tematik', 'lokasi', 'jadi', 'sama', 'satu', 'titik', 'hub', 'sekitar', 'miliar', 'sampai', 'miliar', 'lalu', 'penyangga', 'kira', 'kira', 'miliar', 'sampai', 'miliar', 'jelasnya', 'kesempatan', 'sama', 'menteri', 'koordinator', 'bidang', 'pangan', 'zulkifli', 'hasan', 'mengatakan', 'kampung', 'nelayan', 'dibangun', 'baru', 'sebanyak', 'unit', 'diselesaikan', 'pembangunan', 'knmp', 'pria', 'akrab', 'disapa', 'zulhas', 'menjelaskan', 'knmp', 'mencakup', 'fasilitas', 'balai', 'lelang', 'akses', 'kapal', 'cold', 'storage', 'bengkel', 'pabrik', 'pembangunan', 'stasiun', 'pengisian', 'bahan', 'bakar', 'nelayan', 'spbn', 'program', 'dijalankan', 'meningkatkan', 'kesejahteraan', 'mendorong', 'nilai', 'tukar', 'nelayan', 'ntn', 'berada', 'level', 'sekarang', 'knmp', 'diselesaikan', 'jelas', 'zulhas', 'selain', 'pemerintah', 'membangun', 'budi', 'daya', 'tematik', 'lokasi', 'mempercepat', 'revitalisasi', 'tambak', 'pantura', 'revitalisasi', 'dilakukan', 'tambak', 'produktif', 'terbengkalai', 'zulhas', 'mengatakan', 'upaya', 'dilakukan', 'meningkatkan', 'ntn', 'level', 'menilai', 'kondisi', 'nelayan', 'jauh', 'tertinggal', 'dibandingkan', 'petani', 'membandingkan', 'ntn', 'nelayan', 'berada', 'level', 'nilai', 'tukar', 'petani', 'ntp', 'mencapai', 'menurutnya', 'ntn', 'level', 'menunjukkan', 'tingkat', 'kesejahteraan', 'nelayan', 'rendah', 'pendapatan', 'diperoleh', 'nelayan', 'dinilai', 'cukup', 'memenuhi', 'kebutuhan', 'hidup', 'sehari', 'hari', 'pertanian', 'pokok', 'untung', 'nelayan', 'untungnya', 'bangkrut', 'untung', 'rugi', 'cukup', 'makan', 'cukup', 'apa', 'apa', 'nah', 'kerja', 'keras', 'menteri', 'kelautan', 'kementerian', 'tentu', 'didukung', 'tni', 'lain', 'lain', 'nilai', 'tukar', 'menjadi', 'pungkasnya', 'ahi', 'ara']",finance,finance,1.0,True,274
72,"Goncalo Ramos mengaku tak terbebani jadi pemain termahal dalam sejarah AC Milan. Ramos belum eksplosif di awal musim ini.
Milan rela menggelontorkan 74 juta euro (Rp 1,5 triliun) untuk memboyong Ramos dari Paris St. Germain di bursa musim panas lalu. Namun, striker berusia 25 tahun itu baru menyumbang satu gol dalam empat pertandingan Liga Italia.
| Baca juga: Lazio Vs Milan: Dua Wajah Rossoneri | 
Sebanyak 14 percobaan dilepaskan pemain internasional Portugal itu, yang mana rata-ratanya 3,5 percobaan per penampilan. Bagaimanapun, performa Goncalo Ramos bisa dibilang belum memenuhi ekspektasi menyusul harga transfernya.
Kesempatan Goncalo Ramos untuk menambah golnya datang saat Milan menjamu mantan klubnya, Benfica, di Liga Europa tengah pekan ini. Ramos menegaskan, tekanan yang dia punya hanyalah mengantar Milan meraih trofi di akhir musim.
""Aku tidak tertekan dengan menjadi pemain termahal dalam sejarah AC Milan,"" cetus Ramos kepada UEFA TV. ""Memang ada tekanan karena aku mewakili sebuah klub besar, dengan keharusan juara dan mengangkat trofi.""
""Kurasa tidak ada tekanan yang lebih besar lagi daripada itu. Tidak ada waktu memikirkan tentang siapa pemain termahal atau biaya ini atau itu; apa yang penting adalah menang di setiap pekan.""
""Di akhir musim, apa yang kami maupun fans akan ingat apakah kami menang atau tidak, apakah kami jadi juara atau tidak, apakah kami menjalani musim dengan baik atau tidak. Kurasa itu adalah hal yang terpenting,"" lugas Goncalo Ramos.
(rin/krs)",sport,"['goncalo', 'ramos', 'mengaku', 'tak', 'terbebani', 'jadi', 'pemain', 'termahal', 'sejarah', 'milan', 'ramos', 'eksplosif', 'awal', 'musim', 'milan', 'rela', 'menggelontorkan', 'juta', 'euro', 'triliun', 'memboyong', 'ramos', 'paris', 'germain', 'bursa', 'musim', 'panas', 'lalu', 'striker', 'berusia', 'tahun', 'baru', 'menyumbang', 'satu', 'gol', 'empat', 'pertandingan', 'liga', 'italia', 'baca', 'lazio', 'milan', 'dua', 'wajah', 'rossoneri', 'sebanyak', 'percobaan', 'dilepaskan', 'pemain', 'internasional', 'portugal', 'mana', 'rata', 'ratanya', 'percobaan', 'per', 'penampilan', 'bagaimanapun', 'performa', 'goncalo', 'ramos', 'dibilang', 'memenuhi', 'ekspektasi', 'menyusul', 'harga', 'transfernya', 'kesempatan', 'goncalo', 'ramos', 'menambah', 'golnya', 'datang', 'milan', 'menjamu', 'mantan', 'klubnya', 'benfica', 'liga', 'europa', 'tengah', 'pekan', 'ramos', 'menegaskan', 'tekanan', 'punya', 'hanyalah', 'mengantar', 'milan', 'meraih', 'trofi', 'akhir', 'musim', 'aku', 'tertekan', 'menjadi', 'pemain', 'termahal', 'sejarah', 'milan', 'cetus', 'ramos', 'uefa', 'memang', 'tekanan', 'aku', 'mewakili', 'sebuah', 'klub', 'besar', 'keharusan', 'juara', 'mengangkat', 'trofi', 'kurasa', 'tekanan', 'besar', 'daripada', 'waktu', 'memikirkan', 'tentang', 'siapa', 'pemain', 'termahal', 'biaya', 'apa', 'penting', 'menang', 'pekan', 'akhir', 'musim', 'apa', 'fans', 'ingat', 'apakah', 'menang', 'apakah', 'jadi', 'juara', 'apakah', 'menjalani', 'musim', 'baik', 'kurasa', 'hal', 'terpenting', 'lugas', 'goncalo', 'ramos', 'rin', 'krs']",sport,sport,1.0,True,151
153,"Nilai tukar dolar Amerika Serikat (AS) menguat terhadap rupiah pada pembukaan perdagangan hari ini. Mata uang Paman Sam berada di level Rp 17.600-an.
Dikutip dari data Bloomberg, Selasa (8/9/2026), nilai tukar dolar AS pukul 09.14 WIB berada pada level Rp 17.671 atau naik 2 poin (0,01%).
Selanjutnya, dolar AS tercatat menguat dengan sejumlah mata uang. Nilai tukar dolar AS menguat 0,14% terhadap dolar Australia. Dolar AS naik 0,10% terhadap euro.
Begitu pula, terhadap dolar Singapura menguat 0,11% dan naik terhadap yuan China 0,01%.
Dolar AS naik 0,38% terhadap yen, naik terhadap baht 0,10% dan naik terhadap ringgit 0,05%.
Simak juga Video 'Upaya Pemerintah Kurangi Ketergantungan Terhadap Dolar AS':
(acd/acd)",finance,"['nilai', 'tukar', 'dolar', 'amerika', 'serikat', 'menguat', 'terhadap', 'rupiah', 'pembukaan', 'perdagangan', 'hari', 'mata', 'uang', 'paman', 'sam', 'berada', 'level', 'dikutip', 'data', 'bloomberg', 'selasa', 'nilai', 'tukar', 'dolar', 'pukul', 'wib', 'berada', 'level', 'naik', 'poin', 'selanjutnya', 'dolar', 'tercatat', 'menguat', 'sejumlah', 'mata', 'uang', 'nilai', 'tukar', 'dolar', 'menguat', 'terhadap', 'dolar', 'australia', 'dolar', 'naik', 'terhadap', 'euro', 'begitu', 'pula', 'terhadap', 'dolar', 'singapura', 'menguat', 'naik', 'terhadap', 'yuan', 'china', 'dolar', 'naik', 'terhadap', 'yen', 'naik', 'terhadap', 'baht', 'naik', 'terhadap', 'ringgit', 'simak', 'video', 'upaya', 'pemerintah', 'kurangi', 'ketergantungan', 'terhadap', 'dolar', 'acd', 'acd']",finance,finance,1.0,True,78
188,"Ribuan pegawai Kementerian Pekerjaan Umum (PU) terindikasi bermain judi online (judol). Ada lebih dari 81 ribu frekuensi transaksi judi online dengan total nilai transaksi mencapai lebih dari Rp 12 miliar sepanjang periode 2024-2025.
Atas temuan tersebut, dari total 2.000 pegawai Kementerian PU yang terindikasi melakukan judi online, sebagian telah diberikan sanksi. Sebagian lainnya sedang dalam proses penjatuhan sanksi sesuai dengan tingkat pelanggaran dan ketentuan yang berlaku.
Temuan praktik judi online oleh pegawai tersebut menjadi perhatian serius Kementerian PU sebagai bagian dari komitmen menjaga integritas, disiplin, dan profesionalisme aparatur. Inspektorat Jenderal Kementerian PU telah melakukan pemeriksaan untuk memastikan setiap indikasi ditindaklanjuti berdasarkan data, bukti, dan ketentuan yang berlaku.
Menteri PU Dody Hanggodo mengatakan, penanganan judi online di lingkungan Kementerian PU juga menjadi bagian dari upaya menjaga kepercayaan publik terhadap aparatur sipil negara dan institusi Kementerian PU.
""Kementerian PU mengelola pekerjaan dan anggaran negara dalam jumlah yang sangat besar. Karena itu saya menuntut orang-orang di dalamnya memiliki disiplin dan integritas yang sepadan dengan tanggung jawab tersebut,"" kata Dody dalam keterangan resmi, Selasa (15/9/2026).
Kementerian PU memandang judi online bukan sekadar persoalan pribadi, tetapi juga dapat memberikan dampak terhadap kehidupan keluarga, kondisi sosial, serta kinerja dan kedisiplinan pegawai.
Karena itu, upaya penanganan dilakukan tidak hanya melalui penegakan disiplin, tetapi juga dengan memperkuat pembinaan dan langkah-langkah pencegahan di lingkungan Kementerian PU.
Sekretaris Jenderal Kementerian PU Apri Artoto mengatakan, temuan tersebut menjadi bahan evaluasi bagi Kementerian PU untuk terus memperkuat sistem pembinaan dan pengawasan internal pegawai.
""Selain melakukan penanganan terhadap pegawai yang terbukti melakukan pelanggaran sesuai dengan ketentuan yang berlaku, kami juga melakukan evaluasi secara menyeluruh terhadap sistem pengawasan dan pembinaan pegawai. Kami melihat area mana yang perlu diperkuat, bagaimana upaya pembinaan dapat dilakukan secara lebih efektif, serta langkah-langkah pencegahan yang perlu ditingkatkan agar potensi risiko serupa dapat teridentifikasi dan ditangani sedini mungkin,"" tutur Apri.
Sementara itu, Inspektur Jenderal Kementerian PU Maulidya Indah Junica menjelaskan, pegawai yang terbukti melakukan pelanggaran dikenakan sanksi sesuai tingkat pelanggarannya.
Untuk pelanggaran ringan, sanksi dapat berupa teguran lisan, teguran tertulis, hingga pernyataan tidak puas secara tertulis. Sedangkan pelanggaran sedang, sanksi diberikan berupa penundaan kenaikan gaji berkala, penundaan kenaikan pangkat, hingga penurunan pangkat selama satu tahun.
""Sementara pelanggaran berat dikenai sanksi berupa penurunan jabatan, pembebasan dari jabatan, hingga pemberhentian sebagai pegawai sesuai ketentuan yang berlaku,"" kata Maulidya.
Lihat juga Video Kemensos Telusuri 1,4 Juta KPM Terindikasi Judol, Bansosnya Masih Ditahan",finance,"['ribuan', 'pegawai', 'kementerian', 'pekerjaan', 'umum', 'terindikasi', 'bermain', 'judi', 'online', 'judol', 'ribu', 'frekuensi', 'transaksi', 'judi', 'online', 'total', 'nilai', 'transaksi', 'mencapai', 'miliar', 'sepanjang', 'periode', 'atas', 'temuan', 'total', 'pegawai', 'kementerian', 'terindikasi', 'melakukan', 'judi', 'online', 'sebagian', 'telah', 'diberikan', 'sanksi', 'sebagian', 'lainnya', 'sedang', 'proses', 'penjatuhan', 'sanksi', 'sesuai', 'tingkat', 'pelanggaran', 'ketentuan', 'berlaku', 'temuan', 'praktik', 'judi', 'online', 'pegawai', 'menjadi', 'perhatian', 'serius', 'kementerian', 'bagian', 'komitmen', 'menjaga', 'integritas', 'disiplin', 'profesionalisme', 'aparatur', 'inspektorat', 'jenderal', 'kementerian', 'telah', 'melakukan', 'pemeriksaan', 'memastikan', 'indikasi', 'ditindaklanjuti', 'berdasarkan', 'data', 'bukti', 'ketentuan', 'berlaku', 'menteri', 'dody', 'hanggodo', 'mengatakan', 'penanganan', 'judi', 'online', 'lingkungan', 'kementerian', 'menjadi', 'bagian', 'upaya', 'menjaga', 'kepercayaan', 'publik', 'terhadap', 'aparatur', 'sipil', 'negara', 'institusi', 'kementerian', 'kementerian', 'mengelola', 'pekerjaan', 'anggaran', 'negara', 'jumlah', 'besar', 'menuntut', 'orang', 'orang', 'dalamnya', 'memiliki', 'disiplin', 'integritas', 'sepadan', 'tanggung', 'jawab', 'kata', 'dody', 'keterangan', 'resmi', 'selasa', 'kementerian', 'memandang', 'judi', 'online', 'sekadar', 'persoalan', 'pribadi', 'memberikan', 'dampak', 'terhadap', 'kehidupan', 'keluarga', 'kondisi', 'sosial', 'kinerja', 'kedisiplinan', 'pegawai', 'upaya', 'penanganan', 'dilakukan', 'hanya', 'penegakan', 'disiplin', 'memperkuat', 'pembinaan', 'langkah', 'langkah', 'pencegahan', 'lingkungan', 'kementerian', 'sekretaris', 'jenderal', 'kementerian', 'apri', 'artoto', 'mengatakan', 'temuan', 'menjadi', 'bahan', 'evaluasi', 'kementerian', 'terus', 'memperkuat', 'sistem', 'pembinaan', 'pengawasan', 'internal', 'pegawai', 'selain', 'melakukan', 'penanganan', 'terhadap', 'pegawai', 'terbukti', 'melakukan', 'pelanggaran', 'sesuai', 'ketentuan', 'berlaku', 'melakukan', 'evaluasi', 'secara', 'menyeluruh', 'terhadap', 'sistem', 'pengawasan', 'pembinaan', 'pegawai', 'melihat', 'area', 'mana', 'perlu', 'diperkuat', 'bagaimana', 'upaya', 'pembinaan', 'dilakukan', 'secara', 'efektif', 'langkah', 'langkah', 'pencegahan', 'perlu', 'ditingkatkan', 'potensi', 'risiko', 'serupa', 'teridentifikasi', 'ditangani', 'sedini', 'tutur', 'apri', 'sementara', 'inspektur', 'jenderal', 'kementerian', 'maulidya', 'indah', 'junica', 'menjelaskan', 'pegawai', 'terbukti', 'melakukan', 'pelanggaran', 'dikenakan', 'sanksi', 'sesuai', 'tingkat', 'pelanggarannya', 'pelanggaran', 'ringan', 'sanksi', 'berupa', 'teguran', 'lisan', 'teguran', 'tertulis', 'pernyataan', 'puas', 'secara', 'tertulis', 'sedangkan', 'pelanggaran', 'sedang', 'sanksi', 'diberikan', 'berupa', 'penundaan', 'kenaikan', 'gaji', 'berkala', 'penundaan', 'kenaikan', 'pangkat', 'penurunan', 'pangkat', 'satu', 'tahun', 'sementara', 'pelanggaran', 'berat', 'dikenai', 'sanksi', 'berupa', 'penurunan', 'jabatan', 'pembebasan', 'jabatan', 'pemberhentian', 'pegawai', 'sesuai', 'ketentuan', 'berlaku', 'kata', 'maulidya', 'lihat', 'video', 'kemensos', 'telusuri', 'juta', 'kpm', 'terindikasi', 'judol', 'bansosnya', 'ditahan']",finance,finance,1.0,True,284
35,"PSIM Yogyakarta melanjutkan latihan di Surabaya. Laskar Mataram akan melawan Madura United pada pekan ketiga Super League.
Di Stadion Gelora Madura Ratu Pamelingan, Pamekasan, Jawa Timur, Madura United vs PSIM digelar. Laga itu akan berlangsung pada Jumat (18/9/2026) malam WIB.
Saat ini, PSIM masih ada di Surabaya. Tim asuhan Jean-Paul van Gastel baru saja menelan kekalahan saat dijamu Persebaya Surabaya dengan skor 0-1.
Kandang Madura United dan Persebaya tak terpaut jarak yang jauh. Oleh karena itu, PSIM memaksimalkan waktu pemulihan di Kota Pahlawan agar bisa bersiap dengan maksimal saat menghadapi Sape Kerrap.
Manajer PSIM, Ikhsan Mahar, mengungkap keputusan bahwa Ze Valente dan kawan-kawan tak pulang ke Yogyakarta lebih dulu setelah menjalani duel dengan Bajul Ijo.
""Manajemen dan tim pelatih telah sepakat untuk menetap di Surabaya demi mencegah kelelahan pemain akibat perjalanan. Setelah menjalani pertandingan yang ketat melawan Persebaya, para pemain sangat membutuhkan waktu istirahat yang cukup,"" kata Ikhsan Mahar dikutip dari situs ILeague.
""Jika tim dipaksakan kembali ke Yogyakarta terlebih dahulu, beban fisik akan bertambah dan berisiko menurunkan performa.""
""Sisa waktu ini kami optimalkan sepenuhnya untuk pemulihan fisik (recovery), pengawasan asupan gizi, dan pematangan taktik,"" kata dia menambahkan.
PSIM belum menang dalam dua pertandingan di Super League musim ini. Sebelum ditumbangkan Persebaya, PSIM imbang melawan Persita Tangerang 1-1. Bisa meraih kemenangan perdana musim ini, PSIM?
(cas/rin)",sport,"['psim', 'yogyakarta', 'melanjutkan', 'latihan', 'surabaya', 'laskar', 'mataram', 'melawan', 'madura', 'united', 'pekan', 'ketiga', 'super', 'league', 'stadion', 'gelora', 'madura', 'ratu', 'pamelingan', 'pamekasan', 'jawa', 'timur', 'madura', 'united', 'psim', 'digelar', 'laga', 'berlangsung', 'jumat', 'malam', 'wib', 'psim', 'surabaya', 'tim', 'asuhan', 'jean', 'paul', 'van', 'gastel', 'baru', 'menelan', 'kekalahan', 'dijamu', 'persebaya', 'surabaya', 'skor', 'kandang', 'madura', 'united', 'persebaya', 'tak', 'terpaut', 'jarak', 'jauh', 'psim', 'memaksimalkan', 'waktu', 'pemulihan', 'kota', 'pahlawan', 'bersiap', 'maksimal', 'menghadapi', 'sape', 'kerrap', 'manajer', 'psim', 'ikhsan', 'mahar', 'mengungkap', 'keputusan', 'bahwa', 'valente', 'kawan', 'kawan', 'tak', 'pulang', 'yogyakarta', 'dulu', 'menjalani', 'duel', 'bajul', 'ijo', 'manajemen', 'tim', 'pelatih', 'telah', 'sepakat', 'menetap', 'surabaya', 'demi', 'mencegah', 'kelelahan', 'pemain', 'akibat', 'perjalanan', 'menjalani', 'pertandingan', 'ketat', 'melawan', 'persebaya', 'pemain', 'membutuhkan', 'waktu', 'istirahat', 'cukup', 'kata', 'ikhsan', 'mahar', 'dikutip', 'situs', 'ileague', 'tim', 'dipaksakan', 'kembali', 'yogyakarta', 'terlebih', 'dahulu', 'beban', 'fisik', 'bertambah', 'berisiko', 'menurunkan', 'performa', 'sisa', 'waktu', 'optimalkan', 'sepenuhnya', 'pemulihan', 'fisik', 'recovery', 'pengawasan', 'asupan', 'gizi', 'pematangan', 'taktik', 'kata', 'menambahkan', 'psim', 'menang', 'dua', 'pertandingan', 'super', 'league', 'musim', 'ditumbangkan', 'persebaya', 'psim', 'imbang', 'melawan', 'persita', 'tangerang', 'meraih', 'kemenangan', 'perdana', 'musim', 'psim', 'cas', 'rin']",sport,sport,1.0,True,159
172,"PT Pertamina (Persero) memperkuat strategi ketahanan energi nasional melalui pengelolaan portofolio LNG yang semakin fleksibel dan terintegrasi, dengan mengombinasikan sumber pasokan domestik dan global serta didukung infrastruktur LNG dan gas di berbagai wilayah Indonesia.
Strategi tersebut menjadi salah satu fokus yang dibawa Pertamina dalam Gastech 2026 di Bangkok, Thailand. Kehadiran Pertamina dalam forum energi global ini menjadi bagian dari upaya memperluas konektivitas dengan pelaku industri energi dunia, sekaligus memperkuat peluang pengembangan portofolio dan bisnis LNG di tengah perubahan lanskap energi global.
Volatilitas pasar, dinamika geopolitik, serta pertumbuhan kebutuhan energi membuat ketahanan energi tidak lagi hanya ditentukan oleh besarnya volume pasokan, tetapi juga kemampuan untuk memperoleh sumber energi yang tepat, pada waktu dan lokasi yang tepat, dengan biaya yang kompetitif.
VP Corporate Communication PT Pertamina (Persero), Muhammad Baron mengatakan, diversifikasi sumber dan fleksibilitas portofolio menjadi bagian penting dalam menjaga ketahanan energi di tengah dinamika pasar global.
""Bagi Pertamina, ketahanan energi bukan hanya mengenai seberapa besar pasokan yang tersedia, tetapi juga kemampuan untuk mendapatkan energi dari sumber yang tepat, pada waktu yang tepat, dengan biaya yang kompetitif. Karena itu, diversifikasi sumber dan fleksibilitas portofolio LNG menjadi penting untuk memperkuat ketahanan energi Indonesia,"" ujar Baron dalam keterangan tertulis, Selasa (15/9/2026).
Untuk meningkatkan fleksibilitas tersebut, Pertamina mengembangkan portofolio LNG dari berbagai sumber. Selain mengoptimalkan pasokan domestik, Pertamina memiliki portofolio internasional, antara lain dari Australia dan Amerika Serikat. Diversifikasi ini memberikan ruang bagi Pertamina untuk menyesuaikan sumber pasokan dan pola pengiriman sesuai kebutuhan, kondisi pasar, serta pertimbangan keekonomian.
Fleksibilitas pasokan tersebut diperkuat dengan infrastruktur LNG dan gas Pertamina Group, antara lain Perta Arun Gas, Nusantara Regas, fasilitas penerimaan LNG Jawa-1, serta jaringan pipa gas PGN yang tersebar di berbagai wilayah Indonesia.
Integrasi antara sumber pasokan, infrastruktur penerimaan dan penyimpanan, regasifikasi, jaringan pipa, serta distribusi menjadi fondasi untuk membangun rantai pasok LNG yang lebih adaptif. Dengan ekosistem tersebut, LNG dapat dikelola sesuai kebutuhan, mulai dari penerimaan dan penyimpanan hingga regasifikasi dan distribusi ke berbagai wilayah.
""Pertamina memiliki portofolio LNG dan infrastruktur gas yang saling melengkapi. Integrasi dari sumber pasokan, fasilitas penerimaan dan penyimpanan, regasifikasi hingga jaringan distribusi memberikan fleksibilitas bagi Pertamina untuk menyesuaikan pasokan dengan kebutuhan energi di berbagai wilayah,"" jelas Baron.
Salah satu infrastruktur yang memiliki posisi strategis adalah Perta Arun Gas di Aceh. Berada di Selat Malaka yang menjadi salah satu jalur perdagangan energi utama dunia, Arun memiliki peluang untuk berkembang sebagai hub LNG regional yang menghubungkan pasokan internasional dengan kebutuhan Indonesia maupun pasar di Asia Tenggara.
Posisi tersebut memberikan berbagai opsi pengelolaan LNG, mulai dari menerima dan menyimpan LNG hingga reload, transhipment, regasifikasi dan distribusi. Fleksibilitas ini memungkinkan pengelolaan LNG disesuaikan dengan kebutuhan pasar dan pertimbangan keekonomian.
Penguatan portofolio dan infrastruktur menjadi semakin relevan seiring perubahan lanskap LNG Indonesia. Di tengah pertumbuhan kebutuhan energi dan industri, Indonesia yang selama ini dikenal sebagai salah satu produsen dan eksportir LNG juga menghadapi potensi peningkatan kebutuhan LNG domestik pada masa mendatang.
Perubahan tersebut menjadi tantangan sekaligus peluang. Dengan menghubungkan pasokan global, produksi LNG domestik, infrastruktur nasional dan kebutuhan regional, Pertamina dapat mengoptimalkan portofolio LNG sekaligus memperkuat posisi Indonesia dalam rantai pasok LNG.
Menurut Baron, strategi LNG Pertamina ke depan tidak hanya berorientasi pada pemenuhan volume, tetapi juga pada kemampuan mengelola dan mengoptimalkan pasokan secara fleksibel untuk memberikan nilai yang lebih besar.
""Ke depan, yang menjadi pembeda bukan hanya kemampuan memperoleh LNG, tetapi kemampuan mengelola, mengoptimalkan dan menyalurkannya ke tempat yang memberikan manfaat terbesar. Pertamina ingin menghubungkan pasokan LNG global dengan ketahanan energi Indonesia sekaligus menangkap peluang pertumbuhan,"" tutup Baron.
(akd/ega)",finance,"['pertamina', 'persero', 'memperkuat', 'strategi', 'ketahanan', 'energi', 'nasional', 'pengelolaan', 'portofolio', 'lng', 'semakin', 'fleksibel', 'terintegrasi', 'mengombinasikan', 'sumber', 'pasokan', 'domestik', 'global', 'didukung', 'infrastruktur', 'lng', 'gas', 'berbagai', 'wilayah', 'indonesia', 'strategi', 'menjadi', 'salah', 'satu', 'fokus', 'dibawa', 'pertamina', 'gastech', 'bangkok', 'thailand', 'kehadiran', 'pertamina', 'forum', 'energi', 'global', 'menjadi', 'bagian', 'upaya', 'memperluas', 'konektivitas', 'pelaku', 'industri', 'energi', 'dunia', 'sekaligus', 'memperkuat', 'peluang', 'pengembangan', 'portofolio', 'bisnis', 'lng', 'tengah', 'perubahan', 'lanskap', 'energi', 'global', 'volatilitas', 'pasar', 'dinamika', 'geopolitik', 'pertumbuhan', 'kebutuhan', 'energi', 'membuat', 'ketahanan', 'energi', 'hanya', 'ditentukan', 'besarnya', 'volume', 'pasokan', 'kemampuan', 'memperoleh', 'sumber', 'energi', 'tepat', 'waktu', 'lokasi', 'tepat', 'biaya', 'kompetitif', 'corporate', 'communication', 'pertamina', 'persero', 'muhammad', 'baron', 'mengatakan', 'diversifikasi', 'sumber', 'fleksibilitas', 'portofolio', 'menjadi', 'bagian', 'penting', 'menjaga', 'ketahanan', 'energi', 'tengah', 'dinamika', 'pasar', 'global', 'pertamina', 'ketahanan', 'energi', 'hanya', 'mengenai', 'seberapa', 'besar', 'pasokan', 'tersedia', 'kemampuan', 'mendapatkan', 'energi', 'sumber', 'tepat', 'waktu', 'tepat', 'biaya', 'kompetitif', 'diversifikasi', 'sumber', 'fleksibilitas', 'portofolio', 'lng', 'menjadi', 'penting', 'memperkuat', 'ketahanan', 'energi', 'indonesia', 'ujar', 'baron', 'keterangan', 'tertulis', 'selasa', 'meningkatkan', 'fleksibilitas', 'pertamina', 'mengembangkan', 'portofolio', 'lng', 'berbagai', 'sumber', 'selain', 'mengoptimalkan', 'pasokan', 'domestik', 'pertamina', 'memiliki', 'portofolio', 'internasional', 'lain', 'australia', 'amerika', 'serikat', 'diversifikasi', 'memberikan', 'ruang', 'pertamina', 'menyesuaikan', 'sumber', 'pasokan', 'pola', 'pengiriman', 'sesuai', 'kebutuhan', 'kondisi', 'pasar', 'pertimbangan', 'keekonomian', 'fleksibilitas', 'pasokan', 'diperkuat', 'infrastruktur', 'lng', 'gas', 'pertamina', 'group', 'lain', 'perta', 'arun', 'gas', 'nusantara', 'regas', 'fasilitas', 'penerimaan', 'lng', 'jawa', 'jaringan', 'pipa', 'gas', 'pgn', 'tersebar', 'berbagai', 'wilayah', 'indonesia', 'integrasi', 'sumber', 'pasokan', 'infrastruktur', 'penerimaan', 'penyimpanan', 'regasifikasi', 'jaringan', 'pipa', 'distribusi', 'menjadi', 'fondasi', 'membangun', 'rantai', 'pasok', 'lng', 'adaptif', 'ekosistem', 'lng', 'dikelola', 'sesuai', 'kebutuhan', 'mulai', 'penerimaan', 'penyimpanan', 'regasifikasi', 'distribusi', 'berbagai', 'wilayah', 'pertamina', 'memiliki', 'portofolio', 'lng', 'infrastruktur', 'gas', 'saling', 'melengkapi', 'integrasi', 'sumber', 'pasokan', 'fasilitas', 'penerimaan', 'penyimpanan', 'regasifikasi', 'jaringan', 'distribusi', 'memberikan', 'fleksibilitas', 'pertamina', 'menyesuaikan', 'pasokan', 'kebutuhan', 'energi', 'berbagai', 'wilayah', 'jelas', 'baron', 'salah', 'satu', 'infrastruktur', 'memiliki', 'posisi', 'strategis', 'perta', 'arun', 'gas', 'aceh', 'berada', 'selat', 'malaka', 'menjadi', 'salah', 'satu', 'jalur', 'perdagangan', 'energi', 'utama', 'dunia', 'arun', 'memiliki', 'peluang', 'berkembang', 'hub', 'lng', 'regional', 'menghubungkan', 'pasokan', 'internasional', 'kebutuhan', 'indonesia', 'pasar', 'asia', 'tenggara', 'posisi', 'memberikan', 'berbagai', 'opsi', 'pengelolaan', 'lng', 'mulai', 'menerima', 'menyimpan', 'lng', 'reload', 'transhipment', 'regasifikasi', 'distribusi', 'fleksibilitas', 'memungkinkan', 'pengelolaan', 'lng', 'disesuaikan', 'kebutuhan', 'pasar', 'pertimbangan', 'keekonomian', 'penguatan', 'portofolio', 'infrastruktur', 'menjadi', 'semakin', 'relevan', 'seiring', 'perubahan', 'lanskap', 'lng', 'indonesia', 'tengah', 'pertumbuhan', 'kebutuhan', 'energi', 'industri', 'indonesia', 'dikenal', 'salah', 'satu', 'produsen', 'eksportir', 'lng', 'menghadapi', 'potensi', 'peningkatan', 'kebutuhan', 'lng', 'domestik', 'masa', 'mendatang', 'perubahan', 'menjadi', 'tantangan', 'sekaligus', 'peluang', 'menghubungkan', 'pasokan', 'global', 'produksi', 'lng', 'domestik', 'infrastruktur', 'nasional', 'kebutuhan', 'regional', 'pertamina', 'mengoptimalkan', 'portofolio', 'lng', 'sekaligus', 'memperkuat', 'posisi', 'indonesia', 'rantai', 'pasok', 'lng', 'menurut', 'baron', 'strategi', 'lng', 'pertamina', 'depan', 'hanya', 'berorientasi', 'pemenuhan', 'volume', 'kemampuan', 'mengelola', 'mengoptimalkan', 'pasokan', 'secara', 'fleksibel', 'memberikan', 'nilai', 'besar', 'depan', 'menjadi', 'pembeda', 'hanya', 'kemampuan', 'memperoleh', 'lng', 'kemampuan', 'mengelola', 'mengoptimalkan', 'menyalurkannya', 'tempat', 'memberikan', 'manfaat', 'terbesar', 'pertamina', 'ingin', 'menghubungkan', 'pasokan', 'lng', 'global', 'ketahanan', 'energi', 'indonesia', 'sekaligus', 'menangkap', 'peluang', 'pertumbuhan', 'tutup', 'baron', 'akd', 'ega']",finance,finance,1.0,True,426
48,"Manchester United menelan kekalahan dari Manchester City dalam derby Manchester. The Red Devils harus memberi respons dengan tenang.
Di Old Trafford, Minggu (13/9/2026) malam WIB, The Red Devils vs Man City selesai 0-1. Dalam laga tersebut, gol Erling Haaland yang menjadi penentu kemenangan The Citizens.
Gol pada babak kedua itu berbau kontroversi. Sebabnya, ada kesalahan dari wasit di ruang video assistant referee yang membuat gol Man City tetap disahkan kendati Haaland ada di posisi offside.
MU pun belum pernah memetik kemenangan beruntun di musim ini. Dalam lima pertandingan yang sudah dijalani, The Red Devils membukukan dua kemenangan, dua kekalahan, dan sekali hasil imbang.
Gelandang Man United, Youri Tielemans, menegaskan bahwa timnya dan rekan-rekannya harus bisa memberi respons yang tenang.
""Respons yang tenang, ya, tapi kita tetap harus bereaksi,"" kata Tielemans seperti dikabarkan oleh Manchester Evening News.
""Kami merasa belum pernah menang dua pertandingan secara berturut-turut sejauh ini, jadi kami butuh sedikit momentum serta konsistensi dalam tim dan hasil pertandingan kami,"" kata dia menambahkan.
Man United akan menjalani pertandingan lanjutan Piala Liga Inggris pada Kamis (17/9) dini hari WIB. Man United akan melawan Brighton & Hove Albion di Piala Liga Inggris.
| Baca juga: Wayne Rooney Sebut MU Tidak Baik-baik Saja | 
(cas/yna)",sport,"['manchester', 'united', 'menelan', 'kekalahan', 'manchester', 'city', 'derby', 'manchester', 'the', 'red', 'devils', 'memberi', 'respons', 'tenang', 'old', 'trafford', 'minggu', 'malam', 'wib', 'the', 'red', 'devils', 'man', 'city', 'selesai', 'laga', 'gol', 'erling', 'haaland', 'menjadi', 'penentu', 'kemenangan', 'the', 'citizens', 'gol', 'babak', 'kedua', 'berbau', 'kontroversi', 'sebabnya', 'kesalahan', 'wasit', 'ruang', 'video', 'assistant', 'referee', 'membuat', 'gol', 'man', 'city', 'tetap', 'disahkan', 'kendati', 'haaland', 'posisi', 'offside', 'pernah', 'memetik', 'kemenangan', 'beruntun', 'musim', 'lima', 'pertandingan', 'dijalani', 'the', 'red', 'devils', 'membukukan', 'dua', 'kemenangan', 'dua', 'kekalahan', 'sekali', 'hasil', 'imbang', 'gelandang', 'man', 'united', 'youri', 'tielemans', 'menegaskan', 'bahwa', 'timnya', 'rekan', 'rekannya', 'memberi', 'respons', 'tenang', 'respons', 'tenang', 'tetap', 'bereaksi', 'kata', 'tielemans', 'dikabarkan', 'manchester', 'evening', 'news', 'merasa', 'pernah', 'menang', 'dua', 'pertandingan', 'secara', 'berturut', 'turut', 'sejauh', 'jadi', 'butuh', 'sedikit', 'momentum', 'konsistensi', 'tim', 'hasil', 'pertandingan', 'kata', 'menambahkan', 'man', 'united', 'menjalani', 'pertandingan', 'lanjutan', 'piala', 'liga', 'inggris', 'kamis', 'dini', 'hari', 'wib', 'man', 'united', 'melawan', 'brighton', 'hove', 'albion', 'piala', 'liga', 'inggris', 'baca', 'wayne', 'rooney', 'sebut', 'baik', 'baik', 'cas', 'yna']",sport,sport,1.0,True,146
23,"Siapa Manajer Liga Inggris yang Dipecat Duluan? Afif Farhan - detikSepakbola Selasa, 15 Sep 2026 22:20 WIB ... Tautan telah disalin Frank Lampard, manajer Coventry ada di daftar teratas. Dari empat laga di awal musim, Coventry belum pernah menang dan kalah melulu (Action Images via Reuters/Paul Childs) Alvaro Arbeloa, manajer Fulham juga masuk bayang-bayang pemecatan. Fulham sudah tiga kali kalah dan sekali imbang dari empat laga (REUTERS/Dylan Martinez) Tottenham terperosok di peringkat ke-17, belum menang di empat laga dan belum bikin gol. Sudah belanja banyak, posisi manajer Roberto De Zerbi tidak aman (Action Images via Reuters/Andrew Couldridge) Michael Carrick turut masuk daftar pelatih Liga Inggris yang akan dipecat. MU baru raih empat poin dari empat laga (Action Images via Reuters/Lee Smith) Diyakini, pemecatan akan mulai pada jeda internasional di akhir September-awal Oktober. Siapa yang kena duluan? (Wolves via Getty Images/Jack Thomas - WWFC) previous next previous next Jakarta - Sudah ada beberapa nama manajer atau pelatih Liga Inggris yang masuk bayang-bayang pemecatan. Siapa saja? ... Tautan telah disalin liga inggris frank lampard roberto de zerbi alvaro arbeloa michael carrick Lihat lebih banyak",sport,"['siapa', 'manajer', 'liga', 'inggris', 'dipecat', 'duluan', 'afif', 'farhan', 'detiksepakbola', 'selasa', 'sep', 'wib', 'tautan', 'telah', 'disalin', 'frank', 'lampard', 'manajer', 'coventry', 'daftar', 'teratas', 'empat', 'laga', 'awal', 'musim', 'coventry', 'pernah', 'menang', 'kalah', 'melulu', 'action', 'images', 'via', 'reuters', 'paul', 'childs', 'alvaro', 'arbeloa', 'manajer', 'fulham', 'masuk', 'bayang', 'bayang', 'pemecatan', 'fulham', 'tiga', 'kali', 'kalah', 'sekali', 'imbang', 'empat', 'laga', 'reuters', 'dylan', 'martinez', 'tottenham', 'terperosok', 'peringkat', 'menang', 'empat', 'laga', 'bikin', 'gol', 'belanja', 'banyak', 'posisi', 'manajer', 'roberto', 'zerbi', 'aman', 'action', 'images', 'via', 'reuters', 'andrew', 'couldridge', 'michael', 'carrick', 'turut', 'masuk', 'daftar', 'pelatih', 'liga', 'inggris', 'dipecat', 'baru', 'raih', 'empat', 'poin', 'empat', 'laga', 'action', 'images', 'via', 'reuters', 'lee', 'smith', 'diyakini', 'pemecatan', 'mulai', 'jeda', 'internasional', 'akhir', 'september', 'awal', 'oktober', 'siapa', 'kena', 'duluan', 'wolves', 'via', 'getty', 'images', 'jack', 'thomas', 'wwfc', 'previous', 'next', 'previous', 'next', 'jakarta', 'nama', 'manajer', 'pelatih', 'liga', 'inggris', 'masuk', 'bayang', 'bayang', 'pemecatan', 'siapa', 'tautan', 'telah', 'disalin', 'liga', 'inggris', 'frank', 'lampard', 'roberto', 'zerbi', 'alvaro', 'arbeloa', 'michael', 'carrick', 'lihat', 'banyak']",sport,sport,1.0,True,146
7,"Marc Marquez memimpin persaingan MotoGP 2026 setelah sempat jauh tertinggal. Marquez mengakui, dirinya mendapatkan keuntungan dari rival-rivalnya.
Pebalap Ducati itu tak sekalipun memenangi balapan grand prix di tujuh seri pertama musim ini, bahkan empat kali gagal mendulang angka. Sementara itu duo Aprilia Marco Bezzecchi dan Jorge Martin tokcer sehingga mendominasi dua posisi teratas klasemen.
Finis ketujuh di Mugello menempatkan Marc Marquez tercecer 102 poin dari pemimpin kejuaraan. Namun, setelahnya juara dunia sembilan kali itu pelan-pelan melesat.
Marquez tampil sebagai juara di Hungaria, Ceko, Jerman, Aragon, dan San Marino. Empat di antaranya termasuk balapan akhir pekan lalu di Misano berhasil disapu bersih Marquez. Di sisi lain, baik Martin dan Bezzecchi justru memudar usai sama sekali gagal memenangi satupun balapan grand prix.
Alhasil, Marc Marquez kini memuncaki klasemen MotoGP dengan 274 poin. Marquez dibayangi Jorge Martin dengan perolehan poin yang sama tapi unggul jumlah kemenangan, sedangkan Bezzecchi ketiga dengan selisih 33 poin.
| Baca juga: Karena Jorge Martin Kehilangan Kendali | 
Marquez mengungkapkan, performa menurun rival-rivalnya jadi kado manis buatnya dalam persaingan MotoGP 2026.
""Aku tadinya siap balapan [di Mugello], dengan kondisi tidak 100%, tapi itu sekaligus juga cara untuk mempersiapkan -- jika Anda ingin memiliki kesempatan untuk memenangi balapan,"" sahut pebalap berusia 33 tahun ini di Crash.
""Saat itu aku enggak memikirkan tentang kejuaraan karena itu tidak tergantung kepadaku. Memang benar bahwa para rival memberiku sebuah hadiah, dan ketika aku merasakan hadiah itu, rasanya manis. Jadi aku sedang berusaha memaksimalkan keuntunganku dari gaya balapku, dari motorku, dan dari timku,"" Marc Marquez menambahkan.
(rin/aff)",sport,"['marc', 'marquez', 'memimpin', 'persaingan', 'motogp', 'sempat', 'jauh', 'tertinggal', 'marquez', 'mengakui', 'dirinya', 'mendapatkan', 'keuntungan', 'rival', 'rivalnya', 'pebalap', 'ducati', 'tak', 'sekalipun', 'memenangi', 'balapan', 'grand', 'prix', 'tujuh', 'seri', 'pertama', 'musim', 'bahkan', 'empat', 'kali', 'gagal', 'mendulang', 'angka', 'sementara', 'duo', 'aprilia', 'marco', 'bezzecchi', 'jorge', 'martin', 'tokcer', 'sehingga', 'mendominasi', 'dua', 'posisi', 'teratas', 'klasemen', 'finis', 'ketujuh', 'mugello', 'menempatkan', 'marc', 'marquez', 'tercecer', 'poin', 'pemimpin', 'kejuaraan', 'setelahnya', 'juara', 'dunia', 'sembilan', 'kali', 'pelan', 'pelan', 'melesat', 'marquez', 'tampil', 'juara', 'hungaria', 'ceko', 'jerman', 'aragon', 'san', 'marino', 'empat', 'antaranya', 'termasuk', 'balapan', 'akhir', 'pekan', 'lalu', 'misano', 'berhasil', 'disapu', 'bersih', 'marquez', 'sisi', 'lain', 'baik', 'martin', 'bezzecchi', 'justru', 'memudar', 'usai', 'sama', 'sekali', 'gagal', 'memenangi', 'satupun', 'balapan', 'grand', 'prix', 'alhasil', 'marc', 'marquez', 'kini', 'memuncaki', 'klasemen', 'motogp', 'poin', 'marquez', 'dibayangi', 'jorge', 'martin', 'perolehan', 'poin', 'sama', 'unggul', 'jumlah', 'kemenangan', 'sedangkan', 'bezzecchi', 'ketiga', 'selisih', 'poin', 'baca', 'jorge', 'martin', 'kehilangan', 'kendali', 'marquez', 'mengungkapkan', 'performa', 'menurun', 'rival', 'rivalnya', 'jadi', 'kado', 'manis', 'buatnya', 'persaingan', 'motogp', 'aku', 'tadinya', 'siap', 'balapan', 'mugello', 'kondisi', 'sekaligus', 'cara', 'mempersiapkan', 'ingin', 'memiliki', 'kesempatan', 'memenangi', 'balapan', 'sahut', 'pebalap', 'berusia', 'tahun', 'crash', 'aku', 'enggak', 'memikirkan', 'tentang', 'kejuaraan', 'tergantung', 'kepadaku', 'memang', 'benar', 'bahwa', 'rival', 'memberiku', 'sebuah', 'hadiah', 'aku', 'merasakan', 'hadiah', 'rasanya', 'manis', 'jadi', 'aku', 'sedang', 'berusaha', 'memaksimalkan', 'keuntunganku', 'gaya', 'balapku', 'motorku', 'timku', 'marc', 'marquez', 'menambahkan', 'rin', 'aff']",sport,sport,1.0,True,195
44,"Pelatih Tottenham Hotspur, Roberto De Zerbi, sudah menegaskan tidak akan memainkan Richarlison. Striker asal Brasil itu memberikan respons di media sosial.
Tottenham akan melawan Liverpool di Anfield dalam ajang Carabao Cup, Rabu (16/9/2026) dini hari WIB. Richarlison dipastikan tidak akan bermain di laga ini.
De Zerbi sudah mencoret mantan pemain Everton itu dari skuad. Richarlison sebelumnya sempat dimainkan pada pekan pertama Premier League musim ini.
Richarlison sempat dikabarkan minta dijual Tottenham pada bursa transfer musim panas lalu. Langkah pemain berusia 29 tahun itu untuk pergi lantas tak terwujud.
| Baca juga: Richarlison Terkatung-katung di Spurs | 
| Unggahan Richarlison. Foto: Istimewa | 
""Richarlison, Anda sudah tahu segalanya dan tidak ada yang berubah untuk Carabao Cup atau Premier League. Situasinya sama saja,"" kata De Zerbi yang dikutip dari Metro.
Richarlison telah memberikan respons terkait pernyataan pelatihnya. Dia mengungkapkannya dengan mengunggah cuitan akun @FabrizioRomano dengan memberikan keterangan ""mengapa?""
Tottenham sebetulnya sedang dalam masalah besar. Spurs dalam empat pertandingan Premier League belum mencetak gol dan hanya mengumpulkan dua poin.
| Baca juga: Tottenham Terpuruk, De Zerbi Tidak Panik | 
(ran/pur)",sport,"['pelatih', 'tottenham', 'hotspur', 'roberto', 'zerbi', 'menegaskan', 'memainkan', 'richarlison', 'striker', 'asal', 'brasil', 'memberikan', 'respons', 'media', 'sosial', 'tottenham', 'melawan', 'liverpool', 'anfield', 'ajang', 'carabao', 'cup', 'rabu', 'dini', 'hari', 'wib', 'richarlison', 'dipastikan', 'bermain', 'laga', 'zerbi', 'mencoret', 'mantan', 'pemain', 'everton', 'skuad', 'richarlison', 'sebelumnya', 'sempat', 'dimainkan', 'pekan', 'pertama', 'premier', 'league', 'musim', 'richarlison', 'sempat', 'dikabarkan', 'minta', 'dijual', 'tottenham', 'bursa', 'transfer', 'musim', 'panas', 'lalu', 'langkah', 'pemain', 'berusia', 'tahun', 'pergi', 'tak', 'terwujud', 'baca', 'richarlison', 'terkatung', 'katung', 'spurs', 'unggahan', 'richarlison', 'foto', 'istimewa', 'richarlison', 'tahu', 'segalanya', 'berubah', 'carabao', 'cup', 'premier', 'league', 'situasinya', 'sama', 'kata', 'zerbi', 'dikutip', 'metro', 'richarlison', 'telah', 'memberikan', 'respons', 'pernyataan', 'pelatihnya', 'mengungkapkannya', 'mengunggah', 'cuitan', 'akun', 'fabrizioromano', 'memberikan', 'keterangan', 'mengapa', 'tottenham', 'sebetulnya', 'sedang', 'masalah', 'besar', 'spurs', 'empat', 'pertandingan', 'premier', 'league', 'mencetak', 'gol', 'hanya', 'mengumpulkan', 'dua', 'poin', 'baca', 'tottenham', 'terpuruk', 'zerbi', 'panik', 'ran', 'pur']",sport,sport,1.0,True,123
73,"Inter Milan sedang rentan kebobolan gol cepat. Inter dituntut memperbaiki fokusnya jelang laga tandang di markas AS Roma, akhir pekan ini.
Inter kemasukan dua gol dalam 16 menit pertama meski akhirnya mengalahkan Udinese 5-3 pada Selasa (15/9) dinihari WIB. Ini adalah kedua kalinya berturut-turut Nerazzurri kebobolan gol cepat.
Di pertandingan sebelumnya di Liga Champions, Inter kebobolan gol Kylian Mbappe pada menit ke-14. Akhirnya, Inter tumbang 1-2 di markas Real Madrid.
Inter Milan mesti cepat-cepat memperbaiki konsentrasinya jelang menantang pemimpin klasemen Liga Italia, Roma, pada Sabtu (19/9). Giallorossi sedang onfire karena masih 100 persen dan hanya kebobolan satu gol saja dalam empat pertandingan pertamanya.
""Kami perlu meningkatkan konsentrasi kami, dan kami perlu kebobolan lebih sedikit,"" cetus pemain tengah Inter Piotr Zielinski usai mengalahkan Udinese.
""Pastinya kami perlu memulai permainan dengan lebih baik daripada malam ini. Kami harus langsung fokus sejak awal karena kami punya kualitas yang besar, dan kami akan menghadapi sebuah tim yang sedang dalam performa bagus,"" lanjut dia kepada Inter TV.
""Pertandingan nanti tidak akan mudah, tapi Hari Sabtu nanti akan jadi sebuah pertandingan yang hebat, dan kami akan melakukan segalanya untuk meraih kemenangan,"" cetus Zielinski menatap lawatan Inter Milan ke markas Roma.
(rin/aff)",sport,"['inter', 'milan', 'sedang', 'rentan', 'kebobolan', 'gol', 'cepat', 'inter', 'dituntut', 'memperbaiki', 'fokusnya', 'jelang', 'laga', 'tandang', 'markas', 'roma', 'akhir', 'pekan', 'inter', 'kemasukan', 'dua', 'gol', 'menit', 'pertama', 'meski', 'akhirnya', 'mengalahkan', 'udinese', 'selasa', 'dinihari', 'wib', 'kedua', 'kalinya', 'berturut', 'turut', 'nerazzurri', 'kebobolan', 'gol', 'cepat', 'pertandingan', 'sebelumnya', 'liga', 'champions', 'inter', 'kebobolan', 'gol', 'kylian', 'mbappe', 'menit', 'akhirnya', 'inter', 'tumbang', 'markas', 'real', 'madrid', 'inter', 'milan', 'mesti', 'cepat', 'cepat', 'memperbaiki', 'konsentrasinya', 'jelang', 'menantang', 'pemimpin', 'klasemen', 'liga', 'italia', 'roma', 'sabtu', 'giallorossi', 'sedang', 'onfire', 'persen', 'hanya', 'kebobolan', 'satu', 'gol', 'empat', 'pertandingan', 'pertamanya', 'perlu', 'meningkatkan', 'konsentrasi', 'perlu', 'kebobolan', 'sedikit', 'cetus', 'pemain', 'tengah', 'inter', 'piotr', 'zielinski', 'usai', 'mengalahkan', 'udinese', 'pastinya', 'perlu', 'memulai', 'permainan', 'baik', 'daripada', 'malam', 'langsung', 'fokus', 'sejak', 'awal', 'punya', 'kualitas', 'besar', 'menghadapi', 'sebuah', 'tim', 'sedang', 'performa', 'bagus', 'lanjut', 'inter', 'pertandingan', 'nanti', 'mudah', 'hari', 'sabtu', 'nanti', 'jadi', 'sebuah', 'pertandingan', 'hebat', 'melakukan', 'segalanya', 'meraih', 'kemenangan', 'cetus', 'zielinski', 'menatap', 'lawatan', 'inter', 'milan', 'markas', 'roma', 'rin', 'aff']",sport,sport,1.0,True,142
12,"Kompetisi di lima liga top Eropa mulai memasuki persaingan awal musim. Sejumlah tim sejauh ini masih mampu menyapu bersih seluruh pertandingan yang sudah dimainkan.
Setidaknya ada tujuh tim yang masih sempurna di lima liga top Eropa per Selasa (15/9/2026). Mereka sama-sama belum kehilangan poin dengan catatan kemenangan 100 persen.
Barcelona menjadi tim dengan raihan poin terbanyak. Blaugrana sudah memainkan lima pertandingan La Liga dan memenangi seluruhnya. Barcelona mengoleksi 15 poin dengan torehan 21 gol dan hanya empat kali kebobolan.
Serie A memiliki dua tim yang masih sempurna, yakni AS Roma dan Inter Milan. Keduanya sama-sama mengoleksi 12 poin dari empat pertandingan.
Roma sementara berada di posisi teratas klasemen dengan selisih gol +11. Giallorossi sudah mencetak 12 gol dan baru kebobolan satu gol. Inter berada di bawahnya dengan selisih gol +7. Nerazzurri mencetak 13 gol dan kemasukan enam gol dari empat pertandingan.
Premier League juga memiliki dua tim yang belum kehilangan poin. Arsenal dan Manchester City sama-sama mengoleksi 12 poin dari empat laga. Arsenal berada di atas Man City berkat selisih gol yang lebih baik. The Gunners mencetak delapan gol dan baru kebobolan satu kali, sehingga memiliki selisih gol +7.
Man City juga belum terkalahkan dengan delapan gol memasukkan dan dua gol kebobolan. The Citizens memiliki selisih gol +6.
Sementara itu, Bundesliga diwakili Freiburg dan Borussia Dortmund. Keduanya sudah memenangkan tiga pertandingan. Freiburg menjadi tim dengan posisi tertinggi di antara keduanya. Mereka mengoleksi sembilan poin dengan selisih gol +9 dari 10 gol yang dicetak dan hanya satu kali kebobolan.
Dortmund juga mengoleksi sembilan poin. Die Borussen memiliki selisih gol +6 setelah mencetak delapan gol dan kebobolan dua kali.
Menariknya, tidak ada satu pun tim Ligue 1 yang masih sempurna. Artinya, lima liga top Eropa hanya menghasilkan tujuh tim dengan rekor 100 persen pada fase awal musim ini.
Berikut tujuh tim yang masih sempurna di lima liga top Eropa per 15 September 2026:
| No | Tim | Liga | Main | Menang | Seri | Kalah | Gol | Kebobolan | Selisih | Poin | 
|---|---|---|---|---|---|---|---|---|---|---|
| 1 | Barcelona | La Liga | 5 | 5 | 0 | 0 | 21 | 4 | +17 | 15 | 
| 2 | AS Roma | Serie A | 4 | 4 | 0 | 0 | 12 | 1 | +11 | 12 | 
| 3 | Freiburg | Bundesliga | 3 | 3 | 0 | 0 | 10 | 1 | +9 | 9 | 
| 4 | Arsenal | Premier League | 4 | 4 | 0 | 0 | 8 | 1 | +7 | 12 | 
| 5 | Inter Milan | Serie A | 4 | 4 | 0 | 0 | 13 | 6 | +7 | 12 | 
| 6 | Manchester City | Premier League | 4 | 4 | 0 | 0 | 8 | 2 | +6 | 12 | 
| 7 | Borussia Dortmund | Bundesliga | 3 | 3 | 0 | 0 | 8 | 2 | +6 | 9 | 
(krs/yna)",sport,"['kompetisi', 'lima', 'liga', 'top', 'eropa', 'mulai', 'memasuki', 'persaingan', 'awal', 'musim', 'sejumlah', 'tim', 'sejauh', 'mampu', 'menyapu', 'bersih', 'seluruh', 'pertandingan', 'dimainkan', 'setidaknya', 'tujuh', 'tim', 'sempurna', 'lima', 'liga', 'top', 'eropa', 'per', 'selasa', 'sama', 'sama', 'kehilangan', 'poin', 'catatan', 'kemenangan', 'persen', 'barcelona', 'menjadi', 'tim', 'raihan', 'poin', 'terbanyak', 'blaugrana', 'memainkan', 'lima', 'pertandingan', 'liga', 'memenangi', 'seluruhnya', 'barcelona', 'mengoleksi', 'poin', 'torehan', 'gol', 'hanya', 'empat', 'kali', 'kebobolan', 'serie', 'memiliki', 'dua', 'tim', 'sempurna', 'roma', 'inter', 'milan', 'keduanya', 'sama', 'sama', 'mengoleksi', 'poin', 'empat', 'pertandingan', 'roma', 'sementara', 'berada', 'posisi', 'teratas', 'klasemen', 'selisih', 'gol', 'giallorossi', 'mencetak', 'gol', 'baru', 'kebobolan', 'satu', 'gol', 'inter', 'berada', 'bawahnya', 'selisih', 'gol', 'nerazzurri', 'mencetak', 'gol', 'kemasukan', 'enam', 'gol', 'empat', 'pertandingan', 'premier', 'league', 'memiliki', 'dua', 'tim', 'kehilangan', 'poin', 'arsenal', 'manchester', 'city', 'sama', 'sama', 'mengoleksi', 'poin', 'empat', 'laga', 'arsenal', 'berada', 'atas', 'man', 'city', 'berkat', 'selisih', 'gol', 'baik', 'the', 'gunners', 'mencetak', 'delapan', 'gol', 'baru', 'kebobolan', 'satu', 'kali', 'sehingga', 'memiliki', 'selisih', 'gol', 'man', 'city', 'terkalahkan', 'delapan', 'gol', 'memasukkan', 'dua', 'gol', 'kebobolan', 'the', 'citizens', 'memiliki', 'selisih', 'gol', 'sementara', 'bundesliga', 'diwakili', 'freiburg', 'borussia', 'dortmund', 'keduanya', 'memenangkan', 'tiga', 'pertandingan', 'freiburg', 'menjadi', 'tim', 'posisi', 'tertinggi', 'keduanya', 'mengoleksi', 'sembilan', 'poin', 'selisih', 'gol', 'gol', 'dicetak', 'hanya', 'satu', 'kali', 'kebobolan', 'dortmund', 'mengoleksi', 'sembilan', 'poin', 'die', 'borussen', 'memiliki', 'selisih', 'gol', 'mencetak', 'delapan', 'gol', 'kebobolan', 'dua', 'kali', 'menariknya', 'satu', 'tim', 'ligue', 'sempurna', 'artinya', 'lima', 'liga', 'top', 'eropa', 'hanya', 'menghasilkan', 'tujuh', 'tim', 'rekor', 'persen', 'fase', 'awal', 'musim', 'berikut', 'tujuh', 'tim', 'sempurna', 'lima', 'liga', 'top', 'eropa', 'per', 'september', 'tim', 'liga', 'main', 'menang', 'seri', 'kalah', 'gol', 'kebobolan', 'selisih', 'poin', 'barcelona', 'liga', 'roma', 'serie', 'freiburg', 'bundesliga', 'arsenal', 'premier', 'league', 'inter', 'milan', 'serie', 'manchester', 'city', 'premier', 'league', 'borussia', 'dortmund', 'bundesliga', 'krs', 'yna']",sport,sport,1.0,True,255
185,"PT Industri Kereta Api (Persero) atau INKA mencatatkan kinerja keuangan yang negatif. Hal tersebut tercatat pada neraca ekuitas dan kerugian yang dialami perseroan.
Kepala Badan Pengaturan (BP) Badan Usaha Milik Negara (BUMN) sekaligus COO Badan Pengelola Investasi (BPI) Daya Anagata Nusantara (Danantara), Dony Oskaria, menyebut kerugian yang dialami INKA mencapai Rp 677 miliar dengan unsustain loan atau utang sebesar Rp 4,7 triliun.
""Jadi menurut saya, INKA ini tidak dalam kondisi yang baik-baik saja. Kan aneh, Pak, masa kita rugi Rp 677 miliar. Orang perusahaan manufaktur, kemudian juga jelas yang diservisnya siapa. Rugi, terus ada unsustain loan Rp 4,7 triliun itu lawannya apa dulu,"" ungkap Dony sebagaimana dikutip dalam unggahan Instagram @bumn_id, Selasa (15/9/2026).
Dony mendorong perbaikan kinerja keuangan INKA lewat tata kelola yang kuat, perencanaan yang komprehensif, dan benchmark ke praktik terbaik di industri. Ia meminta seluruh jajaran untuk punya komitmen yang sama untuk membawa INKA jadi lebih baik.
Untuk itu, BP BUMN mendorong transformasi total di tubuh INKA. Mulai dari model bisnis, tata kelola, budaya kerja, kualitas produksi, hingga sistem operasional. Dari semua itu, peningkatan kualitas produksi jadi prioritas utama. Dony juga meminta INKA untuk segera menyusun grand plan transformasi.
""Kita butuh INKA ini, butuh buat apa? Untuk employment, untuk industrialisasi. Industrialisasi kereta api. Karena saya maunya itu, ya, kayak tadi kan presiden maunya industri kereta api kita ini betul-betul maju,"" tegasnya.
Simak juga Video 'Nasib Pengalihan Utang Whoosh ke Kemenkeu Usai Suahasil Gantikan Purbaya':
(ahi/ara)",finance,"['industri', 'kereta', 'api', 'persero', 'inka', 'mencatatkan', 'kinerja', 'keuangan', 'negatif', 'hal', 'tercatat', 'neraca', 'ekuitas', 'kerugian', 'dialami', 'perseroan', 'kepala', 'badan', 'pengaturan', 'badan', 'usaha', 'milik', 'negara', 'bumn', 'sekaligus', 'coo', 'badan', 'pengelola', 'investasi', 'bpi', 'daya', 'anagata', 'nusantara', 'danantara', 'dony', 'oskaria', 'menyebut', 'kerugian', 'dialami', 'inka', 'mencapai', 'miliar', 'unsustain', 'loan', 'utang', 'sebesar', 'triliun', 'jadi', 'menurut', 'inka', 'kondisi', 'baik', 'baik', 'kan', 'aneh', 'pak', 'masa', 'rugi', 'miliar', 'orang', 'perusahaan', 'manufaktur', 'jelas', 'diservisnya', 'siapa', 'rugi', 'terus', 'unsustain', 'loan', 'triliun', 'lawannya', 'apa', 'dulu', 'ungkap', 'dony', 'sebagaimana', 'dikutip', 'unggahan', 'instagram', 'bumn', 'selasa', 'dony', 'mendorong', 'perbaikan', 'kinerja', 'keuangan', 'inka', 'lewat', 'tata', 'kelola', 'kuat', 'perencanaan', 'komprehensif', 'benchmark', 'praktik', 'terbaik', 'industri', 'meminta', 'seluruh', 'jajaran', 'punya', 'komitmen', 'sama', 'membawa', 'inka', 'jadi', 'baik', 'bumn', 'mendorong', 'transformasi', 'total', 'tubuh', 'inka', 'mulai', 'model', 'bisnis', 'tata', 'kelola', 'budaya', 'kerja', 'kualitas', 'produksi', 'sistem', 'operasional', 'peningkatan', 'kualitas', 'produksi', 'jadi', 'prioritas', 'utama', 'dony', 'meminta', 'inka', 'segera', 'menyusun', 'grand', 'plan', 'transformasi', 'butuh', 'inka', 'butuh', 'buat', 'apa', 'employment', 'industrialisasi', 'industrialisasi', 'kereta', 'api', 'maunya', 'kayak', 'tadi', 'kan', 'presiden', 'maunya', 'industri', 'kereta', 'api', 'betul', 'betul', 'maju', 'tegasnya', 'simak', 'video', 'nasib', 'pengalihan', 'utang', 'whoosh', 'kemenkeu', 'usai', 'suahasil', 'gantikan', 'purbaya', 'ahi', 'ara']",finance,finance,1.0,True,174
34,"Timnas Indonesia akan berlaga di FIFA ASEAN Cup 2026. Pelatih Skuad Garuda, John Herdman, mengungkap lawan terkuat.
FIFA ASEAN Cup 2026 digelar di Indonesia pada 25 September sampai 5 Oktober 2026. Sebanyak delapan tim ambil bagian di Divisi 1 ajang yang berlangsung di Indonesia itu.
Indonesia tergabung di Grup A bersama Malaysia, Singapura, dan Bangladesh. Sementara Grup B diisi oleh Vietnam, Thailand, Filipina, dan Pakistan.
Dua stadion sudah disiapkan PSSI untuk menggelar ajang itu. Stadion Utama Gelora Bung Karno dan Stadion Si Jalak Harupat akan menjadi tempat penyelenggaraan FIFA ASEAN Cup 2026.
Herdman mengungkap lawan terberat Indonesia di ajang ini. Dia tidak menyebutkan satu tim spesifik, tetapi memberi pujian untuk Vietnam, Thailand, dan Malaysia.
""Saya pikir lawan terberat kami di turnamen ini adalah diri kami sendiri. Tim kami sendiri, mentalitas kami, standar kami sendiri,"" kata Herdman dalam sesi press conference FIFA ASEAN Cup di Jakarta.
""Saya pikir kami mempunyai tim yang kuat dan kalau kami menjaga standar yang sudah kami tentukan sendiri dan bermain dengan semangat yang mencerminkan bangsa kita, dan dengan optimisme dan keyakinan bahwa kami mampu, lantas tak ada lawan yang seharusnya kita takuti.""
""Ada lawan kuat di turnamen ini. Vietnam yang sangat terorganisir. Mereka disiplin. Mereka berpengalaman dan Malaysia, Thailand akan membawa pemain naturalisasi mereka yang berkualitas. Tapi buat kita, ini mengenai melawan diri sendiri lebih dulu,"" kata Herdman menambahkan.
(cas/aff)",sport,"['timnas', 'indonesia', 'berlaga', 'fifa', 'asean', 'cup', 'pelatih', 'skuad', 'garuda', 'john', 'herdman', 'mengungkap', 'lawan', 'terkuat', 'fifa', 'asean', 'cup', 'digelar', 'indonesia', 'september', 'sampai', 'oktober', 'sebanyak', 'delapan', 'tim', 'ambil', 'bagian', 'divisi', 'ajang', 'berlangsung', 'indonesia', 'indonesia', 'tergabung', 'grup', 'bersama', 'malaysia', 'singapura', 'bangladesh', 'sementara', 'grup', 'diisi', 'vietnam', 'thailand', 'filipina', 'pakistan', 'dua', 'stadion', 'disiapkan', 'pssi', 'menggelar', 'ajang', 'stadion', 'utama', 'gelora', 'bung', 'karno', 'stadion', 'jalak', 'harupat', 'menjadi', 'tempat', 'penyelenggaraan', 'fifa', 'asean', 'cup', 'herdman', 'mengungkap', 'lawan', 'terberat', 'indonesia', 'ajang', 'menyebutkan', 'satu', 'tim', 'spesifik', 'memberi', 'pujian', 'vietnam', 'thailand', 'malaysia', 'pikir', 'lawan', 'terberat', 'turnamen', 'diri', 'sendiri', 'tim', 'sendiri', 'mentalitas', 'standar', 'sendiri', 'kata', 'herdman', 'sesi', 'press', 'conference', 'fifa', 'asean', 'cup', 'jakarta', 'pikir', 'mempunyai', 'tim', 'kuat', 'menjaga', 'standar', 'tentukan', 'sendiri', 'bermain', 'semangat', 'mencerminkan', 'bangsa', 'optimisme', 'keyakinan', 'bahwa', 'mampu', 'tak', 'lawan', 'seharusnya', 'takuti', 'lawan', 'kuat', 'turnamen', 'vietnam', 'terorganisir', 'disiplin', 'berpengalaman', 'malaysia', 'thailand', 'membawa', 'pemain', 'naturalisasi', 'berkualitas', 'buat', 'mengenai', 'melawan', 'diri', 'sendiri', 'dulu', 'kata', 'herdman', 'menambahkan', 'cas', 'aff']",sport,sport,1.0,True,144
121,"Pengusaha meminta Menteri Keuangan Suahasil Nazara meneruskan program pendahulunya, Purbaya Yudhi Sadewa, yaitu Satuan Tugas Percepatan Program Strategis Pemerintah (Satgas P2SP). Ketua Umum Asosiasi Pengusaha Indonesia (Apindo) Shinta Kamdani menilai program tersebut dapat berlanjut karena Kemenkeu sudah ditunjuk memimpin Satgas tersebut.
""Ya kami harapkan program tersebut akan terus berlanjut, karena Kemenkeu sebagai institusi telah ditunjuk untuk memimpin Satgas Debottlenecking pemerintah,"" ujar Shinta saat dihubungi detikcom, Selasa (15/9/2026).
Sejak 16 Desember 2025, Kanal Debottlenecking Satgas P2SP diluncurkan dan dipimpin oleh Purbaya. Kanal ini dirancang untuk menjadi saluran resmi bagi pelaku usaha dalam menyampaikan kendala yang dihadapi, sekaligus memastikan tindak lanjut cepat dari kementerian dan lembaga (K/L) terkait.
Penyelesaian masalah dan kendala yang diadukan pengusaha digelar dalam sidang terbuka. Perwakilan pengusaha diundang dalam sidang dan beberapa perwakilan kementerian lain yang dinilai menghambat pengusaha juga dihadirkan.
Sidang perdana yang dilakukan Purbaya untuk Satgas Debottlenecking adalah pada 23 Desember 2025. Selama Purbaya menjabat ada sekitar belasan sidang yang dilakukan untuk menyelesaikan masalah para pengusaha.
Beberapa kasus besar juga pernah disidangkan, salah satunya adalah mangkraknya proyek Gas Abadi Masela yang mandek hampir 20 tahun lamanya. Sidang dilakukan pada Februari 2026 lalu, dan ada groundbreaking proyek pada Juli 2026.
(ahi/ara)",finance,"['pengusaha', 'meminta', 'menteri', 'keuangan', 'suahasil', 'nazara', 'meneruskan', 'program', 'pendahulunya', 'purbaya', 'yudhi', 'sadewa', 'satuan', 'tugas', 'percepatan', 'program', 'strategis', 'pemerintah', 'satgas', 'ketua', 'umum', 'asosiasi', 'pengusaha', 'indonesia', 'apindo', 'shinta', 'kamdani', 'menilai', 'program', 'berlanjut', 'kemenkeu', 'ditunjuk', 'memimpin', 'satgas', 'harapkan', 'program', 'terus', 'berlanjut', 'kemenkeu', 'institusi', 'telah', 'ditunjuk', 'memimpin', 'satgas', 'debottlenecking', 'pemerintah', 'ujar', 'shinta', 'dihubungi', 'detikcom', 'selasa', 'sejak', 'desember', 'kanal', 'debottlenecking', 'satgas', 'diluncurkan', 'dipimpin', 'purbaya', 'kanal', 'dirancang', 'menjadi', 'saluran', 'resmi', 'pelaku', 'usaha', 'menyampaikan', 'kendala', 'dihadapi', 'sekaligus', 'memastikan', 'tindak', 'lanjut', 'cepat', 'kementerian', 'lembaga', 'penyelesaian', 'masalah', 'kendala', 'diadukan', 'pengusaha', 'digelar', 'sidang', 'terbuka', 'perwakilan', 'pengusaha', 'diundang', 'sidang', 'perwakilan', 'kementerian', 'lain', 'dinilai', 'menghambat', 'pengusaha', 'dihadirkan', 'sidang', 'perdana', 'dilakukan', 'purbaya', 'satgas', 'debottlenecking', 'desember', 'purbaya', 'menjabat', 'sekitar', 'belasan', 'sidang', 'dilakukan', 'menyelesaikan', 'masalah', 'pengusaha', 'kasus', 'besar', 'pernah', 'disidangkan', 'salah', 'satunya', 'mangkraknya', 'proyek', 'gas', 'abadi', 'masela', 'mandek', 'hampir', 'tahun', 'lamanya', 'sidang', 'dilakukan', 'februari', 'lalu', 'groundbreaking', 'proyek', 'juli', 'ahi', 'ara']",finance,finance,1.0,True,135
37,"Persija Jakarta vs Persib Bandung sudah selesai digelar pada akhir pekan lalu. Pelatih Timnas Indonesia, John Herdman, banyak belajar atmosfer Stadion Utama Gelora Bung Karno dari laga itu.
Persija vs Persib berlangsung di SUGBK, Sabtu (12/9/2026). Macan Kemayoran menang dramatis dalam laga itu.
Gol Persija dicatatkan oleh Alexander Jeremejeff dan Ivan Mamut. Satu gol Persib dikemas oleh Balsa Sekulic.
Persija vs Persib disaksikan sekitar 58 ribu penonton. Atmosfer pertandingan benar-benar mengintimidasi tim lawan.
Selama membesut Timnas Indonesia, laga Skuad Garuda belum pernah disaksikan penonton hingga tribune penuh sesak. Herdman, yang menonton langsung laga Persija vs Persib, mengaku baru merasakan SUGBK yang sebenarnya dengan penonton penuh.
""Persija, Persib, saya rasa saya mendapat pengalaman di GBK yang belum pernah saya dapatkan sebelumnya,"" kata Herdman dalam sesi press conference FIFA ASEAN Cup di Jakarta.
""Anda tahu 60 ribu, 70 ribu orang di atmosfer itu. Tak seperti semua yang sudah saya alami dalam karier sepakbola saya. Itu intens, jadi melihat pemain Timnas bermain di bawah tekanan seperti itu, diawasi banyak orang, buat saya, saya banyak belajar,"" kata dia menambahkan.
(cas/rin)",sport,"['persija', 'jakarta', 'persib', 'bandung', 'selesai', 'digelar', 'akhir', 'pekan', 'lalu', 'pelatih', 'timnas', 'indonesia', 'john', 'herdman', 'banyak', 'belajar', 'atmosfer', 'stadion', 'utama', 'gelora', 'bung', 'karno', 'laga', 'persija', 'persib', 'berlangsung', 'sugbk', 'sabtu', 'macan', 'kemayoran', 'menang', 'dramatis', 'laga', 'gol', 'persija', 'dicatatkan', 'alexander', 'jeremejeff', 'ivan', 'mamut', 'satu', 'gol', 'persib', 'dikemas', 'balsa', 'sekulic', 'persija', 'persib', 'disaksikan', 'sekitar', 'ribu', 'penonton', 'atmosfer', 'pertandingan', 'benar', 'benar', 'mengintimidasi', 'tim', 'lawan', 'membesut', 'timnas', 'indonesia', 'laga', 'skuad', 'garuda', 'pernah', 'disaksikan', 'penonton', 'tribune', 'penuh', 'sesak', 'herdman', 'menonton', 'langsung', 'laga', 'persija', 'persib', 'mengaku', 'baru', 'merasakan', 'sugbk', 'sebenarnya', 'penonton', 'penuh', 'persija', 'persib', 'rasa', 'mendapat', 'pengalaman', 'gbk', 'pernah', 'dapatkan', 'sebelumnya', 'kata', 'herdman', 'sesi', 'press', 'conference', 'fifa', 'asean', 'cup', 'jakarta', 'tahu', 'ribu', 'ribu', 'orang', 'atmosfer', 'tak', 'alami', 'karier', 'sepakbola', 'intens', 'jadi', 'melihat', 'pemain', 'timnas', 'bermain', 'bawah', 'tekanan', 'diawasi', 'banyak', 'orang', 'buat', 'banyak', 'belajar', 'kata', 'menambahkan', 'cas', 'rin']",sport,sport,1.0,True,129
193,"Presiden Prabowo Subianto meresmikan perpanjangan layanan LRT Jakarta ke kawasan Manggarai. Kini, moda kereta ringan itu telah resmi tersambung dari Kelapa Gading, Jakarta Utara, hingga Manggarai, Jakarta Selatan.
Sebelum meresmikan, Prabowo sempat menjajal terlebih dahulu kereta LRT Jakarta dari Kelapa Gading hingga Manggarai.
""Hari ini kita berkumpul dalam acara yang membanggakan yaitu meresmikan LRT Jakarta rute Velodrome-Manggarai,"" ujar Prabowo di Stasiun LRT Manggarai, Jakarta Selatan, Rabu (16/9/2026).
Prabowo juga mengaku nyaman menjajal LRT Jakarta. ""Enak naik LRT,"" kata Prabowo.
LRT Jakarta dioperasikan oleh PT Jakarta Propertindo. Sementara itu BUMN konstruksi PT Waskita Karya membangun jalur sepanjang 6,4 kilometer (km) dari Velodrome ke Manggarai.
Mulanya, LRT hanya beroperasi pada rute yang cukup pendek yaitu dari Kelapa Gading ke Velodrome sejak 2019 sekitar 5 km. Kini jalurnya dilanjutkan ke Manggarai dengan dilengkapi lima stasiun mencakup Rawamangun, Pramuka, Matraman, Proklamasi, serta Manggarai. Semua stasiun LRT Jakarta dirancang agar bisa terintegrasi dengan transportasi umum lainnya.
Stasiun Manggarai terintegrasi langsung dengan Kereta Rel Listrik (KRL) Commuter Line, layanan bus Transjakarta, dan kereta bandara menuju Bandara Soekarno-Hatta. Diharapkan langkah ini dapat meningkatkan modernisasi sistem transportasi di Indonesia, khususnya di Jakarta sebagai pusat kegiatan ekonomi, pemerintahan, serta pertukaran budaya.
Lihat Video 'Prabowo Jajal LRT Rute Kelapa Gading-Manggarai Bareng Pramono':
(hal/ara)",finance,"['presiden', 'prabowo', 'subianto', 'meresmikan', 'perpanjangan', 'layanan', 'lrt', 'jakarta', 'kawasan', 'manggarai', 'kini', 'moda', 'kereta', 'ringan', 'telah', 'resmi', 'tersambung', 'kelapa', 'gading', 'jakarta', 'utara', 'manggarai', 'jakarta', 'selatan', 'meresmikan', 'prabowo', 'sempat', 'menjajal', 'terlebih', 'dahulu', 'kereta', 'lrt', 'jakarta', 'kelapa', 'gading', 'manggarai', 'hari', 'berkumpul', 'acara', 'membanggakan', 'meresmikan', 'lrt', 'jakarta', 'rute', 'velodrome', 'manggarai', 'ujar', 'prabowo', 'stasiun', 'lrt', 'manggarai', 'jakarta', 'selatan', 'rabu', 'prabowo', 'mengaku', 'nyaman', 'menjajal', 'lrt', 'jakarta', 'enak', 'naik', 'lrt', 'kata', 'prabowo', 'lrt', 'jakarta', 'dioperasikan', 'jakarta', 'propertindo', 'sementara', 'bumn', 'konstruksi', 'waskita', 'karya', 'membangun', 'jalur', 'sepanjang', 'kilometer', 'velodrome', 'manggarai', 'mulanya', 'lrt', 'hanya', 'beroperasi', 'rute', 'cukup', 'pendek', 'kelapa', 'gading', 'velodrome', 'sejak', 'sekitar', 'kini', 'jalurnya', 'dilanjutkan', 'manggarai', 'dilengkapi', 'lima', 'stasiun', 'mencakup', 'rawamangun', 'pramuka', 'matraman', 'proklamasi', 'manggarai', 'stasiun', 'lrt', 'jakarta', 'dirancang', 'terintegrasi', 'transportasi', 'umum', 'lainnya', 'stasiun', 'manggarai', 'terintegrasi', 'langsung', 'kereta', 'rel', 'listrik', 'krl', 'commuter', 'line', 'layanan', 'bus', 'transjakarta', 'kereta', 'bandara', 'menuju', 'bandara', 'soekarno', 'hatta', 'diharapkan', 'langkah', 'meningkatkan', 'modernisasi', 'sistem', 'transportasi', 'indonesia', 'khususnya', 'jakarta', 'pusat', 'kegiatan', 'ekonomi', 'pemerintahan', 'pertukaran', 'budaya', 'lihat', 'video', 'prabowo', 'jajal', 'lrt', 'rute', 'kelapa', 'gading', 'manggarai', 'bareng', 'pramono', 'hal', 'ara']",finance,finance,1.0,True,161
175,"Kementerian Energi dan Sumber Daya Mineral (ESDM) buka suara soal PT Bayan Resources Tbk (BYAN) mengumumkan keadaan kahar alias force majeure karena persetujuan revisi Rencana Kerja dan Anggaran Biaya (RKAB) 2026 belum terbit.
Direktur Jenderal Mineral dan Batu Bara, Tri Winarno, menyampaikan belum terbitnya revisi RKAB ini karena masih dalam tahap evaluasi. Meski begitu, Tri tidak menjelaskan detail terkait evaluasi yang apa yang dilakukannya.
""Karena kan lagi evaluasi, mungkin ada beberapa hal yang perlu dilakukan pencermatan atau evaluasi. Yang lain kan juga sudah kelar,"" ujar Tri saat ditemui di Gedung DPR, Jakarta, Rabu (16/9/2026).
Tri menyampaikan, saat ini evaluasi revisi RKAB BYAN sedang berjalan. Ia meyakini bahwa RKAB tersebut akan selesai dalam waktu dekat ini.
""Secara spesifik saya belum melihat, tapi poinnya adalah sedang proses lah. Mudah-mudahan minggu ini kelar,"" katanya.
Sebelumnya, PT Bayan Resources Tbk (BYAN) mengumumkan keadaan kahar alias force majeure. Kondisi tersebut terjadi karena persetujuan perubahan Rencana Kerja dan Anggaran Biaya (RKAB) 2026 belum terbit.
Dikutip dari keterbukaan informasi, Selasa (15/9/2026), manajemen BYAN menjelaskan bahwa pada 11 September 2026, ketiga anak usahanya yakni, PT Tiwa Abadi (TA), PT Tanur Jaya (TJ), dan PT Fajar Sakti Prima (FSP) menyampaikan pemberitahuan keadaan Kahar terhadap kewajiban pemenuhan penyediaan batubara berdasarkan Perjanjian Penyediaan Batubara atau Coal Supply Agreement kepada para pelanggannya akibat RKAB 2026 belum terbit.
Padahal kata manajemen, permohonan persetujuan perubahan RKAB telah diajukan sesuai dengan ketentuan perundang-undangan yang berlaku.
Dengan belum terbitnya persetujuan perubahan RKAB tersebut, kondisi saat ini memengaruhi kemampuan Bayan Resources dan anak-anak usahanya untuk memenuhi kewajiban pasokan batu bara kepada pelanggan.
""Sehubungan dengan hal tersebut, Perseroan dan anak-anak perusahaannya memberitahukan keadaan tersebut di atas sebagai suatu peristiwa Keadaan Kahar/Force Majeure kepada para pelanggannya,"" tulis keterangan tertulis dikutip dari keterbukaan informasi.
Dengan belum diterbitkannya persetujuan perubahan RKAB mengakibatkan dampak yang cukup material terhadap kelangsungan usaha Perseroan.
Namun demikian, dengan dilakukannya pemberitahuan keadaan kahar ini diharapkan dapat meminimalisir risiko dan atau konsekuensi bagi Perseroan dan anak-anak perusahaannya.
(hrp/fdl)",finance,"['kementerian', 'energi', 'sumber', 'daya', 'mineral', 'esdm', 'buka', 'suara', 'soal', 'bayan', 'resources', 'tbk', 'byan', 'mengumumkan', 'keadaan', 'kahar', 'alias', 'force', 'majeure', 'persetujuan', 'revisi', 'rencana', 'kerja', 'anggaran', 'biaya', 'rkab', 'terbit', 'direktur', 'jenderal', 'mineral', 'batu', 'bara', 'tri', 'winarno', 'menyampaikan', 'terbitnya', 'revisi', 'rkab', 'tahap', 'evaluasi', 'meski', 'begitu', 'tri', 'menjelaskan', 'detail', 'evaluasi', 'apa', 'dilakukannya', 'kan', 'evaluasi', 'hal', 'perlu', 'dilakukan', 'pencermatan', 'evaluasi', 'lain', 'kan', 'kelar', 'ujar', 'tri', 'ditemui', 'gedung', 'dpr', 'jakarta', 'rabu', 'tri', 'menyampaikan', 'evaluasi', 'revisi', 'rkab', 'byan', 'sedang', 'berjalan', 'meyakini', 'bahwa', 'rkab', 'selesai', 'waktu', 'dekat', 'secara', 'spesifik', 'melihat', 'poinnya', 'sedang', 'proses', 'lah', 'mudah', 'mudahan', 'minggu', 'kelar', 'katanya', 'sebelumnya', 'bayan', 'resources', 'tbk', 'byan', 'mengumumkan', 'keadaan', 'kahar', 'alias', 'force', 'majeure', 'kondisi', 'terjadi', 'persetujuan', 'perubahan', 'rencana', 'kerja', 'anggaran', 'biaya', 'rkab', 'terbit', 'dikutip', 'keterbukaan', 'informasi', 'selasa', 'manajemen', 'byan', 'menjelaskan', 'bahwa', 'september', 'ketiga', 'anak', 'usahanya', 'tiwa', 'abadi', 'tanur', 'jaya', 'fajar', 'sakti', 'prima', 'fsp', 'menyampaikan', 'pemberitahuan', 'keadaan', 'kahar', 'terhadap', 'kewajiban', 'pemenuhan', 'penyediaan', 'batubara', 'berdasarkan', 'perjanjian', 'penyediaan', 'batubara', 'coal', 'supply', 'agreement', 'pelanggannya', 'akibat', 'rkab', 'terbit', 'padahal', 'kata', 'manajemen', 'permohonan', 'persetujuan', 'perubahan', 'rkab', 'telah', 'diajukan', 'sesuai', 'ketentuan', 'perundang', 'undangan', 'berlaku', 'terbitnya', 'persetujuan', 'perubahan', 'rkab', 'kondisi', 'memengaruhi', 'kemampuan', 'bayan', 'resources', 'anak', 'anak', 'usahanya', 'memenuhi', 'kewajiban', 'pasokan', 'batu', 'bara', 'pelanggan', 'sehubungan', 'hal', 'perseroan', 'anak', 'anak', 'perusahaannya', 'memberitahukan', 'keadaan', 'atas', 'suatu', 'peristiwa', 'keadaan', 'kahar', 'force', 'majeure', 'pelanggannya', 'tulis', 'keterangan', 'tertulis', 'dikutip', 'keterbukaan', 'informasi', 'diterbitkannya', 'persetujuan', 'perubahan', 'rkab', 'mengakibatkan', 'dampak', 'cukup', 'material', 'terhadap', 'kelangsungan', 'usaha', 'perseroan', 'demikian', 'dilakukannya', 'pemberitahuan', 'keadaan', 'kahar', 'diharapkan', 'meminimalisir', 'risiko', 'konsekuensi', 'perseroan', 'anak', 'anak', 'perusahaannya', 'hrp', 'fdl']",finance,finance,1.0,True,233
183,"Riau - Peternak lebah Apis mellifera di Siak, Riau, mampu menghasilkan hingga 300 kilogram madu dalam sekali panen yang dilakukan setiap bulan.
Peternak mengeluarkan sarang lebah dari dalam kotak saat memanen madu lebah (Apis mellifera) di Desa Pinang Sebatang Barat, Kecamatan Tualang, Kabupaten Siak, Riau, kemarin. ANTARA FOTO/Rony Muharrman
Peternak setempat mampu menghasilkan sedikitnya 100–300 kilogram madu dalam sekali panen yang dilakukan sebulan sekali, dengan harga jual Rp30 ribu–Rp250 ribu per kemasan, dan hasil produksinya telah dipasarkan ke berbagai daerah, seperti Jakarta, Medan, dan Padang. ANTARA FOTO/Rony Muharrman
Pemasaran madu bahkan telah mencapai Malaysia, menunjukkan jangkauan produk peternak lebah setempat yang tidak hanya menyasar pasar lokal. ANTARA FOTO/Rony Muharrman",finance,"['riau', 'peternak', 'lebah', 'apis', 'mellifera', 'siak', 'riau', 'mampu', 'menghasilkan', 'kilogram', 'madu', 'sekali', 'panen', 'dilakukan', 'bulan', 'peternak', 'mengeluarkan', 'sarang', 'lebah', 'kotak', 'memanen', 'madu', 'lebah', 'apis', 'mellifera', 'desa', 'pinang', 'sebatang', 'barat', 'kecamatan', 'tualang', 'kabupaten', 'siak', 'riau', 'kemarin', 'foto', 'rony', 'muharrman', 'peternak', 'setempat', 'mampu', 'menghasilkan', 'sedikitnya', 'kilogram', 'madu', 'sekali', 'panen', 'dilakukan', 'sebulan', 'sekali', 'harga', 'jual', 'ribu', 'ribu', 'per', 'kemasan', 'hasil', 'produksinya', 'telah', 'dipasarkan', 'berbagai', 'daerah', 'jakarta', 'medan', 'padang', 'foto', 'rony', 'muharrman', 'pemasaran', 'madu', 'bahkan', 'telah', 'mencapai', 'malaysia', 'menunjukkan', 'jangkauan', 'produk', 'peternak', 'lebah', 'setempat', 'hanya', 'menyasar', 'pasar', 'lokal', 'foto', 'rony', 'muharrman']",finance,finance,1.0,True,87
161,"Harga minyak mentah dunia kembali memanas seiring munculnya kekhawatiran akan gangguan pasokan dari Timur Tengah. Jaringan pipa penting milik Arab Saudi masih belum beroperasi setelah mengalami serangan.
Melansir Reuters, Selasa (15/9/2026), harga minyak mentah Brent berjangka yang kerap menjadi patokan global pada pukul 00.26 GMT (07.26 WIB) tercatat naik hingga US$ 1,24 per barel atau 1,18% menjadi US$ 106,93 per barel.
Sementara itu, harga minyak mentah West Texas Intermediate (WTI) AS berjangka juga tercatat naik US$ 1,29 per barel atau 1,24% menjadi US$ 102,65 per barel. Kenaikan harga ini terjadi usai nilai produk minyak mentah yang menjadi patokan global itu naik 1,3% pada sesi sebelumnya.
Untuk diketahui, Arab Saudi telah menutup jalur pipa minyak utama mereka yang menghubungkan wilayah penghasil minyak di kawasan Teluk Persia dengan terminal ekspor di Laut Merah (East-West Pipeline) imbas serangan pasukan Houthi.
Masalah belum berhenti di sana, pasukan Houthi yang didukung oleh Iran di Yaman terus melancarkan serangan baru terhadap Arab Saudi hingga Senin (14/9) kemarin.
Kelompok Houthi melancarkan serangan rudal dan drone terhadap pangkalan udara militer Khamis Mushait di selatan Arab Saudi, menghantam hanggar pesawat, sistem radar, landasan pacu, dan gudang amunisi sebagai balasan atas serangan Saudi di Yaman.
Di sisi lain, negara-negara Teluk Arab menunda diskusi yang direncanakan dengan Iran. Kondisi-kondisi seperti inilah yang kemudian memicu kekhawatiran atas konflik di Timur Tengah dapat meluas dan mengganggu pasokan minyak global.
""Para pedagang minyak memperlakukan setiap serangan baru atau kerusakan infrastruktur sebagai tambahan risiko pasokan, sementara tetap sangat peka terhadap tanda-tanda bahwa aliran pipa Timur-Barat atau aliran Hormuz dapat kembali normal,"" kata Tim Waterer, kepala analis pasar di KCM Trade.
Dalam hal ini, Arab Saudi diperkirakan bisa kehabisan cadangan minyak yang tersedia untuk ekspor dalam beberapa hari ke depan yang berpotensi mengurangi hingga 4% pasokan minyak global dari pasar. Kecuali jika negara itu memulihkan operasi pada jalur East-West Pipeline.
Padahal, lalu lintas kapal komoditas melalui Selat Hormuz terus turun menjadi kurang dari 10 transit per hari selama akhir pekan kemarin, dari rata-rata 14 transit selama 10 hari terakhir. Membuat pengiriman melalui rute yang biasanya mengangkut sekitar 20% pasokan minyak global sebelum perang tersebut dinilai semakin sulit.
""Pertanyaan besar bagi para pedagang saat ini adalah berapa lama gangguan jalur pipa Timur-Barat akan berlangsung. Gangguan yang berkepanjangan dan hilangnya pasokan yang terkait dapat dengan mudah mendorong harga ke level yang lebih tinggi,"" tambah Waterer.
Simak juga Video 'Harga Minyak Meroket, Bahlil Pastikan Belum Ada Kenaikan BBM Subsidi':
(acd/acd)",finance,"['harga', 'minyak', 'mentah', 'dunia', 'kembali', 'memanas', 'seiring', 'munculnya', 'kekhawatiran', 'gangguan', 'pasokan', 'timur', 'tengah', 'jaringan', 'pipa', 'penting', 'milik', 'arab', 'saudi', 'beroperasi', 'mengalami', 'serangan', 'melansir', 'reuters', 'selasa', 'harga', 'minyak', 'mentah', 'brent', 'berjangka', 'kerap', 'menjadi', 'patokan', 'global', 'pukul', 'gmt', 'wib', 'tercatat', 'naik', 'per', 'barel', 'menjadi', 'per', 'barel', 'sementara', 'harga', 'minyak', 'mentah', 'west', 'texas', 'intermediate', 'wti', 'berjangka', 'tercatat', 'naik', 'per', 'barel', 'menjadi', 'per', 'barel', 'kenaikan', 'harga', 'terjadi', 'usai', 'nilai', 'produk', 'minyak', 'mentah', 'menjadi', 'patokan', 'global', 'naik', 'sesi', 'sebelumnya', 'diketahui', 'arab', 'saudi', 'telah', 'menutup', 'jalur', 'pipa', 'minyak', 'utama', 'menghubungkan', 'wilayah', 'penghasil', 'minyak', 'kawasan', 'teluk', 'persia', 'terminal', 'ekspor', 'laut', 'merah', 'east', 'west', 'pipeline', 'imbas', 'serangan', 'pasukan', 'houthi', 'masalah', 'berhenti', 'sana', 'pasukan', 'houthi', 'didukung', 'iran', 'yaman', 'terus', 'melancarkan', 'serangan', 'baru', 'terhadap', 'arab', 'saudi', 'senin', 'kemarin', 'kelompok', 'houthi', 'melancarkan', 'serangan', 'rudal', 'drone', 'terhadap', 'pangkalan', 'udara', 'militer', 'khamis', 'mushait', 'selatan', 'arab', 'saudi', 'menghantam', 'hanggar', 'pesawat', 'sistem', 'radar', 'landasan', 'pacu', 'gudang', 'amunisi', 'balasan', 'atas', 'serangan', 'saudi', 'yaman', 'sisi', 'lain', 'negara', 'negara', 'teluk', 'arab', 'menunda', 'diskusi', 'direncanakan', 'iran', 'kondisi', 'kondisi', 'inilah', 'memicu', 'kekhawatiran', 'atas', 'konflik', 'timur', 'tengah', 'meluas', 'mengganggu', 'pasokan', 'minyak', 'global', 'pedagang', 'minyak', 'memperlakukan', 'serangan', 'baru', 'kerusakan', 'infrastruktur', 'tambahan', 'risiko', 'pasokan', 'sementara', 'tetap', 'peka', 'terhadap', 'tanda', 'tanda', 'bahwa', 'aliran', 'pipa', 'timur', 'barat', 'aliran', 'hormuz', 'kembali', 'normal', 'kata', 'tim', 'waterer', 'kepala', 'analis', 'pasar', 'kcm', 'trade', 'hal', 'arab', 'saudi', 'diperkirakan', 'kehabisan', 'cadangan', 'minyak', 'tersedia', 'ekspor', 'hari', 'depan', 'berpotensi', 'mengurangi', 'pasokan', 'minyak', 'global', 'pasar', 'kecuali', 'negara', 'memulihkan', 'operasi', 'jalur', 'east', 'west', 'pipeline', 'padahal', 'lalu', 'lintas', 'kapal', 'komoditas', 'selat', 'hormuz', 'terus', 'turun', 'menjadi', 'kurang', 'transit', 'per', 'hari', 'akhir', 'pekan', 'kemarin', 'rata', 'rata', 'transit', 'hari', 'terakhir', 'membuat', 'pengiriman', 'rute', 'biasanya', 'mengangkut', 'sekitar', 'pasokan', 'minyak', 'global', 'perang', 'dinilai', 'semakin', 'sulit', 'pertanyaan', 'besar', 'pedagang', 'berapa', 'lama', 'gangguan', 'jalur', 'pipa', 'timur', 'barat', 'berlangsung', 'gangguan', 'berkepanjangan', 'hilangnya', 'pasokan', 'mudah', 'mendorong', 'harga', 'level', 'tinggi', 'tambah', 'waterer', 'simak', 'video', 'harga', 'minyak', 'meroket', 'bahlil', 'pastikan', 'kenaikan', 'bbm', 'subsidi', 'acd', 'acd']",finance,finance,1.0,True,298
103,"Purbaya Yudhi Sadewa sempat melontarkan pernyataan keras terhadap perusahaan asing yang dinilai meremehkan aturan di Indonesia. Pernyataan ini disampaikan Purbaya saat dirinya masih menjabat Menteri Keuangan (Menkeu)
Purbaya mengaku merasa dihina karena ada perusahaan yang menganggap aturan di Indonesia bisa dibereskan dengan membayar pihak tertentu.
Pernyataan tersebut ternyata menjadi salah satu komentar keras Purbaya menjelang akhir masa jabatannya. Beberapa jam setelahnya, Purbaya terkena reshuffle dan posisinya sebagai Menkeu digantikan Suahasil Nazara.
""Karena orang perusahaan-perusahaan sana tuh menghina saya. Dia bilang gini, nggak ada gunanya kita ikuti peraturan Indonesia, orang Indonesia nggak akan bisa berubah. Dibayar, selesai,"" ujar Purbaya dalam rapat dengan Komite IV DPD RI, di Kompleks Parlemen, Jakarta, Senin (14/9/2026).
Purbaya menegaskan tidak akan berkompromi terhadap praktik semacam itu. Eks Ketua Dewan Komisioner Lembaga Penjamin Simpanan (LPS) itu menyatakan siap mengambil tindakan tegas.
""Kita akan hantam yang gitu-gitu. Walaupun saya kelihatan ketawa-ketawa, dalam hati 'kurang ajar! Jadi yang itu saya nggak ada kompromi yang seperti itu,"" tegas Purbaya.
Hal ini diungkap Purbaya di tengah upayanya membenahi cara kerja jajaran perpajakan dalam mengumpulkan penerimaan negara. Purbaya mengakui proses ini menimbulkan keributan namun akan tetap dilakukannya.
""Jadi izin bapak-ibu saya sedang perbaiki di pajak juga, cara kerja mereka mengumpulkan pajak. Ada keributan sedikit-sedikit, tapi nggak apa-apa,"" sebut Purbaya.
Pembenahan akan terus dilakukan untuk meningkatkan penerimaan negara sekaligus menciptakan persaingan yang lebih adil bagi pengusaha domestik. Dengan begitu, kata Purbaya, pelaku usaha dalam negeri dapat terus berkembang dan membuka lebih banyak lapangan pekerjaan.
Saksikan Live DetikPagi:
Simak Video 'Apa Kebijakan Purbaya yang Bakal Ditinjau Ulang? Ini Kata Menkeu Suahasil':
(acd/acd)",finance,"['purbaya', 'yudhi', 'sadewa', 'sempat', 'melontarkan', 'pernyataan', 'keras', 'terhadap', 'perusahaan', 'asing', 'dinilai', 'meremehkan', 'aturan', 'indonesia', 'pernyataan', 'disampaikan', 'purbaya', 'dirinya', 'menjabat', 'menteri', 'keuangan', 'menkeu', 'purbaya', 'mengaku', 'merasa', 'dihina', 'perusahaan', 'menganggap', 'aturan', 'indonesia', 'dibereskan', 'membayar', 'pihak', 'tertentu', 'pernyataan', 'ternyata', 'menjadi', 'salah', 'satu', 'komentar', 'keras', 'purbaya', 'menjelang', 'akhir', 'masa', 'jabatannya', 'jam', 'setelahnya', 'purbaya', 'terkena', 'reshuffle', 'posisinya', 'menkeu', 'digantikan', 'suahasil', 'nazara', 'orang', 'perusahaan', 'perusahaan', 'sana', 'tuh', 'menghina', 'bilang', 'gini', 'nggak', 'gunanya', 'ikuti', 'peraturan', 'indonesia', 'orang', 'indonesia', 'nggak', 'berubah', 'dibayar', 'selesai', 'ujar', 'purbaya', 'rapat', 'komite', 'dpd', 'kompleks', 'parlemen', 'jakarta', 'senin', 'purbaya', 'menegaskan', 'berkompromi', 'terhadap', 'praktik', 'semacam', 'eks', 'ketua', 'dewan', 'komisioner', 'lembaga', 'penjamin', 'simpanan', 'lps', 'menyatakan', 'siap', 'mengambil', 'tindakan', 'tegas', 'hantam', 'gitu', 'gitu', 'walaupun', 'kelihatan', 'ketawa', 'ketawa', 'hati', 'kurang', 'ajar', 'jadi', 'nggak', 'kompromi', 'tegas', 'purbaya', 'hal', 'diungkap', 'purbaya', 'tengah', 'upayanya', 'membenahi', 'cara', 'kerja', 'jajaran', 'perpajakan', 'mengumpulkan', 'penerimaan', 'negara', 'purbaya', 'mengakui', 'proses', 'menimbulkan', 'keributan', 'tetap', 'dilakukannya', 'jadi', 'izin', 'bapak', 'ibu', 'sedang', 'perbaiki', 'pajak', 'cara', 'kerja', 'mengumpulkan', 'pajak', 'keributan', 'sedikit', 'sedikit', 'nggak', 'apa', 'apa', 'sebut', 'purbaya', 'pembenahan', 'terus', 'dilakukan', 'meningkatkan', 'penerimaan', 'negara', 'sekaligus', 'menciptakan', 'persaingan', 'adil', 'pengusaha', 'domestik', 'begitu', 'kata', 'purbaya', 'pelaku', 'usaha', 'negeri', 'terus', 'berkembang', 'membuka', 'banyak', 'lapangan', 'pekerjaan', 'saksikan', 'live', 'detikpagi', 'simak', 'video', 'apa', 'kebijakan', 'purbaya', 'bakal', 'ditinjau', 'ulang', 'kata', 'menkeu', 'suahasil', 'acd', 'acd']",finance,finance,1.0,True,197
164,"Sebanyak 753 Stasiun Pengisian dan Pengangkutan Bulk Elpiji (SPBE) Pertamina Patra Niaga di seluruh Indonesia telah menerapkan standar Barang Dalam Keadaan Terbungkus (BDKT) untuk pengisian LPG, baik subsidi maupun nonsubsidi.
Penerapan standar tersebut salah satunya dipastikan saat Wakil Menteri Perdagangan (Wamendag) Dyah Roro Esti Widya Putri mengunjungi Fuel Terminal (FT) Padalarang, Kabupaten Bandung Barat, Jawa Barat, Senin (14/9) kemarin.
Dalam kunjungan tersebut, Dyah Roro meninjau proses pengisian tabung LPG 3 kg di SPBE. Ia melihat langsung proses pengisian sekaligus pengecekan takaran dan keamanan tabung sebelum didistribusikan kepada masyarakat.
Direktur Pemasaran Retail Pertamina Patra Niaga Eko Ricky mengatakan proses pengisian LPG di SPBE Padalarang telah memenuhi ketentuan BDKT. Standar yang sama, kata dia, diterapkan di seluruh SPBE Pertamina Patra Niaga.
""Pertamina Patra Niaga berkomitmen penuh memastikan setiap tabung Elpiji yang diterima masyarakat memiliki kuantitas dan kualitas yang tepat sesuai standar. Saat ini, sebanyak 753 SPBE pengisian Elpiji, baik subsidi (PSO) maupun non-subsidi di seluruh Indonesia telah 100 persen menerapkan standar BDKT,"" ujar Eko Ricky.
Selain takaran, pengawasan juga mencakup aspek keamanan tabung LPG. Pertamina Patra Niaga melakukan sosialisasi, pengecekan, dan pengawasan di lapangan untuk memastikan LPG yang diterima konsumen sesuai takaran dan dalam kondisi aman.
Pengawasan tersebut dilakukan bersama Kementerian Perdagangan dan dinas terkait di masing-masing provinsi.
""Apresiasi setinggi-tingginya kami sampaikan kepada Kementerian Perdagangan, khususnya Direktorat Metrologi dan dinas terkait di daerah, yang intens berkolaborasi mendampingi pengawasan operasional kami di lapangan. Kami berkomitmen untuk memberikan layanan terbaik, baik dari segi kuantitas maupun kualitas produk Elpiji,"" tutur Eko Ricky.
Wakil Menteri Perdagangan Dyah Roro Esti Widya Putri mengatakan pengecekan takaran LPG 3 kg merupakan bagian dari pengawasan untuk memastikan konsumen memperoleh produk sesuai ketentuan.
""Pengawasan ini adalah wujud kehadiran pemerintah untuk melindungi hak-hak konsumen secara menyeluruh. Konsumen berhak mendapatkan Elpiji 3 kg dengan isi dan takaran yang presisi sesuai ketentuan. Kolaborasi yang erat ini penting untuk memastikan rantai distribusi Elpiji berjalan transparan dan tepat sasaran,"" ujar Wakil Menteri Perdagangan RI, Dyah Roro Esti Widya Putri.
Selain memastikan takaran dan keamanan, pengawasan juga dilakukan terhadap kelancaran rantai pasok LPG. Pertamina Patra Niaga dan Kementerian Perdagangan memastikan ketersediaan serta stok LPG di tingkat regional dan nasional tetap mencukupi.
Pengecekan tersebut dilakukan di tengah dinamika geopolitik global yang dapat memengaruhi rantai pasok energi.
Simak juga Video 'Cerita Bahlil Dapat Perintah Prabowo: Harga BBM dan LPG Subsidi Tidak Naik':
(fdl/fdl)",finance,"['sebanyak', 'stasiun', 'pengisian', 'pengangkutan', 'bulk', 'elpiji', 'spbe', 'pertamina', 'patra', 'niaga', 'seluruh', 'indonesia', 'telah', 'menerapkan', 'standar', 'barang', 'keadaan', 'terbungkus', 'bdkt', 'pengisian', 'lpg', 'baik', 'subsidi', 'nonsubsidi', 'penerapan', 'standar', 'salah', 'satunya', 'dipastikan', 'wakil', 'menteri', 'perdagangan', 'wamendag', 'dyah', 'roro', 'esti', 'widya', 'putri', 'mengunjungi', 'fuel', 'terminal', 'padalarang', 'kabupaten', 'bandung', 'barat', 'jawa', 'barat', 'senin', 'kemarin', 'kunjungan', 'dyah', 'roro', 'meninjau', 'proses', 'pengisian', 'tabung', 'lpg', 'spbe', 'melihat', 'langsung', 'proses', 'pengisian', 'sekaligus', 'pengecekan', 'takaran', 'keamanan', 'tabung', 'didistribusikan', 'masyarakat', 'direktur', 'pemasaran', 'retail', 'pertamina', 'patra', 'niaga', 'eko', 'ricky', 'mengatakan', 'proses', 'pengisian', 'lpg', 'spbe', 'padalarang', 'telah', 'memenuhi', 'ketentuan', 'bdkt', 'standar', 'sama', 'kata', 'diterapkan', 'seluruh', 'spbe', 'pertamina', 'patra', 'niaga', 'pertamina', 'patra', 'niaga', 'berkomitmen', 'penuh', 'memastikan', 'tabung', 'elpiji', 'diterima', 'masyarakat', 'memiliki', 'kuantitas', 'kualitas', 'tepat', 'sesuai', 'standar', 'sebanyak', 'spbe', 'pengisian', 'elpiji', 'baik', 'subsidi', 'pso', 'non', 'subsidi', 'seluruh', 'indonesia', 'telah', 'persen', 'menerapkan', 'standar', 'bdkt', 'ujar', 'eko', 'ricky', 'selain', 'takaran', 'pengawasan', 'mencakup', 'aspek', 'keamanan', 'tabung', 'lpg', 'pertamina', 'patra', 'niaga', 'melakukan', 'sosialisasi', 'pengecekan', 'pengawasan', 'lapangan', 'memastikan', 'lpg', 'diterima', 'konsumen', 'sesuai', 'takaran', 'kondisi', 'aman', 'pengawasan', 'dilakukan', 'bersama', 'kementerian', 'perdagangan', 'dinas', 'masing', 'masing', 'provinsi', 'apresiasi', 'setinggi', 'tingginya', 'sampaikan', 'kementerian', 'perdagangan', 'khususnya', 'direktorat', 'metrologi', 'dinas', 'daerah', 'intens', 'berkolaborasi', 'mendampingi', 'pengawasan', 'operasional', 'lapangan', 'berkomitmen', 'memberikan', 'layanan', 'terbaik', 'baik', 'segi', 'kuantitas', 'kualitas', 'produk', 'elpiji', 'tutur', 'eko', 'ricky', 'wakil', 'menteri', 'perdagangan', 'dyah', 'roro', 'esti', 'widya', 'putri', 'mengatakan', 'pengecekan', 'takaran', 'lpg', 'bagian', 'pengawasan', 'memastikan', 'konsumen', 'memperoleh', 'produk', 'sesuai', 'ketentuan', 'pengawasan', 'wujud', 'kehadiran', 'pemerintah', 'melindungi', 'hak', 'hak', 'konsumen', 'secara', 'menyeluruh', 'konsumen', 'berhak', 'mendapatkan', 'elpiji', 'isi', 'takaran', 'presisi', 'sesuai', 'ketentuan', 'kolaborasi', 'erat', 'penting', 'memastikan', 'rantai', 'distribusi', 'elpiji', 'berjalan', 'transparan', 'tepat', 'sasaran', 'ujar', 'wakil', 'menteri', 'perdagangan', 'dyah', 'roro', 'esti', 'widya', 'putri', 'selain', 'memastikan', 'takaran', 'keamanan', 'pengawasan', 'dilakukan', 'terhadap', 'kelancaran', 'rantai', 'pasok', 'lpg', 'pertamina', 'patra', 'niaga', 'kementerian', 'perdagangan', 'memastikan', 'ketersediaan', 'stok', 'lpg', 'tingkat', 'regional', 'nasional', 'tetap', 'mencukupi', 'pengecekan', 'dilakukan', 'tengah', 'dinamika', 'geopolitik', 'global', 'memengaruhi', 'rantai', 'pasok', 'energi', 'simak', 'video', 'cerita', 'bahlil', 'perintah', 'prabowo', 'harga', 'bbm', 'lpg', 'subsidi', 'naik', 'fdl', 'fdl']",finance,finance,1.0,True,301
152,"Bursa Efek Indonesia (BEI) mulai mengimplementasikan skema perdagangan short selling secara bertahap mulai hari ini, Selasa (15/9/2026). Implementasi diterapkan dengan tetap memperhatikan kesiapan infrastruktur dan pengelolaan risiko yang memadai.
Langkah ini diambil berdasarkan arahan Otoritas Jasa Keuangan (OJK) yang diterima BEI. Adapun Implementasi skema perdagangan short selling ini dijalankan berdasarkan ketentuan BEI.
""Pemberlakuan kembali implementasi sebagaimana dimaksud pada angka 1 mulai berlaku sejak tanggal 15 September 2026,"" tulis Direktur Perdagangan dan Pengaturan Anggota Bursa BEI, Irvan Susandy, dalam pengumumannya, dikutip Selasa (15/9/2026).
Selanjutnya, BEI akan menerbitkan Daftar Efek Short Selling sebagaimana diatur dalam ketentuan III.2 Peraturan Bursa Nomor II-H tentang Persyaratan dan Perdagangan Efek dalam Transaksi Margin dan Transaksi Short Selling pada tanggal 28 September 2026 yang akan berlaku efektif pada periode Oktober 2026.
Sebagai informasi, OJK sebelumnya menunda penerapan short selling berdasarkan surat OJK nomor S-101/D.04/2025 tanggal 17 September 2025. Surat tersebut memuat kebijakan penundaan implementasi pembiayaan transaksi short selling, trading halt, dan batasan auto rejection.
Kemudian implementasinya kembali ditunda berdasarkan surat OJK nomor S-9/D.04/2026 tanggal 13 Maret 2026. BEI juga melanjutkan penundaan implementasi short selling berdasarkan pengumuman nomor Peng-00042/BEI.POP/03-2026 tanggal 16 Maret 2026.
Sebagaimana informasi, short selling adalah strategi transaksi di pasar modal di mana investor menjual saham yang belum dimiliki dengan cara meminjamnya terlebih dahulu, dengan harapan dapat membelinya kembali di harga yang lebih rendah untuk meraup keuntungan.
Simak juga Video 'Bursa Tak Pasti, Investor Harus Apa?':
(acd/acd)",finance,"['bursa', 'efek', 'indonesia', 'bei', 'mulai', 'mengimplementasikan', 'skema', 'perdagangan', 'short', 'selling', 'secara', 'bertahap', 'mulai', 'hari', 'selasa', 'implementasi', 'diterapkan', 'tetap', 'memperhatikan', 'kesiapan', 'infrastruktur', 'pengelolaan', 'risiko', 'memadai', 'langkah', 'diambil', 'berdasarkan', 'arahan', 'otoritas', 'jasa', 'keuangan', 'ojk', 'diterima', 'bei', 'adapun', 'implementasi', 'skema', 'perdagangan', 'short', 'selling', 'dijalankan', 'berdasarkan', 'ketentuan', 'bei', 'pemberlakuan', 'kembali', 'implementasi', 'sebagaimana', 'dimaksud', 'angka', 'mulai', 'berlaku', 'sejak', 'tanggal', 'september', 'tulis', 'direktur', 'perdagangan', 'pengaturan', 'anggota', 'bursa', 'bei', 'irvan', 'susandy', 'pengumumannya', 'dikutip', 'selasa', 'selanjutnya', 'bei', 'menerbitkan', 'daftar', 'efek', 'short', 'selling', 'sebagaimana', 'diatur', 'ketentuan', 'iii', 'peraturan', 'bursa', 'nomor', 'tentang', 'persyaratan', 'perdagangan', 'efek', 'transaksi', 'margin', 'transaksi', 'short', 'selling', 'tanggal', 'september', 'berlaku', 'efektif', 'periode', 'oktober', 'informasi', 'ojk', 'sebelumnya', 'menunda', 'penerapan', 'short', 'selling', 'berdasarkan', 'surat', 'ojk', 'nomor', 'tanggal', 'september', 'surat', 'memuat', 'kebijakan', 'penundaan', 'implementasi', 'pembiayaan', 'transaksi', 'short', 'selling', 'trading', 'halt', 'batasan', 'auto', 'rejection', 'implementasinya', 'kembali', 'ditunda', 'berdasarkan', 'surat', 'ojk', 'nomor', 'tanggal', 'maret', 'bei', 'melanjutkan', 'penundaan', 'implementasi', 'short', 'selling', 'berdasarkan', 'pengumuman', 'nomor', 'peng', 'bei', 'pop', 'tanggal', 'maret', 'sebagaimana', 'informasi', 'short', 'selling', 'strategi', 'transaksi', 'pasar', 'modal', 'mana', 'investor', 'menjual', 'saham', 'dimiliki', 'cara', 'meminjamnya', 'terlebih', 'dahulu', 'harapan', 'membelinya', 'kembali', 'harga', 'rendah', 'meraup', 'keuntungan', 'simak', 'video', 'bursa', 'tak', 'pasti', 'investor', 'apa', 'acd', 'acd']",finance,finance,1.0,True,179
33,"Ketum PSSI Erick Thohir meminta maaf memberi target ambisius lolos Piala Dunia ke John Herdman. Target diberikan sebelum sang pelatih dipinang Timnas Indonesia.
John Herdman diperkenalkan sebagai pelatih Timnas Indonesia pada Januari 2026. Seperti dua pendahulunya, John Herdman diharapkan bisa menjadi sosok kunci untuk meloloskan Timnas Indonesia ke Piala Dunia.
Selain Piala Dunia, pelatih asal Inggris juga diharapkan mampu mempersembahkan trofi. Beberapa kejuaraan yang diikuti Indonesia seperti Piala AFF, atau FIFA ASEAN Cup menjadi kesempatan buat John Herdman untuk membuktikan diri.
""Mohon maaf kalau PSSI, Ketua Umumnya hari ini ambisius. Bukan karena... ya itu mimpi kita semua, begitu. Dan kami harus coba (memasang) target sebaik-baiknya,"" kata Erick Thohir kepada wartawan, Senin (15/9/2026).
""Ada beberapa pelatih Tim Nasional ditargetkan pada saat itu untuk lolos, ya. Ada juga yang persiapan sebelumnya. Jadi semuanya saya rasa tadi yang disampaikan Coach John bahwa PSSI hari ini ambisius, Ketua Umumnya ambisius, ya saya mengucapkan mohon maaf. Ya tidak lain ini bagian dari yang kita presentasikan kepada FIFA setelah Kanjuruhan waktu itu,"" ujarnya menambahkan.
Dalam blueprint (Garuda Mendunia) yang diserahkan PSSI ke FIFA pasca Tragedi Kanjuruhan 2022, tercantum target Indonesia lolos ke Piala Dunia 2038. Dalam perjalanannya, Timnas Indonesia punya peluang lebih cepat lolos ke Piala Dunia.
Garuda sempat tampil menjanjikan dan melaju hingga Ronde 4 Kualifikasi Piala Dunia 2026. Euforia suporter memuncak, setiap laga kandang Timnas Indonesia hampir selalu penuh penonton yang membangkitkan harapan lolos ke Piala Dunia kian dekat.
Meski pada akhirnya gagal tercapai, kini Piala Dunia selalu menjadi target yang dipasang kepada setiap pelatih yang ditawari menangani Timnas Indonesia. Tidak terkecuali John Herdman yang dibebani target ambisius dari PSSI setelah kiprah Garuda di kualifikasi sebelumnya.
""Kita ingin lolos Piala Dunia tahun 2038 kalau tidak salah, cuman kemarin kita lihat ada momentum, kita percepat kebangkitan bola kita. Ya, mohon maaf kalau dilihat dengan perspektif yang berbeda. Kita harus punya mimpi setinggi-tingginya, ya proses dan kesehariannya yang kita harus jaga,"" tutur Erick Thohir.
Adapun John Herdman mengaku tertantang dengan target yang diberikan PSSI. Menurutnya, justru ambisi besar PSSI yang membuatnya tertarik untuk menangani Garuda.
""Itu tipikal Pak Erick (Thohir). Pak Erick membawa saya ke sini karena dia menjual mimpi kepada saya untuk lolos ke Piala Dunia 2030. Dia memiliki ambisi besar untuk finis di delapan besar AFC pada 2027 dan memenangkan sebuah trofi, menjadi yang pertama,"" ucap John Herdman.
""Anda tentu ingin mengikuti orang seperti itu. Anda ingin menjadi bagian dari sejarah yang sedang ditulis di negara ini. Kita semua mendapat kesempatan dalam 10 hari untuk memulai perjalanan itu menuju trofi pertama (FIFA ASEAN Cup) kita dan meraihnya,"" katanya lagi.
(mro/aff)",sport,"['ketum', 'pssi', 'erick', 'thohir', 'meminta', 'maaf', 'memberi', 'target', 'ambisius', 'lolos', 'piala', 'dunia', 'john', 'herdman', 'target', 'diberikan', 'sang', 'pelatih', 'dipinang', 'timnas', 'indonesia', 'john', 'herdman', 'diperkenalkan', 'pelatih', 'timnas', 'indonesia', 'januari', 'dua', 'pendahulunya', 'john', 'herdman', 'diharapkan', 'menjadi', 'sosok', 'kunci', 'meloloskan', 'timnas', 'indonesia', 'piala', 'dunia', 'selain', 'piala', 'dunia', 'pelatih', 'asal', 'inggris', 'diharapkan', 'mampu', 'mempersembahkan', 'trofi', 'kejuaraan', 'diikuti', 'indonesia', 'piala', 'aff', 'fifa', 'asean', 'cup', 'menjadi', 'kesempatan', 'buat', 'john', 'herdman', 'membuktikan', 'diri', 'mohon', 'maaf', 'pssi', 'ketua', 'umumnya', 'hari', 'ambisius', 'mimpi', 'begitu', 'coba', 'memasang', 'target', 'sebaik', 'baiknya', 'kata', 'erick', 'thohir', 'wartawan', 'senin', 'pelatih', 'tim', 'nasional', 'ditargetkan', 'lolos', 'persiapan', 'sebelumnya', 'jadi', 'semuanya', 'rasa', 'tadi', 'disampaikan', 'coach', 'john', 'bahwa', 'pssi', 'hari', 'ambisius', 'ketua', 'umumnya', 'ambisius', 'mengucapkan', 'mohon', 'maaf', 'lain', 'bagian', 'presentasikan', 'fifa', 'kanjuruhan', 'waktu', 'ujarnya', 'menambahkan', 'blueprint', 'garuda', 'mendunia', 'diserahkan', 'pssi', 'fifa', 'pasca', 'tragedi', 'kanjuruhan', 'tercantum', 'target', 'indonesia', 'lolos', 'piala', 'dunia', 'perjalanannya', 'timnas', 'indonesia', 'punya', 'peluang', 'cepat', 'lolos', 'piala', 'dunia', 'garuda', 'sempat', 'tampil', 'menjanjikan', 'melaju', 'ronde', 'kualifikasi', 'piala', 'dunia', 'euforia', 'suporter', 'memuncak', 'laga', 'kandang', 'timnas', 'indonesia', 'hampir', 'selalu', 'penuh', 'penonton', 'membangkitkan', 'harapan', 'lolos', 'piala', 'dunia', 'kian', 'dekat', 'meski', 'akhirnya', 'gagal', 'tercapai', 'kini', 'piala', 'dunia', 'selalu', 'menjadi', 'target', 'dipasang', 'pelatih', 'ditawari', 'menangani', 'timnas', 'indonesia', 'terkecuali', 'john', 'herdman', 'dibebani', 'target', 'ambisius', 'pssi', 'kiprah', 'garuda', 'kualifikasi', 'sebelumnya', 'ingin', 'lolos', 'piala', 'dunia', 'tahun', 'salah', 'cuman', 'kemarin', 'lihat', 'momentum', 'percepat', 'kebangkitan', 'bola', 'mohon', 'maaf', 'dilihat', 'perspektif', 'berbeda', 'punya', 'mimpi', 'setinggi', 'tingginya', 'proses', 'kesehariannya', 'jaga', 'tutur', 'erick', 'thohir', 'adapun', 'john', 'herdman', 'mengaku', 'tertantang', 'target', 'diberikan', 'pssi', 'menurutnya', 'justru', 'ambisi', 'besar', 'pssi', 'membuatnya', 'tertarik', 'menangani', 'garuda', 'tipikal', 'pak', 'erick', 'thohir', 'pak', 'erick', 'membawa', 'sini', 'menjual', 'mimpi', 'lolos', 'piala', 'dunia', 'memiliki', 'ambisi', 'besar', 'finis', 'delapan', 'besar', 'afc', 'memenangkan', 'sebuah', 'trofi', 'menjadi', 'pertama', 'ucap', 'john', 'herdman', 'tentu', 'ingin', 'mengikuti', 'orang', 'ingin', 'menjadi', 'bagian', 'sejarah', 'sedang', 'ditulis', 'negara', 'mendapat', 'kesempatan', 'hari', 'memulai', 'perjalanan', 'menuju', 'trofi', 'pertama', 'fifa', 'asean', 'cup', 'meraihnya', 'katanya', 'mro', 'aff']",sport,sport,1.0,True,294
122,"Direktur Jenderal Pajak (DJP) Bimo Wijayanto memastikan pencairan restitusi kepada wajib pajak sesuai dengan standar operasional dan prosedur (SOP). Hal ini disampaikan Bimo di tengah pergantian pucuk kepemimpinan di Kementerian Keuangan.
Bimo mengatakan pencairan restitusi dilakukan secara selektif, terukur, dan terencana, dan terarah pada sektor yang patuh.
""Jadi itu resitusi memang secara selektif, lebih terukur, lebih terencana, terarah sesuai dengan sektor yang memang betul-betul patuh. Yang lain ya dalam pemeriksaan,"" ujar Bimo saat ditemui di Kementerian Keuangan, Jakarta, Selasa (15/9/2026).
Bimo mengatakan restitusi pajak dicairkan juga melalui SOP yang sudah ditetapkan. Ke depan, kebijakan restitusi pajak akan dilaksanakan sesuai dengan arahan Menteri Keuangan (Menkeu) yang baru, Suahasil Nazara.
""Dan pemeriksaan juga ada standarnya, SOP-nya tentu Direkturat Jenderal Pajak tidak pada posisi untuk melanggar SOP. Tentu sesuai dengan arahan Pak Sua, bagaimana dan segala macemnya. Tentu kan kita juga harus menyesuaikan dengan kebutuhan pendanaan pembangunan. Kemudian juga manage defisit supaya APBN tetap posturnya kuat, sehat, tangguh, berkelanjutan,"" beber ia.
Sebagai informasi, restitusi pajak masih menjadi salah satu hambatan yang disorot oleh pengusaha. Ketua Umum Asosiasi Pengusaha Indonesia (Apindo) Shinta Kamdani berharap restitusi pajak ini dapat diselesaikan. Sebab, hal tersebut menjadi salah satu yang membebankan perusahaan.
""Harapannya tentunya ada mekanisme ya penyelesaian. Tapi harapan kami semoga ini juga bisa diselesaikan, tentunya akan sangat membebankan perusahaan terutama dari segi arus kas. Karena restitusi itu sangat penting untuk mereka bisa jalankan usaha,"" ujar Shinta di Kemenkeu.
Seperti diketahui, restitusi pajak adalah mekanisme pengembalian dana kepada wajib pajak ketika mereka telah membayar pajak lebih besar dari yang seharusnya. Menurut keterangan Direktorat Jenderal Pajak (DJP), restitusi dapat dilakukan atas dua kondisi, yakni:
1. Pengembalian kelebihan pembayaran pajak yang seharusnya tidak terutang (kondisi ini terjadi dimana Wajib Pajak membayar pajak padahal seharusnya tidak terutang pajak), dan
2. Pengembalian kelebihan pembayaran pajak PPh, PPN, dan/atau PPnBM (kondisi ini terjadi dimana Wajib Pajak membayar pajak lebih besar dari yang semestinya).
(acd/acd)",finance,"['direktur', 'jenderal', 'pajak', 'djp', 'bimo', 'wijayanto', 'memastikan', 'pencairan', 'restitusi', 'wajib', 'pajak', 'sesuai', 'standar', 'operasional', 'prosedur', 'sop', 'hal', 'disampaikan', 'bimo', 'tengah', 'pergantian', 'pucuk', 'kepemimpinan', 'kementerian', 'keuangan', 'bimo', 'mengatakan', 'pencairan', 'restitusi', 'dilakukan', 'secara', 'selektif', 'terukur', 'terencana', 'terarah', 'sektor', 'patuh', 'jadi', 'resitusi', 'memang', 'secara', 'selektif', 'terukur', 'terencana', 'terarah', 'sesuai', 'sektor', 'memang', 'betul', 'betul', 'patuh', 'lain', 'pemeriksaan', 'ujar', 'bimo', 'ditemui', 'kementerian', 'keuangan', 'jakarta', 'selasa', 'bimo', 'mengatakan', 'restitusi', 'pajak', 'dicairkan', 'sop', 'ditetapkan', 'depan', 'kebijakan', 'restitusi', 'pajak', 'dilaksanakan', 'sesuai', 'arahan', 'menteri', 'keuangan', 'menkeu', 'baru', 'suahasil', 'nazara', 'pemeriksaan', 'standarnya', 'sop', 'nya', 'tentu', 'direkturat', 'jenderal', 'pajak', 'posisi', 'melanggar', 'sop', 'tentu', 'sesuai', 'arahan', 'pak', 'sua', 'bagaimana', 'segala', 'macemnya', 'tentu', 'kan', 'menyesuaikan', 'kebutuhan', 'pendanaan', 'pembangunan', 'manage', 'defisit', 'supaya', 'apbn', 'tetap', 'posturnya', 'kuat', 'sehat', 'tangguh', 'berkelanjutan', 'beber', 'informasi', 'restitusi', 'pajak', 'menjadi', 'salah', 'satu', 'hambatan', 'disorot', 'pengusaha', 'ketua', 'umum', 'asosiasi', 'pengusaha', 'indonesia', 'apindo', 'shinta', 'kamdani', 'berharap', 'restitusi', 'pajak', 'diselesaikan', 'sebab', 'hal', 'menjadi', 'salah', 'satu', 'membebankan', 'perusahaan', 'harapannya', 'tentunya', 'mekanisme', 'penyelesaian', 'harapan', 'semoga', 'diselesaikan', 'tentunya', 'membebankan', 'perusahaan', 'terutama', 'segi', 'arus', 'kas', 'restitusi', 'penting', 'jalankan', 'usaha', 'ujar', 'shinta', 'kemenkeu', 'diketahui', 'restitusi', 'pajak', 'mekanisme', 'pengembalian', 'dana', 'wajib', 'pajak', 'telah', 'membayar', 'pajak', 'besar', 'seharusnya', 'menurut', 'keterangan', 'direktorat', 'jenderal', 'pajak', 'djp', 'restitusi', 'dilakukan', 'atas', 'dua', 'kondisi', 'pengembalian', 'kelebihan', 'pembayaran', 'pajak', 'seharusnya', 'terutang', 'kondisi', 'terjadi', 'dimana', 'wajib', 'pajak', 'membayar', 'pajak', 'padahal', 'seharusnya', 'terutang', 'pajak', 'pengembalian', 'kelebihan', 'pembayaran', 'pajak', 'pph', 'ppn', 'ppnbm', 'kondisi', 'terjadi', 'dimana', 'wajib', 'pajak', 'membayar', 'pajak', 'besar', 'semestinya', 'acd', 'acd']",finance,finance,1.0,True,224
