v_0,v_1,v_2,v_3,v_4,v_5,v_6,v_7,v_8,v_9,v_10,v_11,v_12,v_13,v_14,v_15,v_16,v_17,v_18,v_19,v_20,v_21,v_22,v_23,v_24,v_25,v_26,v_27,v_28,v_29,v_30,v_31,v_32,v_33,v_34,v_35,v_36,v_37,v_38,v_39,v_40,v_41,v_42,v_43,v_44,v_45,v_46,v_47,v_48,v_49,v_50,v_51,v_52,v_53,v_54,v_55,v_56,v_57,v_58,v_59,v_60,v_61,v_62,v_63,v_64,v_65,v_66,v_67,v_68,v_69,v_70,v_71,v_72,v_73,v_74,v_75,v_76,v_77,v_78,v_79,v_80,v_81,v_82,v_83,v_84,v_85,v_86,v_87,v_88,v_89,v_90,v_91,v_92,v_93,v_94,v_95,v_96,v_97,v_98,v_99,Label
-0.044201706,0.23209597,0.1151669,-0.11543482,0.21038026,-0.13465846,-0.07851285,0.27319473,-0.20466757,-0.103986196,0.044991538,-0.12678623,-0.10473744,0.02413322,0.20682475,-0.2573943,-0.15512998,-0.09922806,0.08742479,-0.31048417,0.12820175,0.20843805,0.23359424,-0.27120697,-0.15132257,-0.058599688,-0.045596637,0.19045189,-0.12964532,0.17913741,0.15071148,0.054700248,0.103098094,-0.16131292,-0.012660787,0.05644985,0.040154275,-0.031741094,0.06510292,-0.21132787,0.08090409,-0.23969485,0.08080071,0.016540447,0.14762232,0.00542523,-0.007939254,-0.14188002,0.056722034,0.041652255,0.018767824,-0.16460979,-0.05637313,0.013261267,0.011826457,-0.12181338,0.065827325,-0.049035817,-0.011714996,0.11124613,0.11292193,0.09137281,0.05353051,0.049249314,-0.20505849,0.23055047,0.11854653,0.021766638,-0.25378528,0.14839914,-0.20218766,-0.10754372,0.13254896,0.034900367,0.06375102,0.075387135,-0.083115555,0.15502709,-0.07023509,0.026037384,-0.09683844,0.06223158,-0.19597976,0.10750984,0.05076989,0.064239964,0.045046594,0.1735776,0.08135418,0.028683137,0.14148565,-0.11214833,0.13668229,0.029038206,0.124703966,-0.016848445,0.18483467,-0.1918123,0.06243488,-0.08466947,sport
-0.049799148,0.2620658,0.1222662,-0.13061203,0.21841004,-0.14012998,-0.083158866,0.28919306,-0.22815627,-0.118816316,0.040748168,-0.12918866,-0.11360416,0.021650616,0.21630304,-0.2896887,-0.17369562,-0.1029127,0.10611286,-0.34091392,0.14366618,0.22395942,0.25945887,-0.29464492,-0.15833499,-0.07067386,-0.0478816,0.1999295,-0.13756655,0.1921545,0.15929185,0.058528073,0.10397451,-0.16901234,-0.009694606,0.0674722,0.036046036,-0.021077499,0.06490484,-0.23270611,0.08889871,-0.26101753,0.08879157,0.02403388,0.14073038,-0.008855238,-0.0023953377,-0.15854478,0.0527368,0.045440145,0.023090787,-0.18590663,-0.061014652,-0.0010407937,0.008508591,-0.12795725,0.06712669,-0.054563794,-0.032327168,0.11317206,0.11603933,0.097135715,0.06791377,0.051256396,-0.21288046,0.2544315,0.12831506,0.021859026,-0.2737985,0.14516526,-0.22169179,-0.10506304,0.14201018,0.029900678,0.082095616,0.0877841,-0.09785987,0.17095496,-0.080616385,0.0440896,-0.10674757,0.06894976,-0.21874401,0.10069548,0.0495759,0.066490054,0.04915555,0.18885578,0.087490015,0.04398579,0.16390526,-0.12190424,0.14019541,0.027436515,0.14183512,-0.021273252,0.21192433,-0.21251462,0.06128115,-0.07962939,sport
-0.014894057,0.2263581,0.12661326,-0.11846408,0.2641536,-0.15044324,-0.09351808,0.2892192,-0.21178593,-0.089529335,0.04584492,-0.17221855,-0.13553083,0.046296723,0.26659805,-0.24715959,-0.15847422,-0.10807564,0.082445785,-0.31493834,0.12232742,0.2271605,0.24443795,-0.28434914,-0.1721532,-0.07195567,-0.04119903,0.22217946,-0.14435343,0.18888694,0.17374708,0.06565923,0.13300116,-0.15872785,-0.026207902,0.043792978,0.0753021,-0.06006825,0.113343626,-0.22027363,0.076322846,-0.27496505,0.05717023,2.697879e-05,0.2108375,0.04862619,-0.030164594,-0.15454303,0.086071074,0.027399682,0.0014374992,-0.1512096,-0.05529426,0.069100276,-0.0047745625,-0.13178965,0.07802838,-0.08026408,0.055651255,0.15600087,0.13091037,0.10684916,0.021514997,0.06316439,-0.2334818,0.25033006,0.12736313,0.013094202,-0.28380528,0.17080684,-0.21890986,-0.15038656,0.13050918,0.05648902,0.02355726,0.08357336,-0.06704758,0.13830604,-0.049289383,-0.0077819256,-0.071554154,0.06013389,-0.17828427,0.13641986,0.09317789,0.11223478,0.039493572,0.1783303,0.09556584,-0.0068372814,0.15846695,-0.143848,0.17662577,0.039149072,0.10538698,-0.010231521,0.1827179,-0.20109743,0.0941482,-0.12467376,sport
-0.033397406,0.2624845,0.11810392,-0.13215314,0.2130022,-0.16337745,-0.08358488,0.28504956,-0.22974998,-0.11997883,0.004080091,-0.12945823,-0.070538126,0.029405894,0.21178402,-0.29899576,-0.16858155,-0.104297295,0.12845846,-0.35187107,0.15980618,0.19561763,0.21776974,-0.28706157,-0.14852777,-0.07345689,-0.049690127,0.19536129,-0.1386888,0.1607491,0.15390302,0.062948994,0.07892278,-0.18151616,-0.0030974855,0.12167082,0.05039806,-0.011553899,0.038260426,-0.23284324,0.08674467,-0.25598302,0.10895162,0.040666264,0.14961986,0.0013989051,-0.017105367,-0.14051215,0.07313194,0.053948384,0.036021113,-0.18352807,-0.04855472,-0.017576732,0.016820334,-0.10258621,0.0320525,-0.041545674,-0.06384331,0.07067445,0.09945961,0.08641461,0.05234617,0.072616346,-0.16658393,0.24813719,0.12025301,0.048648942,-0.2478019,0.15856475,-0.23788188,-0.07123797,0.12960872,0.006734756,0.11872761,0.11341123,-0.09517421,0.20788473,-0.038127773,0.04573263,-0.12549785,0.087368384,-0.25627655,0.11315943,0.04784963,0.059993263,0.064727284,0.18742771,0.12925658,0.08688476,0.17488155,-0.10984502,0.106810994,0.02880121,0.16109294,-0.011472555,0.19117483,-0.17781436,0.07244438,-0.08324246,sport
-0.035724357,0.24811132,0.11927323,-0.12005708,0.18317854,-0.14912896,-0.0649148,0.26472613,-0.21201083,-0.11655526,0.019220235,-0.13250919,-0.09788293,0.0202471,0.19193456,-0.3043801,-0.16568334,-0.11463966,0.098430194,-0.3391332,0.13658236,0.21267357,0.22755909,-0.2626708,-0.13789257,-0.07332122,-0.03954009,0.16342743,-0.13168147,0.18634297,0.15374102,0.05606982,0.08655964,-0.14996429,-0.0032551936,0.10882576,0.044426415,-0.022061935,0.03082292,-0.22111826,0.082750805,-0.22908542,0.09125601,0.040047172,0.11858451,-0.018022275,-0.013270202,-0.13967448,0.057969946,0.04500423,0.022301625,-0.19033931,-0.051876597,-0.02513404,0.0010047327,-0.10824684,0.044016693,-0.042671084,-0.059174657,0.070582695,0.09382589,0.08992929,0.069517665,0.046540286,-0.19459407,0.23215424,0.097139716,0.028667552,-0.24592765,0.1504907,-0.19897231,-0.044288736,0.121207476,0.006247145,0.11611278,0.09145067,-0.09850992,0.17686594,-0.09057043,0.051998455,-0.12106049,0.0604785,-0.22599232,0.0944184,0.032726172,0.058976833,0.053539407,0.1758344,0.0891689,0.07267082,0.14958753,-0.09689515,0.103410885,0.03690509,0.17341445,0.006010948,0.2043484,-0.18257591,0.050590407,-0.050165385,sport
-0.04555409,0.27856705,0.1184984,-0.13956638,0.21577382,-0.16147034,-0.08827871,0.29364634,-0.23979385,-0.127514,0.011915508,-0.11393136,-0.07183235,0.0224498,0.20979506,-0.30584997,-0.17467913,-0.10460831,0.1280478,-0.3671554,0.16545142,0.20088413,0.23136818,-0.3020224,-0.15472743,-0.071450785,-0.059216082,0.20014642,-0.13960406,0.16512227,0.15487394,0.059342094,0.08364505,-0.19236737,0.0002017653,0.11457876,0.038845822,0.0006377026,0.036711518,-0.2407203,0.093707636,-0.2614416,0.11687102,0.042119056,0.14259978,-0.015030932,-0.008673737,-0.14957051,0.06275965,0.05807605,0.04462494,-0.18916789,-0.05061681,-0.023371303,0.017377667,-0.110906936,0.04214165,-0.038368136,-0.075649515,0.07493317,0.10190092,0.08497604,0.05939129,0.07427531,-0.17541702,0.25827962,0.13341889,0.047573626,-0.2599684,0.15622216,-0.24080384,-0.07716769,0.13971098,0.008933721,0.12285912,0.11292623,-0.10291132,0.21562357,-0.046293553,0.05692008,-0.13256268,0.08946827,-0.2637627,0.11234907,0.043132555,0.056960974,0.06773699,0.19511518,0.12734333,0.09295161,0.17877078,-0.114370994,0.113193534,0.022527225,0.16052555,-0.02156436,0.19541247,-0.1876015,0.06457667,-0.08085576,sport
-0.032423526,0.29840654,0.1284574,-0.15076919,0.21838203,-0.18540794,-0.07957093,0.30783394,-0.25341517,-0.14472964,-0.0016161368,-0.13874125,-0.07331351,0.031200605,0.21883358,-0.35628042,-0.1859286,-0.12064753,0.1362535,-0.40912983,0.17519727,0.2228464,0.2437903,-0.30692142,-0.15675177,-0.08175475,-0.054999292,0.19438128,-0.14496432,0.18988907,0.16975127,0.0702032,0.078971595,-0.19454628,0.0012530475,0.15867777,0.048879243,-0.0009599713,0.021541385,-0.25333175,0.10197585,-0.2645962,0.13321751,0.057518143,0.13737328,-0.01655884,-0.020313635,-0.15815502,0.07373707,0.062492635,0.03885888,-0.222819,-0.04825931,-0.042149723,0.015386005,-0.106590174,0.026333299,-0.040716402,-0.09960916,0.05632051,0.09916694,0.08915728,0.07610682,0.07117333,-0.18625388,0.2771093,0.118007615,0.05143652,-0.27201262,0.17397536,-0.24798502,-0.035654075,0.13770896,-0.0024733045,0.16004974,0.12555516,-0.11271492,0.23461086,-0.06980987,0.07085698,-0.15477362,0.09254337,-0.29466107,0.114923894,0.03859583,0.05794562,0.077141754,0.20607552,0.13144508,0.114980906,0.18723884,-0.10984598,0.0990833,0.036804684,0.20971401,0.0032341566,0.22332138,-0.1932249,0.0657895,-0.066548325,sport
-0.032260347,0.24540494,0.112901844,-0.12427305,0.20429547,-0.15152504,-0.07895884,0.26805875,-0.21084753,-0.1141481,0.015104668,-0.1274057,-0.08110843,0.02976484,0.20186292,-0.28426054,-0.15674137,-0.10664737,0.103896335,-0.3357821,0.14229524,0.19469683,0.2157357,-0.26173744,-0.14224608,-0.06418859,-0.047438946,0.18481956,-0.12923291,0.17050079,0.14898841,0.062052347,0.08746296,-0.16807626,-0.0036848735,0.10155275,0.044663887,-0.019013608,0.046277292,-0.21629158,0.0831922,-0.23570456,0.09914135,0.03188027,0.14221235,-0.0003865327,-0.018998481,-0.13620088,0.06183664,0.04561548,0.030629091,-0.17691667,-0.049200334,-0.0030978122,0.0071381684,-0.10622418,0.04486035,-0.04344519,-0.0435762,0.07833706,0.09627225,0.0822961,0.050702393,0.06443047,-0.18344568,0.23393993,0.11661324,0.038404264,-0.24284762,0.15778683,-0.20925666,-0.070224844,0.12126618,0.014071556,0.10111174,0.095758036,-0.086891286,0.18168584,-0.05287634,0.04051202,-0.11436568,0.07075706,-0.22590637,0.11607963,0.04790158,0.062544204,0.050462347,0.17474842,0.10436832,0.06420537,0.15273401,-0.10320479,0.11550314,0.031032974,0.15310133,-0.0041448767,0.18547928,-0.17374332,0.06510005,-0.073418334,sport
-0.03367069,0.26670632,0.12001532,-0.13443299,0.20481312,-0.16520452,-0.0813519,0.28931248,-0.2319442,-0.12600982,0.010555597,-0.12945724,-0.07647271,0.029978424,0.21278685,-0.31558865,-0.1691274,-0.113883585,0.12551889,-0.36630392,0.16520023,0.21123506,0.22960418,-0.29402137,-0.15604979,-0.07461238,-0.04527444,0.18471938,-0.13754459,0.17730826,0.16107123,0.059566125,0.076736756,-0.17936772,-0.0046121934,0.12765431,0.049087815,-0.0070656408,0.02495308,-0.23214552,0.09709413,-0.2546404,0.112305745,0.045331612,0.14403667,-0.008342517,-0.012200456,-0.14703801,0.0731113,0.055515345,0.031665433,-0.19177666,-0.051027924,-0.027396465,0.016032854,-0.10377105,0.037773784,-0.039706856,-0.076740414,0.066856265,0.09667727,0.08887535,0.06195786,0.067498066,-0.17616668,0.25391176,0.110737085,0.039547488,-0.25428283,0.16175945,-0.2315344,-0.060654797,0.1322118,0.0028917722,0.13497584,0.10767537,-0.101811245,0.20570442,-0.06084275,0.05612014,-0.12925532,0.07909412,-0.26566443,0.10838457,0.03978005,0.060107857,0.06576083,0.19353051,0.12481531,0.09330906,0.1758165,-0.109599754,0.10206303,0.035463154,0.17103735,-0.005101903,0.20109509,-0.18654907,0.0643166,-0.07093785,sport
-0.066011615,0.28929117,0.12104631,-0.14561231,0.24850377,-0.15531594,-0.09563799,0.32790536,-0.25203985,-0.13708071,0.056246437,-0.10902225,-0.08684194,0.027669944,0.2268649,-0.29598927,-0.17914934,-0.09240056,0.114538446,-0.37524813,0.1730136,0.23201765,0.27584025,-0.34266695,-0.17499338,-0.060797147,-0.06712902,0.22397625,-0.13979194,0.18863781,0.16265509,0.05309827,0.104981706,-0.22111455,-0.013011202,0.0683363,0.02012887,0.011417717,0.06331377,-0.25006774,0.115928315,-0.28308412,0.124782026,0.028828494,0.1529744,-0.0038735268,0.0032329345,-0.18025461,0.059229083,0.062703125,0.039234806,-0.18442194,-0.057819508,-0.007497354,0.03129638,-0.14537178,0.080961294,-0.045854405,-0.054246884,0.12458998,0.13211296,0.09272745,0.07660466,0.06350419,-0.20860423,0.27979127,0.14985023,0.027869355,-0.29862502,0.1551031,-0.25550625,-0.12950152,0.17092931,0.049331333,0.096761435,0.087386355,-0.10017606,0.2017447,-0.06323397,0.04233083,-0.1169235,0.097328044,-0.26154482,0.11203862,0.045688935,0.051063035,0.068093926,0.21751627,0.11047977,0.062077977,0.17853184,-0.12818697,0.14634125,0.014686157,0.13111478,-0.04439746,0.1990966,-0.22546327,0.06986043,-0.10939516,sport
-0.053502344,0.30099216,0.12078059,-0.1527057,0.2347715,-0.17044896,-0.09357817,0.3244227,-0.2646422,-0.13929072,0.022301635,-0.11013429,-0.07003722,0.027181372,0.22274294,-0.32749343,-0.18390878,-0.103463046,0.14292377,-0.39537188,0.18962932,0.21465923,0.25057325,-0.34148136,-0.17313686,-0.0744058,-0.06421469,0.21044114,-0.14509326,0.1761013,0.16539776,0.06012357,0.08465534,-0.21641797,-0.00358444,0.1219106,0.03184175,0.01778892,0.03580995,-0.25521657,0.116211765,-0.28465578,0.1335122,0.046190083,0.14998382,-0.013810018,-0.0006079498,-0.16819406,0.07003996,0.06665216,0.046146665,-0.19321857,-0.048282184,-0.028603157,0.028292894,-0.12093465,0.05379562,-0.044479597,-0.08744976,0.08740891,0.11299465,0.0885266,0.07195037,0.07977344,-0.18342617,0.27602157,0.13942331,0.04459902,-0.28259906,0.16498503,-0.2622795,-0.09171437,0.15954334,0.020323992,0.14078926,0.11154124,-0.111772574,0.23151559,-0.047898192,0.06002598,-0.13700306,0.10011686,-0.2982964,0.115090236,0.03750104,0.050010033,0.0775862,0.2211244,0.14206973,0.10493727,0.19754177,-0.12140051,0.1122723,0.017710913,0.16186938,-0.034693446,0.19974308,-0.20664465,0.07425346,-0.09911708,sport
-0.04896055,0.29149047,0.12045388,-0.1482193,0.2258005,-0.16802654,-0.091963045,0.3125723,-0.25556934,-0.13021211,0.016592953,-0.11350851,-0.07346069,0.024046125,0.21634533,-0.32038274,-0.17642361,-0.10807791,0.14265418,-0.3827727,0.18480398,0.20685561,0.23996103,-0.32938293,-0.16536051,-0.0716624,-0.061097667,0.20273702,-0.1454932,0.1743972,0.16373576,0.06422155,0.07568591,-0.20570299,0.0012009089,0.121869,0.037240382,0.0042477045,0.037284996,-0.24875902,0.10606593,-0.27816397,0.12720267,0.04297935,0.14964813,-0.008930966,-0.0049949675,-0.15908033,0.06944157,0.062375735,0.044363618,-0.18770795,-0.052329563,-0.0245986,0.022355407,-0.11491162,0.04614803,-0.04145309,-0.08048395,0.08291046,0.110074356,0.088231914,0.062314384,0.082908705,-0.17708658,0.2645018,0.13237321,0.048150714,-0.26856804,0.16694194,-0.25340468,-0.088555984,0.15148686,0.010947512,0.13759117,0.108820274,-0.10813782,0.22499575,-0.04496912,0.059525203,-0.13754807,0.09531635,-0.2855848,0.11201776,0.03862781,0.052034047,0.0724131,0.21876495,0.13954353,0.097707525,0.19344036,-0.11915109,0.108157635,0.015651334,0.16241503,-0.028732767,0.19928789,-0.20084225,0.07196927,-0.089280166,sport
-0.028017232,0.26076883,0.12469272,-0.13864425,0.2440796,-0.16568977,-0.08661465,0.30588254,-0.23061894,-0.115307674,0.02856769,-0.1532063,-0.10407977,0.042773925,0.2488069,-0.30071858,-0.17001764,-0.114331804,0.10252803,-0.36527482,0.14967981,0.23199026,0.25101867,-0.3023606,-0.17135867,-0.07666787,-0.049342696,0.21014369,-0.14396796,0.19346373,0.17443474,0.06254668,0.11934332,-0.17816313,-0.018198583,0.095623426,0.058508746,-0.02709435,0.064431645,-0.23738408,0.09278575,-0.27320334,0.09925517,0.027778013,0.18115787,0.014652532,-0.0195852,-0.1639211,0.08247452,0.04646619,0.01642607,-0.18443073,-0.05236236,0.01384696,0.006627564,-0.12627758,0.059373487,-0.06047418,-0.024403293,0.11084771,0.11560219,0.098604925,0.058588397,0.06318158,-0.21892373,0.27130666,0.121259935,0.026007928,-0.2874959,0.17211668,-0.23187888,-0.10197826,0.13802929,0.03561439,0.08809086,0.097090945,-0.086154714,0.1847404,-0.06907559,0.028465502,-0.10791666,0.074634746,-0.23891525,0.12560897,0.06490172,0.08777872,0.0643725,0.19439217,0.109438516,0.054667704,0.17704785,-0.12704252,0.14315015,0.039827764,0.1506392,-0.0061683673,0.20519905,-0.20196146,0.0802473,-0.102446884,sport
-0.030778378,0.2811739,0.12488496,-0.14365578,0.21364538,-0.17172106,-0.07940412,0.29803732,-0.23884673,-0.13368545,0.008383331,-0.1327334,-0.07948047,0.029068986,0.2174089,-0.33196607,-0.17930509,-0.12185736,0.120629005,-0.38504112,0.16277105,0.2187109,0.23749708,-0.29603136,-0.1586279,-0.0802337,-0.053480048,0.19181326,-0.14204195,0.18440507,0.16434786,0.06239757,0.09421421,-0.18184231,-0.0032116417,0.13585752,0.049307004,-0.002905368,0.028011698,-0.24416873,0.09742883,-0.25470832,0.117104724,0.049696174,0.14557517,-0.017293869,-0.016969759,-0.15211895,0.0704057,0.058086995,0.035387516,-0.20287624,-0.048533864,-0.02697112,0.008496721,-0.110246114,0.04009197,-0.044269294,-0.07783131,0.06596898,0.09722009,0.09132742,0.06910211,0.06649037,-0.19466451,0.26276034,0.11949868,0.041508492,-0.2675329,0.16850933,-0.2320897,-0.051401626,0.13240026,0.007483597,0.13756548,0.11510188,-0.10269629,0.21395297,-0.07118573,0.060019784,-0.13683765,0.08242938,-0.26772055,0.1181308,0.04228761,0.067102514,0.07012514,0.1957443,0.12169239,0.09971198,0.17925152,-0.11172072,0.108703256,0.038236745,0.1853579,0.00061930064,0.21102239,-0.18782872,0.064605445,-0.071798846,sport
-0.035420645,0.28818896,0.121230915,-0.15208362,0.23360914,-0.17270438,-0.08848709,0.31561193,-0.2548027,-0.13368998,0.010758211,-0.124134466,-0.07572701,0.03355639,0.22940783,-0.33172405,-0.17947556,-0.10671049,0.12854494,-0.39297888,0.18135074,0.22259915,0.2476975,-0.31924385,-0.16862603,-0.0835909,-0.060603596,0.20245378,-0.14625922,0.18149361,0.17028861,0.062320266,0.1090539,-0.19978125,-0.005186477,0.13063706,0.04470873,0.0035422938,0.041511405,-0.2479035,0.10522267,-0.28260684,0.12479385,0.04841514,0.1561239,-0.007149489,-0.011802234,-0.16827239,0.07947195,0.05877237,0.037072927,-0.19982737,-0.04366707,-0.02413382,0.01165065,-0.11300827,0.048129596,-0.050682135,-0.07412802,0.08012443,0.10791602,0.09260726,0.07298501,0.07444319,-0.19516711,0.2785937,0.12582077,0.045010027,-0.2880129,0.17463538,-0.2511795,-0.07913572,0.14536773,0.02285565,0.13156547,0.10907708,-0.099197924,0.22533439,-0.059860878,0.05842837,-0.1360494,0.09613597,-0.28798807,0.12328442,0.047479417,0.06679392,0.08394511,0.2112353,0.13427177,0.09953456,0.20103896,-0.12155285,0.11963051,0.023643944,0.16450164,-0.020043295,0.20427358,-0.20369047,0.07501356,-0.09596458,sport
-0.042835347,0.30054167,0.12325939,-0.15257147,0.21661073,-0.18599492,-0.092388846,0.3148714,-0.26435548,-0.13696633,-0.008150342,-0.12969244,-0.06486119,0.03038569,0.22480883,-0.3523355,-0.18408294,-0.1232179,0.16305201,-0.40460753,0.19775775,0.20840178,0.23232016,-0.32932484,-0.16527976,-0.08351327,-0.055078227,0.20004043,-0.1528032,0.17485355,0.16616777,0.067907326,0.05985629,-0.20647083,0.0052664448,0.16446982,0.04676897,0.003977266,0.009601459,-0.25836095,0.10584463,-0.278527,0.13255262,0.05517719,0.15148969,-0.017294304,-0.009292538,-0.15225086,0.08405356,0.06546095,0.045861665,-0.20791714,-0.049666572,-0.04411159,0.028022233,-0.10611402,0.022994615,-0.03417159,-0.1106492,0.04884798,0.09401656,0.08477993,0.061764054,0.08823666,-0.165628,0.27342823,0.12575105,0.060896423,-0.26352096,0.1807417,-0.26269782,-0.056439046,0.14593123,-0.01572665,0.17130129,0.13406023,-0.1189431,0.24891624,-0.03911176,0.06887955,-0.15703075,0.09722603,-0.3137244,0.11749948,0.04094658,0.052859772,0.080121964,0.22038272,0.15975545,0.13014784,0.20312262,-0.11713126,0.09366426,0.027407562,0.19838713,-0.009359121,0.21092795,-0.18696864,0.074303724,-0.07701398,sport
-0.05519137,0.26931188,0.11806867,-0.1355168,0.23817402,-0.15012024,-0.093549445,0.30873355,-0.24070637,-0.11793344,0.041941393,-0.119228095,-0.09258483,0.027327051,0.22324122,-0.2847679,-0.17242298,-0.09850867,0.115983464,-0.3497779,0.16180667,0.2169324,0.25379068,-0.32002118,-0.16575004,-0.06664978,-0.05680588,0.21192515,-0.14015152,0.17925683,0.16191456,0.05597391,0.09486104,-0.19758952,-0.0077574276,0.07270937,0.030928457,-0.00863675,0.06403043,-0.23849073,0.10365555,-0.2764158,0.1033132,0.024840811,0.15824255,0.004261945,-0.0009434108,-0.16147906,0.06205252,0.05336821,0.035072077,-0.17658527,-0.05940708,0.004571245,0.022870077,-0.13267224,0.072021596,-0.049562015,-0.039125443,0.11673799,0.121916264,0.09260857,0.055207968,0.06690463,-0.19896396,0.25916234,0.14349705,0.029074004,-0.27596003,0.1593958,-0.23980813,-0.123499066,0.15515436,0.03432222,0.08801904,0.08758043,-0.09542176,0.1872961,-0.05398904,0.036732055,-0.11022012,0.083338164,-0.24292149,0.11270291,0.051236495,0.059214734,0.05553803,0.20617919,0.11061908,0.051684096,0.1727208,-0.12572679,0.14283876,0.017069696,0.13237107,-0.03276688,0.19392481,-0.2129846,0.06981802,-0.10161195,sport
-0.05232175,0.2777563,0.120397635,-0.14116594,0.24459481,-0.16390984,-0.10638638,0.31213322,-0.24502106,-0.12414897,0.033115104,-0.12096698,-0.077033274,0.033245325,0.23342761,-0.29678753,-0.17244405,-0.10337048,0.12515578,-0.36857796,0.17280921,0.22181588,0.24806583,-0.32888445,-0.1702145,-0.06688982,-0.06262825,0.22199413,-0.14049214,0.17788097,0.16222425,0.05907893,0.09268545,-0.20979132,-0.012936728,0.09084549,0.03651721,-0.0057522897,0.058292326,-0.24597521,0.10580528,-0.2812066,0.119795576,0.025517438,0.1677767,0.0077533918,-0.0075322,-0.16457194,0.0718175,0.056646455,0.038517646,-0.17745887,-0.055021703,0.0018347701,0.027487844,-0.13051115,0.0651779,-0.046181075,-0.046274584,0.10607866,0.12167111,0.09070891,0.053235356,0.07630901,-0.19462387,0.2668249,0.14069848,0.03407081,-0.28091857,0.171076,-0.24992216,-0.12123414,0.15700437,0.030732423,0.10508541,0.09816126,-0.09868555,0.20332697,-0.0441315,0.041383624,-0.11775273,0.094165884,-0.26265165,0.124758705,0.056710273,0.06561332,0.06216635,0.21293601,0.12788929,0.06941747,0.18374866,-0.12843443,0.13821924,0.021072578,0.13290115,-0.031347547,0.18857716,-0.20790185,0.07782669,-0.10762257,sport
-0.042162027,0.29545143,0.1163594,-0.15530346,0.23999503,-0.17706048,-0.09867972,0.31689063,-0.26545343,-0.13323452,0.0041595227,-0.11003257,-0.060502075,0.03574027,0.22647396,-0.3245336,-0.17808224,-0.09331286,0.14490601,-0.3927863,0.19110675,0.21491513,0.23618571,-0.32865322,-0.16628163,-0.08196526,-0.06124248,0.20960355,-0.14614835,0.16890496,0.16580555,0.060844634,0.08473793,-0.21292266,-0.0013407641,0.14089857,0.037974186,0.019792365,0.035799526,-0.24305414,0.11375942,-0.28676227,0.13801944,0.056082293,0.1519507,0.0025514232,-0.005973536,-0.17000139,0.08095008,0.06536696,0.039447907,-0.19259807,-0.03855369,-0.030604456,0.025988564,-0.11229868,0.04659951,-0.044709083,-0.08197114,0.07737751,0.107913315,0.087860614,0.063848644,0.08427322,-0.16997768,0.27748272,0.12156611,0.049347945,-0.2770549,0.17355017,-0.2623163,-0.086336635,0.15196623,0.022859959,0.14678381,0.11271152,-0.10460606,0.2405114,-0.03452668,0.05727931,-0.14142472,0.10661166,-0.3102029,0.11472987,0.04521015,0.059437063,0.0843624,0.21888752,0.15376762,0.11258042,0.2007802,-0.122085325,0.11042567,0.01629073,0.15964799,-0.03130097,0.19130188,-0.20247486,0.0831247,-0.10082367,sport
-0.06175288,0.24293658,0.10733119,-0.119235255,0.2152165,-0.1277183,-0.08989145,0.28128302,-0.21114154,-0.109362185,0.059740998,-0.099445656,-0.08881651,0.018318774,0.19534612,-0.24397159,-0.15315884,-0.08575999,0.09534732,-0.30873477,0.1431313,0.20345543,0.2401226,-0.2938824,-0.1528753,-0.047238734,-0.056754034,0.19638523,-0.12206111,0.16784552,0.14227207,0.046704665,0.08978203,-0.18504226,-0.010807157,0.03832535,0.016937766,-0.0085628675,0.065951936,-0.21604712,0.09561645,-0.24470939,0.09242916,0.014438835,0.13839342,0.00066191173,0.006434233,-0.14942028,0.04501446,0.04975187,0.03287658,-0.15179887,-0.05710395,0.010752057,0.021707892,-0.13233037,0.08287907,-0.043416113,-0.025606697,0.12003146,0.11967665,0.08499271,0.056053936,0.055654228,-0.19139443,0.23046713,0.13587038,0.018711245,-0.25517967,0.13829917,-0.21316896,-0.13105479,0.15228546,0.042263176,0.064785495,0.066121474,-0.086366236,0.1580421,-0.05736777,0.030712318,-0.09249644,0.07607227,-0.20653409,0.09831469,0.042840183,0.04891284,0.043961454,0.18904513,0.08530471,0.031633303,0.14829215,-0.11439084,0.13947193,0.011431311,0.10098249,-0.04014667,0.172344,-0.20341493,0.05805288,-0.09210102,sport
-0.073765635,0.2622152,0.11705783,-0.13077798,0.24972804,-0.13543907,-0.09941524,0.3139743,-0.23082612,-0.12176424,0.07797414,-0.10533569,-0.10746156,0.022530781,0.21770117,-0.25130227,-0.16338128,-0.08472267,0.10268457,-0.3323811,0.15595792,0.22869705,0.27724925,-0.33248395,-0.17364317,-0.045479447,-0.060589753,0.22137493,-0.13061447,0.19173886,0.15582363,0.047242045,0.104364105,-0.20518228,-0.014997525,0.02149326,0.016193984,-0.0028026004,0.08685252,-0.22729625,0.11049651,-0.27295455,0.09968067,0.008095268,0.15608013,0.011304952,0.010159453,-0.17495893,0.050217405,0.053403392,0.030332837,-0.15973549,-0.06356096,0.02199432,0.029397925,-0.15287137,0.10541082,-0.051942598,-0.013879054,0.1532118,0.1354865,0.093142115,0.06522983,0.056940984,-0.2156002,0.25640947,0.14776403,0.012144768,-0.28401417,0.14435591,-0.23496306,-0.16814645,0.17280464,0.0637765,0.055380274,0.059050202,-0.09174426,0.16063036,-0.063000076,0.025740888,-0.09262843,0.08151171,-0.21861145,0.10166468,0.048145972,0.054716624,0.049536522,0.20930576,0.087663755,0.01792279,0.1590669,-0.130542,0.16207531,0.009009242,0.09615146,-0.05283731,0.19092551,-0.23359509,0.06481379,-0.111458994,sport
-0.035252724,0.29820824,0.12011708,-0.15917727,0.23959738,-0.17914914,-0.093613945,0.31960055,-0.2670794,-0.13210295,0.00094366533,-0.122243814,-0.0701634,0.03548209,0.23278247,-0.3390776,-0.18065685,-0.10474838,0.14524704,-0.40013346,0.19038726,0.22192693,0.23925553,-0.32851812,-0.16751565,-0.09064676,-0.057341892,0.20619512,-0.15140003,0.1799679,0.17335103,0.06606168,0.09354536,-0.20569804,-0.0012977183,0.14923602,0.045069873,0.009457823,0.03710879,-0.2493905,0.110543266,-0.28994972,0.13272035,0.058078427,0.15765955,0.0006022877,-0.010169951,-0.16877207,0.082621925,0.06404584,0.037393097,-0.20067273,-0.04313792,-0.030328102,0.017585434,-0.11249532,0.044355985,-0.049374264,-0.08096647,0.07355623,0.10632592,0.09420567,0.068340175,0.08214956,-0.18302828,0.27832562,0.1205285,0.04738429,-0.28260487,0.18042172,-0.25919735,-0.076955035,0.14596301,0.019547934,0.14916223,0.11241478,-0.10604375,0.24087992,-0.047471832,0.05802177,-0.14245136,0.10227563,-0.30888662,0.11868526,0.047598556,0.065514885,0.08619217,0.2206112,0.15017807,0.111015856,0.20415616,-0.12156456,0.11120486,0.022039095,0.17360668,-0.024584908,0.20350374,-0.2051306,0.082047164,-0.09794271,sport
-0.04602705,0.31086844,0.121049106,-0.16043977,0.22416794,-0.18728936,-0.091720484,0.3244197,-0.27764082,-0.13982932,-0.0075680767,-0.11942272,-0.06551443,0.029304553,0.22654042,-0.35238755,-0.18384723,-0.12136938,0.17686796,-0.41113153,0.20987779,0.20089911,0.22807412,-0.3431611,-0.17019969,-0.08312891,-0.05597125,0.19933848,-0.15380391,0.1697228,0.16537428,0.06885777,0.047136344,-0.21354862,0.011943004,0.16932057,0.040972568,0.014553146,0.010652814,-0.26167202,0.11271153,-0.28750724,0.13363859,0.05835731,0.15251116,-0.016115537,-0.0025783035,-0.1542483,0.085831575,0.06872444,0.04993351,-0.20257057,-0.04823894,-0.042686366,0.033558387,-0.104240194,0.025121083,-0.034157664,-0.11807649,0.058600638,0.09422668,0.083007105,0.058686998,0.09726761,-0.15380532,0.2721483,0.12922466,0.06262911,-0.26151937,0.17864928,-0.26916045,-0.06630537,0.15196331,-0.017130185,0.17484424,0.13574694,-0.124113835,0.25409114,-0.023464676,0.07278303,-0.16040163,0.10323407,-0.3264883,0.11259255,0.03994611,0.05171575,0.08428263,0.23128039,0.17655204,0.13780248,0.21411166,-0.12002185,0.09125269,0.02214659,0.19659358,-0.016731896,0.2067085,-0.19103613,0.077863514,-0.083129324,sport
-0.0697282,0.29246852,0.12101215,-0.15112774,0.2600887,-0.15589586,-0.10642954,0.3315014,-0.2554154,-0.13738437,0.057721805,-0.10990643,-0.079606384,0.033215072,0.23371719,-0.29857016,-0.18095429,-0.091105476,0.11414013,-0.3789326,0.17453673,0.24667278,0.28320166,-0.35236272,-0.17870905,-0.061588123,-0.06941983,0.23427482,-0.14013557,0.19232874,0.16732709,0.049715158,0.10760724,-0.22582878,-0.022923548,0.06934444,0.017440509,0.018286835,0.06474982,-0.2550041,0.12096609,-0.28508347,0.1339943,0.025503285,0.15863355,-0.0008117512,0.0051017413,-0.1901006,0.060709942,0.062933855,0.035124943,-0.18451796,-0.055063177,-0.009457097,0.034013774,-0.1531372,0.08884004,-0.04786805,-0.053223044,0.12778153,0.13574643,0.094330594,0.0799856,0.06187746,-0.21378382,0.28640333,0.15077448,0.02070487,-0.30684334,0.15566956,-0.255042,-0.14357997,0.175532,0.058506966,0.09635695,0.082472235,-0.10035292,0.20053558,-0.068707444,0.043250598,-0.111167036,0.10015599,-0.2704581,0.11122435,0.046255484,0.055722117,0.069676034,0.2209486,0.10708767,0.06334876,0.18647948,-0.12834632,0.15528621,0.016415084,0.123816274,-0.04504706,0.2011024,-0.23509482,0.073866114,-0.11929406,sport
-0.055972654,0.2876805,0.12608503,-0.14527763,0.24477828,-0.16312836,-0.10622389,0.32786906,-0.2596782,-0.12199304,0.030901542,-0.1278417,-0.09635045,0.027502304,0.24085525,-0.31344688,-0.18005118,-0.12135168,0.14112034,-0.37917668,0.18609007,0.2209872,0.25481883,-0.34018877,-0.18046038,-0.0739525,-0.0602626,0.2235062,-0.15511553,0.18491109,0.17026488,0.06305077,0.093577676,-0.205428,-0.0037724872,0.09556042,0.04050273,-0.019031182,0.055752017,-0.25892386,0.10807356,-0.29819077,0.10809556,0.026123427,0.1796024,-0.0010609936,-0.0005774343,-0.16094373,0.07441195,0.05453608,0.04303183,-0.18613228,-0.06342188,0.0043881363,0.021640986,-0.1291024,0.06716487,-0.050868373,-0.049768936,0.10852037,0.11619876,0.09223662,0.04894898,0.08664794,-0.20284884,0.27350146,0.15071228,0.03976349,-0.2861959,0.18265393,-0.25660005,-0.12500475,0.16378923,0.010137714,0.1103352,0.104242414,-0.106739886,0.20951149,-0.042553958,0.043602336,-0.12643993,0.088793,-0.27134484,0.13057502,0.057130545,0.06893078,0.059463162,0.22550882,0.13706319,0.06990375,0.1974313,-0.13603374,0.14613454,0.02080983,0.15219373,-0.030978074,0.20634435,-0.21497756,0.075540245,-0.09963616,sport
-0.06025002,0.2918755,0.12461936,-0.14709905,0.24439032,-0.16401148,-0.09628888,0.32807437,-0.25871924,-0.13255852,0.0447394,-0.11891212,-0.09374489,0.026987562,0.22720356,-0.303098,-0.17830117,-0.10261459,0.13490225,-0.37900382,0.17793974,0.22321491,0.2592049,-0.34681034,-0.17691296,-0.06506579,-0.05874779,0.21824342,-0.14620528,0.18920673,0.16854107,0.0594158,0.0833642,-0.21181956,-0.0067772185,0.088978186,0.031709883,-0.0005636699,0.057059772,-0.25253874,0.113633506,-0.28926826,0.11864275,0.0314229,0.16199806,0.0025056829,0.002646997,-0.16947167,0.06500294,0.061399773,0.039831903,-0.18539879,-0.05974909,-0.0052629574,0.030153478,-0.13431354,0.07308351,-0.04666278,-0.05670776,0.11810844,0.12347738,0.0932902,0.06415264,0.07605143,-0.19594418,0.2705522,0.14488707,0.03483559,-0.28276762,0.16493213,-0.2566102,-0.12550487,0.167244,0.03021369,0.11228676,0.095324546,-0.10787543,0.20757936,-0.04887795,0.04569692,-0.12358893,0.09001025,-0.2695708,0.112021886,0.046553053,0.05665497,0.06281969,0.22239314,0.12948364,0.06977021,0.18400232,-0.1266848,0.13378257,0.017354963,0.1455057,-0.038874347,0.20432176,-0.22197191,0.07264682,-0.0983534,sport
-0.084590785,0.30002144,0.11667908,-0.1579724,0.30678666,-0.15066345,-0.13445494,0.35857776,-0.26577997,-0.13357979,0.087461405,-0.09942639,-0.093380876,0.037034832,0.26218468,-0.27399313,-0.1780278,-0.06891084,0.10909339,-0.37365574,0.18575524,0.27463225,0.31602862,-0.37742904,-0.20232147,-0.059523113,-0.07984276,0.2649518,-0.14288864,0.20418966,0.1743728,0.047427107,0.14610018,-0.25223628,-0.030920656,0.024356425,0.006263053,0.020600975,0.10723041,-0.2469149,0.14289363,-0.32317337,0.1309768,0.012468291,0.1818133,0.028827984,0.016800761,-0.21965158,0.06442777,0.06052708,0.029970082,-0.16981658,-0.051058087,0.024855746,0.035566792,-0.18193114,0.13635115,-0.06925037,-0.00498085,0.17785512,0.16469619,0.101679854,0.07579553,0.060317058,-0.23966478,0.3063883,0.16262048,0.006663541,-0.34518757,0.16717507,-0.27335963,-0.21469694,0.20193602,0.10717042,0.055215456,0.054293215,-0.08850396,0.1942511,-0.06485009,0.020692112,-0.096222356,0.11626178,-0.26968917,0.11999503,0.06637663,0.07051886,0.07141594,0.24594733,0.10318237,0.023094064,0.19603068,-0.16034515,0.19764046,-0.0019569604,0.07241211,-0.07958806,0.18531153,-0.27191722,0.090663716,-0.15901601,sport
-0.05052049,0.2896533,0.11519343,-0.15504052,0.2248162,-0.16040985,-0.084323466,0.31059924,-0.2530171,-0.1308716,0.015634706,-0.10976913,-0.07078433,0.028079785,0.21483709,-0.33350056,-0.17943968,-0.1038962,0.123499215,-0.3855386,0.17791966,0.22442296,0.25143787,-0.32285187,-0.16211541,-0.081977464,-0.06100052,0.19546747,-0.1398524,0.18082796,0.16390374,0.05670754,0.09383734,-0.20011991,-0.006283001,0.12715226,0.028021252,0.0201989,0.029933732,-0.24722876,0.11213761,-0.27086702,0.13001515,0.05020273,0.13698821,-0.024138222,-0.0027008767,-0.17251961,0.065825924,0.061244305,0.038567998,-0.19421192,-0.046057194,-0.034944598,0.018003244,-0.121171415,0.054885533,-0.04517273,-0.09391668,0.074481346,0.107446074,0.08951331,0.08172362,0.062428232,-0.18907787,0.26882228,0.12526715,0.03331043,-0.281006,0.15951546,-0.24089597,-0.072041765,0.14308336,0.023499778,0.13691393,0.09949206,-0.10378821,0.22022606,-0.075503156,0.06357279,-0.1332444,0.09546186,-0.2882219,0.10099258,0.033861805,0.055498946,0.082282715,0.21239047,0.1196619,0.10630947,0.19674864,-0.11594976,0.11028582,0.023313232,0.16307758,-0.020642316,0.20417376,-0.20599845,0.06369971,-0.08846635,sport
-0.06699673,0.29607725,0.12386944,-0.14464743,0.24964309,-0.15984881,-0.10226726,0.3281678,-0.25593355,-0.13677514,0.048704904,-0.11458222,-0.08410193,0.026054837,0.22933118,-0.3061616,-0.18023853,-0.101213306,0.12264337,-0.37915874,0.1783956,0.23192276,0.2740959,-0.34590042,-0.17545523,-0.0628438,-0.06727196,0.22847894,-0.14684689,0.18861578,0.16629459,0.058640577,0.096929036,-0.22410868,-0.009954081,0.07651788,0.023886723,0.005496619,0.06255807,-0.25382355,0.11169977,-0.28724563,0.12284443,0.028738834,0.15438679,-0.0054195747,0.0013159185,-0.17795828,0.06042747,0.063313745,0.044368662,-0.18808842,-0.059467323,-0.005923547,0.02584843,-0.14266916,0.078336656,-0.047077436,-0.056348257,0.119033225,0.13327365,0.096076645,0.069299884,0.07126959,-0.20990117,0.27497372,0.15089354,0.03129867,-0.29619664,0.16480166,-0.25985253,-0.12805396,0.17268674,0.04095864,0.1034674,0.09107033,-0.10347573,0.20794252,-0.0581457,0.045640476,-0.12291804,0.0983927,-0.27160698,0.11769979,0.045693923,0.05164033,0.061810758,0.22298852,0.119136244,0.06528454,0.18599294,-0.12858905,0.14508611,0.014210363,0.13519165,-0.042884294,0.20221122,-0.22888988,0.073524244,-0.107543826,sport
-0.03509822,0.30620876,0.1219168,-0.16244097,0.20658557,-0.19204713,-0.08153061,0.31194544,-0.2726083,-0.13537015,-0.024823058,-0.124575436,-0.058283698,0.031210218,0.22022392,-0.36770904,-0.18135118,-0.1291071,0.17733224,-0.41578653,0.20785625,0.19588922,0.21124497,-0.32835025,-0.16140832,-0.091116905,-0.05064947,0.18310088,-0.15198256,0.1662517,0.16575904,0.07113528,0.042725082,-0.19977053,0.014488181,0.19848672,0.047899153,0.010744531,-0.011155608,-0.2596355,0.10703519,-0.2752781,0.13917176,0.06841917,0.14450748,-0.020903513,-0.0061852983,-0.14764394,0.092131644,0.066264495,0.04720288,-0.20630649,-0.044105038,-0.056193285,0.027414741,-0.09279309,0.00573531,-0.02838709,-0.13477097,0.0331828,0.0774443,0.07998701,0.060747467,0.09719591,-0.14396183,0.26513484,0.111015014,0.06674345,-0.2516911,0.18307285,-0.25753024,-0.03312701,0.13783763,-0.033206746,0.19785285,0.14178817,-0.12569785,0.25937477,-0.029760426,0.07952011,-0.16673756,0.09636166,-0.33200428,0.10925187,0.032449707,0.056003306,0.08909841,0.22567661,0.17840253,0.1588576,0.21535626,-0.10926693,0.07094215,0.028288005,0.21787052,-0.0017065353,0.21034999,-0.17630933,0.075766444,-0.06663027,sport
-0.03603275,0.30695757,0.12316843,-0.15910377,0.20793004,-0.19081523,-0.083407015,0.31397703,-0.27224863,-0.137359,-0.019593658,-0.12614578,-0.062226564,0.030640012,0.21876846,-0.36609694,-0.18182413,-0.12743224,0.17234683,-0.41350567,0.20596437,0.19853145,0.21833733,-0.32751998,-0.16346906,-0.08857203,-0.051970273,0.18637009,-0.15298046,0.17001505,0.16524746,0.070878446,0.0479981,-0.20141645,0.014140551,0.18977113,0.050373726,0.007693853,-0.0056496784,-0.25818485,0.105652,-0.27684984,0.13657607,0.06481271,0.14692998,-0.021502847,-0.006894158,-0.14871928,0.08842537,0.06622358,0.048658807,-0.20774192,-0.04568548,-0.053034727,0.024953164,-0.09593054,0.013752089,-0.03200134,-0.12736475,0.03649033,0.08247549,0.081539735,0.05905983,0.09574923,-0.15174426,0.2657911,0.115104444,0.0679681,-0.2538095,0.18200323,-0.25910088,-0.04018995,0.13901386,-0.027600346,0.18934846,0.14173022,-0.12541847,0.258478,-0.03431822,0.081631005,-0.16633515,0.09664888,-0.32533327,0.111272834,0.03526396,0.055998098,0.08701594,0.22514863,0.17254329,0.1498225,0.21223804,-0.11300373,0.07869133,0.0274128,0.21294753,-0.002404964,0.21194868,-0.17874828,0.07353692,-0.06936849,sport
-0.04840308,0.29086196,0.12146238,-0.15592559,0.26470685,-0.16592696,-0.1133581,0.3281741,-0.26072207,-0.13213421,0.035540797,-0.11605707,-0.0738302,0.03954097,0.24833615,-0.31182954,-0.18008749,-0.093254745,0.124699175,-0.3892215,0.18535101,0.25107384,0.27181125,-0.3405276,-0.1841999,-0.078898974,-0.06769623,0.2301402,-0.14489564,0.19089279,0.17540585,0.055438135,0.1347848,-0.21541446,-0.01927344,0.10046499,0.035167556,0.016433652,0.06587334,-0.24598145,0.12564245,-0.3010567,0.13397145,0.044090126,0.17044438,0.010095996,-0.0054301447,-0.1913445,0.073272064,0.062036652,0.031186972,-0.18785702,-0.041238505,-0.009154525,0.016888482,-0.1378294,0.08293049,-0.05868537,-0.044300094,0.103076175,0.12558423,0.09941265,0.07543208,0.06802799,-0.21788913,0.29743612,0.13269934,0.0274786,-0.31149206,0.17315988,-0.261472,-0.12519419,0.16211805,0.058637507,0.11386608,0.08989933,-0.09389314,0.22173633,-0.06744191,0.04350355,-0.12066893,0.10488054,-0.28507715,0.1262292,0.055254176,0.07712292,0.08408041,0.22010489,0.12366966,0.077900626,0.19723538,-0.14088468,0.14992344,0.018503519,0.13338289,-0.042555775,0.19739802,-0.22754315,0.082988515,-0.121324405,sport
-0.042442746,0.292617,0.12382263,-0.1589864,0.2504329,-0.17084275,-0.09313504,0.32883763,-0.26092643,-0.13552454,0.027617529,-0.13057132,-0.08981351,0.03820604,0.24188003,-0.3353465,-0.18265307,-0.10804846,0.12417047,-0.39590883,0.18199116,0.25052887,0.26899484,-0.33498093,-0.17805184,-0.087048925,-0.056315202,0.21300845,-0.14935638,0.20017695,0.17811401,0.05888924,0.116293795,-0.20457837,-0.013131305,0.11786759,0.038234524,0.008705733,0.050972246,-0.2503094,0.11684439,-0.29006088,0.12585485,0.047838308,0.16134903,-0.0012341526,-0.005875358,-0.1865438,0.07913849,0.062389877,0.024642149,-0.20013893,-0.048097145,-0.017274657,0.01667896,-0.13392845,0.06915034,-0.056998547,-0.06308424,0.10059881,0.118500985,0.10233225,0.08042455,0.060896784,-0.21615209,0.28810698,0.122247316,0.026339853,-0.30373612,0.17205891,-0.25165004,-0.10020787,0.15466739,0.041999083,0.121914394,0.09456473,-0.10113062,0.21719491,-0.078803346,0.050496083,-0.12776275,0.097118475,-0.29052436,0.115568124,0.049345702,0.07363046,0.08121339,0.22339785,0.121877655,0.08524165,0.19847038,-0.12785782,0.13332301,0.029023001,0.15975678,-0.022716746,0.21433897,-0.22500338,0.07951634,-0.106681824,sport
-0.043923676,0.294594,0.12702222,-0.14458355,0.22063904,-0.17974234,-0.09292366,0.31643078,-0.26312542,-0.13315749,0.0030219487,-0.1358301,-0.080085315,0.027811145,0.22648722,-0.34336266,-0.18234761,-0.12674318,0.15920898,-0.39510915,0.19292,0.2124079,0.23527108,-0.32651553,-0.16753551,-0.08177412,-0.049988355,0.2009143,-0.15509306,0.17989348,0.16733365,0.068609975,0.06282579,-0.19851838,0.0054869177,0.1465459,0.04883756,-0.011195008,0.022447135,-0.25887433,0.10297306,-0.281754,0.11832637,0.04868996,0.15578419,-0.009685651,-0.009137317,-0.14999682,0.083090484,0.06043214,0.04268154,-0.20357265,-0.0558327,-0.028746797,0.025418565,-0.10897901,0.03359017,-0.03933794,-0.08988164,0.06777783,0.09909898,0.08858648,0.056257974,0.08727185,-0.17666869,0.2655886,0.12542425,0.05585007,-0.2645006,0.18194687,-0.25674915,-0.07123193,0.149611,-0.01404507,0.1556309,0.12662119,-0.11817634,0.23290364,-0.03891049,0.060906403,-0.15051715,0.09039982,-0.29958048,0.12116828,0.04328135,0.058403898,0.068662494,0.22166023,0.15522082,0.11277471,0.19784911,-0.11743672,0.10545282,0.027208203,0.19106561,-0.010349318,0.21234575,-0.19525413,0.077306606,-0.07683671,sport
-0.046534628,0.27617574,0.12463466,-0.15056261,0.25191125,-0.15127662,-0.090030104,0.32205182,-0.24716955,-0.122374184,0.041672435,-0.13289286,-0.10474695,0.03500521,0.23656407,-0.31567565,-0.18099582,-0.10269191,0.09564987,-0.37163752,0.16342202,0.25645858,0.27805084,-0.31957754,-0.17222159,-0.085224286,-0.056806933,0.21342549,-0.14593276,0.20563935,0.17933407,0.05594078,0.14286938,-0.19116984,-0.02045494,0.085606925,0.03646642,-0.0090027675,0.07323727,-0.24737781,0.11108357,-0.28808904,0.11004673,0.034747943,0.16365822,0.0011759662,-0.0042481255,-0.18991055,0.06966779,0.05138139,0.020606846,-0.192117,-0.055366617,-0.00075407285,0.0011598521,-0.14154641,0.08959245,-0.067400426,-0.030066859,0.119886465,0.12725653,0.10914147,0.07975644,0.052487034,-0.2410055,0.27816293,0.126101,0.01242198,-0.3123296,0.17093949,-0.2373062,-0.11791128,0.15281959,0.057011828,0.09079636,0.07497064,-0.09055192,0.1887388,-0.0967889,0.038087785,-0.10648802,0.08566637,-0.25467905,0.1169395,0.052147865,0.08087941,0.06959492,0.21248502,0.09072978,0.052454304,0.18744773,-0.13033208,0.15684254,0.026880398,0.13775723,-0.027679019,0.21210752,-0.23644194,0.07286827,-0.10691968,sport
-0.06270953,0.30498788,0.12706262,-0.15833916,0.2564634,-0.17108338,-0.09865426,0.33958867,-0.2639185,-0.14852309,0.043437805,-0.11921429,-0.08159309,0.033243254,0.23800102,-0.3290316,-0.18946463,-0.099896625,0.12579928,-0.4065867,0.18402274,0.25139987,0.2868315,-0.35528615,-0.1820156,-0.07053162,-0.066033415,0.22792049,-0.14519367,0.20166755,0.17283335,0.053957563,0.10997296,-0.22550218,-0.015901022,0.09992607,0.024657793,0.020426396,0.047932692,-0.26150763,0.122607246,-0.2890901,0.14286217,0.040240344,0.1563402,-0.009434402,0.00076095824,-0.1917446,0.07237462,0.06861106,0.033347625,-0.20393452,-0.056124806,-0.022642018,0.034194466,-0.14708412,0.07468877,-0.046534702,-0.07497396,0.11220838,0.1248812,0.096294716,0.09052937,0.06273278,-0.21590516,0.3004627,0.13990235,0.026927562,-0.3104995,0.16272935,-0.2637422,-0.115288295,0.17220688,0.046502724,0.121871464,0.09577934,-0.10782408,0.22039692,-0.07855107,0.05418675,-0.12924264,0.10380575,-0.29058656,0.11251368,0.039424505,0.05751146,0.08052828,0.22749124,0.11761168,0.086448684,0.19469652,-0.12396767,0.1393496,0.02574451,0.15469933,-0.03302743,0.21886946,-0.2320937,0.07299274,-0.10961486,sport
-0.03343272,0.27725878,0.1267407,-0.15243931,0.23241223,-0.16110288,-0.083374254,0.31462163,-0.24516155,-0.12127235,0.018458491,-0.13132721,-0.08712901,0.036213987,0.23154102,-0.33238113,-0.17691363,-0.1049679,0.10576136,-0.38622403,0.16664402,0.24597937,0.25807533,-0.31317267,-0.17184192,-0.08726921,-0.05506559,0.20006281,-0.14307638,0.19857424,0.1784623,0.05658741,0.12937807,-0.17903186,-0.020280365,0.120684534,0.04802218,-0.0032100712,0.040261153,-0.24568972,0.10869399,-0.2773175,0.12376053,0.047662552,0.15788111,-0.007554886,-0.0044099027,-0.18473224,0.08056943,0.052668016,0.017591022,-0.19838795,-0.048835635,-0.02204228,0.0023285653,-0.12370887,0.063325204,-0.06008358,-0.063774735,0.08892556,0.105510905,0.10294072,0.08873839,0.056482792,-0.21884316,0.2817642,0.111533895,0.0159384,-0.30058187,0.17089055,-0.23347194,-0.07991628,0.13688497,0.031873487,0.12509486,0.087906495,-0.09216297,0.20259798,-0.09963065,0.052489523,-0.11823476,0.08821949,-0.27201155,0.11058624,0.039204016,0.0801926,0.081404634,0.21031293,0.101897046,0.08695696,0.19629452,-0.12239361,0.12844174,0.03520776,0.16111962,-0.01658626,0.21584891,-0.21745552,0.06641614,-0.08780454,sport
-0.035445184,0.27249065,0.12038423,-0.14652717,0.23624301,-0.16121678,-0.091823615,0.30377153,-0.24264775,-0.122557,0.020413905,-0.13106063,-0.07976011,0.033685535,0.2294637,-0.3146705,-0.17684126,-0.100421056,0.11078898,-0.36907664,0.16599227,0.23844415,0.25167602,-0.30782962,-0.16388246,-0.08366555,-0.05303116,0.20374663,-0.1410045,0.18648781,0.17094475,0.057587743,0.11938604,-0.18552169,-0.016306525,0.11053165,0.045772195,-0.0054608537,0.055303883,-0.23975123,0.104324326,-0.2739809,0.11943878,0.044163443,0.1558223,0.0023559036,-0.011619462,-0.17079902,0.07047473,0.052827537,0.022662608,-0.19115488,-0.04559761,-0.015151287,0.0072338325,-0.12294446,0.06278283,-0.05547595,-0.046167355,0.0871252,0.114232734,0.098598816,0.07503827,0.06123327,-0.21050142,0.27481574,0.11515356,0.026312606,-0.28917438,0.16581675,-0.23785529,-0.08994179,0.1409677,0.039688557,0.11409496,0.09441058,-0.09339152,0.20587191,-0.07893661,0.047844272,-0.11732875,0.09040837,-0.26476407,0.11613834,0.050736494,0.074083924,0.07429094,0.20346637,0.10955874,0.07758816,0.18181202,-0.1206847,0.13130565,0.027266886,0.15014271,-0.019629903,0.20411977,-0.21231022,0.07569384,-0.09816662,sport
-0.04872714,0.26549473,0.12594554,-0.1545892,0.29928568,-0.13528645,-0.114893354,0.34023997,-0.25859576,-0.095583074,0.07717663,-0.12196598,-0.13982864,0.03950806,0.26604813,-0.26011407,-0.17010026,-0.08145794,0.09297051,-0.34271333,0.15841629,0.26446968,0.28706598,-0.3422774,-0.19488108,-0.08119378,-0.062193956,0.23868269,-0.1511569,0.21060625,0.18972111,0.053706236,0.17163554,-0.19784111,-0.025772683,0.029284524,0.03348311,-0.03032486,0.12982047,-0.23537168,0.1254302,-0.3283548,0.08586231,0.010527836,0.2047906,0.04936847,0.011569352,-0.204463,0.06926005,0.039088085,0.007205058,-0.15630741,-0.050914016,0.057666607,-0.0028546918,-0.1678094,0.1384748,-0.08867439,0.04860415,0.18768904,0.15019423,0.11445723,0.053107046,0.058491096,-0.26308683,0.27321452,0.1455887,0.00077047665,-0.33496124,0.17913857,-0.24024865,-0.20941095,0.17538956,0.0963884,0.032586828,0.036260992,-0.07831257,0.16008073,-0.07389286,0.0055127293,-0.071550734,0.08260754,-0.22358525,0.12505268,0.07602527,0.10641497,0.058588713,0.23180401,0.089549564,-0.010553913,0.18853347,-0.16560927,0.21309653,0.005988805,0.075457975,-0.06725409,0.18884113,-0.27080598,0.09456173,-0.15025532,sport
-0.011088701,0.19745138,0.11562742,-0.1150017,0.25425476,-0.13062556,-0.08812638,0.27385217,-0.1897393,-0.06808838,0.039166007,-0.15731004,-0.111166224,0.044065874,0.2537349,-0.21918713,-0.14417614,-0.097689204,0.061502635,-0.28447452,0.10869324,0.20612712,0.21961156,-0.26836088,-0.16689783,-0.067714036,-0.05172883,0.22184281,-0.1368727,0.16757803,0.16740899,0.06299161,0.15729633,-0.14175348,-0.035147827,0.022780484,0.06900353,-0.061530054,0.122176535,-0.21230236,0.06580491,-0.2632571,0.056258783,-0.008062374,0.22321571,0.04501332,-0.023817524,-0.15126655,0.08203494,0.020993127,0.0022979302,-0.12973844,-0.053783417,0.07946218,-0.015384865,-0.12445795,0.074619584,-0.082121626,0.06169588,0.15625854,0.12412439,0.10372481,0.023628851,0.06119173,-0.23210461,0.24486722,0.13509892,0.0014590904,-0.27626815,0.1665874,-0.19691257,-0.16255641,0.11541105,0.064707,0.0033971989,0.07194797,-0.04364813,0.12499429,-0.046565406,-0.015503733,-0.056223154,0.058679342,-0.15457907,0.14245656,0.094402924,0.11244879,0.0388827,0.16303451,0.080739304,-0.018522833,0.15784699,-0.13080922,0.17877941,0.034940064,0.076610416,-0.02545124,0.16617315,-0.18532515,0.08706705,-0.12797613,sport
-0.033237312,0.25946423,0.13646111,-0.14673527,0.31985453,-0.1746219,-0.11503103,0.3534515,-0.24036726,-0.10764421,0.07130864,-0.18178886,-0.1462506,0.064438336,0.31990814,-0.27117133,-0.17668404,-0.115123846,0.0949837,-0.37897992,0.14843774,0.27978027,0.30367506,-0.35125837,-0.21992186,-0.07015437,-0.055724774,0.2695696,-0.15824567,0.2270537,0.20071144,0.06456149,0.16842602,-0.20400141,-0.042006522,0.036849916,0.06700488,-0.048621416,0.12622733,-0.24883658,0.10533905,-0.32353285,0.08632709,-0.0052702217,0.25562203,0.06547731,-0.022098068,-0.19966462,0.10769489,0.04034976,-0.008905912,-0.17253207,-0.061394922,0.08058454,0.019535614,-0.16985899,0.10111246,-0.08358015,0.048272256,0.19788843,0.15477847,0.11280964,0.0497791,0.061351016,-0.27460092,0.31361094,0.14194158,0.008540898,-0.3438126,0.18834904,-0.25618833,-0.20150422,0.16534413,0.08658799,0.019284965,0.07696441,-0.07365701,0.16191655,-0.06734188,-0.0111115305,-0.0797632,0.07841318,-0.22076151,0.15661988,0.10476742,0.1228259,0.06501885,0.21759395,0.10652381,-0.0075631,0.18725567,-0.1674303,0.21507715,0.04432606,0.108036004,-0.01843102,0.21074285,-0.24486999,0.1150544,-0.17030889,sport
-0.04791893,0.2529822,0.1276839,-0.13766414,0.31298494,-0.15752192,-0.11883202,0.34171307,-0.23655859,-0.100706756,0.08713812,-0.16335125,-0.14343335,0.05724767,0.30344492,-0.24963859,-0.1709339,-0.106902845,0.09393029,-0.3518649,0.13911366,0.2716717,0.29674098,-0.34880617,-0.21089461,-0.06482566,-0.053306337,0.26610056,-0.15322194,0.21949121,0.19048376,0.0594773,0.14674501,-0.20298101,-0.03994734,0.011804419,0.047889877,-0.044408675,0.12408729,-0.24033336,0.10859168,-0.3139391,0.07542742,-0.011044214,0.2413921,0.061286826,-0.00790911,-0.18869305,0.090078436,0.041032787,-0.0027686881,-0.15795209,-0.06597002,0.08237488,0.02738931,-0.17488743,0.115833655,-0.07940817,0.049726762,0.20421185,0.1587377,0.10703633,0.04643347,0.057868592,-0.26315153,0.29096666,0.14882423,0.0017537946,-0.3313093,0.17612082,-0.24563834,-0.21694356,0.17172557,0.08969871,0.0068894755,0.062295686,-0.07487933,0.1437392,-0.06283505,-0.01450334,-0.06770061,0.073345214,-0.20697494,0.14100152,0.101672515,0.109424315,0.049913485,0.21507056,0.09578592,-0.021126593,0.17367011,-0.16702864,0.21283634,0.03898022,0.08602724,-0.029558359,0.1997817,-0.24633646,0.11058741,-0.16513732,sport
-0.038802043,0.25902963,0.12829947,-0.13670883,0.29211795,-0.17122485,-0.11118456,0.33321247,-0.23973896,-0.11059894,0.057185348,-0.16271679,-0.120844156,0.051643424,0.28945473,-0.27319643,-0.1717162,-0.111839406,0.1087788,-0.36487263,0.1573204,0.2525028,0.27802226,-0.34012535,-0.19809656,-0.06683334,-0.05746665,0.2537345,-0.15134126,0.20437941,0.18594663,0.063858405,0.13467434,-0.20113416,-0.030112628,0.051422797,0.05888661,-0.036121126,0.10378392,-0.24362479,0.104992524,-0.3042168,0.09322747,0.003491741,0.22625864,0.049988624,-0.017622642,-0.18062924,0.096968465,0.04479626,0.007695987,-0.16917507,-0.060440037,0.057085775,0.02185011,-0.15435593,0.086897545,-0.06967402,0.020664863,0.16638394,0.14035481,0.10475664,0.043390173,0.06937597,-0.23934773,0.29473585,0.14352772,0.01682071,-0.3136276,0.18387385,-0.2529299,-0.17510578,0.1624008,0.062316395,0.046824764,0.08478947,-0.07904369,0.16995534,-0.049120735,0.0034983181,-0.09163497,0.08106123,-0.2297354,0.14310534,0.089080304,0.10113791,0.05793277,0.21288285,0.11606085,0.01339553,0.18068376,-0.15366215,0.18381147,0.0356614,0.113479614,-0.025042884,0.20077315,-0.22710763,0.1013506,-0.14388502,sport
-0.033398844,0.2662731,0.12210715,-0.13470215,0.25243214,-0.1764098,-0.099335894,0.3103522,-0.24176247,-0.11338148,0.02852192,-0.14847736,-0.10115683,0.044327606,0.25775203,-0.2898824,-0.16798452,-0.11884584,0.12777288,-0.36836666,0.16014142,0.22379737,0.23985903,-0.3162223,-0.18036017,-0.07247854,-0.051203936,0.22032006,-0.14844024,0.1853211,0.17389174,0.06563396,0.094109476,-0.1899766,-0.013369741,0.10095158,0.05663817,-0.026998293,0.062536284,-0.23982629,0.099523425,-0.28217182,0.09559749,0.023462467,0.19570395,0.028881872,-0.016132785,-0.15402916,0.09202641,0.04624298,0.022255171,-0.17655163,-0.05223146,0.024838937,0.019162668,-0.1264058,0.0580269,-0.055858012,-0.022590324,0.11740848,0.114083335,0.09382687,0.038326256,0.07872726,-0.19863923,0.26562834,0.13005699,0.037407685,-0.27693406,0.1811645,-0.24272378,-0.120601304,0.14703,0.024778971,0.09335929,0.104621746,-0.095188834,0.19121449,-0.034593865,0.023406198,-0.11319789,0.07882821,-0.2498975,0.13460343,0.07134007,0.08646172,0.05884052,0.20744622,0.13834107,0.055291787,0.18039063,-0.13479103,0.13790245,0.03581415,0.14696045,-0.01169615,0.19094008,-0.19642809,0.09383831,-0.11034181,sport
-0.04743545,0.25490272,0.13186096,-0.13289368,0.31072125,-0.1603978,-0.117705226,0.3386544,-0.23554252,-0.10952861,0.07859273,-0.16195042,-0.1298255,0.051958095,0.29646486,-0.25199595,-0.17282131,-0.10116044,0.087030955,-0.35221618,0.14417633,0.26869923,0.2979893,-0.34344068,-0.20264,-0.06276725,-0.059930604,0.2685359,-0.1483856,0.2097513,0.18610486,0.054624822,0.15644018,-0.20536397,-0.042284295,0.016871735,0.053364165,-0.033816583,0.12541802,-0.24396712,0.107884966,-0.30534163,0.08500557,-0.0054755667,0.23377463,0.053220484,-0.015928978,-0.19248919,0.08869874,0.042550545,0.0038173026,-0.15989676,-0.062411156,0.07348824,0.02185441,-0.17277713,0.11367184,-0.077861235,0.049523994,0.19331197,0.15277846,0.111055695,0.044903822,0.058664065,-0.26177707,0.29939112,0.15354042,0.0016537835,-0.33034658,0.1728223,-0.251104,-0.20616803,0.17121215,0.09033869,0.014880036,0.071179785,-0.07234563,0.14966887,-0.061251793,-0.008434625,-0.07319829,0.081723094,-0.20589335,0.14361092,0.09611668,0.10886043,0.05321994,0.20858999,0.09555009,-0.009895611,0.17169137,-0.16073358,0.21525407,0.03713303,0.08717421,-0.034491844,0.19659708,-0.24110791,0.10067338,-0.16278811,sport
-0.020818999,0.25432384,0.13012001,-0.14574994,0.3032446,-0.17764115,-0.10600753,0.3391872,-0.23936014,-0.10991163,0.048085917,-0.18688299,-0.12913284,0.0654319,0.30956143,-0.28521505,-0.17544164,-0.11663332,0.09769522,-0.3772752,0.15107557,0.26227796,0.28327954,-0.33369005,-0.20334966,-0.08116728,-0.04973824,0.2556069,-0.15472388,0.2151892,0.19737303,0.06795263,0.15990001,-0.1959625,-0.03429502,0.06527836,0.07457686,-0.04231188,0.11597307,-0.24478453,0.099658966,-0.31422305,0.09120361,0.0074714967,0.24550517,0.05523555,-0.03254581,-0.1878464,0.109087825,0.041595265,-0.0015010502,-0.178543,-0.05606981,0.06553621,0.012065258,-0.14952804,0.084370166,-0.07880489,0.032991502,0.16533278,0.14224796,0.11296407,0.046627477,0.067544594,-0.26019755,0.3068695,0.13484961,0.015995571,-0.32986456,0.18793382,-0.25609973,-0.16878296,0.15011701,0.07493713,0.03996482,0.09032763,-0.07198992,0.17466423,-0.057983425,-0.0020862343,-0.08696094,0.07910575,-0.22799903,0.15895516,0.101869486,0.11860298,0.064167455,0.2065038,0.11417522,0.012480469,0.18943825,-0.15605915,0.19474475,0.047413494,0.12452718,-0.008242871,0.20906726,-0.22771509,0.11387575,-0.15914641,sport
-0.032585982,0.26366803,0.13046914,-0.14862028,0.31020477,-0.1771102,-0.11313416,0.3485087,-0.24378131,-0.11098225,0.060366794,-0.17044045,-0.13051106,0.06450281,0.31185916,-0.27459526,-0.17443477,-0.111642934,0.102598645,-0.38299707,0.15300946,0.2622836,0.28806672,-0.34969515,-0.21420357,-0.07077586,-0.057464827,0.26442882,-0.15405196,0.21319616,0.19608888,0.06490994,0.15758948,-0.20694223,-0.036221657,0.051566068,0.06647019,-0.034980457,0.113703445,-0.24493156,0.10779923,-0.31949833,0.0933517,0.0021733774,0.24870057,0.058354467,-0.021816265,-0.19178443,0.104612395,0.044218082,0.0033130792,-0.17021923,-0.055925187,0.06921189,0.020200735,-0.15846415,0.09337504,-0.07700969,0.029688178,0.17837025,0.14617841,0.10652346,0.04772712,0.06895326,-0.25634497,0.3096544,0.14501351,0.01670512,-0.33450434,0.18476322,-0.2607202,-0.18454266,0.15998282,0.07894206,0.03491539,0.08624244,-0.07556163,0.17525919,-0.05502297,-0.0018231457,-0.086997986,0.08340642,-0.23064178,0.15508826,0.10096485,0.115566514,0.06916702,0.21361358,0.11858751,0.012105405,0.19015363,-0.16470177,0.19967921,0.0411158,0.113272786,-0.019431734,0.20490961,-0.23033196,0.1111197,-0.1644572,sport
-0.04212027,0.27195677,0.12714453,-0.14234532,0.28297907,-0.17347209,-0.10626553,0.33536673,-0.24682456,-0.11794563,0.04856177,-0.15505934,-0.11251052,0.04729178,0.27864507,-0.2884141,-0.17576042,-0.10852109,0.11615442,-0.37663102,0.16574347,0.24638157,0.27564082,-0.342402,-0.19442599,-0.06935874,-0.057814203,0.2474081,-0.15299077,0.2004269,0.1824136,0.064681396,0.12363076,-0.20937711,-0.0242096,0.06869632,0.053691715,-0.02438689,0.0909589,-0.24765581,0.10590127,-0.30251423,0.10207896,0.0135978265,0.21286714,0.036765903,-0.016501894,-0.18153234,0.09348217,0.051571578,0.015643355,-0.17727141,-0.057797078,0.03855055,0.023590203,-0.14972855,0.07812126,-0.06442925,-0.0038154672,0.15130222,0.13747044,0.10352084,0.05066402,0.07241491,-0.22960886,0.29359254,0.14175199,0.025549987,-0.3113714,0.17950821,-0.25815278,-0.15702336,0.16203566,0.05520491,0.06629738,0.095270276,-0.08623793,0.18918803,-0.049200457,0.015897276,-0.10474245,0.0865216,-0.24667372,0.13794132,0.08071117,0.09097988,0.066235766,0.2158823,0.12380017,0.035354953,0.1845222,-0.1472178,0.1721575,0.03410152,0.12802678,-0.025614578,0.20462327,-0.22441338,0.09666439,-0.13565154,sport
-0.03596935,0.26194403,0.12759426,-0.14720832,0.2923288,-0.16767405,-0.107765906,0.33741882,-0.23779008,-0.11341906,0.057746958,-0.15621637,-0.11743059,0.059444092,0.29082182,-0.27580985,-0.16971195,-0.10548957,0.09510613,-0.3785879,0.15093623,0.2612261,0.2861404,-0.3402992,-0.20518205,-0.069171585,-0.059685435,0.25175402,-0.14546578,0.2074035,0.1894044,0.06133302,0.15274234,-0.20098825,-0.037643082,0.05303579,0.058636937,-0.022891492,0.09806909,-0.23953061,0.10957748,-0.30511665,0.1025054,0.0058166008,0.22475587,0.042850353,-0.015909502,-0.19418727,0.095637664,0.047168773,0.003506368,-0.17190576,-0.052746456,0.051217437,0.018187556,-0.15185405,0.09223905,-0.07277358,0.0110700475,0.16410638,0.14111179,0.10426918,0.05876512,0.061756603,-0.24874966,0.30276522,0.13839614,0.009668917,-0.32845584,0.17299703,-0.25510016,-0.16929421,0.15663983,0.0755583,0.046667498,0.07830896,-0.07482121,0.17559992,-0.06895771,0.009044357,-0.08802179,0.08291317,-0.23389274,0.14377011,0.085711285,0.103219055,0.068705864,0.21114333,0.10358506,0.02272509,0.18743077,-0.15494558,0.18616787,0.037490774,0.11029647,-0.021913128,0.20411488,-0.2278552,0.099932484,-0.14848249,sport
-0.031626232,0.2770366,0.12936223,-0.13869353,0.20874342,-0.17271458,-0.073306285,0.2954935,-0.23709899,-0.13365877,0.010657991,-0.14094685,-0.093585126,0.027516758,0.21382299,-0.340303,-0.17782144,-0.12072565,0.11538366,-0.3859225,0.15953422,0.22681731,0.24553244,-0.2911413,-0.1551855,-0.080499604,-0.049003325,0.18567142,-0.1449968,0.19829819,0.16980794,0.06430991,0.09453306,-0.17872429,-0.003746327,0.13372354,0.051300433,-0.016812837,0.026822753,-0.24387509,0.094195016,-0.25492474,0.11384106,0.04727356,0.13821551,-0.01474175,-0.018555833,-0.15736318,0.072477795,0.05528427,0.027901353,-0.21282692,-0.051727425,-0.02902039,0.0054363348,-0.11161255,0.038979754,-0.045542773,-0.0753852,0.07184837,0.09992386,0.09383508,0.07415796,0.061408322,-0.20259385,0.26457986,0.10799615,0.039052475,-0.27021396,0.17244829,-0.22815709,-0.044843037,0.13222666,0.004889158,0.13844988,0.10740808,-0.10489404,0.21048494,-0.08538038,0.05887632,-0.13834158,0.075429864,-0.26713374,0.112837285,0.035902977,0.064029045,0.06859244,0.19980131,0.110854335,0.09167237,0.17546143,-0.10918305,0.10653054,0.03865308,0.1921107,0.0032078389,0.21866593,-0.19466712,0.064178936,-0.063198514,sport
-0.023759397,0.2630495,0.13759421,-0.14777279,0.2933838,-0.17481908,-0.1005479,0.34330955,-0.24256568,-0.110511005,0.053728636,-0.18334834,-0.14130105,0.06207736,0.3010235,-0.29994106,-0.18024802,-0.12022074,0.09536235,-0.38593408,0.14447707,0.27865872,0.29122,-0.33653992,-0.20735343,-0.084338814,-0.04899932,0.24409287,-0.15958893,0.2272905,0.20222925,0.06772979,0.15721789,-0.18678635,-0.03966334,0.06552288,0.07138008,-0.048216175,0.0998772,-0.24766667,0.10371598,-0.30976605,0.08703721,0.008736116,0.23194568,0.04630367,-0.02136596,-0.19267869,0.10336183,0.041233003,-0.006500223,-0.18562981,-0.056379784,0.051302202,0.007571218,-0.15421891,0.08860356,-0.08284643,0.020050306,0.16643259,0.1433308,0.11257736,0.059917763,0.0543365,-0.2664604,0.30540675,0.12947565,0.008204704,-0.33417824,0.18556818,-0.2459069,-0.1546427,0.15047282,0.06743272,0.048012957,0.08310295,-0.07780674,0.16969165,-0.088847466,0.008717273,-0.089943156,0.07195669,-0.23141466,0.14560741,0.091401815,0.11766451,0.067310475,0.2121583,0.10223607,0.017553657,0.18941155,-0.15545392,0.1900494,0.051949218,0.13657726,-0.0054518166,0.2204397,-0.23525348,0.10294877,-0.14054501,sport
-0.05402858,0.27260804,0.12928942,-0.13892654,0.2977183,-0.16480224,-0.116710626,0.3435166,-0.24786822,-0.118945226,0.07076529,-0.1489198,-0.12400771,0.043894455,0.28215188,-0.26620415,-0.1758455,-0.10455774,0.11254842,-0.36388364,0.16174838,0.25140384,0.29036993,-0.3561396,-0.20019065,-0.06040935,-0.06265359,0.26014212,-0.15059848,0.2023713,0.1828531,0.057502843,0.1317689,-0.21604069,-0.026269129,0.03380768,0.046674944,-0.024139911,0.11483817,-0.24911693,0.10953181,-0.31180882,0.0931873,0.0029624118,0.21748768,0.04231847,-0.01137503,-0.18597157,0.082410514,0.04982495,0.018680045,-0.16787824,-0.06367463,0.056347758,0.028103845,-0.16163418,0.10172154,-0.069469534,0.021025442,0.17823642,0.15026028,0.10636741,0.046068642,0.07160457,-0.24179485,0.29381743,0.15922475,0.018827705,-0.3170487,0.17286433,-0.26359788,-0.19260888,0.17691304,0.07298999,0.0398876,0.083192855,-0.08491071,0.17104416,-0.04454892,0.007318107,-0.092225686,0.08842599,-0.22954224,0.13882306,0.08673593,0.09243937,0.056196094,0.21839948,0.11803657,0.01066895,0.17950647,-0.15723239,0.1947275,0.026806436,0.10308909,-0.040204838,0.19886371,-0.23816822,0.09560899,-0.15046597,sport
-0.04091593,0.26891592,0.12735759,-0.14410083,0.29847267,-0.16568673,-0.108205535,0.33821476,-0.24381882,-0.117516465,0.060248815,-0.16303147,-0.11788541,0.049728733,0.2859796,-0.27105898,-0.17589003,-0.10624248,0.10262203,-0.3656099,0.15288173,0.23575144,0.27901912,-0.33886212,-0.19404848,-0.06938628,-0.06032204,0.2624082,-0.15025657,0.20045587,0.18276562,0.064500056,0.14313678,-0.21252713,-0.021928431,0.04526952,0.054622665,-0.031711556,0.12206168,-0.24933541,0.10003943,-0.31151938,0.093213126,0.004863963,0.22987789,0.045435928,-0.022308813,-0.17816266,0.08146113,0.048754524,0.024408529,-0.17440729,-0.06444164,0.063317895,0.020645555,-0.14832054,0.08927842,-0.06873381,0.02525414,0.16405298,0.14765438,0.1059692,0.042100277,0.072914846,-0.24723697,0.29568154,0.16472906,0.02635541,-0.31626454,0.17516717,-0.26229548,-0.17723154,0.16566469,0.07344746,0.036226172,0.09436629,-0.07919674,0.17688707,-0.037434712,0.003557043,-0.094483174,0.084997624,-0.22117591,0.1518447,0.096881,0.09490208,0.052109998,0.19978695,0.11909315,0.007160143,0.17855603,-0.15203127,0.19828972,0.03243363,0.11581529,-0.030136064,0.20051435,-0.2301375,0.10081201,-0.15464646,sport
-0.03505111,0.25991154,0.122784145,-0.13788304,0.27937672,-0.1697764,-0.10652591,0.31987238,-0.23550732,-0.10961869,0.041734386,-0.1546687,-0.10498924,0.049416848,0.27783215,-0.27537602,-0.16551074,-0.106016725,0.10737364,-0.36080757,0.15745357,0.23816088,0.2564519,-0.32425803,-0.1858513,-0.0713182,-0.057448115,0.24292566,-0.1464016,0.18843946,0.17695585,0.06262706,0.12780909,-0.19857888,-0.029206185,0.07012658,0.058068786,-0.0301119,0.09290141,-0.24064983,0.10161645,-0.29604954,0.098837845,0.0104933465,0.21612631,0.04352425,-0.020106338,-0.1728393,0.095440365,0.044012275,0.013372207,-0.1651588,-0.05466652,0.046240095,0.018743368,-0.14177479,0.07585771,-0.068092525,0.008932535,0.14781173,0.13158761,0.10033805,0.040799346,0.07503194,-0.22017388,0.28238717,0.13653375,0.022239432,-0.30268365,0.18049154,-0.2477637,-0.15722321,0.15416625,0.05333744,0.060501672,0.09235894,-0.08104073,0.17847835,-0.038851336,0.006377686,-0.094096534,0.08433494,-0.23551914,0.14297466,0.08717258,0.098793805,0.059999276,0.2076976,0.12475223,0.029048165,0.18237893,-0.14361002,0.16921467,0.03487705,0.11848876,-0.02576046,0.1874176,-0.21151301,0.099260226,-0.13723268,sport
-0.028626349,0.28637606,0.1293805,-0.15343228,0.24985702,-0.18047294,-0.08590059,0.3234149,-0.25084266,-0.13390571,0.014050851,-0.15090327,-0.091410674,0.04690858,0.25119972,-0.34151495,-0.18226948,-0.11691294,0.11596376,-0.40342727,0.17142628,0.24508859,0.26092997,-0.31830364,-0.17627631,-0.086419865,-0.05336904,0.216172,-0.1516097,0.20046353,0.17985357,0.06682941,0.11923835,-0.19859716,-0.015946867,0.13345626,0.058429893,-0.0055271015,0.050648138,-0.24854031,0.102863185,-0.2846495,0.12558456,0.04121232,0.17404446,0.004103995,-0.023030873,-0.17817307,0.091896914,0.055338264,0.021084905,-0.20627597,-0.04766108,-0.011004822,0.011723588,-0.12353863,0.05115158,-0.057072446,-0.059040233,0.09244104,0.11381399,0.10018599,0.072344,0.06718918,-0.2172247,0.29185373,0.11621445,0.035101034,-0.3009286,0.17863356,-0.25096744,-0.081683114,0.13853893,0.030955119,0.121563494,0.109410316,-0.09787237,0.21858573,-0.07492671,0.048738215,-0.13169853,0.09130133,-0.2828954,0.12823062,0.055731498,0.0804318,0.0809041,0.21272591,0.12245144,0.08550093,0.19808953,-0.12668929,0.13014232,0.041515287,0.17629491,-0.0030293532,0.21702911,-0.20897573,0.0841712,-0.106085576,sport
-0.01815091,0.26416624,0.13164806,-0.14772439,0.2980201,-0.18784708,-0.10734984,0.33770588,-0.24425612,-0.117088675,0.03254157,-0.18341601,-0.11444019,0.066550426,0.30393448,-0.29508185,-0.177439,-0.11448148,0.1118153,-0.3885482,0.15938424,0.25442705,0.2705613,-0.3320325,-0.1980204,-0.08326664,-0.05187237,0.25539172,-0.15730979,0.20445041,0.19274715,0.07134775,0.14566891,-0.20305532,-0.030686917,0.088001855,0.07712125,-0.038093053,0.10148418,-0.2455171,0.10040985,-0.3130886,0.10170544,0.014499979,0.23982628,0.055134967,-0.036098536,-0.18285805,0.11295167,0.046600442,0.0058644684,-0.18421148,-0.053257905,0.051517375,0.0179951,-0.14092356,0.065599516,-0.07258602,0.013901812,0.14745684,0.13381289,0.105286404,0.042176437,0.07486015,-0.24012421,0.30831206,0.13159877,0.03018033,-0.31936964,0.1914228,-0.26407534,-0.14838953,0.14850512,0.05871397,0.06311523,0.10549817,-0.07521148,0.19392203,-0.045103513,0.005412987,-0.10161458,0.08749851,-0.24823403,0.16117266,0.0998837,0.1139185,0.07096608,0.20831409,0.13255633,0.035340894,0.19294138,-0.14996141,0.17908505,0.04722358,0.13904317,-0.0052583646,0.20742348,-0.21649073,0.1159231,-0.15129642,sport
-0.017563008,0.27075607,0.13358587,-0.1485546,0.28110936,-0.19347265,-0.09745629,0.33473992,-0.24581921,-0.12224209,0.017662685,-0.17840058,-0.106001124,0.05845189,0.29078075,-0.3125545,-0.17807844,-0.11907477,0.11946614,-0.40170226,0.16833879,0.24846311,0.26385054,-0.32880506,-0.19236492,-0.08463763,-0.05151875,0.2416789,-0.15507138,0.19994141,0.19220218,0.07158493,0.13323395,-0.20067692,-0.023602406,0.11300337,0.08137173,-0.028528113,0.077502124,-0.24640623,0.10165346,-0.30415294,0.10966811,0.02800804,0.2241259,0.038914725,-0.032953348,-0.17922683,0.11795813,0.05098141,0.009871793,-0.1909754,-0.04970756,0.02961366,0.014396401,-0.13213235,0.053383846,-0.06515356,-0.017228087,0.12627688,0.11966617,0.10484191,0.05033737,0.075703,-0.22624418,0.30651942,0.121127896,0.03393116,-0.31275246,0.19140641,-0.2667454,-0.1184842,0.14206724,0.041254003,0.08996231,0.11119375,-0.0823048,0.20807257,-0.053014364,0.020405997,-0.11778289,0.09141865,-0.26215297,0.1485444,0.08186134,0.10584946,0.07830345,0.21159285,0.13418305,0.06252459,0.19820677,-0.14351015,0.15470053,0.049226146,0.16158718,-0.00029746685,0.21196224,-0.20640443,0.10542828,-0.13338976,sport
-0.02392162,0.27062526,0.12984426,-0.14386341,0.24991813,-0.18177453,-0.0957117,0.3139104,-0.24080856,-0.12555866,0.01419478,-0.15846844,-0.0889969,0.04803015,0.2572064,-0.31916705,-0.17569387,-0.11587016,0.11989584,-0.38900372,0.17066698,0.23768291,0.25098875,-0.3126379,-0.17656171,-0.08181179,-0.052387197,0.21931562,-0.14748025,0.19085029,0.1764155,0.06430259,0.11763807,-0.19602254,-0.016729526,0.12169903,0.06732158,-0.016871098,0.056621864,-0.24259183,0.10106383,-0.28350592,0.11720677,0.035233364,0.18940985,0.015347115,-0.027128175,-0.16917622,0.09757933,0.053209107,0.020743826,-0.19362193,-0.0469778,0.0049064527,0.012805624,-0.12403224,0.04880844,-0.056529496,-0.038189188,0.09492446,0.109817944,0.09831819,0.05538697,0.07391175,-0.210514,0.2908769,0.11839301,0.036207695,-0.29056686,0.1814014,-0.25059155,-0.09219115,0.13830802,0.027188452,0.111133866,0.11343227,-0.08794559,0.21042454,-0.057565615,0.03737334,-0.122138344,0.089546785,-0.2642889,0.13563983,0.065519065,0.08941249,0.07386264,0.20510519,0.12729481,0.07850362,0.19146995,-0.13025518,0.13752744,0.041028358,0.16510111,-0.0020792522,0.20684004,-0.19936496,0.087293126,-0.107526585,sport
-0.047696248,0.25615117,0.12744124,-0.1354019,0.3074808,-0.15697296,-0.114112385,0.3381953,-0.23387763,-0.11050392,0.076151185,-0.15783812,-0.1258035,0.05138304,0.29181725,-0.25618413,-0.17318006,-0.10067667,0.086092286,-0.3567305,0.14518544,0.26484737,0.29637197,-0.34094584,-0.20104085,-0.06454591,-0.0628007,0.26485345,-0.14734197,0.20752986,0.18375191,0.05587693,0.16109361,-0.20681874,-0.041114636,0.020803658,0.047832854,-0.032474145,0.12563837,-0.24190636,0.108949766,-0.3088021,0.08759266,-0.004799473,0.22971576,0.05051271,-0.016343651,-0.19317703,0.085601784,0.043068904,0.0070121307,-0.16331236,-0.061989084,0.0700835,0.020793434,-0.17065042,0.11033247,-0.07609941,0.04168603,0.18815856,0.15213808,0.10689729,0.049505763,0.056509536,-0.2611768,0.2984334,0.15289202,0.0058167865,-0.33121097,0.17140818,-0.25043237,-0.19912384,0.16848536,0.08822785,0.015105299,0.06914328,-0.07166421,0.1549103,-0.06350913,-0.005181647,-0.0754244,0.0834296,-0.21058784,0.14792165,0.09587288,0.10418371,0.056206644,0.20781788,0.09717396,-0.008476354,0.17217146,-0.15855065,0.21151938,0.03578736,0.09280732,-0.034158368,0.19596262,-0.2402031,0.10188014,-0.16281307,sport
-0.04079572,0.27095175,0.12865576,-0.14631572,0.31142452,-0.18038234,-0.11890614,0.3512857,-0.25161555,-0.11768983,0.060002826,-0.16532452,-0.117844224,0.057331502,0.3064128,-0.27764547,-0.17742379,-0.11231534,0.11903995,-0.38294724,0.16823626,0.2571737,0.28609234,-0.35947764,-0.21033849,-0.07037621,-0.060969763,0.26902205,-0.15510562,0.20401175,0.18987328,0.06395359,0.1401472,-0.21941318,-0.03183844,0.05325345,0.057982787,-0.029368015,0.10998446,-0.25307864,0.11289944,-0.32154807,0.100945,0.0047958083,0.24445458,0.055710904,-0.017600443,-0.18822308,0.10469447,0.051282153,0.0117683085,-0.17176363,-0.060674112,0.062176168,0.030969894,-0.1597265,0.09009005,-0.07051693,0.01911995,0.1749522,0.14694498,0.10529359,0.04314119,0.076309845,-0.24123716,0.3108401,0.15251125,0.021771058,-0.32817543,0.18783684,-0.27096626,-0.19155203,0.17349051,0.069730885,0.04771596,0.092387855,-0.08259603,0.18336572,-0.03589072,0.0014448012,-0.0947779,0.091848664,-0.24514782,0.1550738,0.09927777,0.105339274,0.064709835,0.22230259,0.13359325,0.019832717,0.19015989,-0.1610647,0.19349588,0.0363519,0.113689706,-0.031579345,0.19976984,-0.23306452,0.112410896,-0.16260843,sport
-0.028785346,0.27074504,0.13117313,-0.15072237,0.29470053,-0.18605892,-0.10848511,0.3398037,-0.24602385,-0.12249972,0.03818569,-0.16769923,-0.10960093,0.061845046,0.2975243,-0.2951717,-0.17725222,-0.110041924,0.109958835,-0.39663792,0.16551694,0.25813305,0.28066468,-0.34035677,-0.20182602,-0.07471439,-0.057296626,0.25288525,-0.15127374,0.20702736,0.19219008,0.06625307,0.14595504,-0.2121026,-0.02938574,0.08416611,0.06937652,-0.019903263,0.09279595,-0.24592358,0.106547855,-0.31051373,0.11364822,0.017352032,0.22804578,0.044396494,-0.027628276,-0.19058138,0.10865178,0.05109153,0.007565599,-0.18566471,-0.050889842,0.041720998,0.020675514,-0.14349605,0.073401205,-0.068878,-0.0004215894,0.14683405,0.13507144,0.10373595,0.053572495,0.071954645,-0.23984219,0.3135109,0.13152179,0.025218325,-0.32378545,0.184906,-0.26784748,-0.15118076,0.15479898,0.06443432,0.06874223,0.09804568,-0.08017974,0.19944803,-0.054467294,0.014341482,-0.10534731,0.09017274,-0.25448114,0.1500347,0.08743635,0.10502037,0.075553745,0.21343642,0.1256032,0.040900838,0.19468437,-0.15141802,0.17421822,0.04145226,0.13414955,-0.013940621,0.2068077,-0.22108293,0.10629627,-0.14773312,sport
-0.018367015,0.2827791,0.1347915,-0.15588601,0.30420417,-0.19539773,-0.10257339,0.35018066,-0.2599742,-0.12550637,0.03282006,-0.18090504,-0.118021965,0.06378996,0.3105362,-0.31376812,-0.18117467,-0.119975105,0.117963955,-0.41043827,0.16976358,0.25010204,0.27099687,-0.34647217,-0.20337726,-0.08849739,-0.05443657,0.25806543,-0.1629402,0.20879707,0.1989344,0.07483516,0.1438487,-0.21052499,-0.025216466,0.10011867,0.07655491,-0.030556481,0.10164179,-0.25666094,0.10436444,-0.32444963,0.1095179,0.022006972,0.24266121,0.05095298,-0.03376076,-0.18760784,0.115626186,0.05241312,0.014078111,-0.19265586,-0.05664804,0.04552354,0.015591255,-0.14106199,0.06502928,-0.07321273,0.0003932922,0.15009946,0.13559105,0.11132164,0.048779134,0.08188777,-0.24086553,0.31507877,0.13701518,0.03397651,-0.32941824,0.19888836,-0.27471212,-0.14299768,0.15350598,0.055746328,0.076655045,0.112119004,-0.084164985,0.20749307,-0.03991041,0.010043911,-0.111048914,0.09298851,-0.2658315,0.16140543,0.096904136,0.11168282,0.0735309,0.2165021,0.1468757,0.04722215,0.20250148,-0.15242536,0.17397754,0.048248727,0.15367876,-0.012478201,0.21503916,-0.22247311,0.11543925,-0.15228438,sport
0.00042482006,0.27469352,0.1432068,-0.15698661,0.29573965,-0.18644515,-0.08801863,0.33847234,-0.24678262,-0.12162192,0.020619793,-0.19491719,-0.12452716,0.06530942,0.30135497,-0.32459298,-0.18730476,-0.12352907,0.0859879,-0.400182,0.14658673,0.26277897,0.27904302,-0.3176956,-0.19144686,-0.095083915,-0.052735314,0.24503557,-0.1593036,0.21447918,0.20076457,0.072835594,0.17541622,-0.17991282,-0.034514714,0.10405496,0.0902906,-0.041275267,0.105885796,-0.25645435,0.08828082,-0.306315,0.097741224,0.027518097,0.23199332,0.034631405,-0.04609581,-0.19284154,0.10427088,0.04121865,0.0030387952,-0.19748347,-0.052429844,0.044208933,-0.009146611,-0.13587381,0.062850095,-0.089418575,0.012976024,0.1407376,0.1312407,0.11878697,0.059242092,0.06704465,-0.26755658,0.31418762,0.12777339,0.018942757,-0.33584747,0.19121061,-0.25367057,-0.11715762,0.12881869,0.06504686,0.06564377,0.11519385,-0.0738573,0.19090708,-0.07852394,0.012933743,-0.100442044,0.0833695,-0.24070112,0.15980874,0.09511412,0.12963001,0.07929863,0.19729364,0.114455946,0.044305112,0.19930027,-0.14729238,0.1786568,0.05629577,0.15796499,0.0029656866,0.22696233,-0.21789666,0.10336697,-0.14020854,sport
-0.012381109,0.28494862,0.13504475,-0.15716597,0.2925394,-0.18810862,-0.09813008,0.34126902,-0.25767243,-0.11813398,0.014708306,-0.17316073,-0.10830062,0.05852491,0.29665387,-0.31181002,-0.17975214,-0.1159751,0.11610632,-0.398805,0.16838007,0.23769301,0.2588015,-0.33674094,-0.19549422,-0.08951597,-0.057198863,0.24737817,-0.15919852,0.19169918,0.19399956,0.0706743,0.13974066,-0.19833094,-0.024616335,0.11026132,0.08362811,-0.020503586,0.089381404,-0.25254837,0.10237601,-0.3122766,0.10432927,0.029501427,0.23038243,0.03434682,-0.030457063,-0.18349636,0.10723672,0.047012668,0.016580082,-0.18232438,-0.045267105,0.037220746,0.0033866337,-0.1307131,0.060736384,-0.07787774,-0.010359759,0.13312177,0.121833846,0.10972652,0.045135282,0.08679422,-0.2293608,0.30451143,0.14019401,0.02846793,-0.31685665,0.18716061,-0.26859242,-0.12693742,0.14161947,0.04751728,0.08550582,0.11904631,-0.08198509,0.20615321,-0.04154262,0.01778223,-0.110689834,0.0913353,-0.26163995,0.15007418,0.088995025,0.11562421,0.08095467,0.2106741,0.14248711,0.062943414,0.210341,-0.15127268,0.16263175,0.04125246,0.15046193,-0.013921671,0.20367186,-0.20843829,0.10368873,-0.13878678,sport
-0.034674525,0.26815015,0.12701951,-0.14435601,0.26811886,-0.17293735,-0.104827344,0.32444024,-0.24153206,-0.11591025,0.0402798,-0.1539459,-0.110300325,0.04405213,0.2655508,-0.2925374,-0.17181133,-0.11458055,0.12147891,-0.37082893,0.16503583,0.2411978,0.2634113,-0.33284968,-0.18901551,-0.071175694,-0.055053227,0.2314447,-0.15042152,0.1958675,0.18216196,0.06362158,0.11435126,-0.19788806,-0.01882945,0.08032956,0.059544336,-0.025343051,0.07858478,-0.24301185,0.10456285,-0.29402566,0.101080805,0.018385906,0.20440456,0.029033655,-0.015533828,-0.171012,0.09036469,0.049436033,0.015756395,-0.1775908,-0.05506197,0.029867776,0.017878067,-0.13785332,0.073014714,-0.061729293,-0.012129982,0.136898,0.1290516,0.09977986,0.049159266,0.073828615,-0.2174085,0.2853555,0.13620196,0.025655346,-0.29626742,0.17875007,-0.25260863,-0.14151454,0.15502372,0.040346526,0.07602083,0.09287054,-0.0879223,0.1883566,-0.054472394,0.024185874,-0.10888737,0.08473035,-0.2488936,0.13110714,0.07482468,0.08923519,0.061488293,0.21531762,0.122287765,0.04199685,0.18821895,-0.14373945,0.158901,0.033385813,0.13462287,-0.018376686,0.2007179,-0.21337523,0.09156229,-0.12193109,sport
-0.03233387,0.27683324,0.13234217,-0.14992294,0.30963027,-0.1815177,-0.111728325,0.35406023,-0.25435647,-0.11929066,0.050357867,-0.17039445,-0.11520846,0.058790173,0.3034832,-0.28550225,-0.1796902,-0.11176677,0.116547726,-0.39131305,0.1636214,0.2542685,0.28215808,-0.35515428,-0.20778331,-0.07455725,-0.059742488,0.2646794,-0.15872568,0.20321383,0.19416153,0.06690017,0.13883765,-0.21477406,-0.030333107,0.06611312,0.06255854,-0.029697502,0.10385055,-0.25718886,0.10895877,-0.31969565,0.101313934,0.012278809,0.24114802,0.052120674,-0.020615032,-0.1873635,0.10341799,0.051986195,0.012002908,-0.17976114,-0.057723545,0.054274067,0.023535047,-0.15324165,0.079462975,-0.072273225,0.00907273,0.16924213,0.14541396,0.10694444,0.047413673,0.07513006,-0.24048957,0.3112259,0.15167405,0.024511065,-0.32868207,0.18548603,-0.27460334,-0.17538416,0.16626088,0.06566843,0.052634507,0.098359615,-0.081970446,0.19105726,-0.04136429,0.004555476,-0.09766008,0.09188862,-0.24940343,0.15483277,0.09621413,0.10506727,0.07027814,0.21838453,0.13459367,0.02607305,0.19668102,-0.15694961,0.18942133,0.041188445,0.12736623,-0.025145337,0.20428148,-0.22884554,0.11347414,-0.16100752,sport
-0.03314332,0.2694983,0.12777519,-0.14331567,0.27352732,-0.1724155,-0.102040015,0.3273254,-0.2410363,-0.122478954,0.038658433,-0.15974888,-0.10294499,0.04926248,0.2701749,-0.3037864,-0.17787066,-0.1104533,0.1073379,-0.38243335,0.16035438,0.2496781,0.27380636,-0.32367036,-0.18447687,-0.07747108,-0.05800336,0.23798086,-0.15008937,0.2023778,0.18199195,0.06657099,0.13412784,-0.20145883,-0.025181545,0.08247276,0.054564502,-0.027421504,0.0841051,-0.24817446,0.10220275,-0.295003,0.109764494,0.020596007,0.20264028,0.028296277,-0.023195403,-0.17956944,0.08957388,0.050891794,0.015746381,-0.19066478,-0.05703694,0.025600903,0.016659463,-0.14132705,0.06810268,-0.06322096,-0.014151013,0.13073143,0.132282,0.101456225,0.059963696,0.0657219,-0.23456766,0.29671612,0.13525754,0.027338987,-0.31214902,0.17849645,-0.25301906,-0.12954056,0.15199438,0.049595974,0.07638479,0.09726976,-0.084253885,0.19334729,-0.063798934,0.023231702,-0.10748605,0.087794535,-0.24904813,0.14298414,0.07701093,0.0889668,0.06691557,0.20622185,0.114742965,0.043481916,0.18391913,-0.13693316,0.16684009,0.039561454,0.14293993,-0.014664202,0.2102936,-0.22103585,0.09330141,-0.12797982,sport
-0.046215545,0.26109898,0.12834026,-0.13253479,0.22812802,-0.15070549,-0.0834489,0.30318698,-0.2294812,-0.1193904,0.043328382,-0.13404244,-0.11472784,0.02355304,0.21921837,-0.29717502,-0.17429852,-0.11411793,0.09954492,-0.35278338,0.14907706,0.23447038,0.2598236,-0.3031331,-0.16409314,-0.06944208,-0.052456196,0.20035785,-0.14132626,0.19925001,0.16776517,0.056654695,0.1118928,-0.1781553,-0.010285138,0.076245055,0.04167111,-0.025238754,0.06341031,-0.23809557,0.09499211,-0.26749128,0.092492886,0.029231647,0.15162437,-0.005569809,-0.00776606,-0.16271539,0.061576247,0.048637044,0.02508438,-0.18479572,-0.059690576,0.0051591205,0.0051741763,-0.1313121,0.07724065,-0.055688757,-0.026859779,0.1141064,0.1193255,0.10257283,0.06369423,0.05725295,-0.22368209,0.25520408,0.12678906,0.022592232,-0.28094926,0.16386311,-0.22499645,-0.103460796,0.14761232,0.032810077,0.08826657,0.08207903,-0.09376188,0.1756995,-0.08594557,0.039621323,-0.10935859,0.07261674,-0.22835213,0.11331147,0.0463088,0.07297499,0.05212791,0.20002267,0.09000207,0.04715114,0.1640043,-0.12336942,0.14265497,0.030721746,0.14889401,-0.015721735,0.20938468,-0.21426228,0.061738346,-0.08350629,sport
-0.021817645,0.2663171,0.14409919,-0.14303663,0.32739258,-0.18868442,-0.11458993,0.3536416,-0.2512706,-0.11117091,0.05094776,-0.2014246,-0.13285963,0.06594728,0.3286373,-0.2819024,-0.1837019,-0.11784506,0.09954061,-0.38159505,0.155649,0.26878658,0.284938,-0.34724504,-0.20748396,-0.08235035,-0.05422495,0.2798329,-0.16562846,0.21424416,0.20328848,0.072230086,0.16317499,-0.20820525,-0.038920283,0.062200285,0.08410639,-0.05460508,0.1368061,-0.26259083,0.10030955,-0.33070642,0.08893188,0.0011099243,0.2670111,0.06940739,-0.036849625,-0.19009316,0.11793288,0.03960276,0.003931482,-0.17638443,-0.06241432,0.081351064,0.01210403,-0.16010705,0.08900025,-0.08482261,0.057516165,0.18660353,0.15304701,0.12080864,0.028570449,0.077056184,-0.26773357,0.3173216,0.1489908,0.019163003,-0.34076765,0.20312145,-0.27263707,-0.19576937,0.16223574,0.07799548,0.031094864,0.10208735,-0.07431417,0.17639647,-0.0392268,-0.014395162,-0.08514549,0.088104345,-0.22499593,0.17252283,0.11622758,0.13113624,0.0562576,0.21215971,0.12667926,0.0005632477,0.192117,-0.16766036,0.21388341,0.049658168,0.12014198,-0.018800125,0.2059618,-0.23347346,0.12365398,-0.17201315,sport
-0.03561768,0.25387475,0.12810037,-0.13334714,0.2907855,-0.17158782,-0.11270621,0.33048663,-0.2341136,-0.10566441,0.055648908,-0.16542594,-0.123125024,0.055957932,0.29150525,-0.2657255,-0.17089638,-0.11490793,0.10700519,-0.36437997,0.15034315,0.24780315,0.2695258,-0.33338708,-0.20170785,-0.06698702,-0.058160454,0.25641823,-0.15221958,0.20248078,0.18579419,0.06488239,0.13605838,-0.19885367,-0.031544823,0.05130067,0.06272165,-0.04377792,0.10514792,-0.23987578,0.101972215,-0.30467033,0.08749173,0.0019517142,0.23697245,0.05611381,-0.02154548,-0.1752702,0.098979466,0.04311103,0.009590456,-0.16475922,-0.060036156,0.06520373,0.019281538,-0.15181158,0.08647652,-0.06859028,0.027542273,0.16729523,0.13794297,0.101397775,0.035766907,0.073036104,-0.23786071,0.2877225,0.1441402,0.022014556,-0.31215245,0.18471748,-0.25148734,-0.17588364,0.15770048,0.059030406,0.041506607,0.08765537,-0.078317314,0.1699406,-0.043597095,-0.0012235339,-0.08786853,0.08055289,-0.2224899,0.15124667,0.09562578,0.1059089,0.05574075,0.2103206,0.12027414,0.012295022,0.1776709,-0.15612325,0.18652861,0.038148332,0.11246938,-0.020030266,0.19646162,-0.2207593,0.10659172,-0.14709352,sport
-0.040707532,0.28293702,0.12904847,-0.14547634,0.22895591,-0.17381088,-0.08194617,0.31263223,-0.24734414,-0.13157782,0.016709803,-0.13504975,-0.09141647,0.029318789,0.22509216,-0.32884195,-0.18126637,-0.11294942,0.123720855,-0.3881427,0.17093852,0.22304751,0.24893568,-0.31501645,-0.16469273,-0.077297434,-0.054742392,0.202438,-0.14918165,0.19116588,0.17046554,0.06686631,0.09703657,-0.19556096,-0.0025223684,0.12472432,0.047784545,-0.010495086,0.04166597,-0.24860498,0.09861595,-0.27715462,0.11994634,0.043978706,0.1529696,-0.006073278,-0.012888819,-0.16322912,0.07673643,0.058754455,0.033809256,-0.20086242,-0.05610362,-0.019820875,0.015467376,-0.11797475,0.046315543,-0.045421466,-0.06804687,0.08787509,0.11079037,0.095119625,0.066092744,0.071663365,-0.19852948,0.27086842,0.12126308,0.043956753,-0.28025803,0.17229056,-0.24666071,-0.07634196,0.14610799,0.01491421,0.12833333,0.10726287,-0.10440531,0.21699364,-0.06514067,0.05676504,-0.13617414,0.08596371,-0.2747595,0.116700076,0.04153354,0.063831754,0.07180386,0.20966619,0.12407209,0.0878156,0.18361215,-0.11575151,0.12094311,0.030183254,0.17789297,-0.012315619,0.21443659,-0.20411666,0.07171308,-0.08561979,sport
-0.039976437,0.25826177,0.1278968,-0.14525908,0.30496618,-0.15818503,-0.10868099,0.34018093,-0.23560059,-0.114434995,0.07142129,-0.16173978,-0.12778994,0.055084378,0.28953028,-0.27206066,-0.1744901,-0.103769444,0.084101,-0.3663806,0.14559622,0.26593226,0.29917455,-0.3353198,-0.19971463,-0.06830665,-0.060572736,0.26048526,-0.14879546,0.21583079,0.18767731,0.062291883,0.16903783,-0.20683566,-0.037880696,0.027761754,0.047965545,-0.03625137,0.124119975,-0.2461423,0.10383336,-0.30805263,0.09626533,-0.0003685505,0.22765177,0.044973362,-0.018986678,-0.19729349,0.08531365,0.044977672,0.0046391757,-0.1740439,-0.06348863,0.065877855,0.01501445,-0.16594751,0.10469957,-0.07872794,0.034901448,0.1825181,0.15361105,0.10886122,0.058628745,0.057561155,-0.2712764,0.30402955,0.14991678,0.007019547,-0.33765754,0.17372821,-0.2496894,-0.18670699,0.16372935,0.08808517,0.021918748,0.07126031,-0.070275635,0.16237527,-0.07220833,0.0007914022,-0.07900862,0.08346547,-0.2161172,0.14904018,0.09214336,0.10293828,0.059479315,0.20753321,0.08954541,-0.0043961583,0.17938678,-0.15300323,0.20829824,0.037598483,0.1027707,-0.029353382,0.20764703,-0.2440515,0.10173147,-0.16022,sport
-0.035976622,0.2691084,0.11144146,-0.13503394,0.19987614,-0.16392434,-0.07778458,0.28675845,-0.23251462,-0.12334154,0.0025845713,-0.112907074,-0.06580086,0.025344279,0.20234582,-0.3076631,-0.1631661,-0.10723897,0.13094872,-0.36419562,0.1699148,0.18674482,0.2158284,-0.2917863,-0.15153883,-0.06978779,-0.054803953,0.18169603,-0.13497496,0.15796195,0.15237872,0.05926692,0.071936525,-0.18677714,0.00561424,0.12965149,0.04309334,0.006933457,0.022343036,-0.22562437,0.093567066,-0.25127926,0.1143924,0.05060505,0.13256283,-0.0158476,-0.009924584,-0.14241849,0.069630876,0.060292345,0.041714836,-0.18272775,-0.04227996,-0.028598549,0.016228301,-0.09673723,0.03089968,-0.037349474,-0.08979508,0.060633864,0.090646304,0.081507936,0.058379028,0.07676238,-0.16196516,0.24500234,0.11669861,0.04808384,-0.24431624,0.15209205,-0.23609626,-0.05470551,0.1336288,-0.00037232437,0.13928536,0.11322619,-0.10113928,0.21713403,-0.040511888,0.058824126,-0.13508798,0.086659424,-0.27223554,0.1096803,0.034204546,0.05090353,0.07239929,0.1931698,0.13579759,0.105878055,0.17980647,-0.104890615,0.09367066,0.021144988,0.1689916,-0.011776775,0.18454151,-0.1738133,0.06352311,-0.07297667,sport
-0.046250638,0.27235085,0.11791147,-0.13689229,0.21394818,-0.16454072,-0.08650074,0.294813,-0.23637915,-0.127508,0.013620333,-0.11876525,-0.06711115,0.030794837,0.20997837,-0.31190932,-0.16789031,-0.10376902,0.12385414,-0.36856097,0.16815303,0.21560855,0.23434418,-0.30284157,-0.15517083,-0.07188156,-0.05170513,0.19975215,-0.13857004,0.17480294,0.15519363,0.059248354,0.075714596,-0.19602935,-0.004049552,0.12177815,0.038766045,0.007599334,0.024313042,-0.22983718,0.102311805,-0.25642246,0.123224616,0.042588975,0.13922924,-0.0075120875,-0.008704677,-0.15442011,0.075056314,0.061171193,0.034311984,-0.18787761,-0.048376054,-0.02910562,0.025317766,-0.117138274,0.044090215,-0.037604876,-0.08027647,0.07357314,0.10174324,0.08600959,0.06361526,0.06752588,-0.17336646,0.25659853,0.115406334,0.038729995,-0.2604369,0.1619504,-0.23921491,-0.069759704,0.13801123,0.012667979,0.13266361,0.100478545,-0.09951601,0.21337183,-0.057031266,0.05288031,-0.13312456,0.09102308,-0.27437326,0.10490853,0.03591234,0.05104177,0.06718912,0.2026759,0.11998228,0.09493282,0.17553648,-0.11125246,0.10562687,0.028864335,0.1622141,-0.01360083,0.1963538,-0.18991606,0.0684657,-0.077684954,sport
-0.056839682,0.28491458,0.11978756,-0.14051598,0.23042527,-0.15992247,-0.09602971,0.309285,-0.24764627,-0.13287674,0.028567312,-0.1145135,-0.070158616,0.026154911,0.21920182,-0.31200635,-0.17813838,-0.09851285,0.120653965,-0.37520128,0.17107667,0.2271659,0.25639045,-0.32108626,-0.1642605,-0.07121978,-0.062471688,0.21151341,-0.14170656,0.1807226,0.16111109,0.056193,0.08908301,-0.20720005,-0.0069444147,0.10201599,0.031212537,0.009955312,0.04082386,-0.2461773,0.107921936,-0.27184698,0.123657405,0.039883584,0.14149664,-0.010953111,-0.004245917,-0.1679224,0.06662652,0.062267344,0.040035494,-0.19196261,-0.051064435,-0.022484036,0.027072305,-0.12578681,0.057790037,-0.043605752,-0.07234868,0.09257089,0.115481555,0.0928978,0.071204275,0.06466851,-0.19238777,0.26730597,0.13384967,0.03244995,-0.27980605,0.1629511,-0.24935117,-0.09349872,0.15524565,0.028827477,0.118135765,0.09772766,-0.10021337,0.20904003,-0.062404383,0.051133417,-0.12782349,0.09508548,-0.2738825,0.11030411,0.039875697,0.052626822,0.06520571,0.210888,0.11785156,0.084673494,0.18420754,-0.11975572,0.12351033,0.023469446,0.14754027,-0.025444709,0.19910114,-0.20796594,0.06665614,-0.09410902,sport
-0.042790927,0.2559999,0.11477557,-0.13173273,0.22203735,-0.15208082,-0.08697446,0.2928743,-0.22761795,-0.11624575,0.029407686,-0.12836689,-0.08647584,0.02746423,0.2170919,-0.29200682,-0.16724049,-0.105175965,0.11293929,-0.34665135,0.15549707,0.2206211,0.24198598,-0.2997394,-0.15927942,-0.07253673,-0.048786588,0.19768572,-0.13879551,0.17861542,0.15982024,0.055993535,0.0923549,-0.18205808,-0.009584325,0.089800216,0.0371719,-0.011313906,0.049856357,-0.23259358,0.09569862,-0.2581508,0.10068401,0.033137344,0.15040804,-0.00030172363,-0.009257585,-0.15374172,0.067312256,0.054237824,0.027471397,-0.1817526,-0.05382257,-0.0058788247,0.01886891,-0.1214001,0.059165817,-0.047491487,-0.047353957,0.09610548,0.112801366,0.09154297,0.0630556,0.058235098,-0.19510926,0.25256726,0.12185936,0.026300663,-0.26381272,0.15891522,-0.22732306,-0.0966384,0.14373025,0.026811318,0.09620737,0.08870002,-0.09119666,0.1868142,-0.06505947,0.038599063,-0.11387715,0.0796227,-0.24468878,0.10985664,0.048293464,0.060901977,0.0588795,0.19556138,0.10715213,0.06124674,0.1688422,-0.11308992,0.12701668,0.029825464,0.14486848,-0.017200803,0.19601364,-0.20075047,0.06880726,-0.09104494,sport
-0.043048423,0.25402725,0.11201512,-0.12475581,0.19950181,-0.14932169,-0.082449906,0.27468935,-0.22297347,-0.11243342,0.018106084,-0.11139773,-0.07577097,0.02044852,0.19572814,-0.28664872,-0.16336033,-0.10668157,0.11618185,-0.33650243,0.15385452,0.19062714,0.21650788,-0.28566304,-0.1439574,-0.0672441,-0.05416241,0.18114033,-0.13354063,0.16028014,0.15002556,0.056802243,0.07691248,-0.17487599,0.0007421981,0.09973989,0.037959535,-0.00999861,0.036536165,-0.22469576,0.09093284,-0.2459438,0.098632306,0.035395175,0.1345997,-0.009597773,-0.006953017,-0.13498424,0.0585777,0.050961483,0.04086812,-0.1730081,-0.051101785,-0.0120024495,0.011465353,-0.1064448,0.047416735,-0.039788216,-0.06021023,0.07878267,0.097541064,0.08178494,0.05003343,0.06896648,-0.17227867,0.2326037,0.120759234,0.038689256,-0.2431624,0.15277958,-0.21936469,-0.07188628,0.13560511,0.0052369228,0.115278445,0.096155316,-0.09617819,0.19141845,-0.050515186,0.047998033,-0.12105665,0.075377345,-0.24120727,0.107602134,0.036453314,0.054202054,0.054032885,0.18775687,0.11317029,0.0779839,0.16404413,-0.10526601,0.107042566,0.020305527,0.14948083,-0.018233873,0.18192501,-0.17961557,0.060642086,-0.07260886,sport
-0.049051575,0.28515476,0.11763546,-0.14296812,0.22285141,-0.16299668,-0.085773624,0.30504408,-0.24657899,-0.13062055,0.018981338,-0.1158886,-0.06945126,0.025723299,0.21649083,-0.31928173,-0.17635812,-0.104089536,0.12710916,-0.37711075,0.1715867,0.21496114,0.24226242,-0.31584546,-0.16064174,-0.07479327,-0.05482905,0.20079151,-0.14042096,0.17387888,0.16090746,0.05734198,0.08165984,-0.20014466,-0.0051050973,0.118098095,0.033334717,0.009739208,0.032956686,-0.2441376,0.10591569,-0.2661759,0.122550845,0.04550285,0.14035869,-0.0148157915,-0.00514694,-0.15889072,0.06626167,0.061993062,0.039607506,-0.19194072,-0.05229845,-0.029055903,0.023160836,-0.11682092,0.049380515,-0.040724594,-0.08509277,0.07992509,0.10671083,0.089691296,0.07027796,0.06802016,-0.18318096,0.2634982,0.12593406,0.037473295,-0.26938403,0.15663756,-0.24321379,-0.077645555,0.14853296,0.017276747,0.13047141,0.10408943,-0.10539764,0.21506616,-0.05937266,0.056715753,-0.1316341,0.09054739,-0.2789393,0.10724752,0.037038025,0.051570922,0.0708487,0.20704813,0.12625466,0.09553731,0.1833981,-0.112855904,0.11190809,0.024269016,0.16153389,-0.022937909,0.19911568,-0.2001011,0.06786409,-0.08686444,sport
-0.04983735,0.25154516,0.11745217,-0.120629005,0.21650814,-0.12936525,-0.08601101,0.28800407,-0.225004,-0.111305356,0.058077354,-0.10953766,-0.11618747,0.013427779,0.19885328,-0.26408523,-0.1626537,-0.10243011,0.09564057,-0.3160408,0.14234479,0.21456274,0.24927242,-0.29628262,-0.15582694,-0.05687165,-0.05212382,0.19030325,-0.13439974,0.18290044,0.1512683,0.056215875,0.09817412,-0.1718717,-0.005664035,0.04130914,0.0311033,-0.023779983,0.07994738,-0.22389892,0.08704219,-0.2583226,0.07716053,0.021027146,0.13608049,-0.0025368028,-0.005949267,-0.1507161,0.043052677,0.04384109,0.031280506,-0.1594203,-0.059040554,0.015872495,0.00762725,-0.12921901,0.0853555,-0.05838966,-0.005203585,0.123590656,0.13065206,0.09909038,0.05355205,0.05593237,-0.2132832,0.22613753,0.13160431,0.022886105,-0.26346135,0.14645188,-0.21740626,-0.12048782,0.1494661,0.04207821,0.07090054,0.07592566,-0.08840561,0.155199,-0.07072976,0.033434294,-0.09462199,0.06893707,-0.20360193,0.10748236,0.04634995,0.06333432,0.041940186,0.19149229,0.087886974,0.030000886,0.15141037,-0.1245306,0.1417482,0.015786871,0.11821808,-0.034763165,0.18561365,-0.21175344,0.05610569,-0.085080326,sport
-0.043504536,0.27427575,0.114385866,-0.13886131,0.2078173,-0.16654603,-0.083963394,0.29267132,-0.23872373,-0.12433004,0.009894646,-0.1154081,-0.069146164,0.02410834,0.20598638,-0.31245235,-0.16819878,-0.10715557,0.13670176,-0.36691275,0.17411467,0.19867216,0.22558835,-0.3034176,-0.15369159,-0.068315834,-0.052289855,0.18958971,-0.13639982,0.16609326,0.15517683,0.06104557,0.06579113,-0.19223651,0.0028243817,0.12675013,0.039657433,-8.240273e-05,0.022667238,-0.23773248,0.09745003,-0.25768197,0.11988515,0.04526766,0.13767557,-0.010337396,-0.008129922,-0.14633016,0.06976301,0.059098173,0.039456423,-0.18652989,-0.049527775,-0.028734446,0.021472938,-0.10812198,0.035923257,-0.035359114,-0.08496906,0.06727792,0.0982443,0.08274058,0.059155926,0.07484106,-0.16389269,0.25288478,0.12091975,0.047304034,-0.25084886,0.16035487,-0.23692861,-0.06760122,0.13977145,0.00087987166,0.13644843,0.11061619,-0.10509277,0.215717,-0.046241987,0.05864565,-0.13419965,0.086453855,-0.27243215,0.103512235,0.03726405,0.05173967,0.069993764,0.20070821,0.13232718,0.099964865,0.18089068,-0.10761158,0.1000721,0.024353452,0.16716117,-0.014821497,0.19517408,-0.18613155,0.06437653,-0.074644536,sport
-0.04158699,0.2640068,0.11926756,-0.13160759,0.21046546,-0.15469472,-0.08161498,0.28859326,-0.22828636,-0.12084981,0.018892637,-0.1224763,-0.082775265,0.022501726,0.20537926,-0.30243438,-0.16929813,-0.10736373,0.111924954,-0.35204312,0.15566993,0.20894001,0.23547722,-0.28981215,-0.15148935,-0.06909952,-0.05368992,0.19205819,-0.13661033,0.17563412,0.1545227,0.060256477,0.09044405,-0.18189718,-0.0028571703,0.10203911,0.041407,-0.012799904,0.04224679,-0.2311787,0.08957411,-0.2550701,0.10621224,0.036364093,0.13834973,-0.010344138,-0.0126006715,-0.14920959,0.06298815,0.05190342,0.034908965,-0.18494384,-0.050394498,-0.014533159,0.011939395,-0.11185687,0.048541155,-0.045254543,-0.059388205,0.0800741,0.10512507,0.08990608,0.060964953,0.06538647,-0.18892033,0.24870636,0.12125158,0.038702413,-0.25916448,0.15813929,-0.22676384,-0.07264818,0.1357687,0.014272195,0.112554386,0.10015306,-0.09631774,0.19782396,-0.06406988,0.04859007,-0.124504216,0.078997634,-0.246712,0.1112567,0.040480692,0.05733391,0.062053673,0.19172847,0.108394876,0.07548412,0.16893467,-0.1096101,0.11525849,0.025590688,0.15885378,-0.013469573,0.19742076,-0.19085936,0.06186184,-0.07411402,sport
-0.060514394,0.26711968,0.12168755,-0.1256859,0.22914338,-0.13086356,-0.09000107,0.30383974,-0.23516484,-0.116781265,0.067547545,-0.10925769,-0.12240382,0.011373913,0.20685783,-0.27013987,-0.16910763,-0.10602011,0.09568677,-0.32925603,0.14527352,0.22635302,0.26644525,-0.3131024,-0.16581981,-0.055072006,-0.05863464,0.20291674,-0.14090385,0.19423443,0.15844053,0.056976125,0.10674781,-0.18397388,-0.006898928,0.035595544,0.026608532,-0.026232276,0.09038978,-0.23607981,0.09034553,-0.27315015,0.08085212,0.018461285,0.14045404,-0.0019687014,-0.004075021,-0.16253594,0.04110997,0.043688558,0.035814356,-0.16541561,-0.06223899,0.019226046,0.007871293,-0.13815987,0.09448979,-0.060072895,0.0020036004,0.1382243,0.14124091,0.10458572,0.057324357,0.057032622,-0.23114762,0.23632522,0.14031476,0.024899384,-0.27886066,0.15060964,-0.22781526,-0.13611802,0.16404068,0.05336446,0.066713445,0.07602393,-0.091939926,0.15887651,-0.07371158,0.032704875,-0.09718012,0.07431084,-0.20917358,0.11523579,0.046518818,0.06155109,0.041363828,0.20308769,0.08855297,0.020856097,0.15753312,-0.13196142,0.15227482,0.0111849755,0.117866196,-0.040652193,0.19345587,-0.22615469,0.06018815,-0.0949315,sport
-0.020569608,0.28566283,0.14438967,-0.15129112,0.23633409,-0.18659897,-0.06963231,0.32209677,-0.24322633,-0.14398123,0.02314552,-0.17920698,-0.1288199,0.045547962,0.2501433,-0.37418675,-0.18926409,-0.13619782,0.09654265,-0.42493358,0.15686473,0.28443405,0.2921179,-0.30596295,-0.17993094,-0.094066724,-0.042856857,0.19111602,-0.15414435,0.24831173,0.1939829,0.06342036,0.14053914,-0.17473589,-0.019698588,0.13932139,0.06533821,-0.02223846,0.042106576,-0.2489382,0.10448453,-0.27636752,0.11687245,0.04947768,0.15663491,-0.0072315168,-0.02642937,-0.19243748,0.09269689,0.055119,-0.0010364457,-0.23748673,-0.05005017,-0.023057038,-0.0020052944,-0.13114953,0.056638718,-0.06614836,-0.057134874,0.091740176,0.114702895,0.11014528,0.102901354,0.0361023,-0.2600145,0.3014636,0.08909981,0.017427996,-0.31610563,0.18094213,-0.23181172,-0.045637146,0.13444154,0.031685527,0.12803248,0.09860304,-0.10386141,0.20415059,-0.13839044,0.05534536,-0.13741392,0.075493306,-0.27463943,0.118085004,0.044859163,0.085065305,0.08033905,0.21079214,0.08738709,0.08032209,0.1825494,-0.11981418,0.1272438,0.059302386,0.21246673,0.023718666,0.25555742,-0.22198004,0.0682466,-0.0758156,sport
-0.025937097,0.28900826,0.1423781,-0.15250722,0.20642783,-0.18184258,-0.05681322,0.31543088,-0.24826519,-0.14010932,0.012456976,-0.1706822,-0.12673782,0.03357681,0.22232445,-0.3959429,-0.1892551,-0.14561997,0.11213299,-0.42557368,0.16688617,0.27015635,0.27470866,-0.3008795,-0.1699632,-0.098257564,-0.035539705,0.16366945,-0.15935342,0.2474397,0.18827398,0.06550999,0.109152384,-0.16442703,-0.0060320436,0.16251458,0.05531105,-0.023569694,0.011726414,-0.2527137,0.105441414,-0.26844713,0.11508796,0.06162088,0.13117568,-0.024709083,-0.012206395,-0.18399729,0.08952624,0.056876037,0.0039782873,-0.24401903,-0.052425396,-0.048312563,-0.003466541,-0.12127429,0.04333498,-0.058511198,-0.093056254,0.068537086,0.10203687,0.10750107,0.10913858,0.036043875,-0.2394826,0.28024325,0.07935629,0.023116337,-0.29623842,0.18357812,-0.2217714,-0.01900005,0.13024965,0.0018884785,0.16010514,0.100182265,-0.11606011,0.21051739,-0.14239965,0.0693454,-0.14994568,0.069163114,-0.28995055,0.10059189,0.023511685,0.069027886,0.07744992,0.22001387,0.09105734,0.099676184,0.18544614,-0.10652887,0.09795809,0.055495173,0.23590182,0.028512543,0.25988147,-0.21853726,0.057182144,-0.04369667,sport
-0.019665346,0.2892647,0.14376776,-0.14233132,0.18703966,-0.18092181,-0.044381592,0.29570332,-0.23836881,-0.15123585,-0.0021646002,-0.169047,-0.10755038,0.026780397,0.20375033,-0.39558923,-0.19475685,-0.13814758,0.10078298,-0.42049724,0.1531162,0.270545,0.26830614,-0.2840786,-0.1586639,-0.10258174,-0.02999736,0.14933182,-0.14575227,0.23750554,0.18196346,0.056789387,0.103287086,-0.14968574,-0.014498195,0.17723167,0.05961743,-0.0028068346,-0.003942524,-0.24569866,0.103467055,-0.24088588,0.1194881,0.076269016,0.101821885,-0.047691707,-0.020560028,-0.17696632,0.0788969,0.062767886,0.0023473005,-0.25434014,-0.043415688,-0.07761559,-0.0020158188,-0.1144156,0.03305453,-0.05349971,-0.10971797,0.04174963,0.09010283,0.1070223,0.12480316,0.01967625,-0.23429634,0.27489018,0.06787989,0.018712616,-0.2868227,0.16112532,-0.21393344,0.020152086,0.11701366,0.004266149,0.17444335,0.107174255,-0.11743741,0.21298039,-0.16004647,0.07995959,-0.15153474,0.074289165,-0.28924724,0.090546854,0.0150777735,0.056859333,0.08355123,0.19685772,0.08153881,0.12209357,0.17237927,-0.09013736,0.0842841,0.06440796,0.25121,0.04083621,0.2624768,-0.20318839,0.049757615,-0.02859311,sport
-0.018584846,0.2994556,0.14992681,-0.1479563,0.20979463,-0.18851176,-0.05516573,0.3127767,-0.24539524,-0.15823045,0.0044564446,-0.17885089,-0.11454553,0.034394637,0.22495767,-0.40152532,-0.20249726,-0.14145738,0.0974665,-0.43609825,0.15601592,0.2855286,0.28829473,-0.29570046,-0.1692117,-0.102379926,-0.036721274,0.16899103,-0.1509438,0.24912964,0.1907273,0.058417056,0.12519735,-0.16201514,-0.01737877,0.17122427,0.06600111,-0.0033445712,0.013782604,-0.252672,0.10608557,-0.25675952,0.124701805,0.07330254,0.11934558,-0.03896476,-0.028669724,-0.18899655,0.083352946,0.062121682,0.0033277199,-0.2594978,-0.045037862,-0.06536852,-0.0030544873,-0.12261757,0.04187594,-0.059842102,-0.09601589,0.05501627,0.09917947,0.11229539,0.1228987,0.021534717,-0.25413114,0.29606238,0.07683953,0.020157222,-0.30627844,0.16750565,-0.22688434,0.005696616,0.12323517,0.018059837,0.16480011,0.11209699,-0.115315266,0.21760158,-0.1602602,0.07637755,-0.15177456,0.07882261,-0.29024047,0.10389364,0.026219103,0.06939308,0.08714264,0.2002683,0.08385439,0.11489824,0.17974202,-0.1012193,0.10359246,0.066323,0.24687463,0.03955643,0.2701623,-0.21550232,0.054556504,-0.0452805,sport
-0.027095398,0.30403364,0.14524671,-0.15288426,0.2216684,-0.19423516,-0.06551743,0.32271448,-0.25195405,-0.16086265,0.0071600783,-0.16840778,-0.101684906,0.037172463,0.2327916,-0.39204872,-0.20118223,-0.13191251,0.10808325,-0.4441291,0.16731861,0.2799558,0.29058087,-0.31092903,-0.17514673,-0.094849385,-0.047647394,0.18667841,-0.14976484,0.23949894,0.18853699,0.05884672,0.12618102,-0.1853066,-0.017146334,0.16565476,0.058404136,0.0027767357,0.017723389,-0.2562427,0.1090529,-0.2669652,0.13800997,0.06807279,0.13130243,-0.0305912,-0.025298,-0.19143164,0.08858371,0.066560246,0.009246252,-0.25434494,-0.043881334,-0.060103003,0.00861993,-0.12700336,0.040785205,-0.05263139,-0.09880779,0.06253858,0.10367516,0.1047236,0.11864682,0.034124225,-0.24517974,0.30894455,0.088032484,0.028901327,-0.31199595,0.17205262,-0.24374579,-0.013781339,0.13502456,0.022301538,0.16282894,0.11565553,-0.11428941,0.23130973,-0.13964681,0.07408343,-0.15533939,0.09010834,-0.30214667,0.114286944,0.029823791,0.063749745,0.092971705,0.20991327,0.09760861,0.118107654,0.18611988,-0.10568893,0.10864254,0.0579813,0.23569345,0.02691771,0.25978222,-0.21472484,0.06321632,-0.06338061,sport
-0.028255256,0.28750283,0.13770664,-0.15279813,0.2504445,-0.17854513,-0.07462656,0.3283728,-0.2436561,-0.1492461,0.031643182,-0.16443162,-0.11401028,0.045222253,0.252858,-0.35368013,-0.19101949,-0.117713034,0.089112036,-0.4169951,0.15543833,0.280521,0.30074254,-0.31583202,-0.17991975,-0.08878847,-0.051430408,0.20594446,-0.14583734,0.23378919,0.18701328,0.05473823,0.14628604,-0.18423201,-0.026922366,0.117995024,0.056286186,0.00027683182,0.05509302,-0.24744383,0.10896672,-0.2755825,0.121318206,0.047446646,0.15578085,-0.0077201715,-0.024429407,-0.20093247,0.085229956,0.059529416,0.0022949465,-0.22783189,-0.04762781,-0.021497747,0.0068454836,-0.13876306,0.06715301,-0.0642763,-0.055801526,0.10569355,0.1197765,0.108129404,0.10764029,0.032451723,-0.25657094,0.31176436,0.1033096,0.012715089,-0.32561055,0.16211276,-0.24009335,-0.06374013,0.14150794,0.05248866,0.11222843,0.09622759,-0.09652797,0.19961785,-0.12941156,0.05067876,-0.12533501,0.087221675,-0.26979932,0.11490485,0.049400836,0.08263319,0.08550551,0.20323107,0.08598721,0.07933589,0.18265669,-0.11955444,0.1427685,0.053664878,0.18887126,0.010299986,0.24655494,-0.22731563,0.06868364,-0.094992355,sport
-0.029446173,0.29399237,0.14396362,-0.15551977,0.26159975,-0.18390524,-0.07878854,0.33670482,-0.2500704,-0.15174325,0.031967174,-0.1743112,-0.11825536,0.049480654,0.26215005,-0.36441794,-0.19598152,-0.12041728,0.08651407,-0.43055326,0.15852356,0.29703563,0.31069273,-0.3212204,-0.18365324,-0.09255035,-0.051097494,0.21654245,-0.15004715,0.24549636,0.19337389,0.056092754,0.15757558,-0.19161747,-0.030662207,0.123325065,0.058260333,-0.0013676384,0.058393512,-0.2525235,0.113615714,-0.28471437,0.12855397,0.048547097,0.16325876,-0.0042517604,-0.026816588,-0.2104083,0.09294367,0.059653964,-0.0006173902,-0.23617423,-0.048995268,-0.02037516,0.0068444842,-0.14737843,0.07152439,-0.06903919,-0.05090005,0.10977548,0.1226835,0.114034235,0.11029522,0.03174992,-0.27015692,0.32273546,0.10047029,0.00979153,-0.3371177,0.17038436,-0.24491367,-0.06745002,0.14415297,0.058118965,0.115231976,0.09613203,-0.09839784,0.20484741,-0.13637759,0.049285185,-0.12906727,0.08886285,-0.27753806,0.12193482,0.051352523,0.089504376,0.08691228,0.20974381,0.08316924,0.07776064,0.18568663,-0.12186438,0.15019538,0.05906846,0.19479473,0.0133954985,0.25446132,-0.23526734,0.07296157,-0.099034294,sport
-0.01738521,0.29009587,0.14535114,-0.15788034,0.2482641,-0.18264887,-0.06596727,0.32784688,-0.24768737,-0.14760342,0.019024331,-0.17785592,-0.12112498,0.04855598,0.25403658,-0.37698135,-0.1981001,-0.12659626,0.08357346,-0.43094414,0.15205067,0.2913398,0.30075842,-0.306843,-0.17651008,-0.10099894,-0.044423655,0.20039997,-0.15083429,0.24447349,0.19344643,0.058700006,0.15770738,-0.17331384,-0.02887587,0.1399396,0.065163694,-0.008850672,0.047358233,-0.2536241,0.10629397,-0.27668267,0.12311847,0.05650366,0.15595393,-0.014932221,-0.029150672,-0.20300929,0.088259645,0.056887865,-0.0016513242,-0.24097522,-0.048142806,-0.029429112,-0.004129933,-0.13573392,0.060589746,-0.07046682,-0.060112398,0.09166116,0.11350337,0.114543125,0.11359249,0.029239707,-0.26842105,0.3153096,0.091745116,0.011218863,-0.32988927,0.16917552,-0.23376572,-0.039629772,0.12956004,0.0454498,0.12458012,0.100753896,-0.09930049,0.20574827,-0.14805202,0.056365978,-0.12966447,0.079902634,-0.27508962,0.118386805,0.048030566,0.0937385,0.09019291,0.2022441,0.08122293,0.08961348,0.18438356,-0.11704955,0.13968557,0.06458728,0.21067326,0.023617622,0.261149,-0.22823709,0.067618474,-0.085329466,sport
-0.010140066,0.29523137,0.14441468,-0.15476137,0.21903767,-0.18985793,-0.057974715,0.3133947,-0.24862768,-0.15072823,-0.0049106823,-0.17419128,-0.10045269,0.04388335,0.23593345,-0.3942826,-0.1966452,-0.13287729,0.10157576,-0.43549845,0.15930653,0.27234894,0.27574575,-0.29400328,-0.16378696,-0.10516303,-0.039158553,0.17942967,-0.15025327,0.23029545,0.1860143,0.060645137,0.12681858,-0.16460569,-0.017142328,0.17980976,0.07114689,-0.00094558543,0.014394429,-0.24989195,0.102440946,-0.26089695,0.12866816,0.07278062,0.1346986,-0.03023842,-0.031996164,-0.18611388,0.09018512,0.060572937,0.006527201,-0.24908426,-0.04081841,-0.057792306,-0.0028978416,-0.11388455,0.033353318,-0.058230907,-0.0961917,0.051640578,0.09370496,0.10788287,0.113133796,0.037514385,-0.23787694,0.30178073,0.07804725,0.023842882,-0.302815,0.16785388,-0.23235998,0.0036009445,0.11626869,0.017204866,0.16376849,0.119743794,-0.1090671,0.22414948,-0.13895293,0.07345926,-0.14829038,0.08225021,-0.29278907,0.109245084,0.035444383,0.08387766,0.09418996,0.19786564,0.09823176,0.12683176,0.18784994,-0.105580114,0.10251831,0.065166965,0.23792756,0.03533621,0.26070604,-0.20474242,0.059533462,-0.059291296,sport
-0.05261791,0.26723358,0.12489031,-0.13041843,0.19553985,-0.15223299,-0.08333446,0.29072526,-0.23926184,-0.11797612,0.031839017,-0.11919494,-0.094731264,0.009534468,0.19150807,-0.3144791,-0.17407812,-0.12035811,0.124486,-0.35277265,0.16320565,0.2117204,0.23538229,-0.3076369,-0.15251379,-0.06767709,-0.04937706,0.17649628,-0.1432131,0.18786205,0.15986976,0.061468672,0.071494,-0.17662363,0.0020417625,0.10090117,0.031233786,-0.020788714,0.030317022,-0.24749933,0.09648264,-0.25647008,0.10280948,0.03698073,0.12943822,-0.021135963,0.0020360968,-0.1420205,0.054307688,0.05206303,0.03877684,-0.18720073,-0.064747,-0.021268131,0.011047852,-0.1201799,0.055124532,-0.038521342,-0.06849751,0.08231955,0.105677165,0.09153397,0.065361,0.06541525,-0.19000134,0.23488648,0.12776035,0.0342436,-0.25414175,0.16978367,-0.21868224,-0.076531045,0.14555892,-0.0045176577,0.12775105,0.089630224,-0.11241577,0.19074196,-0.07520115,0.057951782,-0.12765251,0.06845176,-0.2502278,0.097488105,0.025885373,0.048300732,0.05070585,0.20668371,0.10498377,0.07426159,0.16882211,-0.107254334,0.10869948,0.021443639,0.16348855,-0.020403424,0.20753057,-0.20322974,0.05155282,-0.055882443,sport
-0.0392556,0.28176403,0.119392246,-0.1440966,0.21859287,-0.16867715,-0.084301,0.29901296,-0.2421977,-0.12961322,0.008824296,-0.1253144,-0.0698673,0.025642686,0.21256477,-0.3188596,-0.17555073,-0.113280185,0.1324419,-0.3782844,0.17089225,0.2041947,0.22858971,-0.3052216,-0.15442707,-0.07354498,-0.05534434,0.19570263,-0.141538,0.17386289,0.162514,0.063493215,0.07519935,-0.19567436,0.0012938194,0.12837808,0.040255155,-0.001087967,0.03234844,-0.24532317,0.09830982,-0.2617324,0.12045655,0.046247497,0.14547655,-0.00967895,-0.012404391,-0.14912641,0.068065286,0.060019836,0.04417815,-0.19881806,-0.049773302,-0.024808059,0.016111877,-0.10911102,0.036444023,-0.039471388,-0.08133607,0.07152041,0.10092724,0.0871088,0.06435319,0.07678488,-0.17618221,0.25980374,0.13058145,0.04639588,-0.2618232,0.16709511,-0.24147362,-0.06396558,0.14418177,0.0036828283,0.13570738,0.11227495,-0.10325449,0.21752024,-0.049272493,0.0560222,-0.13741578,0.08706905,-0.27453944,0.11519936,0.04101946,0.0545698,0.065750144,0.20168474,0.13139203,0.09480895,0.18101572,-0.10816777,0.107326165,0.026081415,0.17821705,-0.012401558,0.20100611,-0.19123645,0.06612963,-0.07529488,sport
-0.04016607,0.29502138,0.123413205,-0.14235057,0.2069371,-0.18158618,-0.08821732,0.29612973,-0.25185612,-0.13606845,-0.002260303,-0.122919016,-0.05716252,0.0206777,0.20563665,-0.3321265,-0.18258823,-0.122163,0.15183684,-0.3870241,0.17711098,0.19062467,0.21630688,-0.3074244,-0.1523684,-0.072000936,-0.05949708,0.19078183,-0.1433799,0.1636676,0.1608983,0.06990218,0.048788816,-0.1964038,0.011753643,0.15187277,0.04259197,-0.0047254707,0.014446343,-0.25721422,0.09682524,-0.25888202,0.12519433,0.05324535,0.13543516,-0.018208751,-0.012832526,-0.1316332,0.06301655,0.061537404,0.05616204,-0.20344797,-0.050514136,-0.038084045,0.019944305,-0.098967426,0.022534546,-0.029174225,-0.09887957,0.048801534,0.09452938,0.08226237,0.052615892,0.087862924,-0.15873718,0.2523398,0.13639307,0.064528994,-0.24606483,0.17557602,-0.24825317,-0.047267437,0.14481282,-0.019724669,0.16395822,0.1320281,-0.1180282,0.23538573,-0.036545984,0.06960046,-0.1533386,0.091180034,-0.28822592,0.117039725,0.03549652,0.045926016,0.062428974,0.20424357,0.15049468,0.116533026,0.18330894,-0.10967841,0.09085592,0.026151996,0.19634454,-0.007845823,0.1995114,-0.17770167,0.065363586,-0.06321395,sport
-0.033349667,0.27080396,0.1268398,-0.13272749,0.1878978,-0.16662899,-0.06345954,0.28546986,-0.2311567,-0.12992893,0.010535449,-0.14213163,-0.09492353,0.019823948,0.20111385,-0.34238765,-0.17596291,-0.12561525,0.11301535,-0.375264,0.15392813,0.22861959,0.23840293,-0.28473637,-0.14803989,-0.08220692,-0.039988462,0.16288508,-0.14340433,0.19962718,0.16689907,0.05967823,0.08163963,-0.16177638,-0.0027379622,0.13889286,0.044078346,-0.01628237,0.014032813,-0.24156098,0.09130685,-0.24215393,0.10459544,0.05473594,0.119027235,-0.02774127,-0.013528078,-0.15000364,0.06738308,0.054739803,0.02270092,-0.21328785,-0.054205544,-0.044106007,0.004040592,-0.109200194,0.033799708,-0.043527525,-0.082949944,0.06202102,0.094147384,0.09756856,0.08448319,0.049699318,-0.19936249,0.2498902,0.0959052,0.032057546,-0.26103893,0.16478086,-0.21365997,-0.028903132,0.12983687,-0.001948773,0.14584328,0.10308491,-0.109293886,0.19906679,-0.100342095,0.060214996,-0.13813224,0.06899916,-0.2633945,0.09891606,0.026672075,0.055652834,0.06538769,0.19517834,0.103473715,0.09400002,0.16684385,-0.09843425,0.09368586,0.043143123,0.20207533,0.012100404,0.22391047,-0.19289725,0.054886665,-0.048059158,sport
-0.025564808,0.3015838,0.13018401,-0.15800054,0.21751453,-0.18806165,-0.072933145,0.31333783,-0.25962803,-0.14347915,-0.011091335,-0.14381926,-0.077729985,0.035438646,0.22743542,-0.37640485,-0.1878164,-0.1269991,0.13258372,-0.42345887,0.17962034,0.22950856,0.24284235,-0.31158796,-0.1614677,-0.09644259,-0.050341517,0.18779488,-0.15370208,0.19502486,0.1770915,0.06835466,0.08803022,-0.18664095,-0.003864114,0.17649348,0.056156352,0.002057199,0.010741724,-0.25577396,0.10325838,-0.27004102,0.13102382,0.06363896,0.14162716,-0.0231552,-0.019840503,-0.16622075,0.08238814,0.06185508,0.034126397,-0.2247017,-0.04473472,-0.05051072,0.0076267426,-0.1025732,0.0240365,-0.04640184,-0.11052365,0.05136392,0.09546556,0.09691101,0.0855946,0.071016744,-0.19273244,0.28197932,0.10536683,0.04598081,-0.28091067,0.17846619,-0.24769515,-0.020844148,0.12997961,-0.0060131764,0.17459911,0.12600672,-0.113159426,0.23993613,-0.08128354,0.07327812,-0.1568221,0.08749727,-0.31113195,0.11718813,0.034834538,0.06516764,0.087434165,0.212667,0.13821739,0.13212049,0.19806823,-0.10860225,0.092744455,0.042479526,0.21962586,0.009572128,0.2276195,-0.19474198,0.06822155,-0.0648993,sport
-0.033093516,0.2567614,0.122507565,-0.12961727,0.21576706,-0.15684463,-0.07402349,0.28843826,-0.22044359,-0.1188487,0.024759514,-0.14358446,-0.10019507,0.027930647,0.2177683,-0.3009852,-0.16884685,-0.11216582,0.09804111,-0.35114893,0.14379704,0.22102825,0.24151424,-0.2839873,-0.15435317,-0.07349695,-0.04646975,0.18713672,-0.13822562,0.18797854,0.16307566,0.05722301,0.10750574,-0.168566,-0.009760353,0.097250625,0.04948633,-0.022487229,0.052578386,-0.23272608,0.08637663,-0.25349274,0.09395799,0.035786647,0.14932604,-0.006425676,-0.017905807,-0.15254202,0.068495415,0.046868492,0.023794387,-0.18953754,-0.053159386,-0.005636754,0.0052191685,-0.11667113,0.05295949,-0.05313572,-0.039326392,0.09161268,0.105672315,0.09804267,0.06408062,0.055342037,-0.20865941,0.25264522,0.1163052,0.027802799,-0.2674353,0.16053106,-0.21740338,-0.07600072,0.13174228,0.024973432,0.096982084,0.095902,-0.09010907,0.18214466,-0.081022926,0.03731065,-0.11532285,0.07073666,-0.22985706,0.11215128,0.04887426,0.070918195,0.06088533,0.1830647,0.09825268,0.062127966,0.16612463,-0.11158353,0.12629552,0.036428474,0.16079141,-0.0029522425,0.20614854,-0.19364078,0.062199917,-0.07839888,sport
-0.028449262,0.25366285,0.12843199,-0.12864913,0.1941753,-0.16213195,-0.06048502,0.28268698,-0.2231093,-0.118336864,0.018085754,-0.1559503,-0.12048681,0.025327168,0.20435654,-0.33803168,-0.17018698,-0.12947917,0.1055156,-0.36545062,0.14548258,0.23593445,0.24809845,-0.2732777,-0.14983732,-0.08434667,-0.030129148,0.15931252,-0.14692469,0.21303006,0.17135017,0.06580922,0.08768692,-0.14850765,-0.0045692394,0.124238856,0.04916934,-0.040812857,0.024283208,-0.23040673,0.086583644,-0.24547331,0.08752186,0.043908514,0.12684207,-0.0134879,-0.012895936,-0.1532595,0.071066804,0.04589414,0.008489963,-0.21124695,-0.056987964,-0.025942937,-0.0024140645,-0.1110914,0.042642225,-0.053420395,-0.06555132,0.07509443,0.09853153,0.09888867,0.077728525,0.044202067,-0.21091194,0.24320622,0.083694056,0.02492308,-0.26065603,0.16759954,-0.20209326,-0.038319588,0.122648805,0.00019082686,0.12728646,0.08554381,-0.10413163,0.18084243,-0.113466926,0.05491629,-0.12608917,0.055010058,-0.2469061,0.09417556,0.033376224,0.065553635,0.05858493,0.19549671,0.08784618,0.07052693,0.16137229,-0.10235844,0.102492735,0.045349665,0.19804473,0.01988137,0.23120819,-0.20192166,0.055978086,-0.04766047,sport
-0.040517837,0.30374783,0.1266432,-0.14759132,0.21141107,-0.18969278,-0.08753063,0.30599362,-0.2592009,-0.14185603,-0.008559867,-0.1288687,-0.052783575,0.023945155,0.21438985,-0.34642294,-0.18646124,-0.12111933,0.16012909,-0.40504894,0.18675536,0.20024192,0.22189826,-0.3185231,-0.15543123,-0.07713202,-0.058345832,0.19605608,-0.14757118,0.16963744,0.1647903,0.07121836,0.047948144,-0.20577396,0.009873678,0.16637117,0.044751924,0.0021125283,0.008128685,-0.26234114,0.10262044,-0.26841685,0.1368453,0.059944738,0.13955943,-0.016436985,-0.0148679195,-0.14121968,0.07580911,0.067108326,0.055043176,-0.21570036,-0.04977302,-0.047531378,0.026196945,-0.10007394,0.013818522,-0.029366722,-0.113465995,0.047050305,0.09308444,0.08380607,0.060223006,0.08720141,-0.15653335,0.26772097,0.1328136,0.06423558,-0.25526488,0.17909116,-0.26132044,-0.04159969,0.14684948,-0.021056073,0.1755325,0.13780874,-0.11757899,0.24866563,-0.037326746,0.070700206,-0.16150977,0.09893928,-0.30768183,0.117569365,0.03427875,0.04594079,0.0708532,0.21184732,0.15798429,0.12799601,0.19304417,-0.10798631,0.085958354,0.028265063,0.20763527,-0.006090713,0.2090884,-0.18278104,0.06876496,-0.06590866,sport
-0.032680627,0.29272696,0.12616079,-0.14941368,0.21621303,-0.18122411,-0.080034025,0.30737814,-0.24967141,-0.13955323,0.0027228375,-0.13594311,-0.071254894,0.031430505,0.21890974,-0.3462441,-0.18328658,-0.1179544,0.12972237,-0.40360796,0.17409392,0.21928988,0.24008067,-0.30669513,-0.16026004,-0.07988069,-0.05639882,0.19493182,-0.14353572,0.18501161,0.17016184,0.06606019,0.08824795,-0.19451852,-0.0019139183,0.15000539,0.049019873,0.0006688236,0.023150017,-0.2541158,0.10033965,-0.26528126,0.13039033,0.053957563,0.14314881,-0.016841192,-0.017622113,-0.15753785,0.07407112,0.061857354,0.03927681,-0.21529597,-0.049418833,-0.038832158,0.01331671,-0.10766606,0.029634507,-0.04118461,-0.09624858,0.06091195,0.09909244,0.08962656,0.07586888,0.071630254,-0.1884812,0.2769806,0.12050774,0.04878791,-0.27505037,0.17109165,-0.24763666,-0.04532689,0.13985008,0.001622686,0.15223448,0.12269599,-0.1083418,0.2296507,-0.06688503,0.0651248,-0.14551881,0.09005477,-0.2881582,0.11836783,0.038209375,0.059796672,0.07662045,0.2026762,0.13072509,0.111388355,0.1889131,-0.11057141,0.10295319,0.034582127,0.19860815,-0.0022075754,0.21595927,-0.19284075,0.06485746,-0.07168137,sport
-0.052016765,0.27132845,0.12876754,-0.12840131,0.18858756,-0.1587862,-0.06901979,0.29455766,-0.23303415,-0.13007163,0.032938007,-0.13615747,-0.11604804,0.008629488,0.1942951,-0.33772928,-0.17794141,-0.12603755,0.11377693,-0.37001824,0.1561867,0.23112255,0.253025,-0.29359713,-0.15247135,-0.07378411,-0.04313919,0.16852412,-0.14907715,0.21298721,0.16944739,0.061024293,0.07808642,-0.17332193,0.0024021948,0.106684476,0.032656234,-0.02955277,0.025398282,-0.24506965,0.092844404,-0.25160035,0.094883814,0.042572085,0.1143326,-0.029600833,-0.0037165573,-0.15039614,0.058080457,0.05345766,0.030315613,-0.21599302,-0.06341686,-0.03400009,0.0037590505,-0.120225765,0.054017786,-0.042467304,-0.07418914,0.08347013,0.11018517,0.09815529,0.0805729,0.04853947,-0.21178252,0.24446537,0.11271887,0.03533593,-0.26636323,0.17123137,-0.2130065,-0.05454642,0.14851402,-0.0017117776,0.12788862,0.09011462,-0.11300473,0.19234091,-0.10344249,0.060877256,-0.1383959,0.06278913,-0.25389147,0.09754996,0.021768773,0.04662279,0.052460317,0.20428011,0.09394088,0.068343475,0.16337438,-0.10288471,0.10932189,0.033083487,0.19133255,-0.0010385292,0.22551107,-0.21297406,0.048194088,-0.042298723,finance
-0.017379332,0.27521822,0.15422016,-0.20007423,0.18350214,-0.1398177,-0.0025342407,0.34770158,-0.2704678,-0.060486183,0.02557292,-0.16275793,-0.17701012,0.020920284,0.20402414,-0.40166387,-0.17838229,-0.16818915,0.08606859,-0.41446576,0.16014649,0.24831332,0.21835805,-0.34697255,-0.1671847,-0.122073784,-0.0130158225,0.1170866,-0.18303235,0.2582012,0.2402029,0.07916922,0.0888931,-0.07197852,-0.011878637,0.16881391,0.05455123,-0.08246689,-0.01670292,-0.30362922,0.10965995,-0.29298958,0.081197806,0.054089636,0.16957515,-0.021292973,0.059709568,-0.21004613,0.07932424,0.021263829,-0.019109128,-0.21320683,-0.101952665,-0.032093715,-0.0720782,-0.10407746,0.06799441,-0.06741685,-0.11179124,0.121782035,0.0754429,0.13750955,0.12842612,0.052847214,-0.24588487,0.23140934,0.08422497,-0.030669345,-0.29877016,0.20575622,-0.17198439,-0.042589672,0.12356501,-0.03903561,0.18015975,0.037108846,-0.12637955,0.12186602,-0.18894865,0.06871666,-0.09306943,-0.0001589297,-0.2645208,0.029938187,-0.024765648,0.116718926,0.06019514,0.26159793,0.0488928,0.07454329,0.2415034,-0.09334731,0.0981754,0.04733681,0.24218938,0.015485629,0.29640913,-0.2729894,0.005158296,0.026241861,finance
-0.039448895,0.3062153,0.12875107,-0.14596795,0.20250243,-0.19412431,-0.079153076,0.30665684,-0.2601281,-0.15579294,0.003111859,-0.13724326,-0.05906857,0.02384231,0.2219546,-0.36812115,-0.18843885,-0.12717685,0.14804357,-0.4152117,0.18232779,0.21207508,0.23833635,-0.31782016,-0.15630957,-0.082538836,-0.055339765,0.19043882,-0.14526935,0.18375921,0.17002524,0.06695374,0.06712146,-0.20078921,0.0023177797,0.17080332,0.04695056,0.0051078484,0.0010832064,-0.26657102,0.103744365,-0.26132733,0.14005251,0.06568903,0.1264361,-0.032224927,-0.016776312,-0.14603391,0.07023786,0.06837546,0.05074508,-0.22869754,-0.049743734,-0.06403537,0.021786625,-0.09971934,0.018248344,-0.028037889,-0.12366361,0.03691187,0.096615255,0.08880741,0.07961537,0.07060801,-0.17905587,0.2802402,0.12569539,0.058644358,-0.26832747,0.17525445,-0.2569068,-0.01952613,0.14765245,-0.013844656,0.18092357,0.1347003,-0.1227513,0.25038636,-0.06860873,0.07979358,-0.16168323,0.09391202,-0.3081408,0.11106062,0.03145168,0.044073887,0.07864193,0.20083633,0.147673,0.13114402,0.19162753,-0.10707189,0.08706163,0.04132748,0.22115003,0.00019498955,0.2233582,-0.18696532,0.063564226,-0.0627564,finance
-0.060628638,0.27798498,0.13305694,-0.13442495,0.17321917,-0.15902345,-0.06772554,0.29632542,-0.24010597,-0.11790113,0.03706018,-0.13699213,-0.11857413,3.0714742e-05,0.19337589,-0.35061565,-0.18417263,-0.15103929,0.11453458,-0.36699936,0.16639811,0.23556209,0.24023972,-0.30891794,-0.1561351,-0.06952212,-0.05042252,0.15353717,-0.1582378,0.21381398,0.17468524,0.054909248,0.072729915,-0.1653924,0.008210476,0.11777244,0.029041218,-0.03598695,0.010363972,-0.26797315,0.091893464,-0.24926245,0.09144379,0.038253643,0.12137911,-0.045869093,0.0076655596,-0.1479449,0.050830886,0.046039034,0.04068403,-0.21078365,-0.07155981,-0.031144757,-0.007298423,-0.13052458,0.059337024,-0.038171537,-0.07968179,0.079582356,0.10282256,0.106036216,0.08085922,0.052724265,-0.21441203,0.22648287,0.12964486,0.028013488,-0.2615971,0.18799853,-0.20072868,-0.062153596,0.14776924,-0.021089686,0.14040285,0.09111734,-0.12396903,0.19471958,-0.114132576,0.059905194,-0.14444707,0.05905415,-0.25516266,0.09807897,0.01079173,0.056346364,0.04510328,0.21925767,0.09681105,0.07320035,0.17971748,-0.10846811,0.1000381,0.025376959,0.19201095,0.00014108387,0.2310999,-0.21066526,0.041478187,-0.025428148,finance
-0.040994745,0.28620446,0.13071989,-0.13411617,0.1906373,-0.17872448,-0.07320748,0.29293916,-0.24311593,-0.13969693,0.012685204,-0.1397571,-0.08468862,0.01914085,0.20966536,-0.34983668,-0.18110614,-0.13247436,0.13075218,-0.38583237,0.16592363,0.21210797,0.23592505,-0.29803267,-0.1487031,-0.077230476,-0.049516354,0.17453529,-0.14811035,0.19235219,0.16453427,0.064684846,0.06903637,-0.18167078,0.006617578,0.14538768,0.045625146,-0.018002944,0.009584767,-0.2518841,0.09281372,-0.25124153,0.11235807,0.051895212,0.123954885,-0.02886154,-0.015430821,-0.14264917,0.06452262,0.058382716,0.046061363,-0.2190168,-0.055811018,-0.043778338,0.008944989,-0.107444,0.030263122,-0.03549889,-0.095776856,0.05154514,0.09694294,0.09202121,0.06931505,0.062619954,-0.18961623,0.25503588,0.12125347,0.050255362,-0.2581312,0.17613013,-0.23280154,-0.029239124,0.14023358,-0.016257185,0.1566564,0.11866158,-0.116467305,0.2254309,-0.079264574,0.06900134,-0.15137112,0.077226564,-0.2741291,0.1083978,0.030224213,0.050484806,0.06330866,0.19687618,0.12608472,0.10379407,0.17715578,-0.10655708,0.093962915,0.036037523,0.20818359,0.006743422,0.22191805,-0.18869285,0.056601077,-0.049631555,finance
-0.017669424,0.27707064,0.15245235,-0.19883859,0.1899673,-0.14211121,-0.010503412,0.34836227,-0.27240646,-0.060449958,0.028424038,-0.16329165,-0.17190765,0.025244234,0.21369666,-0.39053878,-0.17601374,-0.165186,0.09235868,-0.40760314,0.16132778,0.24063385,0.21261157,-0.35085186,-0.17051853,-0.1162423,-0.017738905,0.12357872,-0.17821403,0.250588,0.23591152,0.08051344,0.08589075,-0.07477449,-0.011432382,0.16653362,0.05825015,-0.07984845,-0.010410308,-0.30127186,0.108000696,-0.2934195,0.0826914,0.046747632,0.17823935,-0.013387451,0.05619125,-0.2054382,0.07928067,0.020246636,-0.016953563,-0.20246184,-0.09781252,-0.020640478,-0.06524682,-0.10637791,0.06880812,-0.066621676,-0.10461409,0.1261902,0.07648763,0.13562432,0.11826963,0.0584869,-0.23628911,0.22968659,0.090413205,-0.027744547,-0.294654,0.20867166,-0.1748704,-0.0578619,0.12107432,-0.03647188,0.17314878,0.040336184,-0.12561044,0.121993884,-0.17024752,0.062245462,-0.09083356,0.0040021236,-0.26515365,0.034893714,-0.017478848,0.12139906,0.056824062,0.25865912,0.05814653,0.07074403,0.24336666,-0.100593574,0.10163959,0.040079977,0.2280128,0.007430331,0.28804728,-0.27003688,0.012011528,0.016903102,finance
-0.035909757,0.2948915,0.14026436,-0.147594,0.19199085,-0.17921203,-0.0645544,0.3035532,-0.25878817,-0.12680784,0.004714763,-0.15534565,-0.11337405,0.012205088,0.21297745,-0.37957537,-0.18851031,-0.1618439,0.13842963,-0.39147156,0.17804886,0.23390062,0.23741105,-0.31328717,-0.15752189,-0.099580206,-0.023286946,0.15824755,-0.17251088,0.21361515,0.18523285,0.06415243,0.042965464,-0.15660879,-0.0024428382,0.15990949,0.044221204,-0.027469246,0.0044429875,-0.27324408,0.093844324,-0.26194763,0.08309773,0.063746534,0.12995303,-0.044883367,-0.00791522,-0.15075867,0.06659916,0.053237222,0.033349816,-0.22663592,-0.07180147,-0.046359606,-0.0008851028,-0.11424323,0.03503445,-0.05373217,-0.09686079,0.063106336,0.09649314,0.11372021,0.07976537,0.059067782,-0.19750744,0.24063848,0.10935362,0.033689283,-0.2625778,0.19531228,-0.22131445,-0.028617641,0.13553044,-0.024389066,0.17239629,0.11301296,-0.13283804,0.21955983,-0.10056817,0.066471145,-0.15346235,0.0653747,-0.2973681,0.091242015,0.029210115,0.05863573,0.06505414,0.21775438,0.13758215,0.11200691,0.19185035,-0.10113067,0.08608013,0.04610746,0.23200569,0.028435564,0.24489968,-0.21053591,0.069176406,-0.03680919,finance
-0.04291127,0.28465605,0.12535335,-0.1412443,0.20515718,-0.16385695,-0.07654811,0.30570772,-0.24648894,-0.12837812,0.032785922,-0.13029703,-0.10453967,0.014586822,0.212019,-0.3321258,-0.17315362,-0.12782723,0.12790282,-0.37418485,0.1676726,0.2135702,0.24195327,-0.31331903,-0.16149831,-0.075415194,-0.049322493,0.17896433,-0.14866032,0.19265717,0.1695966,0.06418276,0.070607334,-0.17799091,0.0035832676,0.11357718,0.038399026,-0.020934511,0.032694932,-0.25620255,0.09848686,-0.26552448,0.09530608,0.04033962,0.13740873,-0.023531957,-0.0018798548,-0.14926073,0.05737675,0.052219644,0.038803995,-0.19613472,-0.06095112,-0.019056166,0.004816914,-0.116629,0.053902317,-0.049745847,-0.07327669,0.08878069,0.110666454,0.098691486,0.069450974,0.06818286,-0.19636495,0.24619193,0.13165118,0.036101103,-0.27006173,0.17151667,-0.22753243,-0.07085329,0.14964099,0.0005324318,0.13065708,0.10118702,-0.11575693,0.19677979,-0.07366619,0.056759037,-0.13096026,0.07091284,-0.26347533,0.10314792,0.035821732,0.057208322,0.056893107,0.21168816,0.12011059,0.07750336,0.18213414,-0.114667214,0.11028995,0.026397355,0.17870845,-0.011706345,0.21172684,-0.20633036,0.05887347,-0.05980804,finance
-0.056002308,0.3206232,0.13770577,-0.1345953,0.1827083,-0.1837917,-0.09134778,0.3012377,-0.25640646,-0.16032702,0.016955728,-0.10717568,-0.057484563,0.0013924539,0.19450618,-0.3559292,-0.19960271,-0.13980429,0.13149568,-0.4105887,0.17248984,0.20094723,0.23455843,-0.30406788,-0.15086997,-0.058968797,-0.07692565,0.18763046,-0.14485371,0.18139045,0.16136286,0.060691155,0.08349924,-0.2154664,0.018353192,0.1385876,0.034703888,-0.0047714394,0.0069980524,-0.285061,0.091738306,-0.24917123,0.13128828,0.060597133,0.112473466,-0.06438292,-0.01952056,-0.13428482,0.0343309,0.06455719,0.08686992,-0.22568612,-0.056612004,-0.05447388,0.0005560111,-0.11737531,0.03511815,-0.020588614,-0.118895695,0.036419995,0.09454557,0.0876797,0.06610939,0.0802309,-0.19631077,0.26684344,0.16437559,0.07666342,-0.2688837,0.1783472,-0.23768592,-0.022312408,0.1598028,-0.017264878,0.17470703,0.14669213,-0.12276048,0.25681505,-0.06501021,0.085978836,-0.1671826,0.08789611,-0.2815866,0.13395676,0.020557528,0.039842594,0.067056045,0.19707741,0.13986629,0.13196127,0.18652506,-0.09834773,0.10447352,0.020448593,0.20797387,-0.009825244,0.21622986,-0.18454494,0.047906615,-0.044664636,finance
-0.041338153,0.2981177,0.1328787,-0.14731045,0.20497923,-0.17460519,-0.07784403,0.31187615,-0.25277594,-0.14198333,0.022918914,-0.13215911,-0.09530614,0.017662311,0.21804385,-0.3616574,-0.19097035,-0.13811891,0.11309864,-0.4068755,0.16628593,0.22839135,0.25422513,-0.3074986,-0.1606565,-0.08303247,-0.060564015,0.1861258,-0.15171163,0.20320286,0.18036817,0.061340597,0.10882593,-0.18374985,-0.0010863362,0.13083129,0.04350271,-0.01899988,0.022168307,-0.2736846,0.09620336,-0.26163003,0.11518339,0.051057715,0.13488515,-0.04458446,-0.013162921,-0.1577588,0.055043064,0.055480767,0.04688161,-0.2214222,-0.059128016,-0.033950377,-0.00787257,-0.12094577,0.04884215,-0.046343766,-0.088759236,0.06741474,0.10358137,0.099159636,0.08234402,0.0631529,-0.22257434,0.2724466,0.13832736,0.043139283,-0.29151234,0.18133375,-0.22978513,-0.040514685,0.1477877,0.0005468543,0.14685561,0.11412868,-0.113340296,0.22263178,-0.09900314,0.07044676,-0.14108424,0.07518878,-0.2731759,0.12510857,0.030206066,0.06426201,0.067614794,0.20489705,0.11400015,0.100037925,0.19054256,-0.10843138,0.1159243,0.03213722,0.20097676,-0.0031643745,0.22997093,-0.20597093,0.054147474,-0.054816242,finance
-0.09529117,0.32368276,0.14421776,-0.12832958,0.15437062,-0.1765289,-0.10105559,0.3093534,-0.24465172,-0.16579846,0.06123361,-0.094322644,-0.075084694,-0.021302434,0.17543526,-0.37478882,-0.21294053,-0.15598176,0.105876386,-0.41337198,0.17037976,0.22534363,0.2688611,-0.31323513,-0.15656023,-0.036085702,-0.1018291,0.17800026,-0.1454724,0.20685704,0.17161836,0.043128632,0.11833402,-0.23428679,0.02089746,0.10106356,0.010978693,-0.020499447,-0.0022520341,-0.31326294,0.08884529,-0.23219118,0.14123036,0.04575057,0.09000839,-0.10150986,-0.001494296,-0.14518034,0.006877493,0.05874466,0.10832147,-0.2405399,-0.06809571,-0.06241897,-0.01302582,-0.1551092,0.066106774,-0.007764108,-0.11946518,0.039544232,0.104641974,0.08813001,0.088996924,0.0618625,-0.24555008,0.2732474,0.19606334,0.07540105,-0.29323998,0.18800133,-0.21961863,-0.03851058,0.18870239,-0.016117644,0.16778076,0.13152526,-0.12620363,0.25541005,-0.123108916,0.100795954,-0.17735825,0.07952708,-0.25798115,0.13912705,-0.008233445,0.028734073,0.056370363,0.19785438,0.09648592,0.11240781,0.18215293,-0.09855428,0.13092884,0.0059623215,0.20234385,-0.016324485,0.23358873,-0.20356415,0.010929267,-0.025775656,finance
-0.030038053,0.2638771,0.14147039,-0.16392641,0.17097598,-0.14826001,-0.025341967,0.31714576,-0.24903134,-0.08445776,0.02579949,-0.15464066,-0.15104896,0.01943488,0.19166045,-0.37413755,-0.17152882,-0.15325817,0.09503111,-0.38863176,0.15495498,0.2406026,0.22305857,-0.31046778,-0.15764143,-0.10192809,-0.01641697,0.13166934,-0.16819488,0.23977643,0.2111981,0.07354729,0.079022005,-0.10824699,-0.006271294,0.1534155,0.046552014,-0.06252809,-0.0105291465,-0.27433813,0.10190379,-0.26599306,0.085532695,0.05241354,0.13999431,-0.022540372,0.036043186,-0.17997904,0.07469343,0.036347702,-0.0066432916,-0.21371847,-0.08480853,-0.042811166,-0.037076782,-0.10797629,0.055030692,-0.051572815,-0.09901115,0.0968821,0.08313407,0.1175776,0.10590557,0.04355775,-0.22774339,0.22551656,0.08313363,-0.0011853838,-0.27513725,0.18978602,-0.18208404,-0.039415397,0.12861106,-0.030373542,0.16585667,0.057699606,-0.117509335,0.14756462,-0.15716797,0.06585441,-0.10979714,0.0215144,-0.2566372,0.054355156,-0.01349761,0.08464439,0.054802574,0.23067315,0.061236948,0.07400732,0.20180425,-0.090611726,0.09535936,0.048522353,0.22909343,0.01908377,0.26539475,-0.23884621,0.02155333,0.00426955,finance
-0.071207486,0.33580568,0.14106606,-0.1274978,0.17724434,-0.19088179,-0.10940577,0.30526605,-0.25958458,-0.171942,0.02669889,-0.09073047,-0.044643544,-0.008526818,0.18911892,-0.35336867,-0.2066023,-0.14507921,0.13702956,-0.42003587,0.1748244,0.18982308,0.23502508,-0.30897856,-0.15314724,-0.041190032,-0.096479036,0.2016832,-0.14295682,0.17379516,0.1580247,0.06178578,0.08537377,-0.24371572,0.029785823,0.12544629,0.030392366,-0.007835713,0.0052302317,-0.2971062,0.08955618,-0.24828856,0.14457853,0.05723806,0.10760449,-0.071867324,-0.022790253,-0.12548237,0.020041715,0.0677662,0.1140433,-0.22763203,-0.059603497,-0.05373755,0.0010441961,-0.12774098,0.039048765,-0.0061628446,-0.12475843,0.03220874,0.09468356,0.07929292,0.052182313,0.09229546,-0.19705015,0.27061498,0.19371563,0.10038512,-0.27157992,0.18615384,-0.24635607,-0.027819773,0.17859958,-0.023673642,0.18093936,0.16068497,-0.12649266,0.2769037,-0.049045146,0.09481828,-0.18110308,0.09268169,-0.27958554,0.15314189,0.015222903,0.029023893,0.06211242,0.19721095,0.14935018,0.13554984,0.18704595,-0.09886426,0.11217774,0.0073165377,0.2045488,-0.02006972,0.20860009,-0.17934039,0.041821774,-0.042088352,finance
-0.025880598,0.28967398,0.15709047,-0.18899652,0.18405333,-0.15862738,-0.018682806,0.35005066,-0.2712949,-0.0841118,0.025654037,-0.17093642,-0.16798088,0.02397078,0.21058784,-0.4148449,-0.18821259,-0.17616795,0.09330545,-0.43213362,0.16927417,0.26656806,0.23774235,-0.34284133,-0.1722433,-0.118967086,-0.016882211,0.13897508,-0.18555628,0.26406574,0.24162827,0.07760169,0.098575614,-0.10305586,-0.014024037,0.17740749,0.055448487,-0.070182964,-0.022537038,-0.31173047,0.11473297,-0.29121223,0.09502603,0.06031671,0.16295567,-0.029786507,0.047203664,-0.20622617,0.08230668,0.036156747,-0.0091231605,-0.23104662,-0.09507719,-0.046501182,-0.058229323,-0.118012555,0.06618595,-0.061456986,-0.11466836,0.10549114,0.080113105,0.13583909,0.122147664,0.04734951,-0.25873515,0.24499474,0.09229265,-0.014071243,-0.30790275,0.2117956,-0.19121626,-0.039008398,0.13713259,-0.034987163,0.18859333,0.05809769,-0.12643054,0.15072471,-0.18764012,0.074010864,-0.11044453,0.017179143,-0.27600783,0.05408285,-0.02455941,0.108050406,0.063087024,0.25408763,0.05738117,0.08400734,0.23193434,-0.09771925,0.103036635,0.055960838,0.25588173,0.023619354,0.29687396,-0.26513344,0.013900083,0.013485823,finance
-0.04025801,0.28120402,0.13825467,-0.15053469,0.19140641,-0.15269174,-0.05654631,0.31678373,-0.25509754,-0.10371283,0.046822492,-0.15259686,-0.14987487,0.011076522,0.2172581,-0.3515877,-0.17889763,-0.15326345,0.11381838,-0.3650925,0.16422914,0.24049875,0.23464826,-0.3232714,-0.17133635,-0.079532295,-0.03730174,0.14567074,-0.1537382,0.22527307,0.1889789,0.068212606,0.07392774,-0.12903798,0.0014342254,0.11816949,0.04509737,-0.04333,0.027786808,-0.27180082,0.100370005,-0.26460075,0.07042635,0.025714038,0.14238788,-0.028230289,0.02249645,-0.15460359,0.053600013,0.031686187,0.015271934,-0.18852316,-0.073864095,-0.004634511,-0.021579772,-0.12617768,0.0785381,-0.06077197,-0.06253488,0.116010785,0.104617245,0.11715093,0.081031695,0.057458114,-0.21889316,0.2200662,0.11832247,0.0047536115,-0.273547,0.19760358,-0.19119951,-0.08596605,0.1369191,-0.01306452,0.12610675,0.07123385,-0.12699032,0.1520187,-0.116266504,0.051596228,-0.11794437,0.042856168,-0.2539856,0.07472438,0.0149869565,0.081503026,0.036439583,0.23190702,0.08548319,0.051012535,0.19524425,-0.12723587,0.106688246,0.023526104,0.17809406,-0.006452424,0.23787549,-0.23148286,0.04173344,-0.026410224,finance
-0.04892315,0.31132865,0.13614327,-0.14485973,0.19156928,-0.18735567,-0.0752358,0.31126553,-0.25872833,-0.15700547,0.014036828,-0.13076614,-0.08230233,0.007166194,0.20379095,-0.38388145,-0.19594215,-0.1417096,0.1298654,-0.41907477,0.17800839,0.2290704,0.2547186,-0.3133147,-0.15624772,-0.08129744,-0.056993105,0.18014307,-0.15502453,0.20518033,0.17640215,0.059966177,0.08279132,-0.19547275,0.0022099034,0.15522875,0.036952145,-0.0022803792,0.00091548596,-0.2806853,0.10107439,-0.2552447,0.12503204,0.06778752,0.11231726,-0.058995713,-0.011147388,-0.15851186,0.05307036,0.065322734,0.05569799,-0.24045336,-0.056085907,-0.0666324,0.0025816108,-0.117286466,0.037225485,-0.034847315,-0.1240376,0.046395376,0.09932255,0.09778041,0.09342089,0.057997975,-0.20680526,0.27491727,0.13588661,0.052057244,-0.28150463,0.18069968,-0.23873071,-0.014525477,0.15240063,-0.013555342,0.18076734,0.1251804,-0.12620267,0.24499336,-0.1019841,0.08652818,-0.16457628,0.08630955,-0.29949322,0.10975046,0.017858151,0.04442755,0.07879149,0.2030538,0.1274563,0.1287947,0.19114381,-0.09914498,0.099066876,0.03705883,0.22819752,0.004126586,0.23620653,-0.20462808,0.05035573,-0.04172978,finance
-0.023138972,0.28941962,0.15754956,-0.19324452,0.18440826,-0.15455978,-0.012947306,0.3530378,-0.27360225,-0.0799927,0.027450927,-0.17377652,-0.1736443,0.025686834,0.2129524,-0.4162317,-0.18866676,-0.17663294,0.08835525,-0.430192,0.16818443,0.26565588,0.23877071,-0.34565443,-0.17330441,-0.12264493,-0.013818395,0.1321823,-0.185778,0.26431578,0.2431019,0.07732372,0.101528116,-0.09397182,-0.015888046,0.17609937,0.057226025,-0.071167715,-0.019998016,-0.31283832,0.11466055,-0.294768,0.08868449,0.05893465,0.16468062,-0.031501394,0.050674487,-0.20967625,0.08001105,0.032392334,-0.012212034,-0.22785598,-0.095809594,-0.04305193,-0.06489777,-0.11563726,0.06877502,-0.06632194,-0.11341426,0.10920328,0.08044201,0.14025903,0.12611103,0.04474149,-0.2607454,0.24388863,0.09148562,-0.019817987,-0.3106291,0.20875745,-0.18815932,-0.038268883,0.13258992,-0.031916782,0.18638657,0.056143496,-0.12564732,0.14386134,-0.19351771,0.071226045,-0.10491107,0.01320486,-0.27143663,0.048530284,-0.023605121,0.11224643,0.06321682,0.2540502,0.05321802,0.08240576,0.23531824,-0.09979313,0.1054167,0.05472006,0.2572138,0.0254474,0.3007434,-0.26915655,0.0114277685,0.013124501,finance
-0.016459864,0.3078484,0.14289524,-0.18450078,0.20078856,-0.17726637,-0.03918581,0.33809632,-0.278884,-0.10956381,-0.014738543,-0.15197486,-0.1015617,0.034387037,0.21806076,-0.40770525,-0.19236456,-0.14713773,0.124603994,-0.44114932,0.18408905,0.23215444,0.21948394,-0.33651614,-0.16151318,-0.11831098,-0.035192788,0.16152164,-0.16970338,0.20938525,0.21106769,0.07232223,0.08132207,-0.13510871,-0.0063730245,0.20895676,0.06420625,-0.017672028,-0.026338443,-0.29628384,0.11383252,-0.28520584,0.1227149,0.0792244,0.15622117,-0.03404511,0.019319246,-0.18513191,0.08990265,0.05203754,0.016773807,-0.22944869,-0.06841146,-0.06341732,-0.028638626,-0.09211854,0.029946763,-0.05254648,-0.14364278,0.06313317,0.06981259,0.115216136,0.10729064,0.0696286,-0.20104082,0.26643735,0.097842865,0.019918246,-0.2918045,0.18888648,-0.23196803,-0.010798629,0.1257537,-0.03478268,0.21042441,0.10780267,-0.12104626,0.2067202,-0.12216005,0.08077246,-0.13745725,0.059661213,-0.31419438,0.07917343,-0.0035181812,0.09514578,0.084980085,0.23713908,0.116900206,0.1450918,0.23433581,-0.099861726,0.08138297,0.05491105,0.2538264,0.0145829255,0.2647994,-0.22319786,0.03729976,-0.021430273,finance
-0.05547034,0.3034548,0.12827821,-0.13709214,0.1927552,-0.18171704,-0.08271633,0.30707598,-0.2507382,-0.14891388,0.019546911,-0.12040203,-0.078757234,0.008087556,0.2011759,-0.35519642,-0.18818198,-0.13165355,0.13450442,-0.40387407,0.1777085,0.21032818,0.24586949,-0.3109381,-0.15604475,-0.06813768,-0.06615876,0.18477157,-0.14855663,0.18849283,0.16811681,0.064244784,0.08103245,-0.20584872,0.011076886,0.1347784,0.035084717,-0.009807191,0.013209994,-0.2706422,0.096925296,-0.25960332,0.12284758,0.05307581,0.11927458,-0.04502966,-0.010439904,-0.14572494,0.054662,0.061081134,0.0627319,-0.22075288,-0.055446386,-0.049972955,0.0074953046,-0.11451647,0.03622569,-0.03133735,-0.10957077,0.056058858,0.10312012,0.08997847,0.07538146,0.07163422,-0.19650276,0.26528487,0.14353372,0.06256926,-0.27265698,0.1768576,-0.24352135,-0.03890166,0.1565158,-0.011654033,0.16293499,0.12622584,-0.11908531,0.23965144,-0.074781,0.07769572,-0.15892616,0.08580575,-0.28468907,0.12149288,0.022859808,0.040969227,0.06968115,0.20460092,0.13183449,0.1126296,0.18467566,-0.10340368,0.10318678,0.024074644,0.20337333,-0.009999705,0.21625614,-0.19373162,0.05209605,-0.052971218,finance
-0.023288902,0.2847333,0.13964444,-0.17228353,0.19219531,-0.16103579,-0.038167182,0.32362428,-0.25863326,-0.10264104,0.009258078,-0.15061763,-0.126602,0.027728435,0.20833981,-0.37986928,-0.18063271,-0.14520836,0.10793504,-0.4090388,0.16661468,0.23189689,0.22892235,-0.31950215,-0.16165115,-0.1045944,-0.03251849,0.15119249,-0.16322793,0.22045152,0.20199245,0.07289557,0.08960549,-0.12733753,-0.0062531764,0.16820619,0.05749181,-0.038247235,-0.007206986,-0.2744338,0.10397025,-0.2729632,0.10258528,0.057416055,0.14897074,-0.025284074,0.020212986,-0.18024637,0.080183245,0.043754864,0.0083993105,-0.21413587,-0.06924769,-0.043458708,-0.030833183,-0.103086665,0.045192845,-0.05537761,-0.1122998,0.08101016,0.08019073,0.11348064,0.1016077,0.05706495,-0.21411031,0.2481934,0.09508266,0.011437445,-0.2829697,0.18609466,-0.20741561,-0.03242098,0.12410121,-0.023680078,0.17278133,0.083878055,-0.11731535,0.17978026,-0.13462542,0.070656836,-0.12353914,0.045354083,-0.27801427,0.072558686,0.0014568655,0.09066397,0.07266003,0.22761418,0.08946817,0.102685794,0.21477038,-0.10101149,0.09312174,0.043670684,0.22685604,0.0125228735,0.25618097,-0.22591615,0.034267165,-0.018061558,finance
-0.09370915,0.32903162,0.14541134,-0.13614812,0.15938881,-0.17890613,-0.10072845,0.31906864,-0.25323334,-0.1654514,0.059083175,-0.095385335,-0.08021285,-0.019420477,0.17912698,-0.38110974,-0.21438096,-0.15623075,0.10978412,-0.422717,0.17553562,0.22461973,0.27196825,-0.31932572,-0.16015114,-0.037674993,-0.10504299,0.18101746,-0.14714442,0.20866224,0.17436814,0.04882533,0.12327182,-0.23288965,0.02420612,0.10689579,0.015025521,-0.021128062,-7.0971706e-05,-0.31784907,0.08966333,-0.24300054,0.14324495,0.04488065,0.09516412,-0.09859553,0.0024587251,-0.1473746,0.0119016925,0.056794733,0.10610317,-0.23744157,-0.06751322,-0.060003385,-0.015242349,-0.15306936,0.06537127,-0.009601234,-0.12370325,0.042609517,0.10514859,0.08797219,0.08840011,0.068044245,-0.24554877,0.27554476,0.19827428,0.07910288,-0.29941896,0.19437185,-0.22710058,-0.04142871,0.1894394,-0.017088786,0.1697794,0.1326741,-0.12865587,0.25652185,-0.12117699,0.10423042,-0.17642532,0.079623796,-0.2640014,0.14016075,-0.006334767,0.03149808,0.059569817,0.20628834,0.09866981,0.11471685,0.19145577,-0.102846906,0.1316775,0.003508638,0.20388559,-0.018828653,0.23640049,-0.20687039,0.011941475,-0.02605433,finance
-0.025299072,0.28142464,0.14489971,-0.17327467,0.190465,-0.16943818,-0.03562473,0.3335129,-0.26308194,-0.09950037,0.014353201,-0.16885653,-0.14183554,0.029235398,0.2143998,-0.3974995,-0.18158725,-0.1583148,0.11443221,-0.41990143,0.17432655,0.25344917,0.23635547,-0.330388,-0.16582662,-0.10987395,-0.019999698,0.1491358,-0.17699566,0.24587665,0.21993566,0.08004484,0.080637105,-0.12857845,-0.007650404,0.17761548,0.05302415,-0.05552376,-0.013268326,-0.28493536,0.10802474,-0.28578416,0.10295432,0.056853455,0.15490033,-0.014190935,0.025393153,-0.18951079,0.09135587,0.04490844,-0.00406734,-0.23078388,-0.0816733,-0.045490824,-0.026943872,-0.10877211,0.043380994,-0.05030096,-0.11361788,0.092607215,0.088906735,0.12018745,0.108700424,0.052111797,-0.2282161,0.25116262,0.08600457,0.0074465894,-0.28735018,0.201953,-0.2105463,-0.03939347,0.13429499,-0.028655339,0.18033417,0.073837884,-0.1226886,0.17658472,-0.14560713,0.07068581,-0.12640291,0.03766345,-0.29102147,0.07047767,-0.0053895116,0.084840626,0.06586034,0.24330878,0.08506254,0.08730485,0.21835564,-0.09714642,0.09237583,0.051214576,0.2424462,0.021852052,0.2753021,-0.2439994,0.040061403,-0.011746173,finance
-0.06219296,0.28497246,0.13223451,-0.12644428,0.18241332,-0.16315742,-0.07586299,0.2985335,-0.23468459,-0.14329949,0.042739164,-0.12604704,-0.11632962,0.00019246626,0.18696453,-0.35017598,-0.18482773,-0.13485666,0.11039012,-0.3825654,0.15679514,0.2403982,0.27170518,-0.29778752,-0.1584312,-0.06429037,-0.055487406,0.16751201,-0.14987594,0.2216348,0.1713153,0.061725087,0.0870321,-0.19074754,0.009678814,0.096182294,0.028147794,-0.032812025,0.025569787,-0.2559977,0.09215286,-0.2526554,0.101205274,0.04352675,0.10043152,-0.04196197,-0.00805564,-0.15427627,0.044705898,0.05807631,0.039291088,-0.22460522,-0.06540441,-0.038501326,0.0004199055,-0.12834105,0.060717493,-0.0372199,-0.07890346,0.08426915,0.12002935,0.096465416,0.084006794,0.04798256,-0.2276528,0.25176612,0.12212574,0.045151897,-0.2788692,0.17254628,-0.21689957,-0.052437246,0.16416624,0.0012663442,0.13389553,0.09426441,-0.11678408,0.2027352,-0.11664844,0.07266555,-0.15181611,0.06683512,-0.25650063,0.10762299,0.013581163,0.03635824,0.05225488,0.21422328,0.09093348,0.07082798,0.16339643,-0.10110682,0.10969189,0.026913865,0.19376552,-0.0052048014,0.22916028,-0.21779071,0.042175803,-0.03793762,finance
-0.017941067,0.30115324,0.15086567,-0.18479058,0.21340694,-0.16708007,-0.03848615,0.34008178,-0.275318,-0.09807911,-0.0026380776,-0.16028689,-0.1271479,0.029808665,0.2243259,-0.391212,-0.18979236,-0.14958394,0.11357297,-0.42623803,0.17359743,0.23730145,0.23202363,-0.3431075,-0.1654533,-0.116138466,-0.035851244,0.15528701,-0.17530045,0.2249357,0.21463715,0.074674755,0.08562449,-0.12582901,-0.010747823,0.18173409,0.061918575,-0.04318855,-0.0011331888,-0.28914788,0.10483933,-0.29648158,0.104161896,0.06153309,0.17064156,-0.01961687,0.01716601,-0.19450398,0.08615081,0.038359776,0.008927959,-0.2222996,-0.070629954,-0.03534376,-0.035332695,-0.103254125,0.042026013,-0.06520904,-0.109513484,0.092165984,0.08242827,0.12240187,0.107813485,0.072390415,-0.21630149,0.2609356,0.10498791,0.005660476,-0.29697102,0.19730498,-0.21738254,-0.036543872,0.12134135,-0.020408193,0.1772793,0.089418,-0.12367039,0.18359996,-0.12697463,0.06454815,-0.12498938,0.048505995,-0.29461655,0.07603739,0.014387025,0.10293891,0.0779239,0.24380669,0.110050164,0.10914355,0.2372803,-0.107092366,0.09776308,0.040803876,0.22948112,0.008022511,0.26681888,-0.23840065,0.044008,-0.022899363,finance
-0.062467575,0.28446338,0.1290892,-0.1211738,0.18744902,-0.1605092,-0.091441564,0.29017568,-0.23044792,-0.1451471,0.042798437,-0.11140556,-0.08236452,0.0031463474,0.19483472,-0.3214853,-0.18890944,-0.12453384,0.10278462,-0.3714248,0.14924873,0.21835026,0.25944966,-0.28994504,-0.15080515,-0.05475738,-0.07250315,0.19160807,-0.13693845,0.18965356,0.16111176,0.051430628,0.1137851,-0.2010566,0.0041337134,0.08831709,0.031754408,-0.018124934,0.0326133,-0.26028723,0.086819656,-0.24112083,0.11412085,0.04015456,0.11564894,-0.049450133,-0.013726851,-0.14433508,0.035108387,0.056366645,0.06347193,-0.20848095,-0.058906194,-0.03338538,0.002101448,-0.13143992,0.060073033,-0.030218339,-0.07186213,0.06699637,0.109918036,0.09022532,0.07080684,0.055679258,-0.22379218,0.26055124,0.1546295,0.052580375,-0.27435207,0.16270116,-0.22146644,-0.05756181,0.15759075,0.011646012,0.122337736,0.112975664,-0.10387221,0.21267498,-0.09330277,0.07012798,-0.13704084,0.07559828,-0.23569867,0.12755807,0.026453158,0.04620714,0.0544187,0.18010587,0.09640046,0.082051106,0.16089134,-0.10420014,0.13279152,0.02400687,0.16969576,-0.0130345905,0.21364582,-0.19776708,0.039527487,-0.05754713,finance
-0.085080646,0.32480487,0.15160485,-0.13823062,0.15563849,-0.19362202,-0.095104694,0.31297755,-0.2562434,-0.1733549,0.046477616,-0.11093156,-0.09594652,-0.01392959,0.18523018,-0.39698672,-0.22098464,-0.17070521,0.124611,-0.42241248,0.18117552,0.23901227,0.27679196,-0.31640252,-0.15677033,-0.056116123,-0.087411895,0.1755402,-0.16301008,0.21771699,0.17842373,0.052730855,0.09693551,-0.22878134,0.0279546,0.13046075,0.023489965,-0.033564787,-0.01436151,-0.3100759,0.08522467,-0.24162109,0.13511947,0.05432595,0.090241425,-0.09580963,-0.007039557,-0.13787624,0.030597232,0.06308758,0.092685804,-0.25285122,-0.0699816,-0.07095375,-0.0062063565,-0.14677581,0.047034997,-0.0064074527,-0.12572755,0.03138498,0.10875482,0.09125532,0.081054114,0.06365132,-0.23993067,0.27192283,0.17318395,0.08397408,-0.28588498,0.20720057,-0.23112477,-0.023046069,0.18432228,-0.030759994,0.18036592,0.1377784,-0.13609006,0.26821557,-0.124664195,0.10152411,-0.19110152,0.07766533,-0.28292453,0.13555145,-0.009390549,0.029860243,0.058428835,0.21127646,0.11456215,0.12134886,0.18517002,-0.1052461,0.11331767,0.01543035,0.23245576,0.0057280133,0.24831115,-0.20337826,0.026360696,-0.018665928,finance
-0.039613925,0.3081412,0.1297054,-0.14654222,0.20238996,-0.19618176,-0.07983483,0.3074463,-0.26082447,-0.15838389,0.0018728438,-0.13756868,-0.05594616,0.024006307,0.2215751,-0.37111872,-0.19032903,-0.12656507,0.14932534,-0.41913757,0.18341926,0.21348244,0.24114245,-0.31912446,-0.15672143,-0.08198028,-0.056445144,0.1917887,-0.14553182,0.18410614,0.1707805,0.06762857,0.06740275,-0.20367159,0.0021311047,0.17348567,0.047205746,0.005962662,-0.0010320365,-0.2677939,0.10368872,-0.26149073,0.14391997,0.06733232,0.12457649,-0.03303023,-0.017966768,-0.14758585,0.07050105,0.07005203,0.0511631,-0.23225892,-0.04932554,-0.06806725,0.023875605,-0.09906213,0.015371603,-0.026150519,-0.12778701,0.033365782,0.09746461,0.08796672,0.081599124,0.07012288,-0.17908867,0.28395483,0.1257407,0.06099905,-0.26958957,0.17443725,-0.26022267,-0.016571056,0.14812587,-0.014147002,0.18384777,0.13731988,-0.12312026,0.25516537,-0.070247404,0.08251697,-0.16494818,0.096086815,-0.3113184,0.11157771,0.030369852,0.04144586,0.08105996,0.20035218,0.14808147,0.1342431,0.1923449,-0.10677988,0.08660796,0.041671123,0.2241103,0.0012361301,0.22576945,-0.18700005,0.06358028,-0.063171685,finance
-0.04366883,0.3053703,0.13384882,-0.14944775,0.20597015,-0.17726411,-0.08012779,0.3162292,-0.25682974,-0.14782299,0.022193339,-0.13025612,-0.0918072,0.01581184,0.21718626,-0.36709815,-0.19546175,-0.13830534,0.11542793,-0.41329998,0.16953208,0.22863582,0.25831357,-0.31136307,-0.16188093,-0.08174254,-0.064927965,0.1882262,-0.15149413,0.20170005,0.1808448,0.0610964,0.11085968,-0.18977727,0.0005449477,0.13276128,0.043352332,-0.014251958,0.02114303,-0.27745074,0.096919745,-0.2623367,0.11998441,0.053668056,0.13100621,-0.050006486,-0.01429944,-0.15927094,0.051220044,0.05736162,0.051585503,-0.22511545,-0.05653232,-0.039401628,-0.006906436,-0.121225186,0.047086213,-0.044525,-0.09508151,0.062751666,0.10494222,0.09903148,0.08433997,0.06405906,-0.22387193,0.2766579,0.14340918,0.04786647,-0.2946165,0.18045369,-0.23500553,-0.036861774,0.15046859,0.0006320228,0.15128389,0.12003936,-0.11530519,0.23070587,-0.10015962,0.07547016,-0.14688624,0.07909485,-0.27922437,0.12769933,0.029126525,0.061414756,0.07146325,0.20588103,0.1159583,0.10616919,0.19434439,-0.10946921,0.11592641,0.029688148,0.20368133,-0.004269684,0.23166768,-0.20649701,0.05321621,-0.05564556,finance
-0.019571617,0.3003105,0.15179156,-0.1854729,0.21222828,-0.16555786,-0.037780512,0.34216312,-0.27472815,-0.098803364,-0.00053062214,-0.16046658,-0.13041633,0.02779756,0.22041063,-0.39357653,-0.19013377,-0.14925031,0.11403092,-0.4260064,0.17465048,0.24063973,0.23795827,-0.34427035,-0.16684571,-0.11545732,-0.035625543,0.15316239,-0.17718478,0.22877577,0.21534368,0.07604413,0.084524535,-0.12723668,-0.0102470545,0.17806017,0.05928424,-0.045873735,-0.00091058767,-0.28869963,0.10428222,-0.29795563,0.10422559,0.06043563,0.16679832,-0.020436512,0.017956354,-0.19795534,0.08466327,0.03885406,0.0068042264,-0.22512119,-0.07158359,-0.036631387,-0.034967173,-0.103601575,0.04329095,-0.06501496,-0.11111015,0.09401274,0.08558675,0.12219704,0.11015596,0.070425935,-0.21800564,0.26145607,0.10444416,0.0052998043,-0.29847467,0.19715087,-0.21746123,-0.038277302,0.122981295,-0.020320427,0.1760008,0.08618038,-0.123577274,0.18221596,-0.13237742,0.06631195,-0.12624942,0.048282247,-0.29631403,0.072636664,0.011711982,0.0991354,0.07872831,0.24745478,0.105602056,0.10541109,0.23876561,-0.10656555,0.097777,0.038149513,0.22938094,0.008279352,0.27081713,-0.2434721,0.04341986,-0.021179765,finance
-0.07546588,0.32261539,0.1447847,-0.14245781,0.16944532,-0.19214955,-0.0923725,0.31530833,-0.25794122,-0.16621682,0.032072973,-0.11328303,-0.085007064,-0.0047081728,0.1915951,-0.3891822,-0.21395741,-0.15922408,0.13043286,-0.42303392,0.18515535,0.22856124,0.26590428,-0.3181933,-0.15826508,-0.060335003,-0.08489371,0.17968939,-0.15918958,0.20476532,0.17531572,0.056786347,0.09333857,-0.22563569,0.023247665,0.13957205,0.028270816,-0.022593828,-0.009832676,-0.30080718,0.08983066,-0.24983713,0.13821447,0.055534266,0.102823995,-0.08243994,-0.0073017664,-0.1421461,0.04054242,0.06415053,0.08652183,-0.24286284,-0.0637975,-0.066418916,-0.002190797,-0.13695697,0.039929695,-0.013354038,-0.1265016,0.031895805,0.10322072,0.08890035,0.07805672,0.07019004,-0.22319591,0.27424,0.16703533,0.081210874,-0.2829816,0.199114,-0.23996021,-0.025110342,0.17465468,-0.027966265,0.1807559,0.14040829,-0.1301675,0.2682019,-0.10673007,0.09660705,-0.18444492,0.08293369,-0.29066193,0.13389392,-0.00015376831,0.034788314,0.06733358,0.21065955,0.12334283,0.12773234,0.19153431,-0.10539664,0.10788082,0.0167623,0.22597873,0.0010475859,0.23858483,-0.197241,0.034569945,-0.031532418,finance
-0.03844426,0.3031649,0.12546612,-0.14844164,0.19425705,-0.18893108,-0.07495326,0.30512783,-0.25884303,-0.13921434,-0.012749234,-0.12979107,-0.063859865,0.022814967,0.20726277,-0.36268553,-0.1831702,-0.1291193,0.15503111,-0.40528616,0.18962444,0.19394694,0.21835476,-0.3126157,-0.15367061,-0.08025366,-0.056883387,0.17560104,-0.14950295,0.1709832,0.16360758,0.06768098,0.05094372,-0.1932912,0.01376935,0.17828481,0.04865256,0.0007315676,-0.0045082304,-0.2588689,0.09810899,-0.26377583,0.1303172,0.06299802,0.12896347,-0.03268784,-0.011660606,-0.14087239,0.07499359,0.06385787,0.053203646,-0.21169482,-0.047253694,-0.055992126,0.016450135,-0.0960889,0.01143313,-0.030166375,-0.12367995,0.032331225,0.08542479,0.084917076,0.06506438,0.08468996,-0.1591649,0.25815752,0.124474235,0.06828878,-0.25122473,0.17804633,-0.24981149,-0.022542981,0.13848536,-0.0271188,0.18633527,0.14107078,-0.12192638,0.25250903,-0.04911891,0.07750934,-0.1655268,0.089773186,-0.3102745,0.10916042,0.028134774,0.047115225,0.079540454,0.21015613,0.15830672,0.14099088,0.1985061,-0.10473532,0.07322642,0.026426576,0.21553792,0.0025914577,0.21227087,-0.17350754,0.062349454,-0.05462299,finance
-0.035678465,0.28770277,0.13396496,-0.14567018,0.1983664,-0.1672321,-0.06335551,0.3054886,-0.24835326,-0.13632332,0.022631766,-0.1388205,-0.11299604,0.019540804,0.2103312,-0.35052043,-0.18714365,-0.13374683,0.11414706,-0.3860214,0.15807185,0.22589923,0.24812458,-0.3061672,-0.16143629,-0.09079858,-0.046518568,0.17232968,-0.15068963,0.20327768,0.17816669,0.0615007,0.0941887,-0.1629876,0.0008544303,0.1289726,0.05150469,-0.023143241,0.025656402,-0.2574249,0.09330437,-0.26269296,0.09691749,0.051732652,0.1288138,-0.035531797,-0.006148473,-0.15544431,0.060998622,0.050857868,0.032088693,-0.21030119,-0.05830022,-0.033749294,-0.0071530533,-0.10591882,0.047825377,-0.051423788,-0.07782353,0.07706958,0.10811456,0.10629005,0.07951677,0.060914166,-0.21562523,0.25609535,0.122772805,0.034586165,-0.27738172,0.17302826,-0.22925784,-0.04738282,0.13991165,0.0032933732,0.13589203,0.104463406,-0.11218384,0.20298007,-0.10185307,0.06824912,-0.1380656,0.06991874,-0.26632583,0.105927415,0.026699826,0.06282437,0.06254843,0.20439328,0.113510355,0.0912377,0.18336305,-0.11577311,0.105663255,0.035865135,0.19432846,-0.00011014504,0.22867528,-0.20567626,0.05302579,-0.051285084,finance
-0.0523981,0.2909741,0.12695865,-0.14137363,0.19476478,-0.17439516,-0.07903798,0.30434483,-0.24800226,-0.1369784,0.017333228,-0.12405704,-0.0839252,0.010022335,0.20058265,-0.34354767,-0.18361656,-0.13155982,0.13468097,-0.38894615,0.17532735,0.21214616,0.24036153,-0.3160007,-0.15666361,-0.07393004,-0.061152898,0.1780923,-0.14851677,0.18670884,0.17132491,0.059410583,0.07016721,-0.18959671,0.0070689996,0.13094562,0.0351238,-0.008540408,0.013974604,-0.26450637,0.0960777,-0.25852573,0.116832055,0.05009887,0.123911634,-0.039430365,-0.0048871646,-0.1467575,0.059520412,0.05817804,0.048957393,-0.21001235,-0.05614644,-0.04265053,0.008767239,-0.11345484,0.03809542,-0.033434663,-0.09827234,0.06081353,0.10090947,0.09204258,0.074036494,0.07160235,-0.18916507,0.2572839,0.13703847,0.04933588,-0.26316628,0.17723384,-0.23443836,-0.05080438,0.15322393,-0.010704754,0.15378444,0.111534625,-0.1156614,0.22275048,-0.075797126,0.07048715,-0.14740716,0.0816804,-0.28185126,0.10829546,0.024602385,0.04483776,0.06468312,0.21139894,0.12967058,0.103806004,0.18844832,-0.10753863,0.098125055,0.022766018,0.19410893,-0.0063631865,0.21628046,-0.19436295,0.051507164,-0.053538937,finance
-0.08080755,0.32881433,0.14310195,-0.13355672,0.17612086,-0.1946763,-0.11481059,0.31363907,-0.252324,-0.17590754,0.043355152,-0.09640106,-0.058604535,-0.0075985678,0.19135019,-0.36971486,-0.21112376,-0.14863423,0.12846422,-0.4220967,0.17503949,0.20267414,0.26004425,-0.31360716,-0.15753551,-0.04055519,-0.10515627,0.19883116,-0.14528479,0.18869239,0.17046514,0.055448614,0.10484911,-0.24971357,0.02667883,0.11916136,0.025366174,-0.019140258,0.0036026994,-0.30704328,0.08718603,-0.24473564,0.15306823,0.04906222,0.103517585,-0.08361597,-0.01635195,-0.13380529,0.022306316,0.06190608,0.110587075,-0.23608387,-0.06076958,-0.057582136,0.0011672566,-0.13971697,0.04313303,-0.004025963,-0.119231015,0.026300332,0.10476815,0.07677276,0.063844875,0.08347556,-0.22157413,0.2864164,0.20217945,0.10098878,-0.285483,0.19103123,-0.2448141,-0.03560262,0.18585232,-0.016086306,0.17211202,0.15168832,-0.12136336,0.27839074,-0.080592275,0.10285737,-0.18115875,0.0948268,-0.27585804,0.1541688,0.010009944,0.027004348,0.06654069,0.19638436,0.13183974,0.12599638,0.18643227,-0.10682297,0.12647885,0.008212956,0.20337483,-0.017093373,0.2180801,-0.18489306,0.032807127,-0.047406178,finance
-0.03644811,0.29870436,0.12532362,-0.14911145,0.18467584,-0.19193693,-0.072537005,0.29965156,-0.25812402,-0.13915084,-0.016712902,-0.12971473,-0.06257797,0.021851394,0.20161594,-0.36448655,-0.18295816,-0.13191852,0.15979576,-0.4038073,0.19226806,0.19614904,0.21499802,-0.30911425,-0.15163235,-0.08174358,-0.05060009,0.16536982,-0.14922625,0.17079432,0.1631879,0.06658342,0.039037667,-0.18786603,0.015548808,0.19030006,0.048597995,0.0015333139,-0.01626117,-0.25827342,0.098582126,-0.25619775,0.12959234,0.06855657,0.12235584,-0.03472931,-0.009241363,-0.1368481,0.08024617,0.06307693,0.04861351,-0.21267353,-0.04488619,-0.06472313,0.018468983,-0.09152312,0.005326069,-0.026824089,-0.13287036,0.0256031,0.080100946,0.08412527,0.066904366,0.08211777,-0.15010227,0.25420636,0.11308988,0.06605447,-0.24205723,0.17616323,-0.2465998,-0.015839435,0.13478394,-0.03329369,0.19464794,0.14212038,-0.12386233,0.25179142,-0.0526499,0.082152314,-0.16636163,0.09019096,-0.31317505,0.10299527,0.019661192,0.046257515,0.08106952,0.21134788,0.15832983,0.14915368,0.19959097,-0.10174918,0.06239058,0.029744871,0.22357586,0.0091001075,0.213036,-0.17107028,0.06196401,-0.048687894,finance
-0.035845652,0.27908057,0.1355541,-0.13970189,0.18124576,-0.1741147,-0.05315665,0.29632768,-0.23965074,-0.13612472,0.008456511,-0.15333804,-0.11425712,0.016535461,0.19556358,-0.3816129,-0.1846553,-0.13402982,0.114379786,-0.39937136,0.16278318,0.2551437,0.25844157,-0.29043078,-0.15200567,-0.0919006,-0.03181571,0.14957911,-0.15193714,0.23011379,0.17831837,0.062368978,0.08212777,-0.15876152,-0.0033862288,0.15541655,0.044959903,-0.021925768,0.0009830641,-0.24945077,0.09553741,-0.24769372,0.11164656,0.06175196,0.10457785,-0.036292944,-0.009557864,-0.16590591,0.07246911,0.05728853,0.00967726,-0.24001172,-0.05671215,-0.06272516,-0.0009379837,-0.111977644,0.03624905,-0.04654821,-0.10364741,0.06316957,0.097026415,0.10416247,0.10551325,0.037462525,-0.21646783,0.25965118,0.07707262,0.02726221,-0.2729516,0.17682281,-0.2102516,-0.011239195,0.13205001,-0.012162711,0.16477028,0.09282359,-0.11913301,0.20496064,-0.13692264,0.07557538,-0.15138236,0.063986436,-0.28739867,0.08338921,0.011591708,0.05229595,0.07057615,0.21179287,0.09229529,0.099344045,0.17589435,-0.093582265,0.08398743,0.04858934,0.22870499,0.022394836,0.24999832,-0.21571328,0.0491162,-0.027037848,finance
-0.08387633,0.32950637,0.14921969,-0.13731934,0.16732213,-0.1941283,-0.101200975,0.31436214,-0.25651532,-0.1759745,0.04348209,-0.1060602,-0.07669521,-0.012585069,0.18863921,-0.38686702,-0.2207014,-0.15948886,0.12577546,-0.4243108,0.18117379,0.22804132,0.27349243,-0.32023957,-0.15526967,-0.052026473,-0.09545568,0.18669233,-0.15664276,0.20390952,0.1748191,0.049932644,0.1009316,-0.23641205,0.02508855,0.12688337,0.022866054,-0.021322759,-0.008064012,-0.31024593,0.087926425,-0.24272123,0.14275183,0.055960868,0.09553919,-0.09387545,-0.009916528,-0.13933657,0.026482577,0.06553237,0.09987049,-0.24859723,-0.06437542,-0.070247844,-0.0023006483,-0.14647177,0.045469604,-0.006051467,-0.12557039,0.027174532,0.106289044,0.087276615,0.079802044,0.06987015,-0.23276818,0.28067106,0.1857239,0.08554135,-0.2879691,0.19757178,-0.2396145,-0.025427502,0.18554276,-0.023015674,0.1795674,0.14542408,-0.13177101,0.27225736,-0.11126158,0.09996791,-0.18668698,0.08762668,-0.28163084,0.14068525,-0.0006450666,0.029323883,0.06310203,0.20387843,0.1192037,0.12864128,0.18805729,-0.10587495,0.119638614,0.01313082,0.22375864,-0.0021340363,0.23950474,-0.19796577,0.027484039,-0.03130532,finance
-0.050281074,0.27523237,0.12566194,-0.13162948,0.18539046,-0.16239302,-0.069890924,0.29124942,-0.23490416,-0.1294278,0.02202602,-0.12997492,-0.10282182,0.008034514,0.18974741,-0.3370768,-0.1762688,-0.12699597,0.12673448,-0.36876515,0.16250186,0.21988487,0.24217772,-0.29534444,-0.15081127,-0.07663374,-0.043489277,0.16064955,-0.14612204,0.19881628,0.1655922,0.061562493,0.063573316,-0.17216279,0.0090080965,0.12252853,0.0322989,-0.019991744,0.0139666675,-0.24319163,0.094846584,-0.24937014,0.09910146,0.04973225,0.109554335,-0.03306133,-0.002677086,-0.14457268,0.059182554,0.056400716,0.030035703,-0.21177772,-0.05751462,-0.04066643,0.009027936,-0.11254586,0.043694194,-0.0381613,-0.0888943,0.07144639,0.100351825,0.093012795,0.07768671,0.052479006,-0.19294243,0.23889981,0.11029847,0.037586324,-0.25644496,0.1672262,-0.21709415,-0.045087643,0.14452253,-0.01050933,0.14240435,0.09650858,-0.11597178,0.19777744,-0.093504794,0.06812175,-0.14297011,0.069453165,-0.26584744,0.09104815,0.019595772,0.04191685,0.056212395,0.21023744,0.10696343,0.085814595,0.16977784,-0.09981942,0.09302031,0.02872037,0.1946763,-0.00018198136,0.21958436,-0.20394312,0.04979339,-0.04317431,finance
-0.022645885,0.29660338,0.147679,-0.17979239,0.18556012,-0.17307177,-0.03388783,0.33635736,-0.2700694,-0.10221892,0.00057135534,-0.16116636,-0.1255805,0.028541444,0.2080356,-0.4080624,-0.18945017,-0.15964356,0.11588282,-0.43460968,0.17881316,0.24638633,0.22790913,-0.3328935,-0.16448618,-0.113552816,-0.026950818,0.15037571,-0.1754935,0.23173293,0.22146474,0.07594805,0.0821354,-0.12721035,-0.0071452744,0.19693759,0.05938896,-0.04142157,-0.02840405,-0.29778627,0.11155022,-0.28195187,0.113680065,0.0702716,0.15064688,-0.031002026,0.027224403,-0.18918827,0.08694842,0.04763855,0.0063302764,-0.23376073,-0.07653194,-0.0619495,-0.0346045,-0.10166601,0.03850695,-0.05051109,-0.13339476,0.07275296,0.07557953,0.11943549,0.11079909,0.058647253,-0.2205347,0.2547526,0.0921672,0.013316781,-0.29103407,0.19798471,-0.21557999,-0.018932788,0.13202454,-0.038182843,0.2027887,0.089717396,-0.12401957,0.18850711,-0.14754155,0.08135017,-0.1320593,0.043345306,-0.2991067,0.07070658,-0.01381946,0.09056303,0.07531232,0.24059597,0.09231937,0.11828031,0.228371,-0.095625296,0.086257525,0.053440657,0.25637063,0.023105657,0.27542725,-0.23550174,0.029554816,-0.0043166685,finance
-0.058178958,0.27353668,0.12890284,-0.124831215,0.18170339,-0.16024098,-0.076780304,0.28778884,-0.23019841,-0.12914103,0.03195239,-0.1321383,-0.09674739,0.005917081,0.18906567,-0.33046806,-0.18188794,-0.13177866,0.120847516,-0.3612475,0.15917338,0.2305463,0.2467892,-0.29933864,-0.15104946,-0.06632416,-0.048784476,0.16733803,-0.14922994,0.20044068,0.16517018,0.058167044,0.06500724,-0.17876296,0.00335982,0.10836676,0.028686034,-0.027646365,0.019008039,-0.2522439,0.08862481,-0.24478981,0.099223904,0.042335033,0.11200168,-0.034135878,-0.005567349,-0.14123183,0.048928656,0.053732026,0.039948367,-0.21199207,-0.06499613,-0.039685234,0.01028491,-0.12202508,0.04651552,-0.031202395,-0.07777037,0.0720227,0.11124375,0.09540668,0.07448071,0.051442627,-0.20325528,0.23873475,0.12025632,0.03877315,-0.2554114,0.16773003,-0.21622632,-0.056463443,0.14951517,-0.0071968082,0.13295148,0.1015963,-0.11672817,0.20016326,-0.09780858,0.06287983,-0.14359957,0.06811152,-0.25081664,0.10054038,0.022272024,0.03837327,0.049889967,0.20231144,0.10149556,0.07397968,0.16126825,-0.10220407,0.10502668,0.027639143,0.19008897,0.0012464254,0.22207789,-0.20367454,0.04915692,-0.042038497,finance
-0.054804165,0.28324914,0.13367496,-0.13142356,0.1817871,-0.16675302,-0.06912648,0.29745865,-0.23585618,-0.13408655,0.026078288,-0.13824773,-0.10615971,0.007567643,0.19205286,-0.35019946,-0.18314561,-0.13457713,0.120937,-0.37964258,0.16095093,0.2373494,0.2543331,-0.30069622,-0.15407035,-0.071834475,-0.04607702,0.16514438,-0.15069373,0.21081388,0.17113368,0.06250469,0.069917314,-0.17694344,0.0022588524,0.125981,0.035113446,-0.028164208,0.016117861,-0.25656065,0.091637835,-0.2496948,0.10344001,0.048479985,0.10981018,-0.03567398,-0.0054200734,-0.14874186,0.055254985,0.055074412,0.033760577,-0.22309865,-0.064766996,-0.048111282,0.007384122,-0.118395306,0.045647554,-0.03544004,-0.087079905,0.069398634,0.10977534,0.09932159,0.08467611,0.0504534,-0.20901856,0.24534203,0.111524336,0.040446203,-0.26413122,0.17073645,-0.22173998,-0.043261163,0.14653389,-0.0089215245,0.14572462,0.102876954,-0.120209165,0.20500496,-0.10764522,0.06973152,-0.14879058,0.06992544,-0.2629786,0.09788114,0.019999959,0.039970264,0.056234494,0.20762984,0.1011245,0.08222235,0.16773954,-0.10258755,0.1008032,0.033281274,0.2076142,0.0057884906,0.23188879,-0.20649584,0.04847792,-0.037233897,finance
-0.056307588,0.28629357,0.13519174,-0.12641348,0.17042144,-0.17007717,-0.073283695,0.2932699,-0.23346892,-0.14338394,0.029142736,-0.1275955,-0.098004214,0.0041223043,0.18116474,-0.3605176,-0.18874685,-0.13710137,0.1094288,-0.39022577,0.15774895,0.23244824,0.25620216,-0.28515962,-0.1501377,-0.067459814,-0.053734753,0.16382177,-0.14849503,0.21317363,0.17258812,0.06073413,0.08976311,-0.18839394,0.010559976,0.12310655,0.034481242,-0.029574664,0.0056540184,-0.2612159,0.08752488,-0.24043679,0.11517262,0.051191673,0.09693354,-0.05305609,-0.0110522155,-0.14782508,0.045300674,0.057383202,0.04766596,-0.23368636,-0.060689338,-0.05370353,-0.004401969,-0.12141313,0.04340629,-0.029532803,-0.10159098,0.05557985,0.10314015,0.09218163,0.08502465,0.05192803,-0.21817914,0.25393215,0.12117917,0.05173071,-0.2688621,0.17465463,-0.21231095,-0.025167856,0.15133107,-0.011462816,0.15385115,0.107639514,-0.11524253,0.21835604,-0.11526076,0.082411736,-0.15713762,0.06333145,-0.26309824,0.10918631,0.005926419,0.03813165,0.0597901,0.20073509,0.09331886,0.09303411,0.16826512,-0.09265976,0.10425132,0.029508937,0.20992616,0.005275845,0.23375916,-0.20457901,0.039049197,-0.029420318,finance
-0.05606485,0.2911111,0.1306311,-0.1341217,0.1804628,-0.1652092,-0.07424555,0.29480457,-0.24225715,-0.1410326,0.02423495,-0.12228457,-0.09316895,0.003015602,0.18644866,-0.35261348,-0.18815014,-0.1313069,0.118991874,-0.38842702,0.16450402,0.22480695,0.25264984,-0.29672566,-0.15255411,-0.070586435,-0.055888552,0.16724803,-0.14972793,0.20245637,0.1658547,0.058703486,0.081188805,-0.18778905,0.008947021,0.12203194,0.028495807,-0.017286316,0.011756044,-0.260577,0.0920464,-0.24753687,0.109959215,0.053251088,0.102457434,-0.052990336,-0.007472523,-0.14909105,0.045092788,0.059714694,0.048823036,-0.22269672,-0.059586085,-0.051250413,0.0037905783,-0.12048958,0.04308591,-0.034555,-0.09896668,0.060651153,0.10407145,0.09298357,0.08454832,0.05500496,-0.2077532,0.24995224,0.12671113,0.04797357,-0.26914182,0.17237261,-0.2207146,-0.03405939,0.15112169,-0.008838028,0.1515599,0.10991233,-0.11880203,0.21968089,-0.10223382,0.075440414,-0.15382238,0.07178763,-0.27101526,0.10699006,0.014453677,0.036808684,0.06289517,0.2051737,0.106275484,0.09717393,0.17318957,-0.097054675,0.100727946,0.025331324,0.20154314,-0.0014852346,0.22522287,-0.20302007,0.045736562,-0.038199045,finance
-0.055569947,0.27139777,0.12727304,-0.124521494,0.18605949,-0.16227433,-0.07580895,0.291142,-0.23135278,-0.1272958,0.024511503,-0.13226886,-0.10168062,0.009973066,0.19293517,-0.3277754,-0.17687826,-0.13042273,0.12718059,-0.364281,0.16250539,0.22280928,0.24481095,-0.2950668,-0.15084736,-0.06682628,-0.04426239,0.1679354,-0.14649372,0.19712576,0.163105,0.06029513,0.065237164,-0.17727436,0.0050334823,0.11203871,0.036195662,-0.029258138,0.021146253,-0.24399978,0.09120967,-0.24806829,0.09725097,0.041521072,0.117992304,-0.026343392,-0.008441776,-0.1414125,0.058771823,0.056486227,0.033432744,-0.20704713,-0.063900866,-0.03514138,0.00999884,-0.11855039,0.047179945,-0.037206806,-0.073988125,0.07100174,0.10635724,0.09237208,0.06899534,0.05734685,-0.19635169,0.2364056,0.11313237,0.03948357,-0.25467995,0.17080021,-0.2205545,-0.056972254,0.14775796,-0.008769875,0.1345878,0.09666306,-0.11518331,0.19981451,-0.086562306,0.06195216,-0.13969636,0.069409646,-0.25334537,0.10197331,0.027528392,0.04400561,0.049672887,0.20540409,0.1061278,0.07622625,0.16063914,-0.10434483,0.10502724,0.029811421,0.19115064,-0.0014610998,0.21489128,-0.20011756,0.050132416,-0.04685917,finance
-0.052940626,0.28483915,0.1323382,-0.13134709,0.18603009,-0.1686932,-0.0714419,0.29995084,-0.24031577,-0.13611864,0.022023942,-0.13529205,-0.10121588,0.010009685,0.19739293,-0.349037,-0.1869661,-0.13528438,0.12381499,-0.38397464,0.16520779,0.23140135,0.25258213,-0.30060515,-0.15326527,-0.073689274,-0.0469779,0.16659085,-0.14923862,0.20340164,0.16904902,0.058344107,0.07580809,-0.17890881,0.0042411108,0.1281985,0.03885053,-0.023432212,0.013200446,-0.25524384,0.09535082,-0.2513178,0.10346533,0.05061884,0.11558533,-0.03790948,-0.0086060325,-0.14627065,0.058655366,0.05813882,0.036735784,-0.21926291,-0.060979493,-0.04590872,0.005088353,-0.119528584,0.0453411,-0.038155254,-0.08654372,0.062094975,0.1034544,0.09613433,0.08066557,0.055878587,-0.20650698,0.24842638,0.11636641,0.039741226,-0.26728365,0.17303574,-0.22446404,-0.041140478,0.14757042,-0.0075726295,0.1479862,0.10632339,-0.11949076,0.21037512,-0.101576276,0.06905496,-0.14628348,0.07142699,-0.26343107,0.103618905,0.02319198,0.04837462,0.057182632,0.20626687,0.105001815,0.09139518,0.16898943,-0.104294084,0.10265026,0.034395885,0.20687908,0.0036835617,0.22594057,-0.20250586,0.045627095,-0.043586735,finance
-0.13156646,0.4209081,0.1700221,-0.12660661,0.1617768,-0.20209685,-0.16359612,0.33134618,-0.27644345,-0.24359785,0.08430955,-0.004631814,-0.00034273003,-0.056758933,0.1568033,-0.36463454,-0.26501682,-0.1740025,0.09994415,-0.48045355,0.1713506,0.17817698,0.27222374,-0.31647527,-0.16323942,0.032361925,-0.1893254,0.25896326,-0.13209064,0.17667809,0.15434475,0.054216605,0.17935169,-0.36689082,0.060199007,0.05156043,-0.011258636,-0.0034281868,0.030446203,-0.38741967,0.078827865,-0.23403637,0.20785402,0.043850396,0.080531105,-0.15034312,-0.04334707,-0.11914453,-0.08372429,0.079912454,0.23855211,-0.26461002,-0.07403259,-0.0543725,-0.034087885,-0.18759267,0.08132272,0.024829268,-0.14121301,0.01886592,0.11623619,0.059430413,0.04091541,0.12298298,-0.276284,0.31839055,0.33991992,0.17451683,-0.3314339,0.20957431,-0.24792013,-0.03571781,0.2526888,-0.0023091512,0.18552484,0.21679421,-0.14023298,0.3498883,-0.046588525,0.1398846,-0.22584766,0.1050827,-0.25012913,0.2493769,-0.0030283723,0.0007059626,0.054697283,0.18729699,0.13759334,0.14602788,0.1928661,-0.09303164,0.19198065,-0.047078103,0.18893811,-0.07341534,0.20702828,-0.18869187,0.0030941924,-0.04000817,finance
-0.024421606,0.29901114,0.14283454,-0.17943524,0.19765867,-0.16571505,-0.040836293,0.33837077,-0.27134368,-0.11064421,0.017291192,-0.14425285,-0.11763899,0.026441446,0.21403289,-0.3918872,-0.18610413,-0.1510403,0.10648999,-0.42515454,0.17309254,0.2289253,0.23286426,-0.33367676,-0.16661397,-0.10497847,-0.03950143,0.15967228,-0.170379,0.2202224,0.21548592,0.073106065,0.09850567,-0.14087787,-0.0058183554,0.17269196,0.054417685,-0.03128876,-0.0038041468,-0.29443854,0.109384045,-0.28432572,0.115674786,0.06517712,0.15136917,-0.035011947,0.018168421,-0.18934461,0.06906494,0.045717247,0.020654986,-0.22198953,-0.07028389,-0.05055704,-0.035543267,-0.10123214,0.046222508,-0.048565637,-0.11944177,0.079391465,0.087759554,0.115689136,0.108571745,0.061788943,-0.2257605,0.26183188,0.1181204,0.018655343,-0.29714796,0.18434317,-0.21899328,-0.034260653,0.13380997,-0.014506672,0.18200764,0.09286851,-0.1179759,0.18970394,-0.13265622,0.078531586,-0.12205195,0.049553175,-0.28939766,0.08162438,0.0021231857,0.0883529,0.080826715,0.2266779,0.09621208,0.11058739,0.23027046,-0.100908235,0.10446857,0.041507848,0.23013705,0.0041499683,0.26153603,-0.23140083,0.03393279,-0.028162602,finance
-0.0328117,0.28802195,0.13679221,-0.14121173,0.18536757,-0.18155515,-0.05832096,0.3003822,-0.24330427,-0.14330044,0.007347635,-0.1485185,-0.10436109,0.018989952,0.20153044,-0.38102764,-0.18798837,-0.13735428,0.11695103,-0.40507197,0.16249247,0.24309567,0.24919128,-0.2905063,-0.15186363,-0.09228462,-0.039383244,0.16180052,-0.15237543,0.21640281,0.17859657,0.06335402,0.084201016,-0.16684078,-0.0027753606,0.16206561,0.0485527,-0.018772332,-0.0014555111,-0.25856182,0.09678429,-0.24776645,0.1107841,0.06561384,0.112944804,-0.042286064,-0.013631317,-0.1591863,0.07118876,0.057818353,0.025971876,-0.2363762,-0.056160368,-0.06026393,-0.0014060555,-0.10990266,0.03392404,-0.042881355,-0.10774993,0.052187677,0.09384203,0.10185537,0.094636515,0.045756746,-0.2106225,0.26224947,0.09369975,0.036533445,-0.27440205,0.17707017,-0.22005941,-0.007035047,0.13223533,-0.014826727,0.16968934,0.10901731,-0.12038191,0.21862188,-0.119926244,0.07631608,-0.15332451,0.07111966,-0.28651512,0.099242955,0.016159318,0.05865489,0.073435485,0.20388973,0.1080676,0.113923565,0.1782322,-0.09911149,0.08872131,0.050104056,0.23162393,0.02035276,0.2398254,-0.2020273,0.052934278,-0.03446211,finance
-0.033394303,0.3075345,0.13025208,-0.1445757,0.19674686,-0.19602787,-0.07058364,0.2995564,-0.26048222,-0.14927062,-0.017541433,-0.14147569,-0.059734914,0.023500388,0.2123238,-0.3709927,-0.19243984,-0.13079028,0.15098919,-0.41541237,0.18355803,0.21031809,0.22598906,-0.31246516,-0.15002155,-0.091212004,-0.04868607,0.17713727,-0.14946161,0.1787156,0.171253,0.06301339,0.056143027,-0.18364896,0.0053871437,0.19111069,0.052374136,0.008892425,-0.008323218,-0.26883376,0.101954825,-0.2603248,0.13058998,0.07474856,0.12307966,-0.03635927,-0.016035544,-0.14223604,0.07600012,0.066627905,0.04889328,-0.22847264,-0.04531566,-0.06844754,0.014019093,-0.09422904,0.009308696,-0.03285788,-0.12632082,0.026033707,0.083228506,0.09555094,0.081079654,0.07420938,-0.16958703,0.26967517,0.11701885,0.054859165,-0.25633138,0.17549,-0.25212198,-0.004788649,0.13565059,-0.022800585,0.19472831,0.14265436,-0.12531191,0.2497663,-0.06692383,0.07574284,-0.16558255,0.09405695,-0.3115497,0.109657556,0.028122326,0.050427694,0.07943731,0.20117025,0.15611206,0.14821996,0.19193576,-0.10178633,0.07257762,0.04372691,0.23159693,0.009661389,0.22076793,-0.1787235,0.0634397,-0.048582528,finance
-0.02994637,0.28590745,0.14231558,-0.17570962,0.19374324,-0.16504568,-0.039174188,0.332147,-0.2575888,-0.09687622,0.011262763,-0.1463573,-0.11881488,0.026490873,0.20628656,-0.37736633,-0.18055874,-0.14476852,0.10719197,-0.4189552,0.17124662,0.23053259,0.22695544,-0.33097678,-0.16197404,-0.099905215,-0.037108626,0.15727174,-0.16456245,0.21928023,0.20989421,0.07277461,0.09408165,-0.13787763,-0.008477841,0.17017841,0.052257918,-0.043485437,-0.015409942,-0.28962943,0.1070237,-0.28077316,0.116102695,0.057790574,0.15871923,-0.02302633,0.027055394,-0.18546492,0.08442786,0.04521113,0.01186147,-0.21664983,-0.07423327,-0.044809073,-0.030138273,-0.1058857,0.04383403,-0.045532178,-0.11937056,0.08219942,0.0785892,0.11097464,0.10440925,0.06267552,-0.21818615,0.2583242,0.10496214,0.015324777,-0.2895105,0.18969221,-0.21549003,-0.037936974,0.13604185,-0.024138404,0.18104744,0.084715426,-0.113643505,0.18218164,-0.13529405,0.0714818,-0.12049118,0.04518879,-0.27761105,0.07453123,-0.0052759578,0.08951146,0.07763859,0.23240054,0.08882899,0.10538374,0.22113293,-0.09589164,0.100157395,0.046860248,0.23184218,0.0089592,0.25830054,-0.2272888,0.028235931,-0.017930338,finance
-0.04239456,0.27548945,0.13607895,-0.14191848,0.18024713,-0.16343842,-0.051985905,0.30190465,-0.2390006,-0.122705445,0.02075989,-0.14519046,-0.12692527,0.012593861,0.19174588,-0.3658814,-0.18267098,-0.14137016,0.11195435,-0.38595602,0.16034365,0.23879796,0.2515335,-0.29737777,-0.15423447,-0.086624324,-0.033915788,0.15006272,-0.15578154,0.22125988,0.18091653,0.06518066,0.080082744,-0.15277027,0.0042150174,0.13678974,0.04424892,-0.037675735,0.004716428,-0.25431114,0.09512265,-0.2572287,0.09188241,0.053907137,0.11438789,-0.035882667,0.0011462712,-0.15824984,0.06593132,0.051123433,0.01866706,-0.22342469,-0.06681867,-0.044892274,-0.010108959,-0.11287471,0.047329582,-0.048241,-0.092920646,0.07260477,0.09572775,0.10477353,0.09153313,0.04563911,-0.21557504,0.24190526,0.09503417,0.024579417,-0.27132756,0.17823103,-0.20780589,-0.029779453,0.13786326,-0.015732516,0.15172283,0.088092946,-0.11802411,0.19049536,-0.12841727,0.069701545,-0.14108987,0.0538023,-0.26356697,0.08514318,0.009600672,0.058881495,0.05962292,0.21575722,0.09085102,0.08699433,0.17971517,-0.10040306,0.09533014,0.04145751,0.21719988,0.013530684,0.2435719,-0.21584263,0.039547116,-0.022817442,finance
-0.049463913,0.303747,0.14078328,-0.15125057,0.20047587,-0.17622106,-0.07225156,0.32280773,-0.26119244,-0.13416515,0.02337572,-0.13890366,-0.10541734,0.016928665,0.21597065,-0.3736888,-0.19327012,-0.1432547,0.12615302,-0.41470638,0.17514892,0.23114794,0.2523668,-0.32259935,-0.16456644,-0.083445944,-0.0534112,0.18090475,-0.16013749,0.21392956,0.18829776,0.067724414,0.08910598,-0.18135819,0.0053259693,0.1448427,0.045178194,-0.026051069,0.0096857585,-0.28092796,0.10253052,-0.27419785,0.115203336,0.053379375,0.13671613,-0.03578233,0.0022019397,-0.1630382,0.06633093,0.056826204,0.04178349,-0.22632475,-0.06980567,-0.043396562,-0.004459564,-0.11998371,0.048684694,-0.04038539,-0.10392906,0.07207273,0.09911429,0.103529975,0.083145335,0.06254161,-0.21909189,0.26543078,0.13151366,0.040906016,-0.2877757,0.18735225,-0.23600186,-0.045665875,0.15472871,-0.015626531,0.16626029,0.108537756,-0.11976315,0.21536955,-0.10570806,0.07520498,-0.14421682,0.070825264,-0.28169635,0.10574872,0.014904583,0.063697636,0.062330678,0.21997635,0.11389886,0.1004922,0.19670583,-0.10965374,0.111869544,0.03640937,0.21645822,0.0001978833,0.24467307,-0.21994239,0.044033483,-0.043364238,finance
-0.03704533,0.27127966,0.13427114,-0.1317867,0.197651,-0.1670469,-0.062778175,0.29549512,-0.2346216,-0.1313667,0.022919556,-0.15519433,-0.12024559,0.021175794,0.20743188,-0.34693462,-0.17896765,-0.12846416,0.10691562,-0.37779784,0.1532385,0.24491473,0.25986943,-0.28987563,-0.15677989,-0.08339092,-0.03634581,0.17068058,-0.15138963,0.22147524,0.17634405,0.06223473,0.09142653,-0.1643516,-0.005817278,0.123902865,0.04685909,-0.031244097,0.027684849,-0.24437101,0.09394989,-0.25511205,0.0966507,0.045680176,0.12459132,-0.020603765,-0.012671476,-0.1599675,0.06814662,0.052884754,0.015600053,-0.224115,-0.05891142,-0.032372013,-6.0591436e-05,-0.11811003,0.050192058,-0.049556617,-0.06953244,0.08389222,0.10707021,0.10243056,0.084667854,0.04480417,-0.22076589,0.2560808,0.099263065,0.027177308,-0.27335733,0.17321135,-0.21511365,-0.047926962,0.13807525,0.0052153715,0.12911774,0.09207056,-0.109856516,0.19029166,-0.11329726,0.05829185,-0.13452175,0.061803255,-0.25722036,0.0998052,0.030164499,0.059168145,0.05740111,0.20088995,0.0921083,0.07115074,0.16769713,-0.10713113,0.110410236,0.041635837,0.19889359,0.010171886,0.23430398,-0.21351099,0.05712277,-0.046825044,finance
-0.053130247,0.2782471,0.13268693,-0.12522689,0.18045548,-0.1690311,-0.069508836,0.29171216,-0.23158762,-0.13816698,0.022953048,-0.13845517,-0.10618671,0.008657705,0.1882703,-0.35082152,-0.18318225,-0.13205335,0.11621689,-0.38152286,0.15881383,0.2353675,0.25439438,-0.28719732,-0.15135528,-0.07209331,-0.044450097,0.16303107,-0.14778328,0.21260679,0.16920583,0.06168802,0.07868314,-0.17718922,0.003886336,0.12567526,0.038121674,-0.02776378,0.011085723,-0.24877371,0.090236,-0.24342264,0.10496976,0.04904091,0.10595698,-0.038792517,-0.010180545,-0.14800957,0.05785856,0.055954244,0.032059282,-0.2258246,-0.060751818,-0.047845513,0.003742358,-0.11901081,0.04216194,-0.03619347,-0.088549286,0.06349408,0.10355738,0.09558028,0.08483789,0.048487946,-0.2105493,0.24837323,0.10316993,0.04228797,-0.26374128,0.17164165,-0.21541625,-0.030612662,0.14277746,-0.0096974,0.14787497,0.10030056,-0.116697714,0.20809041,-0.11175659,0.069734216,-0.15196489,0.06693539,-0.26306644,0.10180045,0.016544567,0.041617207,0.059615448,0.20313473,0.09773429,0.08779101,0.160207,-0.09739208,0.09837883,0.035222035,0.2097705,0.009297699,0.23170914,-0.20283452,0.048493605,-0.035281286,finance
-0.042990297,0.28181487,0.1315991,-0.13339406,0.18606558,-0.16673249,-0.06709321,0.29229257,-0.23300704,-0.1388676,0.013729193,-0.13423163,-0.09691035,0.014171521,0.19269885,-0.35048535,-0.18422396,-0.12618376,0.11120495,-0.38780302,0.15654114,0.22750008,0.25002822,-0.2848483,-0.15148115,-0.07777592,-0.051177785,0.1679537,-0.14484909,0.2041911,0.16800065,0.061833125,0.091917165,-0.1765686,0.0014053101,0.12793298,0.041326355,-0.017840153,0.01503518,-0.24743722,0.09025271,-0.24634947,0.109798156,0.05315277,0.110212326,-0.03823033,-0.012895703,-0.15313782,0.058450636,0.057846133,0.032566447,-0.22178656,-0.054284252,-0.047631573,-0.00051925157,-0.11382787,0.039782725,-0.04156235,-0.09163038,0.0617762,0.100332975,0.09436318,0.086105,0.05150313,-0.20984416,0.25556815,0.10894424,0.041418012,-0.27072275,0.16667216,-0.21947029,-0.027782919,0.13936567,-0.003961076,0.14742723,0.106636725,-0.110712565,0.2110296,-0.105871126,0.07147082,-0.14731161,0.07127893,-0.26583987,0.10943805,0.020320827,0.0485743,0.06569018,0.19831125,0.100712515,0.09506396,0.16761418,-0.09738475,0.10056424,0.035391085,0.20462492,0.0030809017,0.22517118,-0.19822556,0.050943065,-0.04009109,finance
-0.018255135,0.30358317,0.14239095,-0.17701466,0.19525957,-0.1816325,-0.04442543,0.3299048,-0.2743732,-0.11317019,-0.0133601315,-0.15187994,-0.10315381,0.03177611,0.21599764,-0.40081346,-0.19025329,-0.14684758,0.12847376,-0.43297517,0.18296075,0.23107432,0.22128314,-0.3282159,-0.16042064,-0.11150626,-0.034129225,0.15902281,-0.16884612,0.20875837,0.2047284,0.074509054,0.07609637,-0.13924009,0.0005307345,0.20404297,0.06518377,-0.020880312,-0.026522055,-0.2885698,0.10972321,-0.27870718,0.12032793,0.07609454,0.14807113,-0.031764094,0.0140647525,-0.1756969,0.0888994,0.05256682,0.019238148,-0.22784506,-0.067186005,-0.060427967,-0.022185981,-0.092,0.025486603,-0.048651107,-0.13785131,0.05890279,0.071355015,0.110121354,0.098731264,0.06893222,-0.19662711,0.25924793,0.096357524,0.028573774,-0.28452381,0.19004366,-0.23084557,-0.010995647,0.12675254,-0.03499086,0.20660542,0.1117765,-0.12143527,0.21055579,-0.116388,0.0819082,-0.14200354,0.059205532,-0.3095071,0.08291476,-0.001943505,0.08850139,0.08146241,0.23518199,0.118878886,0.13925593,0.2266701,-0.09910562,0.07702333,0.05082232,0.24894479,0.017916568,0.2590948,-0.21578927,0.041199528,-0.019159181,finance
-0.037563562,0.2841507,0.13720618,-0.14100161,0.19223775,-0.179469,-0.06155886,0.306889,-0.2411529,-0.14198281,0.017143475,-0.15458563,-0.115388095,0.021709813,0.20744425,-0.38146457,-0.18583271,-0.13430478,0.11168027,-0.41034135,0.16322285,0.25512186,0.26650462,-0.29466033,-0.1597913,-0.08740302,-0.039410263,0.16472882,-0.15448323,0.23346992,0.18438068,0.067240894,0.09555571,-0.17568092,-0.0025207489,0.14790708,0.046341583,-0.02930028,0.007973601,-0.2554641,0.09642773,-0.25697836,0.11695578,0.055247076,0.11656598,-0.027735317,-0.014350977,-0.16782682,0.07438411,0.05901862,0.016730608,-0.24510384,-0.05935319,-0.05329603,9.447089e-05,-0.114985384,0.039510716,-0.04448295,-0.09846877,0.06833122,0.106939115,0.100109614,0.10055715,0.041766755,-0.22610575,0.27282673,0.089976035,0.036367673,-0.28445828,0.18167593,-0.22065966,-0.022968119,0.14193508,-0.005187466,0.15713817,0.09941608,-0.11757188,0.21332444,-0.1309783,0.07634994,-0.15436669,0.06687002,-0.28370383,0.100256175,0.016700573,0.05380113,0.06986008,0.21249536,0.09476294,0.091345735,0.17617527,-0.10040986,0.0979243,0.046365604,0.22619398,0.017418178,0.2493045,-0.21766181,0.0506749,-0.03772716,finance
-0.030182172,0.3115938,0.1413708,-0.16130103,0.20406756,-0.1877542,-0.06515296,0.32108614,-0.26983744,-0.13340007,-0.011471494,-0.14692196,-0.09009933,0.020886883,0.21576548,-0.38119403,-0.19344963,-0.14348425,0.14994872,-0.4204473,0.1863524,0.2210661,0.22868301,-0.32712343,-0.15997018,-0.098531544,-0.044617385,0.16772763,-0.16281359,0.19746058,0.1843728,0.07066398,0.050013635,-0.17098825,0.006552519,0.18535961,0.053200833,-0.014960582,-0.0068613365,-0.27695912,0.1018946,-0.27808458,0.114871696,0.06852968,0.14102307,-0.03133714,-0.0033255771,-0.15602194,0.0795752,0.057514407,0.036681462,-0.22628261,-0.056339532,-0.052676987,0.0010473675,-0.10156714,0.022178128,-0.045103017,-0.1211406,0.055896334,0.08702978,0.10310065,0.081341706,0.08104922,-0.18084803,0.25978827,0.11826639,0.04502819,-0.27009556,0.19106308,-0.24453624,-0.024564594,0.1364747,-0.028132185,0.18713133,0.1281294,-0.12984283,0.2306739,-0.07985591,0.07317316,-0.15791687,0.07958434,-0.31233552,0.09777684,0.025199285,0.06601924,0.075828515,0.23130251,0.14807296,0.13224126,0.21197185,-0.10829769,0.07818825,0.039482694,0.23138049,0.00916674,0.23722017,-0.20153427,0.05946484,-0.038235027,finance
-0.066993356,0.3397387,0.14038558,-0.13629867,0.18630427,-0.18586192,-0.10585172,0.31492054,-0.2648674,-0.17101316,0.028349562,-0.090780795,-0.048545133,-0.0048994794,0.19590811,-0.35623336,-0.20691188,-0.1400408,0.1293563,-0.42317232,0.17372097,0.19496821,0.24197854,-0.31564113,-0.15884575,-0.04601837,-0.09880931,0.20364974,-0.1422852,0.17603742,0.1634864,0.06061969,0.101988025,-0.23804054,0.025009587,0.12233229,0.032939874,-0.0027051847,0.0114666615,-0.2974971,0.090572394,-0.25413463,0.14482147,0.05538383,0.111087695,-0.07186598,-0.018810678,-0.13681078,0.015293915,0.06595009,0.10943118,-0.2253263,-0.05499915,-0.050831266,-0.0041698725,-0.12665598,0.044436693,-0.01441227,-0.122869805,0.037616998,0.09989758,0.08358401,0.062567756,0.090989396,-0.2068011,0.27548084,0.19648968,0.090126425,-0.2833238,0.18104866,-0.24661982,-0.03168363,0.17436385,-0.012124882,0.17340145,0.15814576,-0.12497344,0.27009302,-0.058388725,0.0938625,-0.17563777,0.09092854,-0.28097114,0.14916134,0.018346732,0.03793843,0.067717075,0.19696958,0.14161073,0.13283907,0.19567336,-0.105219044,0.117006265,0.0034996453,0.19692399,-0.027868083,0.21354493,-0.18814345,0.03813684,-0.04515069,finance
-0.044824027,0.31160027,0.13389966,-0.14146747,0.18702395,-0.1793087,-0.08133887,0.30430466,-0.25849235,-0.1473869,0.008451508,-0.11769383,-0.07103628,0.00889953,0.19998316,-0.35460976,-0.1914634,-0.13619278,0.1329445,-0.40379047,0.1719662,0.20344889,0.22699733,-0.30575287,-0.15516728,-0.06931079,-0.065749556,0.1796757,-0.14596201,0.18188865,0.16475008,0.06562555,0.07585379,-0.1936283,0.013805724,0.14624377,0.044123534,-0.007604214,0.004268644,-0.27183124,0.09342653,-0.25399572,0.12157999,0.057608984,0.11983115,-0.049789105,-0.0120837325,-0.13956465,0.043762334,0.059844784,0.06667227,-0.21518409,-0.05264884,-0.04921712,-0.0015713314,-0.10950802,0.03425399,-0.030376913,-0.11542291,0.046614148,0.09210839,0.09133989,0.06983326,0.07956345,-0.18672344,0.2548608,0.1453318,0.062334545,-0.2651383,0.1782211,-0.2336284,-0.025890263,0.14632903,-0.018361876,0.17132366,0.13635181,-0.12438014,0.23973382,-0.06793003,0.07903136,-0.16030732,0.078249425,-0.28695616,0.119021334,0.020396726,0.051216483,0.06843694,0.20313434,0.1357152,0.124403834,0.19224972,-0.10343586,0.092040986,0.020203417,0.20511866,-0.009150554,0.2163835,-0.18900451,0.049310047,-0.03834134,finance
-0.020810936,0.2726776,0.14214699,-0.16860932,0.18834527,-0.1566201,-0.030864816,0.31893545,-0.2483195,-0.10349738,0.01619096,-0.15983053,-0.13759166,0.029203381,0.20699377,-0.38371438,-0.18138592,-0.14571346,0.08534014,-0.40633532,0.15344521,0.25422415,0.24396195,-0.306566,-0.16131528,-0.10778201,-0.027096478,0.1457889,-0.16150536,0.23676841,0.20774361,0.06608953,0.11273925,-0.116756,-0.015554125,0.15946923,0.055955056,-0.0415799,-0.004632493,-0.27322745,0.102625206,-0.2646393,0.10017594,0.058937304,0.14469181,-0.030020121,0.017544208,-0.1890202,0.07843048,0.04205765,-0.00631341,-0.22222985,-0.07129652,-0.045802757,-0.04011298,-0.11002718,0.053011864,-0.06094092,-0.10162733,0.08555739,0.08196896,0.12187738,0.11380167,0.03728896,-0.24048427,0.2545,0.08308495,-0.0026250582,-0.2935146,0.181708,-0.19240285,-0.025315683,0.12249457,-0.00947099,0.16403916,0.07391504,-0.109701075,0.16404173,-0.16721188,0.06786405,-0.113747284,0.035311107,-0.26083988,0.06972484,-0.0022382091,0.096876726,0.073218174,0.21938531,0.062243428,0.09081759,0.20379873,-0.09713426,0.100222096,0.055782862,0.23127049,0.024180233,0.2667953,-0.23399228,0.026606526,-0.0138368225,finance
-0.050491553,0.28391558,0.12866828,-0.12889068,0.18270585,-0.16950904,-0.06874694,0.29273468,-0.23422535,-0.1450352,0.022377139,-0.1350326,-0.09498898,0.012023108,0.19398142,-0.3536945,-0.18675952,-0.12834908,0.11213836,-0.3920737,0.15858912,0.23544842,0.26005995,-0.2876306,-0.1507175,-0.0742182,-0.049213707,0.17156576,-0.1447157,0.207528,0.16827627,0.05864449,0.09487102,-0.18279243,-0.001076597,0.1277981,0.039734744,-0.016926536,0.013986706,-0.2520433,0.093679026,-0.2465313,0.11441644,0.05437204,0.10780777,-0.043287028,-0.015816666,-0.15455739,0.059090085,0.060903087,0.038053367,-0.22924757,-0.055516507,-0.051570293,0.004118129,-0.11466494,0.044119556,-0.037004825,-0.09689124,0.060018588,0.10286274,0.09499817,0.090587735,0.045785856,-0.21751133,0.26214698,0.10889111,0.042896274,-0.27199683,0.16526051,-0.22158201,-0.02601512,0.14359693,-0.000511661,0.14840752,0.10757185,-0.11257423,0.21400693,-0.11206219,0.07318408,-0.1503467,0.072126314,-0.2668623,0.10823414,0.018058682,0.04540649,0.067079745,0.19634128,0.09826115,0.095857166,0.16460939,-0.09722773,0.10150934,0.038427167,0.20536183,0.0070215934,0.23136926,-0.20240875,0.047052633,-0.044095427,finance
-0.042109113,0.27818483,0.13595569,-0.13161524,0.17779249,-0.17344947,-0.05760605,0.29071265,-0.23528424,-0.13985652,0.013943499,-0.1501471,-0.11343502,0.013488256,0.19231318,-0.3689697,-0.18294112,-0.13253273,0.115298495,-0.3904674,0.15612428,0.24719901,0.2562105,-0.28600147,-0.14966348,-0.08704423,-0.034669466,0.15802985,-0.15130453,0.22412479,0.17608675,0.063911684,0.07710076,-0.16557933,-1.4209697e-05,0.14551806,0.042588335,-0.025127398,0.0011516114,-0.24585745,0.09322289,-0.24307397,0.10657676,0.057251323,0.0983172,-0.037206057,-0.012002123,-0.1535334,0.067695715,0.060614027,0.018106643,-0.23877402,-0.056661014,-0.060076647,0.0042628576,-0.10956502,0.037763644,-0.038466424,-0.09966416,0.061734576,0.10305766,0.09656,0.09634183,0.038493216,-0.2135172,0.252405,0.086085424,0.035420902,-0.26697105,0.17366058,-0.21115865,-0.014543759,0.13850978,-0.011800467,0.15707314,0.09690743,-0.117069915,0.20876972,-0.12658972,0.076146536,-0.15383708,0.06358484,-0.27666333,0.09219915,0.009853927,0.04343267,0.06350058,0.20499437,0.09632768,0.092390835,0.16502416,-0.09276242,0.087929495,0.046139516,0.22427392,0.01774153,0.24201861,-0.20793751,0.049597293,-0.028201286,finance
-0.057192076,0.27723894,0.1336472,-0.12937993,0.17558588,-0.1575478,-0.06515592,0.29450417,-0.23523773,-0.12949736,0.031859517,-0.13812275,-0.11999765,-0.00080177677,0.18360958,-0.34785408,-0.1870612,-0.13729212,0.1165459,-0.37518165,0.15832353,0.23202945,0.2600994,-0.29353285,-0.14700948,-0.07067518,-0.044795074,0.16446243,-0.15301044,0.21368088,0.16897145,0.061556492,0.078651965,-0.1660505,0.005971923,0.11049765,0.036134593,-0.04326114,0.016106639,-0.25632203,0.09046009,-0.2515282,0.09425814,0.048004117,0.10753556,-0.042487137,-0.00077665277,-0.15100235,0.05153324,0.055280995,0.037306227,-0.22007792,-0.06699775,-0.042673867,-0.0035958253,-0.12366192,0.05397459,-0.038733225,-0.08263714,0.07514392,0.106971666,0.10261495,0.0805997,0.048781432,-0.21820262,0.2396185,0.11819348,0.03840506,-0.26404098,0.17145799,-0.21138813,-0.04349963,0.14652874,-0.01076207,0.13879731,0.09589508,-0.11738943,0.19126038,-0.11440804,0.069538034,-0.14399272,0.05864728,-0.25012738,0.09851154,0.012416398,0.05074657,0.049779125,0.20556425,0.0896223,0.075187676,0.16356792,-0.099959955,0.1088221,0.03079428,0.1983383,0.0066705756,0.24052012,-0.21254303,0.041185446,-0.028170694,finance
-0.043563817,0.27126467,0.12954023,-0.13173623,0.19018194,-0.16472241,-0.064249314,0.29520652,-0.23520407,-0.13079058,0.021641193,-0.14433487,-0.114728704,0.01739265,0.19671047,-0.34534556,-0.1776166,-0.12736747,0.11568605,-0.37714478,0.15981384,0.23327747,0.24888535,-0.29253405,-0.1523411,-0.07682375,-0.0383889,0.16287397,-0.14933996,0.21279117,0.17216186,0.060557336,0.077488564,-0.16792724,-0.0032993257,0.12540777,0.038633954,-0.0257658,0.020611236,-0.24410337,0.09187763,-0.2518679,0.09898178,0.04683515,0.11766959,-0.026124364,-0.007344569,-0.15507089,0.06525973,0.05022764,0.024057504,-0.21750672,-0.058397416,-0.038908273,0.0005804288,-0.11763655,0.046732247,-0.044235844,-0.08033774,0.07714825,0.102897294,0.09929171,0.08412275,0.051889393,-0.2040724,0.24849252,0.10251553,0.033749953,-0.26382345,0.16968995,-0.21164735,-0.04443895,0.13856077,-0.004649164,0.13780218,0.09419797,-0.114276774,0.19287847,-0.10051764,0.059834134,-0.1402001,0.060452387,-0.2647935,0.09576454,0.024373248,0.05234607,0.05953914,0.20406078,0.097886264,0.07991235,0.16994472,-0.10113701,0.10093456,0.036750387,0.19544274,0.0075858356,0.22931081,-0.20994486,0.055982377,-0.04439795,finance
-0.06579756,0.27958667,0.13044506,-0.11684935,0.16871116,-0.15717481,-0.08131721,0.28169888,-0.22288533,-0.14559391,0.04333642,-0.11086086,-0.09005064,-0.0055574845,0.17508206,-0.32785168,-0.18662044,-0.1264517,0.098360725,-0.36897835,0.14526092,0.21937422,0.25622758,-0.27563685,-0.14222845,-0.051638648,-0.06687165,0.17302874,-0.13512295,0.19633856,0.15779234,0.050464593,0.103394665,-0.19271138,0.008275559,0.08905393,0.026603816,-0.025397198,0.020569336,-0.2564674,0.08467603,-0.2277064,0.11000139,0.04413581,0.09464027,-0.058391165,-0.011087306,-0.14081572,0.029389262,0.05488339,0.061571788,-0.21493849,-0.05946925,-0.04420102,-0.0028321247,-0.12962376,0.058012553,-0.025564937,-0.08188946,0.06052115,0.10396981,0.08678641,0.07692429,0.049922686,-0.22256713,0.2502677,0.14140718,0.053136066,-0.26659656,0.16154397,-0.20646775,-0.039999288,0.15695019,0.0028655047,0.13090974,0.10551129,-0.10708659,0.20590664,-0.1075451,0.076216266,-0.14523838,0.06760681,-0.23286898,0.11575788,0.011450472,0.038217682,0.051996622,0.18092081,0.08300661,0.0825855,0.15279593,-0.093473226,0.12208435,0.022356318,0.18163368,-0.0067547024,0.2177791,-0.19630833,0.03195094,-0.038221553,finance
-0.061711457,0.28896388,0.12978414,-0.124999754,0.19211729,-0.16293243,-0.08409931,0.3006963,-0.24004005,-0.14700373,0.04334481,-0.12143099,-0.103811845,0.0055680657,0.19678882,-0.33122486,-0.18835369,-0.12700859,0.10818553,-0.3790649,0.15755364,0.22522442,0.26409087,-0.29634553,-0.15428798,-0.056198552,-0.063494414,0.18582326,-0.14280954,0.20166463,0.16419266,0.056796305,0.1022642,-0.19859274,0.0034477608,0.091119446,0.03260174,-0.024480902,0.03838755,-0.25917652,0.09002815,-0.25194705,0.10668821,0.039845992,0.117476895,-0.040720914,-0.013014315,-0.15064001,0.040641163,0.052873563,0.05736944,-0.21091947,-0.059952993,-0.030583031,-0.0017573053,-0.13330853,0.06318042,-0.0380406,-0.06849049,0.08114132,0.11484874,0.09462223,0.07331726,0.059728995,-0.2223299,0.25929067,0.14412916,0.052122388,-0.27794445,0.16613905,-0.22315076,-0.061122566,0.15916772,0.011278496,0.12476443,0.1111134,-0.110404685,0.20530152,-0.08917639,0.064763814,-0.14132774,0.06949187,-0.24464794,0.12240448,0.028306788,0.050198026,0.05498192,0.1941529,0.09898768,0.0774277,0.16503032,-0.10724651,0.12755121,0.022529047,0.17437927,-0.011739279,0.22122437,-0.20840146,0.047789287,-0.056566995,finance
-0.08270669,0.30102873,0.13769528,-0.11844812,0.1768725,-0.1596392,-0.09510487,0.3013733,-0.23883705,-0.15512706,0.06011724,-0.10447604,-0.101552255,-0.016549718,0.18213357,-0.33230656,-0.19994399,-0.14087841,0.10701878,-0.38220647,0.15362725,0.22157891,0.2768298,-0.29547346,-0.15118572,-0.038684048,-0.08079513,0.19308423,-0.14353171,0.20324124,0.1614223,0.055232875,0.11115107,-0.2140223,0.016052868,0.069277845,0.026152965,-0.040616162,0.036073554,-0.27783147,0.085737124,-0.24802259,0.11165482,0.036595598,0.10387321,-0.06346973,-0.0112989005,-0.14444171,0.018869909,0.056732558,0.08446426,-0.21809027,-0.069460936,-0.03363231,-0.0076100957,-0.14505428,0.07390682,-0.025216654,-0.0720525,0.07628196,0.11915988,0.09300146,0.06566208,0.06239742,-0.24178325,0.25704232,0.17498663,0.06823315,-0.2813443,0.17333153,-0.2208937,-0.06360755,0.177262,0.0065439963,0.12288954,0.1150882,-0.112232916,0.21313904,-0.09700739,0.07903234,-0.15037131,0.0688706,-0.22868577,0.1359534,0.0140746655,0.042074423,0.043142986,0.19245678,0.09151211,0.07077457,0.15883385,-0.10651355,0.14528456,0.012461769,0.17207067,-0.01930919,0.22788568,-0.20994517,0.030761404,-0.04406853,finance
-0.08279749,0.30193892,0.12710887,-0.120907515,0.19186802,-0.15518604,-0.10404437,0.3039732,-0.24722306,-0.15221979,0.06266347,-0.09152407,-0.0901858,-0.012185768,0.19093294,-0.30852285,-0.1904428,-0.1254577,0.112552784,-0.37325597,0.16472404,0.20417671,0.26825517,-0.3083665,-0.15676391,-0.037726983,-0.08633156,0.20331985,-0.14166018,0.18504584,0.15515167,0.058028687,0.1074754,-0.23064877,0.01771672,0.05374263,0.019604728,-0.024501896,0.054050628,-0.26933762,0.08632259,-0.25960472,0.11060484,0.028941976,0.11778144,-0.049757376,-0.009591996,-0.14661837,0.019293321,0.057218995,0.08886817,-0.19880474,-0.06668473,-0.01778476,0.00064750813,-0.14025168,0.07228404,-0.029319655,-0.0632907,0.092165366,0.12702692,0.08791628,0.058602475,0.07592591,-0.22298793,0.25617644,0.18729989,0.06934687,-0.27743495,0.16659142,-0.23557575,-0.088232495,0.18289831,0.015222322,0.113502815,0.11940473,-0.10912919,0.21324529,-0.063678734,0.0699727,-0.14341712,0.079829544,-0.23460224,0.13804588,0.025773827,0.035885315,0.04330989,0.19757387,0.1095284,0.06702778,0.16667844,-0.110992365,0.14563145,0.0002654408,0.15131328,-0.039033238,0.20936926,-0.21028717,0.037385907,-0.06435154,finance
-0.051779732,0.2724871,0.13116136,-0.1225317,0.17711854,-0.15805674,-0.06740816,0.28517237,-0.22989048,-0.1318999,0.030270755,-0.13450707,-0.10541756,0.004534445,0.18693855,-0.3317217,-0.18423088,-0.12987609,0.10597799,-0.36536622,0.14686856,0.22393873,0.25636727,-0.2764732,-0.1446398,-0.06877281,-0.047801718,0.167994,-0.14332408,0.19651812,0.16154112,0.0578701,0.09338443,-0.16681512,0.003452295,0.10413003,0.042942185,-0.036714263,0.021577097,-0.24477616,0.08343709,-0.24144492,0.09769799,0.043440066,0.10819703,-0.04104825,-0.010881349,-0.14126825,0.046325903,0.0516864,0.038593873,-0.21038538,-0.05663497,-0.038914636,-0.0035275056,-0.11935491,0.050964158,-0.038833063,-0.072590284,0.065792605,0.103514865,0.095272094,0.075361684,0.049571484,-0.21604402,0.24062327,0.118485406,0.041932493,-0.26213714,0.16341643,-0.20822373,-0.038180437,0.1397941,0.0005683296,0.12721829,0.10319492,-0.10972404,0.19364382,-0.10755593,0.066629104,-0.13778268,0.061105438,-0.23712732,0.109024845,0.02146443,0.053832103,0.052159328,0.18659246,0.08835742,0.07855884,0.15331888,-0.10084986,0.11183886,0.031366024,0.18568662,0.004963224,0.22527306,-0.19666556,0.046893895,-0.039426982,finance
-0.039345536,0.26847845,0.12705071,-0.12916276,0.17570092,-0.16337413,-0.06054793,0.28204203,-0.22860758,-0.13076966,0.01540583,-0.13910687,-0.105858445,0.012859167,0.18884756,-0.34547782,-0.17671748,-0.12987654,0.11160495,-0.36776316,0.154472,0.22662428,0.24341163,-0.28079247,-0.1444297,-0.07875093,-0.03896878,0.15018342,-0.14593522,0.20420744,0.16532014,0.05840177,0.073772475,-0.15846369,0.0027542457,0.13323846,0.04082211,-0.022325091,0.010559671,-0.23878351,0.08727755,-0.23770922,0.09705086,0.053015444,0.10540751,-0.036354918,-0.010007408,-0.1478168,0.059147656,0.054344743,0.027527174,-0.21669656,-0.055017203,-0.045874752,0.0014149057,-0.10762944,0.038856436,-0.043010104,-0.086831555,0.060026754,0.09728478,0.09627839,0.086536065,0.045052115,-0.20024168,0.23959208,0.09759156,0.034217454,-0.25292042,0.16284958,-0.20760883,-0.025822515,0.13079731,-0.008303777,0.1453092,0.09996661,-0.11234729,0.19784869,-0.109067224,0.06812734,-0.14232308,0.06529713,-0.25972882,0.089878425,0.018607667,0.04862264,0.061586738,0.1968806,0.0972683,0.09065063,0.16830388,-0.09438145,0.08845815,0.036091663,0.20309411,0.015116173,0.22685565,-0.1957341,0.04645193,-0.03631203,finance
-0.03887894,0.27050817,0.12979393,-0.13160531,0.18524681,-0.16546516,-0.060021438,0.28877553,-0.23044604,-0.13074853,0.017155081,-0.14592402,-0.11405157,0.013602518,0.19298187,-0.3522343,-0.17819788,-0.1302544,0.11150497,-0.37528062,0.15411231,0.2338567,0.25145727,-0.28202525,-0.14794369,-0.08468292,-0.0327039,0.15821066,-0.14823458,0.21279643,0.1694895,0.06235579,0.07768199,-0.15980661,-0.0011791898,0.13074318,0.041591294,-0.026695043,0.014062471,-0.24148974,0.09082121,-0.24488352,0.09556098,0.052305724,0.1088729,-0.03229014,-0.010729069,-0.15126391,0.062200326,0.05534645,0.022224165,-0.22137004,-0.055621725,-0.04473899,-0.00038241723,-0.111204535,0.043084458,-0.046737053,-0.0858123,0.067709506,0.102484964,0.09895965,0.08839728,0.0440492,-0.20751671,0.24723382,0.09430856,0.030972056,-0.26304337,0.16972497,-0.20997052,-0.026985837,0.13342206,-0.005321238,0.1437972,0.09380362,-0.11414864,0.1963156,-0.11369577,0.06707157,-0.14010586,0.062462904,-0.26414004,0.08905569,0.022618294,0.05048098,0.061710756,0.19774182,0.09614338,0.0860412,0.16562745,-0.09691584,0.09543737,0.041337073,0.2094036,0.013854348,0.23212504,-0.20642678,0.051139776,-0.034179106,finance
-0.03969609,0.28528792,0.12997371,-0.13944973,0.19945182,-0.17035078,-0.06950801,0.30037773,-0.24508274,-0.13483544,0.015987974,-0.14006421,-0.09621078,0.016775357,0.20925525,-0.3513426,-0.18016176,-0.12807834,0.12585868,-0.3884208,0.16513512,0.2277275,0.24713267,-0.30241042,-0.15534969,-0.083949104,-0.04283435,0.17528799,-0.14946537,0.2012677,0.16911358,0.0647228,0.075706005,-0.17417958,-0.0019850188,0.13498087,0.042644434,-0.01623182,0.01568389,-0.2512625,0.09927814,-0.25628206,0.10622553,0.05307677,0.12544286,-0.02862423,-0.009945185,-0.1529657,0.06520412,0.05772845,0.031312443,-0.2177158,-0.055383906,-0.04100493,0.006819855,-0.112966485,0.040206727,-0.04485372,-0.09270464,0.07008477,0.10233827,0.09621214,0.082093336,0.057934612,-0.19793478,0.25830194,0.109746486,0.03739534,-0.2705966,0.17318007,-0.22720774,-0.039475415,0.14073855,-0.0052049966,0.14794785,0.104887806,-0.11547151,0.21126953,-0.09145437,0.06574821,-0.14261009,0.07192303,-0.27817172,0.098735094,0.03232293,0.053446084,0.067661956,0.20508887,0.11572055,0.09635738,0.17899306,-0.104716994,0.09714583,0.037707586,0.20380858,0.0018256737,0.22568816,-0.20358753,0.059511583,-0.049217403,finance
-0.04378613,0.29457194,0.13896805,-0.14157833,0.19078325,-0.17747654,-0.06540263,0.30248284,-0.24881408,-0.14262177,0.015755551,-0.15126956,-0.11827865,0.009208024,0.20522802,-0.37730858,-0.19540703,-0.14761266,0.1242069,-0.39798906,0.1650259,0.24584165,0.26001653,-0.30146223,-0.15576123,-0.09258872,-0.03626679,0.16487592,-0.15774313,0.2207384,0.17887387,0.061318085,0.07547917,-0.16681227,0.0001564885,0.14581396,0.042399887,-0.022580184,0.007752953,-0.2635219,0.0959304,-0.252665,0.09788257,0.06137361,0.113551535,-0.04890531,-0.012616259,-0.15425299,0.06037451,0.058810912,0.031281576,-0.23727901,-0.0588254,-0.051807802,-0.00013638003,-0.11805194,0.046480514,-0.045601547,-0.09368753,0.062939055,0.105029225,0.10587846,0.08855022,0.04688605,-0.21738182,0.2557365,0.107469864,0.036911875,-0.27378863,0.1807703,-0.22141998,-0.022286829,0.14098965,-0.011799097,0.15799825,0.107850134,-0.12578943,0.21588129,-0.11928368,0.07472607,-0.15414743,0.06753913,-0.28421044,0.09690006,0.02318155,0.053325392,0.06494563,0.20821837,0.11012319,0.10132774,0.1788991,-0.10073584,0.098009,0.04560598,0.22801226,0.018772,0.24538259,-0.21296151,0.054021087,-0.036378063,finance
-0.038799305,0.29507065,0.1329919,-0.13971204,0.19229183,-0.17683296,-0.073185645,0.29589948,-0.24846244,-0.14314131,0.008787421,-0.13531533,-0.08425,0.013686572,0.20417164,-0.35833243,-0.19079676,-0.13481599,0.12192361,-0.39582762,0.16317661,0.22077022,0.24034172,-0.2975722,-0.15146478,-0.08282064,-0.05134759,0.17327107,-0.14766449,0.19217825,0.16995172,0.057954144,0.08112107,-0.17854492,0.0015090501,0.1463106,0.044872645,-0.009375312,0.009672414,-0.2661781,0.092475586,-0.24907069,0.111190125,0.060513396,0.1167926,-0.048720628,-0.014641374,-0.14622188,0.05500011,0.057383835,0.046355218,-0.22275503,-0.05328769,-0.052236766,4.2482417e-05,-0.10914067,0.03417425,-0.040653657,-0.10019392,0.04923644,0.09638656,0.096865945,0.08161605,0.06019417,-0.20187472,0.25955334,0.12501496,0.046141542,-0.26866063,0.172658,-0.22927204,-0.020713056,0.1404715,-0.008489539,0.16096161,0.12111086,-0.1192754,0.2253071,-0.09368048,0.07270214,-0.1493046,0.07747957,-0.27991718,0.10858732,0.025813917,0.053656776,0.069238186,0.19638215,0.12179142,0.114605345,0.17977756,-0.1011602,0.096216165,0.038434375,0.21110283,0.00661198,0.22414617,-0.19216953,0.053047553,-0.045492962,finance
-0.049939148,0.28530392,0.13611199,-0.13410145,0.18232223,-0.17235924,-0.06792636,0.30081564,-0.24143171,-0.13912377,0.024256462,-0.14092143,-0.11132993,0.008637623,0.19378445,-0.3659308,-0.18693285,-0.13826132,0.11768835,-0.39299127,0.16228032,0.23967184,0.2587717,-0.29469317,-0.15458436,-0.07925414,-0.0439635,0.16738345,-0.15486506,0.22055301,0.176197,0.064217106,0.08314021,-0.17781118,0.0035349356,0.13410711,0.037247334,-0.028492859,0.009791289,-0.25909185,0.094570376,-0.2511614,0.1053477,0.05280255,0.1113102,-0.04109033,-0.0064965608,-0.1558042,0.06000201,0.056385547,0.035840444,-0.23401065,-0.060776748,-0.050277036,-0.0004687042,-0.11916015,0.044956576,-0.039804213,-0.09705185,0.06587042,0.10367856,0.09806546,0.0899734,0.048426438,-0.21770193,0.2560214,0.11091588,0.04163468,-0.27412885,0.18078493,-0.21681033,-0.029518658,0.14683212,-0.011087745,0.15444867,0.100097075,-0.12060163,0.21000703,-0.11698295,0.07373554,-0.15159467,0.06715742,-0.27374524,0.099682145,0.014379437,0.04713348,0.061477065,0.20631982,0.098149486,0.09123658,0.17500506,-0.100107454,0.10030753,0.037566017,0.21622658,0.010011835,0.23874874,-0.21238317,0.046913173,-0.034414653,finance
-0.04974734,0.27804497,0.13344043,-0.13003333,0.18108787,-0.16588391,-0.06893533,0.29504973,-0.23480791,-0.13530335,0.028520113,-0.14099945,-0.110391974,0.0104583325,0.19167812,-0.35481545,-0.1835524,-0.13639806,0.11156064,-0.38221535,0.15751322,0.2376702,0.2573399,-0.289425,-0.15125869,-0.07676752,-0.042468958,0.1668096,-0.1520117,0.21740076,0.174519,0.06191315,0.08711924,-0.1735265,0.0021648696,0.12454837,0.037206583,-0.030416623,0.014092868,-0.25392246,0.09332458,-0.24647033,0.101433516,0.049602766,0.11167775,-0.0386672,-0.0079170745,-0.15508398,0.056414988,0.05460473,0.03442267,-0.2277748,-0.06123278,-0.04501592,-0.0020722912,-0.11950903,0.048344817,-0.040108018,-0.089246444,0.06698135,0.104057156,0.09820478,0.0860388,0.045670003,-0.22013439,0.2519034,0.11261731,0.038460296,-0.27008438,0.17605074,-0.21197203,-0.03492756,0.14492825,-0.0056486395,0.14467384,0.097249925,-0.11499008,0.20214894,-0.11719717,0.07030134,-0.14438973,0.06423343,-0.2620857,0.09941548,0.016528087,0.048983596,0.05829171,0.20046565,0.091860816,0.08352531,0.1699978,-0.0998056,0.10433291,0.036909647,0.20735656,0.010336225,0.23588446,-0.21085194,0.046024192,-0.035783935,finance
-0.051007688,0.2863451,0.13649791,-0.12836851,0.19204432,-0.17152134,-0.070598446,0.29758582,-0.23639269,-0.148985,0.027075764,-0.14414802,-0.11225346,0.007928426,0.20076068,-0.3624934,-0.19179527,-0.13189937,0.107903294,-0.39390782,0.15219487,0.2511127,0.27323523,-0.2913493,-0.15369266,-0.081524126,-0.045734987,0.17200027,-0.14610985,0.22165951,0.17412879,0.057217136,0.09800944,-0.17658453,-0.0047562844,0.12336035,0.035534747,-0.018272292,0.016292915,-0.25628304,0.09532074,-0.24323262,0.106935434,0.055577666,0.10323462,-0.04858702,-0.017226074,-0.15813294,0.055620566,0.06197232,0.029067062,-0.23863935,-0.056740485,-0.051623993,0.004402549,-0.123908974,0.05137607,-0.042913392,-0.087340176,0.06768238,0.10883158,0.0999256,0.09737812,0.034952313,-0.23141703,0.26582977,0.10741158,0.033896394,-0.2826541,0.16959865,-0.21688183,-0.026807392,0.14799784,0.002622439,0.14490521,0.09961969,-0.1134774,0.20959456,-0.12918378,0.07455065,-0.14835076,0.07042623,-0.26810202,0.10242668,0.022018492,0.045208637,0.06529064,0.19795384,0.09435615,0.0898403,0.1646677,-0.09661791,0.111744605,0.04693239,0.21524912,0.010187014,0.24165615,-0.21387862,0.048484627,-0.042893358,finance
-0.03445947,0.32296604,0.13549142,-0.15884174,0.20647176,-0.19886307,-0.07185262,0.31610948,-0.27804935,-0.14952508,-0.021945007,-0.14334379,-0.06960461,0.02101184,0.2221246,-0.39873555,-0.19858028,-0.14752328,0.16113198,-0.4308545,0.19886558,0.22054476,0.2297124,-0.32454914,-0.15921462,-0.10461676,-0.03966199,0.17703977,-0.16809486,0.18948485,0.17889868,0.0649586,0.040473916,-0.18896039,0.0039059224,0.202639,0.049311955,0.011934863,-0.012591767,-0.27795154,0.10648066,-0.27300784,0.121115685,0.08584288,0.1304992,-0.04834975,-0.016435124,-0.15324831,0.077942856,0.06939139,0.05242459,-0.23870368,-0.052844305,-0.072046936,0.011924004,-0.09997815,0.012684707,-0.043085176,-0.14258966,0.032217547,0.08557211,0.10144168,0.08359831,0.07412487,-0.17069276,0.26924124,0.11436413,0.056772396,-0.266547,0.18791859,-0.25637168,-0.0020361254,0.13820246,-0.030162456,0.21009588,0.14592814,-0.13457213,0.26628667,-0.0698406,0.08042491,-0.17695695,0.093269564,-0.3410774,0.10351484,0.028875582,0.053629413,0.08972354,0.2188372,0.17401345,0.16553487,0.2097243,-0.100946896,0.06912234,0.045700226,0.2501492,0.019508138,0.23412572,-0.1947018,0.07510875,-0.051455304,finance
-0.03759371,0.3187375,0.13880704,-0.15675731,0.20035802,-0.19444242,-0.0679897,0.31383663,-0.27454826,-0.14723562,-0.015869437,-0.14489755,-0.08002862,0.015047836,0.21499535,-0.39853728,-0.19706666,-0.15132599,0.1569465,-0.42563063,0.19545884,0.22349817,0.23348896,-0.32154158,-0.15742731,-0.10365753,-0.035789747,0.17087321,-0.16994953,0.1990174,0.18069549,0.06569201,0.039299477,-0.18456073,0.00474208,0.19264941,0.04467641,0.0014257348,-0.010518761,-0.27790418,0.10297326,-0.2704511,0.11370017,0.0828142,0.12517156,-0.049867745,-0.013596011,-0.15392828,0.073719405,0.06680565,0.049872957,-0.2415572,-0.059199862,-0.071038194,0.0081019,-0.10471703,0.01703991,-0.043559372,-0.1381234,0.039841995,0.087898664,0.10369378,0.08507672,0.068920046,-0.17797409,0.2623944,0.11301749,0.053993065,-0.2666889,0.19145271,-0.24943614,-0.0033162332,0.14115629,-0.03211028,0.2050219,0.13635682,-0.13517359,0.257079,-0.079663485,0.07965127,-0.17522797,0.08744297,-0.3342916,0.09903808,0.024842119,0.049123313,0.083408624,0.22072238,0.16484903,0.15338393,0.20642649,-0.09775446,0.07112817,0.043831807,0.25229573,0.021718355,0.23955123,-0.20355438,0.07328615,-0.04343977,finance
-0.031722017,0.3230628,0.1360777,-0.15965506,0.202307,-0.19913016,-0.070764706,0.31272098,-0.27945873,-0.14552082,-0.027869258,-0.14486279,-0.07018289,0.020020923,0.21943861,-0.4024711,-0.19789529,-0.15107416,0.16507946,-0.4317762,0.20104827,0.21930768,0.22429037,-0.32528353,-0.15695898,-0.10842484,-0.035849392,0.17368588,-0.17012525,0.18872525,0.18002403,0.06862688,0.032865353,-0.18268657,0.0033590684,0.20846115,0.04984355,0.007402259,-0.016632246,-0.27911577,0.105401345,-0.27106944,0.12018872,0.08757319,0.12804653,-0.04936446,-0.015333654,-0.15075977,0.07990293,0.069224186,0.050444968,-0.24001615,-0.05344183,-0.074785054,0.010049538,-0.09699562,0.008489222,-0.043323908,-0.14437313,0.029807324,0.083854996,0.10216157,0.084465995,0.076160595,-0.16805337,0.26274577,0.10852184,0.05676704,-0.26242545,0.19103025,-0.2537128,0.002198352,0.13539924,-0.037149154,0.2158125,0.14549077,-0.13798702,0.2659807,-0.068764016,0.08187353,-0.17866294,0.091823496,-0.34715828,0.10119141,0.026916334,0.051999204,0.08884591,0.22268741,0.1782946,0.16823107,0.21100096,-0.098090746,0.061725516,0.04725319,0.25581497,0.023147352,0.23541294,-0.19339487,0.07858313,-0.0472435,finance
-0.055482876,0.30809578,0.1355736,-0.13899995,0.1926716,-0.18168913,-0.08632534,0.3068887,-0.25601122,-0.1469792,0.018562306,-0.12681244,-0.080864586,0.0072270874,0.20460185,-0.36223358,-0.19274342,-0.14115815,0.13537629,-0.40486422,0.17405185,0.2133275,0.24377643,-0.3141802,-0.1598749,-0.07257899,-0.0624816,0.18484785,-0.15223406,0.1928464,0.17540672,0.061157756,0.073097326,-0.19812201,0.008902536,0.13918194,0.03753192,-0.013353049,0.009055264,-0.279335,0.0960224,-0.25917193,0.119539775,0.056535468,0.11953745,-0.051840086,-0.010274365,-0.14458098,0.04962085,0.059696574,0.06424193,-0.22492673,-0.058287892,-0.04941376,0.0056817792,-0.11783968,0.038367596,-0.031969957,-0.10529145,0.050981805,0.10093923,0.09241321,0.0728534,0.072334856,-0.20111495,0.26489273,0.14685431,0.061053723,-0.27347475,0.18247975,-0.23831812,-0.036462918,0.15874404,-0.014404696,0.16791385,0.12919582,-0.12339626,0.24223195,-0.0791877,0.07987401,-0.16000322,0.08167853,-0.287122,0.12051011,0.025055906,0.043534197,0.06595141,0.20559289,0.13626875,0.11585785,0.18706724,-0.10324972,0.10493518,0.027527338,0.2097052,-0.0021792857,0.22225992,-0.19594178,0.05430625,-0.04977081,finance
-0.04533081,0.29872143,0.13955986,-0.14586446,0.18048441,-0.18046154,-0.067443386,0.3034475,-0.25076133,-0.1424013,0.010445031,-0.1439505,-0.098667905,0.011987427,0.19830994,-0.37612206,-0.19419338,-0.14677422,0.12665674,-0.40531394,0.17553759,0.23670352,0.25182965,-0.3094422,-0.15394849,-0.084348276,-0.044578563,0.16592522,-0.15879922,0.21067142,0.18098378,0.06048972,0.075937524,-0.17582205,0.00037123208,0.15818663,0.041156303,-0.01932022,-0.0095205605,-0.27513203,0.099200495,-0.25528115,0.110602506,0.06359765,0.11478275,-0.054889183,-0.004240353,-0.15624322,0.0608363,0.060327794,0.042745728,-0.2341017,-0.058510505,-0.061543558,-0.002033092,-0.11886961,0.03677446,-0.03795749,-0.11447753,0.0492065,0.09816589,0.100888744,0.09210857,0.055119798,-0.21082759,0.25689045,0.117569305,0.040373296,-0.271558,0.17956077,-0.227854,-0.0185123,0.14536579,-0.017441545,0.17570058,0.12026775,-0.12840426,0.22629724,-0.11250271,0.07912719,-0.15658294,0.072000176,-0.28682098,0.10250926,0.012236842,0.051186714,0.07016676,0.20885852,0.114041984,0.11684946,0.18486977,-0.09965621,0.09349736,0.038448628,0.23186503,0.014849483,0.24182628,-0.20410773,0.04989002,-0.02958673,finance
-0.038096048,0.31252488,0.13006613,-0.14727093,0.1949194,-0.19730768,-0.07592265,0.3080209,-0.26701662,-0.15717219,-0.012771833,-0.1363972,-0.060309466,0.015450301,0.20661962,-0.38280293,-0.1921471,-0.12868954,0.15645121,-0.42264265,0.18969287,0.21041298,0.2327335,-0.316478,-0.15106773,-0.08528338,-0.053763106,0.1777499,-0.15352613,0.18485683,0.16858235,0.070993684,0.046952676,-0.19967978,0.010025911,0.1830266,0.044535898,0.0057737688,-0.0091964435,-0.2689053,0.100866586,-0.2608338,0.13847996,0.073852055,0.11172413,-0.040784013,-0.016921887,-0.14735274,0.068557136,0.0706809,0.05281713,-0.23788674,-0.04720178,-0.074944496,0.018690672,-0.09557872,0.006880961,-0.030346649,-0.1380029,0.030283142,0.09396108,0.0900932,0.08176716,0.07587241,-0.16727933,0.274225,0.11946768,0.066792585,-0.26161817,0.17904417,-0.2576782,-0.0053894483,0.14629781,-0.02816925,0.20181252,0.14225915,-0.12668419,0.2634363,-0.06673987,0.08672338,-0.17637455,0.09459949,-0.328428,0.107327744,0.023302574,0.037272166,0.08551091,0.21046734,0.15636241,0.14682342,0.19840367,-0.09733238,0.07149806,0.036364317,0.23618756,0.0068488573,0.22759879,-0.1905295,0.063585036,-0.04543984,finance
-0.031577285,0.28520694,0.13960618,-0.14675878,0.19314392,-0.17566776,-0.05253009,0.3041229,-0.24132816,-0.13972314,0.0116298,-0.16399725,-0.12407715,0.017675191,0.20339476,-0.3840562,-0.19186851,-0.13501151,0.10820743,-0.40561926,0.1575702,0.26193124,0.27384654,-0.2920639,-0.15707274,-0.0957515,-0.029395834,0.1583515,-0.15359029,0.2346513,0.18260844,0.06331002,0.096254274,-0.1578564,-0.009831978,0.148366,0.046310157,-0.025027115,0.009522263,-0.25280082,0.09695045,-0.25256315,0.10511096,0.061845485,0.11036117,-0.040418323,-0.010725867,-0.17078635,0.070569344,0.057638556,0.0082377475,-0.2453277,-0.055902608,-0.056986153,-0.0028121376,-0.113755986,0.043131903,-0.05406937,-0.09618451,0.06569303,0.1057261,0.10922771,0.10951409,0.033384625,-0.22967291,0.2676784,0.08228263,0.023537746,-0.28739393,0.17331459,-0.21459396,-0.012369837,0.13160719,-0.00027259294,0.155637,0.098287076,-0.12028661,0.2051092,-0.14381872,0.07388693,-0.14623854,0.06306642,-0.2814287,0.08879885,0.020833755,0.057173975,0.07490418,0.206226,0.08710953,0.09609003,0.17729524,-0.09900179,0.094599165,0.053521425,0.23338106,0.02567677,0.25552037,-0.21979956,0.05292368,-0.033867475,finance
-0.04625103,0.2686837,0.12955275,-0.12692623,0.19424571,-0.1616688,-0.065265775,0.28856644,-0.2296177,-0.12842122,0.02586364,-0.14621714,-0.119559035,0.014546839,0.19975846,-0.33327657,-0.17415237,-0.12663482,0.114578865,-0.36585367,0.15031475,0.23608083,0.2535502,-0.28953758,-0.15221839,-0.07895602,-0.035893094,0.16612978,-0.14714332,0.21274939,0.1693363,0.06113625,0.07707701,-0.16250944,-0.0019038499,0.11301938,0.0389547,-0.029412776,0.028713115,-0.23618262,0.091815874,-0.25026536,0.091549434,0.043510556,0.117145,-0.02031688,-0.008690849,-0.15167962,0.06362932,0.052532323,0.018157989,-0.21323416,-0.060660627,-0.029869707,0.0073493198,-0.11705687,0.050167035,-0.047768183,-0.065626875,0.084061004,0.10769147,0.09866715,0.07936975,0.04523657,-0.2097174,0.24234118,0.09895223,0.028640402,-0.26106712,0.16684924,-0.21291873,-0.051173788,0.13965124,0.0015559287,0.12508751,0.08925471,-0.11169536,0.18619695,-0.103125826,0.056598924,-0.13544708,0.06401778,-0.2543529,0.09428589,0.030058801,0.04859354,0.051844705,0.20335384,0.09733036,0.0678027,0.15901679,-0.10152864,0.10435954,0.038794897,0.19395936,0.0075082975,0.22619434,-0.20812693,0.057172306,-0.047203865,finance
-0.039247505,0.24840972,0.123761706,-0.11760593,0.18638553,-0.14403392,-0.06809461,0.26605368,-0.2152066,-0.11648548,0.023332069,-0.13201806,-0.10395124,0.013859485,0.1862226,-0.29710513,-0.16692363,-0.1155369,0.10085308,-0.33103186,0.13698554,0.21057707,0.22832315,-0.26866797,-0.13964435,-0.06989224,-0.038119238,0.16464104,-0.13419543,0.18733436,0.1527644,0.055541426,0.07788726,-0.15284178,0.001131804,0.09500574,0.04321557,-0.026612185,0.03354669,-0.22090913,0.08297505,-0.23273003,0.08221967,0.038184598,0.11660453,-0.018099952,-0.010122201,-0.13839872,0.052565355,0.04619338,0.02575596,-0.18958049,-0.054668594,-0.017587418,0.0015467117,-0.108543456,0.048696324,-0.04266775,-0.05117308,0.0809665,0.09922548,0.091596775,0.061348815,0.049804747,-0.1977382,0.2241938,0.10500297,0.029048722,-0.23952924,0.15367936,-0.20034172,-0.05360584,0.12866642,0.0051398203,0.10794804,0.08851517,-0.10003693,0.17083679,-0.08464769,0.048261724,-0.119512424,0.058529746,-0.22523227,0.093549594,0.033534423,0.05661091,0.046284776,0.18223144,0.089176625,0.063322976,0.15098792,-0.09870094,0.106864415,0.03377764,0.1656773,-0.0015447232,0.20486198,-0.18873955,0.049999673,-0.046225984,finance
-0.03369639,0.2627193,0.1330564,-0.12924951,0.1897481,-0.157456,-0.06282442,0.2850643,-0.2274055,-0.1248566,0.04141286,-0.15111294,-0.1425808,0.016490962,0.20389833,-0.330439,-0.17731261,-0.13836113,0.0995901,-0.35176545,0.1344214,0.23088211,0.2488942,-0.2809152,-0.15446347,-0.08733566,-0.03293323,0.16028236,-0.15039176,0.21819986,0.16987443,0.06094524,0.08852599,-0.14480363,0.0018566544,0.096601166,0.050181273,-0.047719084,0.046006117,-0.23828734,0.080972955,-0.24717891,0.064374395,0.03602131,0.121658266,-0.024786102,-0.0086024115,-0.14396898,0.05431071,0.04201335,0.020073079,-0.19988592,-0.061042022,-0.010798665,-0.011226378,-0.114541814,0.062069893,-0.05697254,-0.0366505,0.09657863,0.11706339,0.108462796,0.06324245,0.04707857,-0.22734408,0.22828768,0.1151224,0.024139265,-0.26527885,0.17619883,-0.20134366,-0.060066536,0.13553068,0.008223552,0.103192724,0.08563786,-0.10682879,0.16819552,-0.11165251,0.053279962,-0.12367105,0.05261307,-0.22807948,0.10047712,0.032177877,0.063828446,0.0396021,0.19617742,0.0894946,0.05023531,0.1536057,-0.117969885,0.11228594,0.036966365,0.18063836,0.007962607,0.22431058,-0.20769668,0.05167763,-0.04057435,finance
-0.037616264,0.2895053,0.1332592,-0.13506654,0.19338888,-0.18290888,-0.06775976,0.29877815,-0.24635929,-0.1416309,0.011846143,-0.15241785,-0.10308804,0.018742442,0.21418399,-0.36414185,-0.1850308,-0.1404675,0.12630522,-0.39682072,0.16635795,0.23544848,0.24963301,-0.3003602,-0.15292181,-0.086717874,-0.042809553,0.17105205,-0.15440135,0.21138741,0.17470284,0.06352026,0.072644874,-0.17698959,-0.00015551891,0.14944105,0.04722554,-0.017945629,0.014005816,-0.25516817,0.09774481,-0.25408527,0.10468793,0.053146515,0.12206472,-0.03136429,-0.017891292,-0.1502475,0.07096081,0.05918033,0.032028466,-0.22935891,-0.056435708,-0.043839555,0.004476496,-0.11624495,0.038293105,-0.045502104,-0.08881181,0.06320118,0.09990243,0.10046653,0.08100128,0.05631409,-0.20484176,0.25910723,0.10785837,0.03826611,-0.26895997,0.18191686,-0.2277815,-0.028673962,0.14045295,-0.009556274,0.15587966,0.1124308,-0.12153217,0.21874134,-0.09490668,0.06468523,-0.15297201,0.07309623,-0.28172895,0.1074125,0.030964013,0.053068396,0.06229007,0.2077832,0.12135614,0.099429406,0.17345576,-0.10418459,0.09119835,0.042750396,0.21847202,0.01373041,0.23147851,-0.19880295,0.059791885,-0.046643697,finance
-0.040327176,0.29018584,0.138262,-0.13810764,0.18914178,-0.17938256,-0.061080646,0.30150056,-0.24692239,-0.15074332,0.015727874,-0.15458384,-0.10938633,0.0127882855,0.20257121,-0.3844534,-0.19273183,-0.13697554,0.11432563,-0.40510702,0.16103067,0.2546877,0.26727086,-0.29191986,-0.15176374,-0.08932096,-0.03908241,0.16334125,-0.15437722,0.23096532,0.1782591,0.06348655,0.08811563,-0.17300895,-0.0028003235,0.1503769,0.04251824,-0.017913941,0.007484873,-0.25721195,0.09634808,-0.24990696,0.11155427,0.06433995,0.101697765,-0.045410894,-0.016760575,-0.1647722,0.06232106,0.06146788,0.025306923,-0.25095877,-0.055599175,-0.06250934,-0.0008860516,-0.11515911,0.0418126,-0.047207635,-0.103069074,0.059491493,0.104585774,0.10447573,0.103078134,0.037376564,-0.22532909,0.27032325,0.09757988,0.03373606,-0.28007892,0.17409791,-0.2201677,-0.007847643,0.14067851,-0.006865326,0.16408786,0.10474566,-0.12114067,0.21854055,-0.13364074,0.07930776,-0.15662464,0.06901678,-0.28491846,0.097484276,0.018604834,0.05021152,0.07174744,0.20434618,0.09817295,0.102593176,0.17429863,-0.09749054,0.09660351,0.049813375,0.23042898,0.020447921,0.251635,-0.21697778,0.049353074,-0.032891903,finance
-0.03740833,0.27220824,0.1298521,-0.13144565,0.17643213,-0.16699354,-0.059064575,0.28598613,-0.23060477,-0.13260022,0.010838189,-0.13921979,-0.09808386,0.0135568045,0.1895622,-0.35175166,-0.17747386,-0.124745615,0.111681946,-0.37878302,0.15372741,0.22704202,0.24031243,-0.2776112,-0.14688207,-0.07919032,-0.040485173,0.15720995,-0.14305998,0.20392439,0.16551332,0.06325442,0.080372915,-0.16309159,0.0040730084,0.14058863,0.045701705,-0.022076465,0.0064124707,-0.24086305,0.087326996,-0.24067694,0.108218856,0.05442506,0.10587288,-0.03494171,-0.010339629,-0.14611241,0.06363667,0.054827496,0.027195154,-0.22189185,-0.05211502,-0.05235299,0.0013720209,-0.104341686,0.032525964,-0.03832575,-0.09678893,0.056475397,0.09453495,0.093923986,0.08729265,0.047299907,-0.20050627,0.24807331,0.09382846,0.03810776,-0.25870886,0.16707568,-0.21275435,-0.018812843,0.13163626,-0.00969731,0.15154243,0.10316098,-0.11164857,0.20485891,-0.10880638,0.07413225,-0.14540645,0.066253066,-0.26531065,0.09531911,0.01683931,0.048266727,0.063353896,0.19518448,0.09884569,0.09848776,0.16702133,-0.09422575,0.08945203,0.040603343,0.2096235,0.011372306,0.22816299,-0.19592369,0.047863517,-0.03474072,finance
-0.041953523,0.28909284,0.13442518,-0.13982014,0.18634103,-0.18027082,-0.06747874,0.30206037,-0.24455719,-0.13916543,0.011613383,-0.15022022,-0.102684915,0.015735392,0.20132355,-0.3717558,-0.18769817,-0.13956319,0.12810813,-0.39945334,0.17131878,0.23902537,0.25021133,-0.30108613,-0.15535201,-0.08442011,-0.040566586,0.166861,-0.15370528,0.21368904,0.1772844,0.066382885,0.07260401,-0.17646588,0.002060599,0.15262036,0.044852257,-0.02422136,-0.0022093793,-0.26139012,0.09689846,-0.25585967,0.11205609,0.057992022,0.11768404,-0.035985738,-0.007247533,-0.15342908,0.070375994,0.060505815,0.0289353,-0.23102607,-0.0588163,-0.05465482,0.00483031,-0.11463944,0.03354477,-0.0398483,-0.103756174,0.059130788,0.09969836,0.10037183,0.08680447,0.052822486,-0.20556736,0.2581178,0.10344566,0.04025105,-0.26969698,0.18010314,-0.22702746,-0.024955798,0.14158711,-0.017940463,0.16611291,0.11078021,-0.122752145,0.2186313,-0.107139125,0.07360075,-0.15474203,0.071748465,-0.2868808,0.10176583,0.018103356,0.05070254,0.06563899,0.21200995,0.11119108,0.10388916,0.17832968,-0.09962556,0.09080274,0.042930197,0.22324826,0.013205979,0.23773257,-0.20448309,0.055065226,-0.03486344,finance
-0.037103746,0.28455725,0.1296833,-0.13918144,0.19565947,-0.16942255,-0.06840207,0.29747668,-0.2460036,-0.13481292,0.021857167,-0.13386792,-0.10437839,0.019706912,0.20766227,-0.34419987,-0.18258162,-0.13153087,0.12310951,-0.379572,0.16174345,0.21787362,0.23957181,-0.29909807,-0.15626144,-0.082272515,-0.047366455,0.16986209,-0.14728089,0.19409624,0.16861321,0.062400013,0.080429085,-0.16808914,0.0073746634,0.131652,0.0487033,-0.016771711,0.022736382,-0.2509956,0.09376463,-0.2562313,0.09787429,0.051064193,0.12423127,-0.031240191,-0.009111461,-0.14633484,0.0625269,0.05370871,0.03554698,-0.20334919,-0.054136716,-0.03259295,0.00082540326,-0.10567928,0.045765832,-0.045780387,-0.08006503,0.07208404,0.101890124,0.0994725,0.06850987,0.062169276,-0.20119017,0.246204,0.1196128,0.041505527,-0.26488292,0.17206429,-0.22679824,-0.046260737,0.13947968,-0.0027815376,0.13937828,0.10816433,-0.11297459,0.20462313,-0.08667534,0.06806492,-0.13808957,0.071046695,-0.26397088,0.103755124,0.028730042,0.059473094,0.059125677,0.20286034,0.11934747,0.095142365,0.17785187,-0.113311686,0.100370705,0.032711502,0.19145337,0.002335905,0.21924025,-0.19471098,0.054956462,-0.051909663,finance
-0.049506627,0.27801555,0.13444126,-0.1336715,0.18947306,-0.1663806,-0.06610791,0.30042517,-0.23512386,-0.13408929,0.028737074,-0.13994636,-0.119803585,0.009046388,0.19646062,-0.35155237,-0.18296133,-0.13460226,0.11555549,-0.3821169,0.1601664,0.23644608,0.26037607,-0.29696023,-0.15510604,-0.07817244,-0.044531863,0.16143747,-0.15040806,0.21622513,0.17444761,0.061090466,0.08193758,-0.17141224,0.007694202,0.119636595,0.03799353,-0.029583637,0.023506233,-0.24942084,0.09514666,-0.25309214,0.09725676,0.04834642,0.11076905,-0.031796712,-0.006489383,-0.15294994,0.0626577,0.053822182,0.026549866,-0.22117203,-0.06083057,-0.03666402,0.0012309464,-0.11801838,0.05204836,-0.042136736,-0.081266925,0.07868322,0.10651968,0.0985784,0.08396143,0.04934311,-0.21656834,0.25135443,0.10526422,0.03608633,-0.27253753,0.17253129,-0.2175748,-0.042076875,0.14788097,-0.0048522293,0.1401617,0.09183159,-0.11657078,0.19588627,-0.11591357,0.06911847,-0.14627182,0.06631753,-0.26072466,0.09571983,0.01810001,0.047303263,0.055442195,0.21293136,0.09491367,0.07990603,0.1704986,-0.10300526,0.10380459,0.032580867,0.20471464,0.006317733,0.23338106,-0.21444242,0.04513189,-0.041698407,finance
-0.050869137,0.28550935,0.13426791,-0.133964,0.16565047,-0.17403433,-0.062722765,0.29428536,-0.23839892,-0.13631456,0.019470166,-0.13326839,-0.10116115,0.0075822137,0.18326211,-0.3699013,-0.1837383,-0.14300051,0.11763203,-0.39596006,0.1641176,0.23034005,0.24194817,-0.29039156,-0.15060787,-0.07391728,-0.046251897,0.15540217,-0.15068738,0.21310714,0.17726026,0.06355521,0.08023739,-0.17426255,0.008631003,0.14718686,0.039501633,-0.027656868,-0.007904131,-0.26248762,0.09456061,-0.24140498,0.11514172,0.057063542,0.10395885,-0.045845482,-0.003068467,-0.14856176,0.05888664,0.05649479,0.036791418,-0.22932453,-0.0627481,-0.058698703,-0.005682507,-0.11491437,0.038976427,-0.030478941,-0.111442335,0.05211264,0.09094908,0.09729768,0.08787868,0.051101103,-0.20819116,0.24678104,0.104463115,0.045051783,-0.26410887,0.18027458,-0.21088995,-0.018332485,0.14545897,-0.0239343,0.17067613,0.10289493,-0.12105441,0.21559098,-0.11647043,0.08079024,-0.15603085,0.06283681,-0.27414724,0.09952216,-0.0006931028,0.045234866,0.061752528,0.2079377,0.098952755,0.104083575,0.17218973,-0.09064253,0.08742426,0.036402613,0.22408378,0.010249162,0.23490937,-0.2011668,0.038545825,-0.020068575,finance
-0.07554593,0.29415378,0.13634065,-0.1205969,0.17189948,-0.1651138,-0.09009125,0.29948604,-0.23619677,-0.1463245,0.05138308,-0.11159147,-0.09700559,-0.007952318,0.18500395,-0.34114468,-0.193138,-0.14125878,0.11203148,-0.3824396,0.16045968,0.21952358,0.2566257,-0.29672572,-0.15005161,-0.047415722,-0.07259879,0.17861435,-0.14729112,0.20462142,0.16583452,0.055909853,0.09698442,-0.20501325,0.014182642,0.092705496,0.021106917,-0.032388378,0.018257026,-0.27734584,0.09017765,-0.24080557,0.11078895,0.037554283,0.10527334,-0.06083978,-0.0067359204,-0.14094283,0.026940957,0.053297874,0.072264485,-0.21913941,-0.06991793,-0.03635092,-0.004951848,-0.14421815,0.06467825,-0.025292823,-0.08385882,0.0677992,0.10659817,0.089030124,0.069580644,0.059799425,-0.22689739,0.25018346,0.1619062,0.05946181,-0.27648816,0.18034196,-0.2154265,-0.054236174,0.17195717,-0.010417417,0.14103957,0.11163297,-0.11910214,0.2161746,-0.099721245,0.075943805,-0.14957498,0.0686326,-0.2433306,0.12434103,0.0101388125,0.040272232,0.046821218,0.198416,0.09434695,0.07861129,0.1667946,-0.09922872,0.12982859,0.01559504,0.18789119,-0.013186643,0.22183831,-0.20656288,0.03287315,-0.034782007,finance
-0.035509787,0.28417155,0.13437667,-0.14339525,0.1949027,-0.18075688,-0.06304388,0.306193,-0.24453749,-0.13643563,0.012425608,-0.1536632,-0.11567643,0.023525571,0.20735838,-0.3788169,-0.18379559,-0.1399747,0.12106161,-0.40647918,0.1710953,0.25143868,0.26268613,-0.30052102,-0.1648553,-0.089948446,-0.036246978,0.15978056,-0.15835686,0.22938018,0.18424262,0.06697961,0.08784806,-0.17106797,0.001256303,0.15346923,0.048666943,-0.027609514,0.0069274274,-0.25108057,0.0983398,-0.26324207,0.11433646,0.055119146,0.12237842,-0.023251468,-0.010089663,-0.1641416,0.077707,0.05793189,0.014981649,-0.2351585,-0.05995227,-0.04751655,0.00045151648,-0.11182928,0.0375041,-0.046407565,-0.097004935,0.06615657,0.10263331,0.09924946,0.09518757,0.049233653,-0.21602865,0.26696336,0.085103,0.033865515,-0.27859217,0.18442756,-0.22316068,-0.027270718,0.14183603,-0.0088003,0.16358034,0.099714875,-0.118965976,0.2131383,-0.12201678,0.07224873,-0.15367566,0.06836495,-0.2908787,0.096925355,0.019211628,0.056799926,0.06953625,0.22160116,0.104403354,0.09367542,0.1813991,-0.10145879,0.08703674,0.04284244,0.2239148,0.01623459,0.24281365,-0.21298593,0.057643116,-0.03600121,finance
-0.04673946,0.28565204,0.1364734,-0.13781264,0.18617037,-0.16963427,-0.0636003,0.30680668,-0.24685372,-0.1327336,0.019831583,-0.1449809,-0.11343068,0.011228617,0.19664125,-0.36388808,-0.18407595,-0.14041829,0.12384067,-0.38902864,0.1679743,0.23891346,0.25312606,-0.3054908,-0.1560763,-0.08412588,-0.04013297,0.16491973,-0.15589088,0.21710081,0.1780555,0.06508754,0.072462425,-0.16738643,0.0020623158,0.13648474,0.040016755,-0.025972374,0.009782831,-0.25746906,0.099280484,-0.25933295,0.10112596,0.05165671,0.11578944,-0.035504695,-0.0012225987,-0.15606071,0.06354648,0.054959793,0.027633032,-0.22509179,-0.06257185,-0.04768442,-0.0025322237,-0.118417785,0.048872124,-0.04321761,-0.0948435,0.071566686,0.10348517,0.10495338,0.08756567,0.050595254,-0.20939018,0.24912673,0.10888999,0.03274765,-0.2704165,0.17758434,-0.22072221,-0.039891444,0.14326413,-0.012242002,0.15526333,0.09874198,-0.11994828,0.20280798,-0.11128722,0.06947164,-0.14624064,0.06509822,-0.27520302,0.0929669,0.017371375,0.053868245,0.0599662,0.21399337,0.10300826,0.08997741,0.17865214,-0.10436192,0.09623782,0.03719519,0.21384946,0.0064786407,0.23908707,-0.21588036,0.049267754,-0.032913294,finance
-0.02618704,0.29516894,0.14205511,-0.16022299,0.19946796,-0.17936508,-0.05646282,0.31727147,-0.2629952,-0.117528714,-0.0033301527,-0.14956948,-0.10251435,0.024336765,0.21532492,-0.3686668,-0.1849824,-0.14385298,0.1352089,-0.40500945,0.17544544,0.21959007,0.22243947,-0.3226791,-0.15645924,-0.09763575,-0.0390982,0.16313724,-0.16092569,0.20193985,0.1884755,0.07247932,0.05744968,-0.1515205,0.0021215943,0.1753177,0.05792333,-0.027311636,-0.00043868122,-0.27121055,0.09961846,-0.2756927,0.106927134,0.05964789,0.14787783,-0.022150725,0.0026608454,-0.15943694,0.081257366,0.050408535,0.02643833,-0.21486767,-0.061273742,-0.041226692,-0.007979821,-0.10004041,0.03097911,-0.047209118,-0.10738877,0.06867308,0.08393354,0.10566206,0.07944028,0.07558199,-0.18586276,0.25044283,0.10944474,0.03187436,-0.26520368,0.18938217,-0.22922522,-0.033839297,0.12817144,-0.026975743,0.17618524,0.10979212,-0.123074315,0.2053919,-0.0866975,0.06674356,-0.14041181,0.06593585,-0.29404217,0.08868652,0.022138076,0.076786116,0.06874909,0.22543369,0.13057584,0.1160071,0.20888111,-0.10767752,0.085336916,0.039859775,0.22144392,0.007966903,0.24062845,-0.20833707,0.053023815,-0.033366937,finance
-0.05501331,0.2968166,0.14007129,-0.13410486,0.18660605,-0.17636003,-0.071758695,0.30712125,-0.24748436,-0.14667736,0.023598729,-0.14021604,-0.103836216,0.0073482557,0.19733739,-0.37294275,-0.19246133,-0.13830002,0.123170964,-0.40528128,0.16652821,0.24096465,0.2619462,-0.3039406,-0.15709135,-0.0763075,-0.052869067,0.17474426,-0.15388466,0.22217022,0.17780153,0.064202815,0.089281715,-0.1874734,0.0057443455,0.13493118,0.03791392,-0.023958996,0.01003161,-0.26557687,0.096615344,-0.25632146,0.11796065,0.053598776,0.10907796,-0.043575443,-0.011555033,-0.15709904,0.05784049,0.060610067,0.04216802,-0.23950155,-0.06217516,-0.053564075,0.00194295,-0.122245766,0.045638427,-0.036485333,-0.10296733,0.063917756,0.106134646,0.09886327,0.09034909,0.050020672,-0.22213992,0.2643929,0.11943372,0.046342783,-0.279546,0.18238372,-0.22677323,-0.031482045,0.15316504,-0.012198037,0.15885487,0.10772125,-0.12079794,0.22295468,-0.11384672,0.081340685,-0.15924287,0.07106566,-0.28074545,0.109113365,0.013641337,0.0425179,0.061528165,0.21054123,0.1052475,0.095671915,0.17764284,-0.10024482,0.104865275,0.03545658,0.21781054,0.0038811697,0.24210174,-0.21469794,0.047083993,-0.035077956,finance
