PC1,PC2,PC3,PC4,PC5,PC6,PC7,PC8,PC9,PC10,PC11,PC12,PC13,PC14,PC15,PC16,PC17,PC18,PC19,PC20,PC21,PC22,PC23,PC24,PC25,PC26,PC27,PC28,PC29,PC30,PC31,PC32,PC33,PC34,PC35,PC36,PC37,PC38,PC39,PC40,PC41,PC42,PC43,PC44,PC45,PC46,PC47,PC48,PC49,PC50,PC51,PC52,PC53,PC54,PC55,PC56,PC57,PC58,PC59,PC60,PC61,PC62,PC63,PC64,PC65,PC66,PC67,PC68,PC69,PC70,PC71,PC72,PC73,PC74,PC75,PC76,PC77,PC78,PC79,PC80,PC81,PC82,PC83,PC84,PC85,PC86,PC87,PC88,PC89,PC90,PC91,PC92,PC93,PC94,PC95,PC96,PC97,PC98,PC99,PC100,PC101,PC102,PC103,PC104,PC105,PC106,PC107,PC108,PC109,PC110,PC111,PC112,PC113,PC114,PC115,PC116,PC117,PC118,PC119,PC120,PC121,PC122,PC123,PC124,PC125,PC126,PC127,PC128,PC129,PC130,PC131,PC132,PC133,PC134,PC135,PC136,PC137,PC138,PC139,PC140,PC141,PC142,PC143,PC144,PC145,PC146,PC147,PC148,PC149,PC150,PC151,PC152,PC153,PC154,PC155,PC156,PC157,PC158,PC159,PC160,PC161,PC162,PC163,PC164,Label
-0.008541773925468427,0.014463118255831336,-0.022797672766303945,-0.02014435309440256,0.02093455337733739,-0.07891202601386449,-0.07747727226049074,0.0038090253275727542,0.0013032344536756287,-0.03614641036986241,-0.01551839341233354,-0.06866953058233852,0.02755900796452319,0.013253368596339424,-0.027755203566315025,0.010693604548542134,0.03443752528382825,0.0150563273206051,-0.04372418461754205,0.024814852001896377,0.005026060979708794,-0.027938241903003556,0.002420539290075853,-0.026621233426057263,-0.01988488615185684,0.1313643681614131,0.020121804926744823,-0.11373769582215701,0.060744012187384795,-0.089504820455583,-0.12868039954232705,0.15195185444870438,0.09756288921883594,-0.01376802512106222,-0.08409324345325345,0.07165789629731532,-0.026714369173537294,-0.15512535713109335,-0.12237147012049135,0.06770674666523976,-0.08462171496090068,0.03645813147642034,-0.01858926917180645,-0.17192094051807078,0.1612131803607847,-0.015229079928917198,-0.15680592061748883,-0.10245352299146442,-0.07198674229588758,0.0744650275841238,0.03613040824275446,0.19264427659023364,-0.2141991480749971,0.18419922957751192,0.20999928106081125,0.0027773360224387393,-0.09622182614598272,-0.05424377619726387,-0.2728446441188546,0.07645662423213846,-0.027309502899653785,-0.035010496863618276,0.005884747903231062,-0.2245810838612645,0.24249639180488564,0.0684467595031123,-0.17686718258082593,0.03772788353157471,-0.02695932610085403,-0.07881398260662542,-0.08466112515589065,-0.0056090205733356525,0.13435232062803554,0.049323738584051445,0.09642814058362383,0.07193468112269334,-0.12269082085264887,-0.08864546536447811,0.10837800836772804,0.2150031290029717,0.010454409945084044,0.048745817962376516,-0.09237351485440456,0.02477663365381689,0.008327353785416115,0.17551345856819608,-0.06670622875054462,0.01990942548642131,-0.2398608077968584,0.09143747358173321,0.0833446576091842,0.002157668530430247,-0.023248511015886514,-0.018758519702143733,0.13202995580683696,0.017332812625748515,-0.07671295273698929,-0.0005149621361172433,-0.08537853764402899,0.02364519764393661,-0.0886976724285067,-0.04379165522277347,0.002172053613194131,0.06087510921599261,-0.03334819696326223,-0.022806191567752866,0.0008107882284349096,0.034209455247617856,-0.011024491895537603,-0.001186136475706876,0.026404175075606832,-0.03993737111744966,-0.012187551675294435,-0.028633557451826486,-0.03607735078653943,-0.0024357202530984525,-0.02297333018226475,0.0004787569387855459,-0.029135152719733694,-0.001693120894192308,-0.024255889167919157,0.0335588406143721,0.019656812973317662,-0.021232283388013733,0.021502555674864136,0.015565824488041906,-0.0219281512109555,0.008773263065541301,-0.009907225910812577,-0.0050567838439893546,-0.0034569536853400673,-0.014951955270469483,-0.0076515764841294485,0.030920385159966656,0.028508000092627918,0.027337381905805997,0.017658224236540426,0.0005955035496874719,-0.0004347828238750483,-1.2842601846758079e-05,-0.003477641084431103,-0.015101765985060705,-0.0025817641260908256,0.029942940595548355,0.015691884860736145,-0.011919379799745673,-0.011648543978622534,0.015299106240199239,0.0026106532629543437,-0.0031717444810626804,-0.017059103251455033,0.001854032838429704,0.005964612194198292,0.008559889404556268,-0.0035438916456320877,0.006590552298755876,0.004013529429616996,-0.002413505221165742,-0.0019395383294770958,-0.0029361340813937194,-0.01134447570518227,0.0039015495984531874,-0.006837591144643755,0.018095543733077764,sport
-0.040163735070702526,0.025315614428838833,-0.03898341498566312,-0.021316234960097845,0.06536984254010991,-0.110395824343145,-0.08000026828765573,0.030465671399407115,-0.006598940411749272,-0.05608885142974758,-0.02341861018737818,-0.21496519455120575,-0.01783334960687277,0.07481336660782473,-0.1836119084632983,-0.1768796798502275,0.5378822072159329,-0.024894498938940385,0.1678173815623885,0.14996181881203735,-0.017142909149105916,-0.06701836669838251,0.0788390058172264,0.04884304679819208,0.11354082439895412,0.06623688524436208,0.015600413956505674,0.03872715817922379,-0.11146489917616222,0.10730745670426456,-0.04477184575659511,-0.03857523699509503,-0.10112869460005453,-0.11317137632070819,0.12809230296608684,0.044700833145714255,0.024244327518020404,0.137779726463734,-0.03622402452231614,-0.05459095674508671,0.01581199242200311,-0.05636331831611495,0.008976644069266564,0.017551387747148532,0.04303554833102676,0.03791402715045466,-0.09955469742885856,-0.06764228883720978,-0.07818078134892124,-0.0006559553055689251,0.03649686163332666,-0.05068518439098659,-0.03404632531647679,-0.0434432551363255,0.016264974050470095,0.03514094459183127,0.00434565573308084,0.035848739565304565,-0.03732809289508793,0.029684476543117275,0.001603834089058264,0.03910691453759191,0.02134748762708473,0.010012981561669696,0.004139712750448243,-0.019445758701515707,0.062230945942729925,0.0445468594704608,-0.045179627487790704,-0.03773119036010139,-0.0035817713518040105,-0.009753797074440811,-0.04223609736779777,-0.00557304993491196,0.04002560142003036,0.006708339525764368,0.023851227372382516,-0.013126500654430792,0.007895949453122867,0.009092207286474866,-0.012337655107928391,-0.019104373378660913,-0.03264760496151865,-0.0549086942082921,0.010174884437902468,0.0031059219487441355,0.055850599322302776,0.012996465579587814,-0.012251691146303327,0.01713860416594891,-0.008742204842805445,0.033814240813200856,0.010141601925632139,-0.02492676166289492,-0.023650123780374663,0.011052115884618234,0.05419553221094672,-0.044972288656970304,0.017703546778455592,0.029938685977732537,0.012277198898242424,0.026821993704173843,0.0781535160523396,-0.006233936676309307,0.05056396052354493,-0.0007935371953204501,-0.061029870454414666,-0.018780851139580588,-0.06514167905261681,-0.06340601344394352,-0.023785019902854275,-0.01735160985942458,0.008188562844146416,-0.009802041208830926,-0.027307709841853045,-0.026388342112370396,0.005655995764640977,0.01589846613604892,0.01681195725424567,-0.005032111072728385,-0.01692102953189167,0.09746421258688709,0.02525110364869869,0.044508632076966106,0.004756132265241122,-0.03878876744257998,-0.016453895647061182,0.02149285037298068,0.008454013126752351,-0.02743700662189086,-0.07869877921827807,0.004454015002791186,0.049096349228652476,-0.06935403632684685,-0.1588835975579903,0.11657420779293726,-0.0410083554390275,-0.04948383449276934,-0.11550566201211886,0.039825067474723364,0.060087934307154825,-0.13845012853604602,0.16591249769237465,-0.07904161155196154,0.006913859402795271,0.04096583848214553,-0.12360767425873648,0.13684234510820145,-0.27501695952771704,-0.08124524506421169,-0.023496950935650688,-0.01569138815730503,-0.010316730549825926,0.01757177967186993,0.014567005639056569,-0.03806981524539845,0.04649232427993128,0.012275614283899115,-0.015868284904994718,-0.11118631424471621,0.010279389767039212,0.03181412123424939,-0.004198286421159988,0.007754740915329859,sport
0.15655560122803558,-0.08372668066752445,0.0037603832708660097,-0.04730822402847453,-0.056097602731449515,-0.024599111070865046,-0.01869839332944913,0.05889880088705553,-0.02266245521382949,-0.032039126655702486,-0.014589599316958093,-0.12942941446091638,-0.013818984613491396,0.04910514765657165,-0.0931155890309606,-0.08731935780686371,0.23582856487729567,-0.020464858049107068,0.10856526728264367,0.0491545642928213,-0.026561062671637,-0.012754720002623251,0.0458757964993947,0.01837095974760437,0.08307278102459204,-0.025311850269850025,-0.006334413386354609,4.116557940971442e-05,0.04478937977614052,-0.0034826282375058104,-0.06446413321801751,-0.07841300761135643,0.06564235920511373,0.05436909004258668,-0.018624077599520217,0.0005735354648957809,0.02604364104706873,0.09205265757709631,0.005043849318939003,0.06318288799959569,0.07443085510977965,0.051155560633517956,0.049039360623371026,0.04253459820006324,0.028727893610221832,-0.018526489860252765,0.12341147836859362,0.10209062669941361,0.053895710923620874,0.021737293303656334,0.005286250149008202,0.013502699208827124,0.08323070398301652,0.1150603513235359,-0.053759567162721206,-0.009495468830049645,-0.04918033237873316,-0.08245202588408766,-0.0034557114291562216,-0.1792136188999097,-0.04829379083028119,-0.0859012102847203,0.04151084240370106,-0.22752815170100207,0.005759958445362898,0.008105179962797946,-0.04757040879761692,-0.1743217770511094,0.1228665262566681,0.053402821985627805,0.15836126834893632,0.04141430163448727,0.11618375362629539,-0.09906804571464964,-0.2810084426936346,-0.03470788286753857,0.03625736631904813,0.054119663469614325,-0.0433871046156295,0.20145739654045278,0.0898665683012613,0.010407234308505523,0.11794597149923919,0.17571663683063615,-0.2202728337218296,-0.026942981410111883,-0.19770587897551833,0.08470102018514436,0.017043042739947535,-0.12779316895852527,0.060802904673635326,-0.07481514484082942,-0.1943340835844542,-0.04233314621085081,0.017730654710323934,0.02295253798486288,0.1212711669720589,0.021582402348552826,0.12074023892544136,-0.07835374914063105,0.009679304814593632,-0.02477158128870607,-0.10822498803218614,0.1549272430630034,0.0008463471291062129,0.015166260180311782,-0.015913763623487672,0.05968705313078536,0.02207835104089979,0.08322967385123832,0.01859982926466822,0.02562816600778593,0.028066034684484324,0.09946540317359952,-0.04688028637206778,-0.008607226266661815,0.01906467949049987,0.03783554996290708,-0.022114326939557376,-0.01078672874846731,-0.0505241429976514,0.07139799197560906,-0.02935004817379977,0.04385289916892286,-0.01886141187623317,-0.055667729086945214,-0.061867358477477444,0.05353642418339818,-0.014568071665136136,-0.06630663412339415,-0.07044755298761046,-0.06343483394639206,0.06045338774287791,-0.04254081609422903,-0.026303392399647692,0.01827372305978806,-0.04721138479305087,0.00029684672080133786,0.02908610136345143,-0.08875287521314174,0.0011042245032134427,-0.013721301061957897,0.0037678792243945164,0.014740418319583592,0.004377779230979911,-0.021420867031627867,0.03506635684284818,-0.00905484542658795,0.05686161303836544,0.010001028686543404,-0.004125137692781804,-0.007553295508177767,0.0058558840221057,-0.0019165773117856637,-0.00935891805862348,-0.018221526506818107,0.017367954078442462,0.003352893473875968,-0.01059144139876421,-0.010519568827299338,0.0047424522986065165,-0.01729931410289443,-0.016770056506195896,-0.0013929953759228805,sport
-0.010716321119082729,0.0643937654493761,-0.019419152281943235,-0.049027097454409266,0.09464407500024444,-0.09356902592220542,-0.07074355056431453,0.02939904477512911,-0.005520510971555009,-0.0644578335983077,-0.010515915822216247,-0.17906018427404916,0.01735916864672637,0.05294129252258188,-0.15489803405185532,-0.17712729834028967,0.36999379340289723,-0.0017912100167138722,0.10182966670594447,0.17989319230444759,0.007921130216295131,-0.07329774932810945,0.08311701957689575,0.07341173720407566,-0.007850234989828618,-0.028830706226691215,0.057070339442898375,0.0964075241488138,0.16911591917011135,0.0790798475046614,0.18911031756302224,0.0683633621740299,0.14981162321077077,0.07730098875060726,-0.11695173990144862,-0.13413881078274548,0.007512636345671374,-0.05686476618277805,0.11662405453562015,0.037862012201643334,-0.014426841492144257,-0.013254294214973312,-0.09143891978419286,-0.0009149998700277301,-0.008484023189766071,-0.09330093140358468,0.1355863680850255,0.02299649177893754,0.08948542472296406,0.05437353162466439,-0.004881806738355981,0.015146835977640362,0.07376945705554316,0.07403699343992318,0.10558899099933984,-0.025696279786204545,-0.08967124239758399,0.04103485437263607,0.04808231177181896,-0.055498996760247846,-0.009728507399585081,0.008326906501705506,-0.054567266956743354,-0.037907787069285395,0.06642254711971105,-0.017853471557930357,-0.010601852337694562,-0.054491418141370394,0.128617763235607,0.024394263955021544,0.010037375451909514,0.011460716977229658,0.0053636767248901205,-0.0193494203827365,-0.009391040677429938,0.010038853686219476,0.04874042920534574,0.044657598125138975,-0.007995017117727515,0.002719064362012756,0.02175774642738262,-0.14356925729182884,0.0006668410195406622,-0.06469537141141107,-0.01106940448133166,-0.03512315171807306,-0.027298670583182954,-0.07930141914880767,-0.039419693362575454,0.0026085370228826504,-0.02197781533417964,-0.10503869128426366,0.06032092442566958,0.1014655775029055,0.06821105694604733,-0.09375487668627475,0.05506545204855722,0.08296576039105019,-0.06645741662625979,-0.06063177081344763,0.024281280762047934,-0.09333863040351142,-0.08117369682424219,-0.039953412394032634,-0.03815057516570118,-0.013223503480712225,0.016271378095742823,0.015744590597092573,0.0473105718299211,0.04375651946997919,-0.07497837160011143,0.014964631035512278,-0.13702857215432612,-0.05758710033667788,0.04265882633686474,-0.022764864705823076,0.016335173444864702,-0.027250568173679057,0.08260828128239336,0.031141395586419995,0.06864586580339764,-0.22604223649689018,-0.059259083293694656,-0.09163798729124575,-0.002628040029879925,0.09274221390518546,0.043953918747087393,-0.05446603837595363,0.03533028930338525,0.09470487535382978,0.13073173002846794,0.05387690414169908,-0.06206946740834654,0.08072362973550849,0.10861332826658411,-0.1130768349436034,0.1254774890863971,0.05738670298192055,-0.012398048446138838,0.09816623124200158,-0.005479572467868646,0.04986833079975477,-0.04952836479351137,0.014281254926648987,-0.041601122857160666,0.0023667573784196634,-0.05497017996038469,0.03769935120961622,-0.12222849480038649,-0.06360325508932534,0.0090730454285143,0.03680158148373013,-0.01501468078855338,-0.023507419141967377,0.009655731151621967,-0.004406894498908751,-0.010476079377139022,-0.06493074627356876,0.014548616974588036,0.015972133219564134,-0.0516216410646431,0.03918287585174794,0.04919898232912447,0.020675790264048474,sport
-0.041944439563250356,0.0018342374077385372,-0.04076493377551961,0.05038566802341805,0.013442177359969583,-0.08222711915217575,-0.03608590462435914,0.024009531762160505,0.010764502093831521,-0.04127938581756031,-0.031027034014704417,-0.1763830506273388,-0.0005407472261539674,0.021354510242301956,-0.08672882029979768,-0.07655571728038334,0.32257687158342213,-0.005845608434962177,0.10641349497327948,0.09954875315453211,-0.050503485411470615,-0.015998449609812553,0.015485602425896352,-0.0020329472187666465,0.10023592302668309,0.027223267414798337,-0.003630513705088285,0.014224724995506631,-0.09306975606014439,0.004779154329910088,-0.06847460885337904,-0.048295713168929555,-0.04216399596884739,-0.14950812816699707,0.09134649709734552,0.018826135210300448,0.0020517192758897312,0.06374066943110239,-0.10524150219897564,0.05490076014764232,-0.045152531523886645,-0.028025282032147582,0.05377648979966682,0.026265285236757967,-0.02489923915740051,0.02669339796874931,-0.0627785961613981,0.11057834389991936,-0.045568162238317014,-0.04660250150330379,-0.07474636437162879,-0.058670821329139554,-0.06216292868880534,0.015258395015845588,-0.18277214190202104,0.010009446849371651,0.08505626047350387,-0.057106227248807706,-0.05728952318769878,0.1917612677694531,-0.0458815957398586,-0.06345135475963887,0.06527468305723876,0.034120572071744425,0.016393198027564955,-0.014570216390696162,-0.05271395121434045,0.09000694482312467,-0.02733800166311267,-0.03263325222338082,-0.007555569461744117,-0.11657786031882264,-0.038544101199285696,0.08349099877126037,0.06545117844983275,-0.09429090438065348,-0.13615489835199926,-0.06204186173309831,-0.00975894611770441,-0.3098184937574789,-0.05927031578886441,0.3628281253897723,-0.03163573452138813,0.050620792535827505,0.10507298694439746,0.07514440405503157,-0.1720996692785822,0.003966807995020992,-0.018232368707583303,-0.15831866418367116,0.11122372439546507,-0.16528252978217664,0.06596955261284548,-0.11529497316785833,-0.07103490552804533,0.057186865739235745,0.03359367244874786,0.13959073828626636,0.05289191779299474,0.041438246552465204,0.06280729156798044,-0.11466491969849749,-0.0645795640743007,0.04454578890345922,-0.0779352877482803,0.01999150389117271,0.07238102403084266,0.035674116086729664,0.08822266846684153,0.094166111087074,0.048774432633337146,0.010160967937429552,0.05878482001492034,0.0009339908043396671,-0.0023487696889244727,0.036968754531230746,-0.015882065481324485,-0.021621855712096072,0.03876149739152109,0.004784694869087441,-0.0046421999825027455,-0.04817552722088199,-0.022567947825308073,-0.027669573146219848,-0.005418071642887563,-0.009653399868706948,0.008268451764563542,-0.03781017920687846,-0.023050174250516864,0.0665688573640281,0.026359120544329255,0.04742482356204927,-0.006115955976135559,0.05643083763591126,0.053446334753164695,-0.06166205174352352,0.03273727401002792,0.025575917457033522,0.05018980349588212,0.006816341700713599,-0.014344458884478994,0.05294999118963702,-0.03720984465645695,0.02804234193526419,0.0422281364938189,0.01690498287278819,0.05287964128546212,-0.03256377480181244,0.04973878713620553,0.04872551604290741,0.005949880148584207,0.009713968960326938,0.0016969513383229397,-0.015196218621594865,0.005792223212820714,0.0169555780368219,-0.017016001378726595,0.022032968779952394,0.008759204666835683,0.025007957781036615,-0.005668960053880182,-0.017306532361197828,-1.3365014024085944e-05,-0.005427760012422294,sport
-0.023050844474447846,0.0439622389744725,-0.033546537788476674,-0.0499035451981917,0.11035203541419682,-0.11509559175236633,-0.08859395075260697,-0.010325013407437586,0.009873249999483578,-0.05609818006095777,-0.014083934690955601,-0.20502831708287583,0.016416438889303327,0.06992901910069661,-0.1891921770844972,-0.1779024389562391,0.4849819171543006,-0.009814993956302868,0.14736409513290424,0.1425538713629119,0.0006697345579346841,-0.040319281735146026,0.08684459484969484,0.08598543362138851,0.13328534185157845,0.06783504121136251,0.00827480641742095,0.07326221058247905,-0.08408656965218818,0.09356267691103043,-0.02506518812051131,-0.03132704213970709,-0.12435893016306812,-0.07182104142089778,0.10708765215433177,0.028676759007654446,0.02444067264248519,0.07673469494717922,0.0255862768786774,-0.03585656091295608,-0.007044220054842528,-0.02116196549618419,-0.051037870048890786,0.029475562588795187,0.0423549214643949,0.03890408015977899,-0.0912937726737197,-0.13245214633511015,-0.02640977371112659,0.011189527144424744,0.03304693912798182,-0.058876748779537746,0.024200602962184604,-0.06291526016372725,0.07736811233571703,0.03479685598998479,-0.006211905720338913,0.053819575314543254,-0.02001005022241166,-0.012219477136860193,0.02150102612705805,0.046014038720319804,-0.03979698228338082,0.025590642419937224,0.009354549531330714,0.013743755677677383,0.06359861734946824,-0.005434120932949359,-0.026741808265210075,0.0046961592997847535,-0.06197270176328803,0.030889788875151505,-0.05823277722930513,-0.0056337966193949355,0.05314117509912274,0.04759830000955927,0.0392757847215756,0.018468361665454958,-0.005146658200995764,0.09164759266273387,-0.0215256552532043,-0.11826610503672481,-0.023723126722989072,-0.04103194295275289,0.03628703499926366,-0.06361347179908672,0.10228136489587332,-0.04591144797252311,0.01503037312601447,0.10459941174671025,-0.05764084019838435,0.08797274337717424,-0.008929640177676607,0.0002753404752410585,0.041685046403975745,-0.08380111796844505,-0.07992412580818159,-0.07913660611281337,-0.019095445625549077,0.01364625444652213,-0.04043324132334932,0.08325849568877002,0.08206288588489648,-0.0578337684343481,0.03758142643066966,-0.010602955397202034,-0.04324465904459912,-0.009392323998728939,-0.0533416525526314,-0.06738161001412653,-0.0595062132715838,0.003041296399436909,-0.023265144181477675,-0.0570866195391309,0.0177095136448491,0.0031398729634141255,-0.01217850320777396,0.026235831881293945,-0.08479882479377258,-0.053426102862992174,-0.019103562045878295,0.0690505796090592,0.02178131897778569,0.021332133490607762,-0.009777925912203474,-0.034142103689760527,0.005831613212122514,0.023557934168325995,-0.013904260806066614,-0.046385440403407266,0.004798507710108706,-0.0660096761420601,-0.03430808173324909,-0.004352369214566325,0.07982675602352572,-0.058311032670938255,-0.03728057628723309,0.009021812936516231,0.09366188615680827,-0.08310581259039171,-0.05986135612625731,0.09929653499971344,-0.12369620137401494,0.04282503327729953,-0.002281559990263841,-0.04557549248583482,0.12681845033127187,-0.14143748873998432,0.30546101563843375,0.08916224150450637,0.025899534056834466,-0.013420423414968897,0.013007971071038377,0.011424679821228302,-0.02616148184652609,0.02758279966428266,-0.028076909856444676,0.007922801130111436,0.008325990144347331,0.09251851011491387,0.007555591268010989,-0.03661484359476711,-0.018771548601759457,0.01093929350615428,sport
0.008482031163074485,-0.03839465156087975,-0.0747733090804488,0.16198876851111316,0.09337471008587081,0.013840669638126855,0.011840420360483916,0.027967037538574612,0.0010757166973977958,-0.13094777104163294,0.012661759779607316,-0.1366580620098018,0.26272413959880303,0.06176455177452386,0.019242092924414186,0.2799353526042468,-0.025398147741702085,0.08631124256827066,-0.11439314863266555,0.02354100250543827,0.06407073169500355,-0.029626066921530653,-0.013011436285312735,0.0042084055414211416,-0.07972504782385419,0.003932688190263363,0.0176835553874581,0.04321210590254466,-0.02815016065315102,0.05657302704897931,-0.009826928390853683,-0.0002535230051550367,-0.11458415728373485,-0.012308849393243032,0.014930439318129984,-0.0018135611865726495,0.014828517290582542,0.033628009419917546,0.022205955192513418,-0.00454180553725178,-0.02323759100316154,-0.03209411092762808,-0.016267498086925715,-0.023730845362228387,0.06562160857441578,-0.03726514805277329,0.0058066419049252116,-0.018380342921906594,-0.11138530403036598,0.027975343584740964,0.08809061342791985,-0.02403920701132012,0.10119395722987852,0.08293163864340188,0.0860759706153669,-0.02743360558614984,-0.025211518138709883,0.028529400078960227,-0.0898765262846907,-0.02429003548930903,-0.017206551397448238,0.07920805182071422,-0.007214123886147627,-0.009626880337448308,0.11323759049148668,0.17903120666093875,-0.012206599577717473,0.0013980679947896554,-0.02939775977847625,-0.02263208920148477,-0.007295288029068397,0.036936338572141195,0.11800851358551775,0.1597396761603236,0.04075807250432752,-0.018269802745037433,0.08289019156354595,0.10033323719054753,-0.10639348850048373,0.018230422063056893,-0.02257668027181755,-0.10628225354099047,0.039195460783997084,0.014453324276350696,-0.033495488689290136,0.004448177420369974,-0.09802298462518125,0.022015822387195138,-0.05965318278005697,-0.06639095477326698,-0.0380752524185617,-0.06558103073570555,0.06523617494306397,-0.012969714725080992,-0.12401985750995294,0.010192550664437007,0.010354235796643631,0.022221464815794425,0.052870275589140044,0.10700692720040228,0.16531097871391856,0.2952853422693089,-0.08339826184494536,-0.0848339851739515,0.007137553968972312,0.08114414477905887,-0.013235365970330619,0.04139943156801591,0.07050599828016305,0.00566185737975778,-0.033756788219538654,-0.04143770735218483,0.08588294948708661,-0.036803410784490474,0.07606398517860695,0.07163613683571025,0.11381524337028809,0.03120608540533439,0.2641297918598548,0.10084233274620406,-0.07262038009116234,-0.03503460104970929,-0.037320028224926895,0.1651610019788706,0.07083681953672773,-0.14781555767165291,0.0545625274742285,0.0826423475770131,0.0443643736465327,0.022341393556736148,0.00010407577433811409,0.026866977207298064,-0.0006966827518654861,0.08330714153456978,0.03579509190107108,0.0010823855052333443,-0.06436386293436379,0.016288165139197675,-0.032602300612840994,0.06113149286954531,-0.0073701463664765515,0.05076484777918852,-0.005812969902008456,-0.12799554102988728,0.01738918189262248,0.05541101289827484,0.025874474286073233,0.026855455416285246,0.0009950467057048761,0.06675481765519962,0.020404348453180912,-0.015988126989061845,0.004622323611659193,-0.03900444594880365,-0.025198728931333274,0.020189402256144417,-0.013095598221696156,0.0009125905506347374,0.008651929423216026,0.02642527697323203,0.01217764327255391,-0.005592529824637452,-0.011736513960663468,-0.011945085973953993,sport
0.016032811763366708,-0.011086318417688559,-0.021299649560607856,0.035489756514732525,0.03212047593450383,-0.02657907361211622,0.005655933667100331,0.039091142332313394,-0.013487722434505096,-0.12760374585453105,0.027267856997607684,-0.17354430191606118,0.2518675685984289,0.05587735171632918,0.007858106839057381,0.2480000851057947,0.021777042187493836,0.11629779668720219,-0.11190461753807371,0.04512592204810983,-0.13155977814237765,-0.036337168974947195,0.011793960265186051,-0.04969203488800422,-0.1489244630118975,-0.006862507657573799,0.05009554912881828,-0.017994939213049094,-0.07785038641677222,0.03395207127037998,-0.03468032302815985,0.03552735630627189,0.23269169042267357,0.005747333436697254,-0.02850008967125136,0.28121635434362835,-0.08627644481770838,0.1874022691760514,-0.1209358822987104,-0.024563182256758815,0.11178819277998107,0.15531855480128393,-0.007381080556960929,0.05941930115553444,0.008052921887946873,-0.06396758704467305,-0.06624770027134197,0.15567852184462977,-0.06318476826017264,-0.08743100818071076,0.07105753719849157,-0.08034282136727139,0.18436583367195555,0.0004736890808260596,0.029630065621781766,-0.09466111236779755,-0.05590710705504043,0.13988360948315598,0.08844651585392152,-0.01917979432006492,-0.021194069870061387,0.055631111910365925,0.016422254596392082,0.04942819891087381,-0.015058991269725843,0.02583824848225874,0.024763922429924343,0.06117611638598132,0.03375495842184486,-0.09977045344659113,-0.10524963414210517,0.09386373114638596,-0.0671648584530145,-0.0032036178012388285,0.09237304661618861,0.030923875185772044,0.05083767012451799,-0.00503957924628914,-0.05181305899227236,0.0554050642227139,-0.031073727044958453,0.05926135014682285,0.008002840250451539,0.07113783317461028,0.13726513349914093,0.022251839525550376,-0.032515797210882276,0.07718586197896385,-0.0707310156372874,0.04593622982179768,-0.016803304639916066,-0.07344002597560301,-0.00042959443344817925,0.09607022389165391,0.00882169969402226,0.0645946302401525,0.03192626412986171,0.023826188475776045,0.03745859993674928,-0.020917170753080774,0.027757193007978895,0.01113787628243177,-0.026573821337316533,-0.022788646131701163,-0.015461472323691106,0.07918659025846936,-0.03164546375937952,0.0005295857011730281,-0.0043617649353219325,0.03865742028890738,0.03545219568495924,-0.032205129043637024,-0.03804226984685658,-0.03438751727017517,-0.017015947772653126,0.028010770400140692,-0.0331678233983716,-0.0022152378084757942,-0.01280603615023493,-0.0009247469105723546,-0.01005314572293545,-0.07174277970008108,0.040360830941540984,-0.032539263391865435,0.012398292092894779,0.025834999234843364,0.016826184865264316,-0.030140882760939815,-0.029841999083873656,-0.031883882675891415,0.008803993309289073,0.04163812879154291,-0.0062043241836281455,-0.12092001648507321,-0.11843089919225006,0.07164739721275952,0.0707755006794397,-0.01013243591537971,0.10745982898001707,-0.11902205886339508,0.018820172813113305,-0.04195466873658196,-0.06831343619483449,0.08870559143310541,-0.17725860492332318,-0.21580863195158137,-0.04739099449764053,-0.0642601140914345,0.012670112577155316,-0.10873149934948718,-0.009505039456947076,-0.027402447686747437,0.03995235330216224,0.025378894674047175,0.021540994560720353,-0.008348577266511826,0.017923436370063876,-0.02219340645102569,0.011192674397840609,-0.012700796868006469,-0.007468662492640888,0.015342155996706106,0.011635431439580318,0.02990291112674231,sport
0.0064227740861202065,0.02404725932529603,-0.011787332422637924,-0.002889796338381276,0.06989900534269977,-0.05277938018314803,-0.07118802103722578,-0.008079598981734978,0.0026009746754255647,-0.018169273715674967,0.0007246930444967745,-0.02181980931971767,0.018260569893869046,0.01549379742741892,-0.021976119605605728,-0.08640440780999463,-0.08544272412822014,-0.005292411607112062,-0.0627105382803359,-0.061444563889815076,0.02683984593036752,-0.21183954781049122,0.0077960256729444,-0.10040010711866916,0.1722313155826684,0.06622261335497112,-0.012072330483859039,0.02520329723113671,-0.026640155648551087,0.06590997056556165,0.004943042884649587,-0.19325832837152038,0.05207268577274526,0.03993455737793797,-0.011760857591585475,0.0035820966629365758,0.047529231576672513,0.02389841280855719,-0.11014282097238255,0.003838034610449226,-0.012147059938397362,0.02422531644000829,-0.07627500178271902,-0.06715194313957404,-0.0324296766800721,-0.056666457337318184,0.10782254135640658,0.1587887774650179,-0.0883388212507987,0.07461117000870988,0.00148207738485065,0.02787609910599235,-0.08884466757725296,0.02178374953503839,0.11171914228129783,-0.0104631418625121,0.20620916382417026,-0.030011914161630286,-0.030957962556944378,-0.02079460409615047,0.07370964309652796,-0.10787346576198913,0.22559384200192698,-0.0038566465380602153,-0.285207915613372,0.12428898282064971,0.08824990658009554,0.30042796178578585,-0.0011428721173122223,-0.08077079261736084,0.19851973916977536,-0.06388632840095068,0.16077654668987423,-0.12939502136108222,0.08265385907768806,-0.08039905814851214,-0.17780286691512195,0.1010593650577731,-0.04331494286891974,0.10465702619594483,0.07576325618267608,-0.14064989358073332,0.006198638011545559,0.03160415822388319,0.0896559754616316,-0.07509204600366948,0.05858578720392852,0.07472731020101776,-0.033767024469244754,0.06527107434638753,0.19375378774962773,-0.05908777544824773,0.21390223559771565,0.08497433321767986,0.01776430100118695,-0.1251164041271588,-0.031229929389678425,-0.10363122748592245,0.004623829319493745,0.028463980995420496,0.03656541790288272,0.010323803012125233,-0.05740746137665147,0.0548377977929869,0.010500805474976562,0.009516375235405735,0.020790119938468424,-0.017579297434785014,-0.03940498177089847,0.05656173564190639,-0.00035634303785664557,0.0980976016152814,0.04474580083132175,-0.04421379021058318,0.08247896934188748,-0.023443084426478595,-0.0071036489998229325,-0.03349163073221328,-0.0008059606796777554,-0.05048549393916587,0.0011158590366847324,0.0005297103270788365,-0.0747078629339808,0.01121917087065804,-0.006305745304741942,-0.011361735076653964,-0.017197818319830718,-0.006836403444829961,-0.008760358960708483,-0.05492435966412072,0.034282543310755885,-0.02604270105202401,0.004841486297776385,-0.016002817740849745,-0.008846014110114354,-0.03479174323079946,0.004629242004365153,-0.0023788251493767868,0.010698287471825692,-0.010529685808627157,-0.009175231844253662,0.017080540387005953,0.011996158802655175,0.0348438255502979,0.001709277309769618,0.013562437218668087,-0.007785814938533563,-0.030173194117727703,-0.02519146541796149,-0.014245541908344003,0.01214872273229424,0.0024546185895133435,-0.022724545164672164,-0.011341911636559527,-0.020746701014079567,-0.017025622778311496,0.007101429244793384,0.01626961282903632,0.0012642448688817863,0.02278805166458125,0.012133735074768585,0.000940722446060553,0.0025624885045911496,-0.004352658555946608,sport
0.08894831501520059,0.08206012706984943,-0.009141633598650474,-0.04392062390250136,0.09483526050856328,-0.14885067220085263,-0.19642046057595716,-0.1204151196152226,0.07039774356368876,-0.01173924403153623,-0.004256791546040573,0.03938555596931105,0.007154936318896839,-0.012113669364999637,-0.009977956823152534,-0.11614313576802184,-0.060258378889941684,0.03749008897884233,-0.11049803030609905,0.01841357634871689,0.0058001930021178445,-0.08210787516749384,0.005171643767441014,-0.0249256614397189,-0.02603769216813877,0.16268707374832103,0.029999078010257113,-0.09788056266711279,-0.039412135741950814,-0.12907443172350272,-0.2490900641471038,0.39637227199345787,-0.14920914457394424,-0.09891550324032068,0.2566600167294498,-0.040952446039520064,-0.0681020241065192,-0.13442438518042635,0.057743718027140796,-0.02489614998980238,-0.043629275987043234,0.14245696193121718,-0.05123269974252776,0.045172605072831745,0.017107551439173703,-0.020655618077384804,0.06885425332494988,0.08769278070568369,0.07025774172315839,-0.033401256450220684,-0.02497715287634489,-0.028648925868031472,0.03591534146939267,-0.03653417172646779,0.02286115867698286,-0.0016780931464089822,-0.05320483583303091,0.04363924582376389,0.04615166137395674,-0.020439641964976735,0.014274967070591822,-0.004822361503619806,-0.0031428923589608073,-0.04381383112722291,-0.03508041052027088,0.015551378750654429,-0.06563015678482727,-0.030536163072032732,0.032761426869448475,0.07386379380172658,-0.06695962246951695,0.004449508043911238,0.03233880356499807,-0.048005909472007044,-0.05914582557659347,-0.040865426006889104,-0.05176572951308451,0.05854055160674394,0.0175823407850023,-0.035463538155464415,0.013726308207487277,0.0017939410085384927,0.0008420675200814653,-0.022852156022735076,-0.012161711725880665,-0.009523139695259855,-0.006399846486949834,0.014237730114695996,-0.0153262550381121,0.003432907499674289,-0.0044882756762557865,-0.02521162859025257,0.06469952780202104,0.02510199119141326,0.006361086320602568,-0.00793879987402181,-0.015211948487021692,0.02972632400525183,-0.03198606644120873,-0.010948870319984176,-0.011633107242435657,-0.057443151538667823,-0.010088804105888773,-0.0014206964994099328,0.054237714593946114,-0.01465380847545596,-0.008581968083268396,0.04712318546413767,0.01348745135109909,0.010658788917683489,-0.03702323519544105,0.03826085470688119,-0.012156773591040771,0.005288133414448981,0.043724377944945846,-0.012596702251415421,0.0015847198607121188,-0.027252973813602577,0.04996188449068544,0.02279114758787672,-0.025628977190731442,-0.08203868492306822,-0.036548069942307713,0.011087603872514533,-0.017173145836220736,0.010604365997286369,0.03024259023245422,0.020335728551902008,0.0730621590985197,0.04274067987392073,0.0697813947226445,-0.04893471913865694,-0.16670675225772258,-0.25081491218678786,-0.2216032599351118,-0.22748517700554047,-0.18137972376455747,-0.045399052968259294,0.034385177560100726,-0.0185972823938822,-0.010522344718133583,0.014509426144233992,0.06073079970664042,-0.06506010674950284,-0.025527733363971922,0.020817501060606623,0.09905322652138862,-0.04322817532621173,-0.02520373901531011,0.06214384668852408,-0.035829756900435404,0.007871841336648982,0.02304908655263485,0.017589286338753084,0.006829483379581752,0.004329833851453579,-0.017787576845657876,-0.0157034988055194,0.0009719745027442904,-0.06701763866554555,-0.00517801205255776,0.01092631199545399,0.033241513871280555,-0.03088835713425593,sport
0.08609894135501832,0.12896742610524778,-0.017527627487434787,-0.06891025534295293,0.20050600725303153,-0.164092477378651,-0.22877546310528737,-0.18474543787697564,0.10719780275932815,0.03772883708608211,-0.012618219737718112,0.15383876578133607,-0.04450320767242762,-0.01232721679703935,0.05912679691962682,0.11544925841535238,0.053195105606609075,0.00168042921415995,-0.010444796697561268,-0.035707285885961,-0.017385010187633134,0.11927697264240408,0.03598838441375147,0.06373409573406673,0.06784490806587687,-0.021863373291218485,-0.0483147097744704,-0.028200008496599628,-0.02382426109480008,0.010990556782577416,-0.07636122230579045,-0.03644827267513854,-0.027544147828820698,0.030860322680921294,0.003984623175206089,0.019765288505150892,0.036479011815945,-0.05077147733094713,0.007861072087286727,-0.0065334815475462825,-0.06060872634469386,0.051664958573239834,-0.1174834823557575,0.027125326137182226,-0.044116194255211724,-0.03301404421425985,0.06041414179895848,-0.04576906413741387,0.07613636975885012,0.013744188263477682,-0.0728744284911483,-0.014065609203545234,0.1566334533022873,-0.0369422019058134,0.1765683371982339,-0.04307779717160037,-0.014827486145834168,-0.13089904810147873,0.021329952910548077,-0.0929029464980781,-0.006770273860790493,-0.011110817065277842,0.099855035813909,0.06698372703882005,-0.055887267513014115,0.05478367428019686,0.02162840481920073,0.004079832769711422,-0.07476925655469288,-0.03800154490358274,-0.15141955532674026,0.01811981096176174,-0.061258646985371944,-0.09671503632789094,-0.07412037699960553,-0.005179231170663519,-0.1329123827899788,-0.06215297838628756,-0.16822791346768748,-0.003524991679842854,-0.027132520360670088,0.0243083115396942,0.03586374000713829,-0.09849958509634942,0.03380370823864032,0.00725301047964157,-0.09435248474625609,0.032020996490867634,-0.020243871649839068,0.14354565326976887,-0.04195652694983359,0.017530292784099948,-0.04088582269148685,0.0016342522584038783,-0.1689400683270111,-0.088714555479327,0.10570464520039217,0.14422307554996344,0.0514951129693351,0.12435768631142059,-0.13973982694448928,-0.04428507534902351,-0.03096748596614658,0.026339147079405503,-0.17454011039313,-0.18152310627602405,-0.031336326346268456,0.024699806860180407,-0.09457341419284926,0.014906321322599014,-0.018535165369585382,-0.22758874129472606,0.060044963566830555,0.03522214342247318,0.03746712057028614,0.04421520600303635,-0.02818266446230847,-0.004286008340314024,0.0379378749364806,0.018490668387266856,-0.04161388905943844,0.05533578395897958,-0.07905891085280964,-0.014184772325946766,0.07105279823943847,0.0069846101470563415,-0.06702149512457142,-0.03371371932390425,0.05889458583755495,-0.020001085419939373,0.03926355693859927,-0.013843451034267292,0.05632241888798214,0.055269804767069,0.04373657589053285,0.058856835479812714,-0.009164465413694927,0.057643128099396576,-0.00010520551957764944,-0.0014311667907536286,-0.020888218233932786,0.0420340860296956,-0.04654517143801038,0.016206585006824436,0.03169055017125859,0.037692868021204605,0.006545916205091068,0.014906973083983152,0.0032981390400569515,-0.024067227714560744,0.073422811372615,0.0016367620556697743,0.12985955618246306,0.10419282472265318,-0.016762781903680548,-0.03604639680228231,0.06378082944205987,-0.0030064452129675654,-0.05498500145196389,-0.08787773657037486,0.03703667735450685,0.10214881799455529,0.05273784373129905,0.0031366371130048367,sport
0.0404620838796152,0.12879408865466457,-0.031174305027490218,-0.07783041425929044,0.22783300363737913,-0.11995923616985026,-0.2017951051222721,-0.16599938984131982,0.10281897358138523,0.007563888482396225,-0.013956175383361991,0.1250559260225262,0.01912931550198133,-0.02756590526310977,0.06910138836383417,0.12750927600560905,0.025547069992027355,-0.025503459416598467,0.08696424287044986,-0.059639696091060256,-0.0377712101601884,0.11632466854167003,0.025441675439887675,0.08409568148433237,0.12779953658688628,-0.09429062853348653,-0.07592524863514259,0.011946852420679189,-0.019946725504462016,-0.05232474332146342,-0.012633385227560594,-0.13978298334711925,0.061546111294379466,0.04313685340744232,-0.04307782851903118,0.048756191332143956,0.020858832398334172,-0.0676857922705819,-0.018212389711806456,-0.023117345191021838,-0.06531398262514156,0.017105588227427814,-0.08066576367640978,-0.057233848888499306,-0.05194515845113875,-0.0035022766808484396,0.07458772985415883,-0.04943438481566416,0.0449079649242984,0.060059503710696724,-0.11063208653768085,-0.010374136328296027,0.062406394325068844,0.0424799668561615,0.12574306279891115,0.006156676934408612,0.002712319384471733,-0.12425948523693257,0.011201098920527413,0.05457511278424344,-0.023209797155580834,-0.05020828610255409,0.07016583565407535,0.1077134464899779,0.05738171330609127,0.03217860514270093,0.0012340686244212576,-0.05152815296724608,-0.042484836377243124,-0.021684383659070865,-0.06652882316140281,-0.048777314140278624,-0.0817355075467716,0.04371885130499231,-0.06440554089050442,-0.060545485125184706,-0.11493697747929693,-0.02692668112741427,-0.16234300523561956,0.08485667818218322,-0.1437010863683639,-0.032361089981822806,-0.03235692575548505,-0.1019906944655123,0.060340830521705864,0.08185565594175397,0.029619027010530888,0.016077747332751725,-0.061519566101812966,-0.15251921225795084,-0.0027368961134280967,-0.020527519562760856,-0.06998975057137216,0.004057501508219048,0.047530987769459465,0.04579747677883859,-0.07670051499044789,-0.08520808493975704,0.033031221613471114,-0.09015429660756921,0.06819693184159643,-0.017857639129312885,0.0677880408980048,0.034941504144577605,0.24012867282121123,0.24789959175048576,-0.058778229627887466,-0.05906736058760524,0.1416172519664125,-0.06383866909385373,0.03275187529253611,0.18411404911726598,-0.06267085338676184,0.0027502214120864745,-0.11353722557359791,-0.00792962306486008,0.06262827248294084,-0.003747200567789306,0.008338590486039323,0.0006510657470113021,0.07926662030891253,-0.11494897703726735,0.04850937761674126,-0.07077240481601962,-0.049215901594327774,-0.08186928850372202,-0.022661206431330634,-0.026148829668649145,0.06039538462418493,0.06699594652987165,-0.04135120180043744,-0.028422335104307965,0.1042700325614674,-0.07034591347031525,-0.047333593064036325,-0.0269415406676972,-0.06589638438966512,0.06155984656780555,0.044790199509878025,0.006877833301612374,0.024011744766739115,0.005881713186956502,-0.025379780521719367,-0.06401673407808445,0.10638990815339502,0.013165899258697716,-0.018574558141458072,0.028686754199856824,0.02566608947956123,-0.07501670530022199,0.053624017358245374,-0.09116444267541877,0.042716769806475374,0.06969595065490317,0.060162991440028214,-0.03902712540245458,-0.06251642286098325,0.025346597375737755,0.020977850206062392,0.012533199134126653,-0.008336178937341654,0.013435139025631662,-0.03539507515068163,0.036682766818047496,sport
0.343722922756098,-0.14414985648708512,0.027784041690912975,-0.036799440194198715,-0.08630642422795914,0.04504090976705998,0.04487996467693378,-0.0034971706211879222,0.01561724048319421,-0.013864530993320046,-0.010205170238352773,0.006962000656205104,0.03446522039747662,0.03238182152813046,0.024263892322916123,0.061175116152009615,0.02590716356977671,0.010370854191376117,0.023967056595212536,0.02357338399644595,0.011771668440585824,-0.029034015822044436,-0.004424646436943288,-0.043713685380626734,-0.009041479334432442,0.004024660499729874,0.027005981674705148,0.0042470924209350325,0.010094428161298328,-0.018701384522690944,0.03492699832322878,0.0314028740596099,0.0019725328432666275,-0.10795097443365367,0.01624086841570276,0.005069176393973679,0.07202362879383065,-0.1124561114226545,0.03155696584713427,-0.04480370230162008,0.008088157408932808,-0.08676146521747055,0.03960480720800399,-0.02400793678487833,-0.05260820831337773,-0.0848208998480295,-0.029625208680523343,-0.042722692186714616,-0.05053908050842782,0.0005233203614881329,-0.1254662733781716,-0.03473089587022517,-0.1324485538722777,0.02984156680769073,-0.02094679743799699,-0.011024207611450083,-0.04209861823244922,0.10198424315613042,0.08133211518713196,0.012258179262800869,0.0003229776056400213,0.05865578450687551,0.003555672097458284,0.028589199787217915,-0.060441955741787415,-0.14694351187191473,-0.04076111043406596,0.02517538803510006,-0.01757006508707699,-0.07410945359731064,0.037305664608927196,0.007099494328486742,-0.00809399070181801,-0.05190947480837323,0.023945762061381604,0.024283475298346777,-0.009409928449665046,0.0014105158598452343,-0.05182554627926306,0.06112345303805372,0.07178533629144038,-0.03463294274413665,0.03670077626997443,-0.030664499093588975,0.045522697779750085,0.035270370090426564,-0.1032985272896513,-0.015057657887449945,-0.006306039772032641,-0.11402852717088281,-0.009431947918896571,-0.0547718934417409,0.10857003546739484,0.058644804959658285,-0.08775819907786184,0.06879520873221225,0.08043291375118501,-0.09393251996253466,-0.02063631709193143,-0.08290536887376504,-0.07879072919735794,-0.14933678113134954,-0.06516957259628338,-0.006724235842249659,0.01984171036987806,-0.017080747820498777,0.014333711796790917,0.04295720256213738,0.06751501993519134,-0.13763796494274583,0.0974950887747137,-0.05850107096123888,0.08177599907357659,-0.049087301833423753,0.026334793797653255,0.0009900776926449798,0.26758125465515076,0.14063307989318508,-0.16221043958016845,-0.03898890423284028,-0.13283332436834133,-0.035318413277416146,0.15700012367072272,0.15449314231218741,-0.07362128199255934,0.09205938068218122,0.23394551227811142,0.11455161593576527,0.07265241187780949,-0.05282053886693338,0.15065795533067783,-0.11407599593584164,-0.03361521976109136,0.005732831389136505,0.061352178562130835,0.12242050179567047,-0.06040772211650724,0.11007540198178249,-0.004137729819713496,-0.0049400250208162235,-0.015039138687209326,0.03722696475599353,0.0188900574124502,-0.00923596406055276,-0.011636464513011846,0.0032902222508577497,-0.0007701944397776034,0.04290363130424344,0.021240208898497388,-0.01539611857109613,0.013258377956613514,-0.018056269859951936,0.046370194151925614,0.07008827742854402,-0.0025217182649517832,-0.0507447923702036,0.010903049901118135,-0.000946800395355573,-0.02691605828264618,0.020980051009424756,-0.043984770305747364,0.036560368746273476,0.059318966656457056,-0.024042874284705525,sport
0.03526902289569103,0.0028222641449662435,-0.02790479521078973,0.024376552116471134,0.08604127841855512,-0.010084466765270488,0.022837919681397468,0.02949815346234419,-0.013179811869224308,-0.10747697946697443,0.006038516768689661,-0.14307259079280668,0.2137604599607017,0.02419804434840892,0.0267659575939403,0.19295325323609075,-0.013634705919299227,0.0621513692231328,-0.031726611221303894,0.018915546091686854,-0.0038950757864312227,-0.03612739633399662,0.021306077539884078,-0.012463892813117246,-0.06661717474588891,0.03066614010302043,-0.03126462684033262,-0.027369337272111122,-0.06668553259452843,0.027618256949322427,0.009656406257433012,0.053549984488339586,0.10011277800952283,-0.03856088936236093,0.00504286157869322,0.0646746548489046,-0.027844175808080886,0.03258126899942229,-0.09487044939445499,-0.05775873252932732,0.028330919015824067,0.02310385972468571,-0.07389067549470571,-0.03212573350721517,-0.13671806037440176,-0.23051096061320867,-0.14186871694829284,0.026744862820360187,-0.019564750716812025,0.11972316346921483,0.11925222167902672,-0.002299886295200822,-0.051801382747889944,-0.03556994625906847,0.003314844423496317,0.2777718520294363,0.09426976791682808,-0.09784274406936481,0.0566991758756431,-0.08429247080758763,-0.0008834117125409117,-0.08851608412606984,0.08073149010184838,-0.015157096452144903,0.06419563129800455,0.11072754400273746,0.11371890723751372,-0.00013731171265767792,-0.040190335330172064,0.2540103482845673,0.08200661657300456,-0.03133243603090579,-0.10006374438791306,0.11184860593829325,-0.1375627823686271,0.12075946245790764,-0.024685587762804575,-0.05012050442578249,0.011720461913734352,-0.005811167029315619,0.040488950022804095,-0.03824964627561328,-0.10003064308211887,-0.09767765341671464,-0.14590670294900665,-0.15408065892332362,-0.08586079853506128,-0.11886123608986492,0.06666390532201148,0.04796352298161356,-0.07044452700543773,0.00685506874081246,0.14336301525656842,-0.10455836133944209,-0.012518798656392452,-0.011909448219430005,-0.1294509060679093,-0.004409224175202155,-0.11365046271920666,-0.1219694815374318,0.07650814288435967,-0.08779498645140128,0.04885930375400254,-0.05902646206855415,-0.09179648786993014,-0.018114679663585098,0.08467658099139863,0.05843667206767369,0.069277840371568,0.06283193471853514,0.09639339399194523,-0.09975804611742468,0.005188833701211413,0.002361653936051523,-0.03231448888048405,0.10052061581641915,0.12839797321468693,0.017889430213621993,-0.10044435685636088,-0.07446714814245778,0.05510140756842341,0.04257766333569896,-0.05504003218125686,-0.0020799705960992286,0.02986472314680483,0.08122921759934734,-0.025883716368503267,-0.04588283829593307,0.010508344640293306,0.05894529460359852,-0.1016957790778083,-0.09539352931577742,0.0336965189312213,-0.015696210700911945,-0.02363470703656803,-0.04259285924785026,0.010123106601760863,-0.005627031894427144,-0.003896028487297991,-0.009686510881430544,0.010208186850680544,-0.06430316690547286,-0.07214675965658436,0.00464061828210446,0.053730807967057904,0.006466779395352341,0.05883382450131932,0.04089559589399636,-0.03412864932554608,0.006011224134849602,0.01822122638747411,-0.02020156648895261,-0.0036422711251946228,-0.010680369374036314,0.018207650352787923,0.03297724849845686,-0.00015367749332279322,0.006233744009737758,0.023569244468894416,-0.03971973779811177,-0.0172214994506904,-0.0038147888590995384,-0.02361618038894197,0.0043256626313686744,sport
0.12090116692822912,0.5025075279195669,0.09545042484344653,0.05189163315074839,-0.12010490050047805,0.08743672538809855,0.08147280682028407,0.04397063725866148,-0.03542917552899021,-0.009992814512066137,-0.000233671183141678,0.012817046914702297,0.02734663425778575,-0.011770999848661175,0.025631383809368795,0.02604474733609151,0.030693437472283463,0.011955931811667786,0.02969664678597894,-0.003470568078460364,0.006835037951835307,0.011251784669332167,0.0036227433056322997,-0.014435093928390574,-0.0050445583019543975,0.007958962691181916,0.01069155438373455,-0.011031351814385864,0.010348738316229674,-0.024477836593952654,0.021808796911477652,-0.012534487057178436,0.0028692654937767605,0.0287261843759654,-0.03688025303582613,-0.023556945758829252,0.012766220725672947,-0.001389506940321804,0.00851743295484245,-0.007885028605976467,-0.004223693823376673,0.021918041548400255,-0.042886495971391755,0.013570317771498005,-0.062473425802902896,-0.04430365093175706,-0.037855509575268224,-0.016589720078551973,-0.007048516408955941,0.01826612088773068,-0.022535266180012736,0.009301783973451064,-0.04952356847842892,-0.0006552645789684371,0.015209373499478354,0.02102420739824448,0.02186786558109921,-0.023261987984669056,0.03747220545606045,-0.05874122230512091,0.017891642184192796,0.04194050968320137,0.01016995630103437,0.015689728916941346,-0.014080421217689166,-0.0035869919023978746,0.01221517671678745,0.019823947210108987,-0.03329038645070702,-0.030836992076913143,0.021272754719315525,0.024654445119404973,-0.002812407851744518,-0.03857650023998414,0.09000794399714449,0.05174155136570874,-0.00803293727311905,0.025723726181050646,-0.035259859151380114,-0.03790570434244843,-0.008235789999727084,-0.05943905239107421,-0.018383308651635365,-0.08624797425274675,-0.014867015660112276,-0.008018155096559206,0.03169738004263744,-0.07519061137427813,0.0011928731561537018,0.006939433163801702,0.04555193164320155,0.018899890752836775,0.0005022156544263723,0.06470220521874287,0.03321152466195877,-0.08218243480812491,0.013828553485320864,0.01792329847834394,0.035375912550575685,-0.014744019465954073,0.03467046359815563,-0.08555556252161119,-0.05471962732335454,0.0766300340722047,-0.06962595804996193,-0.08284135206634313,0.0410169604749409,-0.021626348384384726,0.0966349733388808,0.10578124576009004,-0.0198680551131895,0.10608480509793441,-0.14400033791040825,0.045986446490948074,-0.10887046695934771,0.03811886847644163,-0.03392827841002819,0.015359461197037716,0.12869469384366233,0.25357283194205926,-0.03658964064525956,0.22398400241795458,0.21042000463346167,0.013031690720062798,-0.017968692406292276,-0.01461784103721786,-0.05535023954400486,0.2562750681746334,-0.14683994566262099,0.21282719349692028,0.04052330599031848,0.11828709549867664,-0.10103489792921005,-0.05338911795311442,-0.03274747755254954,0.11539098345831066,-0.06292152912094393,0.08855063878869264,0.07061040388356384,-0.04398073189430499,0.03496233177065246,-0.06198285152998719,-0.08767840676852144,0.03091367112268172,0.020632378269374908,0.06509508466183031,0.04843195222752925,-0.05228777173487896,-0.012732110587709119,0.038306235289862295,0.037725333187819746,0.01698880575402537,-0.03780355173006823,0.052518622009527796,0.011581612667716927,-0.021294998679703938,0.08796849920321057,-0.009838591092242202,0.061047165907550105,-0.050417740465482926,-0.03380255088358677,-0.05997583936817426,-0.006543844891898931,-0.01428171031704772,sport
0.06772638867735442,0.09843588292625102,-0.04090157914962813,-0.1409562654342454,0.5359335892363939,0.03782676759788181,0.29290644374485547,0.10186850628815183,-0.1288624394730262,0.008334392370213023,0.013269436923055575,0.08478655365894637,-0.06300495311139852,-0.039154158984331035,-0.036345713299208326,-0.05182546094209007,-0.008720449534467904,0.018728200068503852,0.0009461889935370343,0.031081400909417235,0.025754713127508364,-0.05496134631573195,-0.003728375628335666,-0.01580160391579639,-0.09251353440133958,0.0056484375595828905,0.011784412885812084,-0.029875322388009364,0.012465796097541918,0.051946519792761076,-0.00852702266562703,-0.020338243081989695,-0.03175277045425081,0.01024399367723907,0.02632080828770121,-0.0393156892719462,0.03076133781659394,0.02464345396139113,0.01981543250799684,0.008841357821871716,-0.03595314360370235,0.01598458652849351,-0.006338408303451402,0.005479748276324846,0.0035700770303642732,0.022490726808592505,0.023219389566313385,0.05265067927930538,-0.004654130110426981,-0.013967676879601924,-0.030889339911894367,0.0069243583921570805,-0.025165160526998027,-0.03737580765627969,0.05604296281852046,-0.026611014163449524,0.003940967824093053,-0.007427866954562191,0.001145628882426142,-0.04470722902228029,0.004461635151126718,0.0171876710348839,0.036816254838726525,-0.0023123070178777657,-0.05222193382067257,-0.021604357510339206,-0.021171746968407592,0.03387111461277477,-0.0412718454938989,-0.04301301335419082,-0.019377168305580277,0.04380842193275123,0.0035950646693671704,-0.01989208763953755,0.012915345018038194,0.004324976369266478,0.007877838338433711,-0.0327917692319969,0.036919159824102224,0.0008650830864874845,0.044001062531626854,0.041275059741965,0.008950773207356003,0.0018489631423249616,0.02806309223891419,-0.006769978740194756,-0.022583630317451513,0.010490654023643102,-0.006020291214351139,0.0022952952495352962,-0.022195111015612983,0.0040044737353427005,-0.0011109122811251556,-0.00487889506327606,-0.006532566975415937,-0.0071592092203482905,-0.031779534203969076,0.025303358565304766,-0.03510070781172674,0.020101609601598843,0.015036750688369889,-0.055286929575421556,0.013981520091521572,0.018184790072988594,-0.000360658340527703,-0.017410649095726222,0.018409709932316606,0.02244421803616133,-0.029469178521355936,-0.013698064144220737,-0.019429500085494836,-0.052840833704231906,-0.01852172286954064,0.031456900341504716,0.034511886102608406,-0.045518161003282286,0.018952500186122715,0.08714329720693031,0.02079133081528436,-0.005149954296910231,-0.014047548021248694,-0.036114767090008285,0.01721946814728441,-0.04367923880559525,0.022959057962837506,0.02975040161314698,-0.053575256624092245,-0.03311348835120615,0.08019972173053184,0.047882175764381724,-0.09443563045677976,-0.025162763214218016,0.11753452274548094,-0.09807140135092807,-0.11662805737457067,0.13621822302853914,-0.024938177618326125,0.2403483768010032,0.1410525041379054,0.038145609591677614,-0.00785772336825981,0.05701810393700368,-0.02326326296632795,-0.10449023246104455,-0.015024748764688345,0.07574892181251987,-0.09175168068985584,0.12725978554530626,0.13192433880087645,-0.0010125756622897549,-0.16037298118175694,0.13999937380884064,-0.051933094379371186,-0.19464632333747764,0.06123600552816578,0.16443048042947486,-0.06088638014228942,-0.16115737206172032,0.03887217486679306,0.02072877156302952,0.05643078151761435,-0.062108951187793596,0.027509054849321778,0.04823168622814998,sport
0.05944184789948987,0.0824090844799006,-0.008200985864110142,-0.07238399432395212,0.10852485922723923,-0.11094181301582808,-0.1366076783792511,-0.06965953145764815,0.0377695798304826,-0.005882836106428624,-0.004022605860780609,-0.019343148030449047,0.03156388748236586,0.009827861731254646,-0.00640992612719129,-0.08876022109686144,-0.03807385453217376,0.01349218677821894,-0.0774663609826932,0.016210566810594837,0.016606257904997035,-0.09488048355618721,0.02470548082983001,-0.02346165492995735,0.054268462890591854,0.14303925445961668,0.027080248035064487,-0.06941962047790816,-0.027430549346538474,-0.13163829539228747,-0.22752396460595656,0.4544658554066417,-0.14605900318263798,-0.034647195607273466,0.2590223774813877,-0.04696385807491378,-0.10670698687387804,-0.12061292242994327,0.012988322379233464,-0.09614122296951626,0.013075098721248473,0.0884619580417346,-0.04419245956277943,0.06086539018582999,0.03670256526331326,-0.026740311699485177,0.10468626908233099,0.04799782413588769,0.07382055841231568,-0.016221428222255734,-0.001160518631557405,-0.030731081042194887,0.04875004414147237,-0.03289106382397282,0.0017019302821406474,-0.0001751887977559589,-0.026581541882966565,0.021324529190882128,0.05522844885340151,-0.09296210645991547,0.007072026550578559,0.07477735398801104,0.046302369237765574,-0.09114959972549767,-0.09388467276221953,0.020087851816336807,-0.00915184951541471,0.007964245719335572,0.06595659228032653,0.03142760801807067,-0.07370238316745024,0.03765331742385292,0.017003836138747994,-0.08317225170028718,-0.027057234171475694,-0.020083392064552744,-0.04486228759759672,0.06900832947565858,0.06284924404822514,-0.08218718468615333,0.01393838050684485,-0.04848297869330066,-0.021946785068306267,-0.032388850962055245,-0.012224675508737574,-0.008213250292127197,0.08799262784918765,-0.029252279643069055,0.11067886204824962,-0.08621158820956333,0.10633964704120122,-0.07123622498192547,0.046189867721292986,-0.013437073509959053,0.05212880606809157,0.09992228485273492,-0.04261322814493875,-0.055579322942014786,0.05296397067953608,-0.0721860617961646,0.09866266228080019,0.06212672830370081,0.000507140790199565,-0.02750153714485414,0.00013255795197354513,0.1103019647198872,0.0390189895354177,-0.05251588733506707,0.009326955109320089,0.01250281091689445,0.04441625563088705,0.01622013363284287,0.0016061972666769145,-0.005289403604311797,-0.035638262014114054,-0.026459085898016817,-0.032036927789543854,0.015897102213896078,-0.009853078075065016,0.00502937927810532,0.028188430071476266,0.07253904526642214,0.05581605846172506,-0.01773940622396468,0.014122371674319602,-0.0059830474756346775,-0.02621331446391704,-0.024382979450657066,-0.0334357598503899,-0.020277323344900115,-0.086595483525513,0.04189877241927513,0.13695407730925407,0.1940264365754741,0.17781908299544122,0.22578506529222606,0.15120440039432567,0.05061196684763988,-0.03684720789594825,0.035276531813181536,0.0009766728606102172,-0.0015919167701019222,-0.0563829432214296,0.01624442074877822,0.025071815791840476,-0.06567352975547268,-0.08345863187156684,0.020341225111335334,0.01525377623113129,-0.046913203242601245,0.04139428907797015,-0.02979482263986086,-0.014627342588060017,0.010006881834074102,-0.015760727258125343,-0.01180337127825036,0.023186304582811526,0.021014172438904605,0.015060461038396996,0.045358518086029045,0.009661649679097028,0.011591742968619187,-0.012281571494467347,0.005887426993987229,sport
0.049986309864654764,0.06450630620351168,-0.013583508213831535,-0.05443137612873471,0.09020082918888946,-0.07812710055009882,-0.06937385047696447,-0.02304007563898191,0.019580175134280536,-0.0006968197578337698,0.009477796872783295,-0.03688594803535327,-0.014764085274381663,0.0029244273882431354,-0.0289780789445089,-0.07376958535006618,-0.08970757657452401,-0.0059459640868478325,-0.11548493438136212,-0.043944683819118056,-0.01826458642222885,-0.06752570965285098,-0.03588974797037951,-0.050095892527302795,0.04646899215719335,-0.03682925220489765,0.005949139134456427,0.006719824409775328,-0.03788551180839987,-0.006319658999740509,0.04529559704856081,0.061315757590929984,0.052129770581550175,-0.02042335180249373,0.007729976827759604,-0.10332688132772706,-0.0011931245703528518,0.19870220230886856,0.13681919155368685,0.08507165174504723,0.039617442801504525,0.07773513168799202,0.0516787525423784,0.016334740108691754,0.018389360524325073,0.06209008136817659,-0.09355911359244803,-0.03302921574001554,0.008254942912187417,-0.13107460276973987,-0.06766317827408899,0.24906642076427557,-0.04935989284296598,-0.20205867209101483,-0.18957682245038027,0.09403897223608709,-0.058345093304410234,0.05028881273085787,-0.09477284053280347,-0.12010453180597035,-0.09498005441027062,0.09914591631458479,0.2675118101570273,-0.032931190773623366,0.21725106100138475,-0.0001909989098801069,0.1119165490362594,-0.044565288919283796,0.09836827037880976,-0.05888702705808769,0.026959037271609556,0.058226018848303744,-0.08655215772018726,0.026081207473228264,0.2067354993607531,-0.013266600532417485,-0.24882485864380896,-0.042414574670917485,-0.24732321388519996,-0.13153311021582453,0.14761809081254706,-0.14772981585295153,0.06237395181965768,0.1458129562790932,-0.06366830855207832,-0.09804650079939924,0.10987210275943966,0.04630446857920964,-0.18208867605179657,-0.11870876812386062,-0.03723819956279599,0.030482274244495164,-0.16019106045484904,0.03944101120939187,-0.04858478262588649,-0.11287126568383649,-0.06263428195473111,0.015984653456622668,-0.04481057044093813,-0.05402195163976418,0.0005653226127303726,-0.03493026933893514,0.010738787801567316,-0.05350766978803353,-0.016424847373279157,0.05440325626245423,0.04930468175281685,-0.02790292717467632,-0.0023395746117345056,-0.035080029581312996,0.02654279583022843,-0.06679497268983052,0.019230984891924933,0.060267902373867234,-0.0417060977554329,0.0062830075769104,-0.00823531295085855,0.005361706549587587,-0.024793125303746385,0.02822542895041583,-0.0247649473834087,-0.012089776745971835,-0.0038947470786878597,-0.010631207583383989,0.012547943492481253,-0.00590405414419626,0.024949291717781527,-0.024424105178809562,0.0071607616692583335,-0.03707167950870933,-0.0023867175787596175,-0.023761187325534068,-0.004437306968588151,0.009814951976180816,0.004993590417591129,-0.03365471448181114,0.000837392442948298,0.01513486938479144,-0.011464961503885976,0.015359825932211905,0.0025668615181457305,0.009338870673361381,-0.007542816701379036,-0.0031611951545454623,-0.01190470020687363,0.0261766304925029,-0.02044020072247021,-0.01006862845071303,-0.012001952660544418,0.003944700916836028,-0.007753041386510006,-0.012583231434691778,-0.007670502388155718,0.007458314872493173,-0.00516331508132518,-0.018441354797432547,-0.00048271334006043463,0.015621312568044571,0.009650448990600932,0.011809852739985712,-0.012314206961592182,-0.0065057693017246876,0.028449866404655386,0.0020407635939765374,sport
0.14397111796703466,0.6163071022006221,0.11729676919153731,0.043917442655015605,-0.1473051041285626,0.10572231271815802,0.09224883338560641,0.005875950576341606,-0.02343826766212628,0.0012628706700897885,-0.0066737572252198295,0.013254865371814428,0.0059783303771121276,0.003144995733973749,0.018788606300104996,0.0006869511477006773,-0.01519712501399721,-0.008355512928095778,-0.026624117889078997,-0.0308954324070546,-0.004608967802470812,0.03259234202971351,0.01688591313526457,0.03781958041125441,0.06130342580493391,-0.026481052520846513,-0.027214420228888574,0.0043824318256463855,-0.055176456414075134,0.015583780592806497,-0.019200393432406294,-0.009576375873328087,-0.018160151801693072,-0.0353689034171377,0.002615727999139048,0.027685032522109156,0.0020936713623969476,0.00536864616249431,0.017727010504931192,0.010644802862185443,0.0010820892915502948,-0.022558393637758713,0.0013102204324682734,-0.008627037683774359,0.03312189334534434,0.02144504371165629,-0.037794940988083135,-0.027167873004063953,0.0156793335844816,0.016222515397700404,0.019545932399854814,0.025615717497681573,0.042071294170471285,-0.0004982405191108515,0.027654104755559197,-0.003402173105710697,-0.0177174895173312,-0.01686729583076902,0.0002806593545794197,-0.0012833468389094832,0.0021733419204430994,0.003716100010818644,-0.03519948940132873,0.0054002351496514715,0.006199525398924367,0.012005557257895809,-0.005602382579473234,0.002987337628175554,0.060724700171144286,0.04041553165386261,-0.011047195280432704,-0.03779000220045007,0.03913645727499089,0.017871003891913234,-0.014460148200147458,-0.01592177518504759,0.0030002640692580024,-0.0018587581924803278,0.02780986979578284,-0.042032433820203746,0.008638403738046602,0.0024364395158872104,0.006124257468400809,0.058317559753159075,0.05259639996105203,0.01620876464806841,-0.03221110609079234,0.017100935914626532,0.015614162910989651,0.049513354746666065,-0.025584870940505326,-0.011349694204141997,-0.05845949436781205,-0.03231126958110839,-0.014133044114517651,0.0065288306700476,-0.02821710180612806,0.015865775598269845,0.0038783583683418355,-0.0084489259101988,0.03762228035583485,-0.0011325499986504946,0.016834036568873376,0.029194166367717368,0.025416654826770788,0.042878415482921935,0.06220199114729016,-0.06433757645601501,-0.04316447279301968,0.0307495090013707,0.059926667997951884,0.024918349807952704,0.029990618963730665,-0.05832349466998886,0.15787740159703592,-0.060315478903824896,-0.04892755170428595,0.011039656150516785,-0.06781352948654026,-0.12003884599857047,0.008450105218083138,-0.03633850270597086,-0.08773135470380902,0.009440313730099459,0.007636901823657519,-0.050021471129289924,0.08137638673014859,-0.07763642626683308,-0.03419709035583627,-0.032762407870078544,0.05619025618389266,0.017673341032733856,0.02433172104904832,0.011302063708998195,0.03299497498031998,-0.01568647703376499,-0.061624197243250904,0.018658452028437543,0.09151889447991673,-0.04427513621005184,-0.024535113601716174,-0.12807331337572025,-0.014883555414919588,-0.09912743472244863,0.023203266027176737,0.026125519283594165,-0.055974821899444555,0.05790324586404044,-0.02512148347257891,0.027022633742689123,0.024790026128200946,-0.05116720058768526,0.03618509948697345,0.11714938396409384,-0.15713136287693194,-0.00335268752122838,0.16022927499491998,-0.3079918204354752,0.057642267631673454,0.0026875171273297877,-0.1623497797808709,-0.15804111762439849,-0.06664259594039228,-0.09785934211450065,sport
0.04632697931270539,0.07918955899206699,-0.013642336468253594,-0.054339480326379926,0.08179821677524685,-0.15493150848223622,-0.20741335593608273,-0.10990278994320414,0.06811508241657988,0.004254135252729597,-0.004760996650347386,0.004986166827054255,-0.024449993027177923,0.006864273539056708,-0.03921560350566838,-0.12641759218634593,-0.13929689941219184,0.026859930950402518,-0.13725858508445482,-0.05087152934801659,0.042773759848314497,-0.39984869676950163,-0.007015041288468739,-0.25374371935946277,0.10397535764642353,0.29678060940074974,0.10265910980828653,0.03093032029122207,-0.01199071457474317,0.09877834475359859,0.01686953859919963,-0.2975013075671751,-0.008459009908768566,-0.07648182524380955,-0.10663371254175917,0.08085324022025177,0.05298035340869202,-0.07340243159386899,-0.06296522571279066,0.009233412282076438,0.056913235770153905,-0.02597596670543445,-0.02693228484369267,0.08623589203637215,-0.0732741836229458,-0.01773838272523086,0.04636215966933979,-0.09164773196884604,0.09718173060159689,0.026094357215944025,-0.052163101175433546,-0.03635878054885534,0.05935520512552639,0.004513751579763153,0.021355305316302885,-0.023463904360827258,-0.0569605564823474,-0.05484032563481332,0.050000127315004486,0.00033194876956732907,0.0032156202941176974,0.025320304115385547,-0.07452032112470658,-0.018268240526393396,0.06879661241709874,-0.003401336258866901,-0.01860288902880572,-0.03941416666478312,0.01573658242071231,0.011622824963295789,-0.03204801746918818,0.02884554164658619,-0.02247618384476347,0.0355298998132529,0.01617377111054992,0.008125250962465571,0.027434034283131018,-0.043725371697418074,0.04395237937085373,-0.0643111296064969,0.02231921301109498,0.030654908026464846,-0.01414028597529048,0.034658401212692785,-0.04840035177186623,-0.007052389541224513,-0.0038524118691657047,-0.05702249722463974,0.037491729603105144,-0.005541851421076801,-0.0031084415416785943,0.027172538953102045,-0.04134922219655898,0.013731332869318538,0.030152956613947034,0.05387720729303604,-0.01881022126068917,-0.00951883894227543,0.037077279249782685,-0.01024101747554621,0.009688342259209158,0.057703015471401095,-0.01253060120562558,-0.03942494969135962,-0.056722684487465674,0.02541394925991742,0.018094559256891952,-0.019978091598091025,0.000992787025028216,0.005259759384118236,0.027875593035080665,-0.021685001383958638,-0.027917136958532558,-0.0036274693108308584,0.01057044447853391,-0.009583861210965558,-0.04828181719773915,0.01850978443902453,0.012015229165481924,-0.006665929519364251,-0.014637167753266405,-0.010718482168381708,-0.019008774173477374,0.012116484127446826,0.012412811540295622,0.05535857588041994,-0.047699707084477634,0.023231949655066093,0.003410022152258134,0.06076841768279774,0.009864654712054253,-0.011336581511254743,0.0011440729777229522,0.0003536249576836055,0.010704698124928212,0.05261915389787698,0.02255526711449877,0.014191368006955335,-0.000551067105791888,0.03767085266109401,-0.03882779927223263,-0.04306528006705995,0.04364581811424587,-0.06499566691660347,-0.03913897852660925,-0.04191505087452319,0.04955013966939163,0.01903098127547149,-0.021709303884552136,0.12581463811837085,-0.21337596223390604,0.03206782623363308,0.19127566743633928,0.03318169029511999,0.14712638578650714,-0.1254199888409903,-0.016787117085461795,0.06030710099382948,-0.12077892764310284,0.09480403687521369,-0.09869095895845209,-0.042934213930439294,-0.09549775290345539,-0.006710043477152259,sport
0.06982181777816371,0.12299761825973357,-0.006479892904522181,-0.0713555722240256,0.17989292395298218,-0.25328698975120645,-0.39950116629626786,-0.2824332638195793,0.17556138696504883,0.050705740728721235,-0.013751416052889357,0.23252582181564652,-0.07351341745885491,-0.04860424941156936,0.05012070347691584,0.20915138110602546,0.12305287897500011,0.011806093256458578,0.1164153105735486,0.027056662876555483,-0.017344515990457054,0.07504019567407777,0.004653070570776376,0.020701217378173525,-0.10553343882959211,-0.06259895433209692,0.0001358677701348998,-0.05033157983339432,0.040084911107038365,0.03351774952200346,-0.0096608738981578,-0.09644774065349555,0.0553893988570594,0.0034553134152440278,-0.031063563600249658,-0.011421291953357343,0.014737486095242999,-0.019417299815549703,-0.0036006720828509163,0.010977151712360588,0.03453190085893252,-0.005110396161949027,-0.006653623616528476,-0.04033761207221283,0.00876009940135359,0.02786419493259031,0.03112951272496946,-0.0032381424579565957,-0.01336573145058938,0.00724378735567056,-0.004317077829181664,-0.008063050071415634,-0.021602586385043768,0.01665016278904782,0.01890576212179928,-0.0087286510548207,-0.0048992608116517795,-0.02865258496998481,0.021140487590930075,-0.0020849509644584466,0.010088885972964251,0.007149537864360165,0.007630366352854827,-0.018238050584480064,-0.001823718619572618,0.012459082396136068,0.011717837927545717,-0.002930431173723043,0.003107145103550074,-0.010985051761227186,0.019055590879239564,0.0006243012164467477,-0.010604789903482053,0.030625924827271014,-0.017622125663757784,-0.021100236484573,-0.02242073897111838,-0.0001254618686634627,0.021184863233459934,0.0035529235674617793,-0.012613305721227467,-0.005427096780566247,0.012140339991045402,0.021180008399836896,0.008138074955340786,-0.00223896333798518,0.032342033173372864,-0.00927208089037878,-0.005853766720713426,-0.07425688518443554,-0.012825051870571357,0.00168786879481376,0.009827326680381936,0.004671873268871001,0.010758611053799067,0.01968355669736672,-0.04139296425038296,-0.057215685188503014,-0.002189975298302913,-0.03215725968805324,0.05589276138703835,0.02930916267547352,0.02728014452565878,-0.005666494323923086,0.05775482734438278,0.09846727073562139,-0.010082799204413496,-0.02639908537755538,0.02671616453827808,-0.05945246295386478,0.010902993592280167,0.05334029812481178,0.015340973806015764,-0.020430412157416606,-0.03745319115480136,0.015131233403859237,0.018973829185346864,0.006837922076745024,-0.009956036400007312,-0.08236760242689256,-0.01879735757906326,-0.03185402708208136,0.03611641024635463,-0.00860331156115011,-0.019769623761121274,-0.014903113733462705,0.04592190142054447,-0.03826997177592792,0.024555538248029776,0.08153810000260243,-0.01311760120967354,0.015120339701947738,-0.0492376020064439,0.007878318675623708,0.0438502930661351,0.09558328633328142,0.10318847711007753,-0.06344379411153923,-0.03154156194126397,-0.02773482443757612,0.01790646632471815,-0.11205245760582987,-0.044485819583042166,0.1244876944772878,-0.13778145224108027,0.05190622089285374,0.1698122585107475,-0.032161331503132926,-0.043867586147451613,0.16900664012040392,-0.09169092456679134,0.18644005582143813,-0.04310171885454089,-0.09973520490127286,-0.13926081555668413,0.040843383368539314,0.1512881245741628,-0.05502272403697658,-0.10374343699926263,-0.08267287119992174,0.11659899701451414,-0.008462365497092065,0.09376051923281906,-0.07741860768569127,sport
0.13169536106144913,0.6360792996822949,0.11753608014522902,0.05206819971725042,-0.12762771297503045,0.10074217980631167,0.08300918477340923,0.017569389312419015,-0.015823867320664983,-0.0043677148782938855,-0.0014937072728491967,0.026622398330685026,0.012137349671827684,0.0007865064063544047,0.011859051942619006,0.05585988991105664,0.04291752203033482,-0.011633672206474559,0.03714122777464803,-0.008502282341348092,-0.010383647639644718,0.04245113197759602,0.02145404889268104,0.04666661812343018,0.04802021405406292,-0.021057502870657812,-0.008631371324825663,0.0024306220739194113,0.00135351798420629,0.01632435422128004,-0.01137675193815153,-0.003994046753327872,0.003362408064895212,0.024254122454367342,-0.02707061993180086,-0.009004342080540231,0.01763287932718867,-0.043899132258000274,0.01037079394265667,0.00038943909733575615,-0.02722291060174901,-0.009645026836532546,-0.025334803248649125,0.0020601132421237144,-0.015978469204338798,-0.0019792937677225344,-0.0012176954788145238,-0.023912197093957976,0.05050447593938168,0.016624584263187563,-0.004666413113685451,-0.013271827835866326,0.03526944223011007,0.021408738434485788,0.026807972501078265,-0.04128923300871982,0.0022554407090018313,0.005107078596360819,0.007918542891025095,0.011940342761667368,-0.0022623391859286184,-0.010686394964616945,-0.04741544913524958,0.027137664851578824,0.011847307752179442,-0.029214498843581765,-0.012524172784642037,-0.010028402512477401,0.0069984282484493255,0.014337265224861562,-0.04796632260638125,-0.0034413783235662265,0.008989832317729278,0.018612712840396835,0.015920219301838113,0.028965922388869532,0.01235631454025153,-0.0008698949114380714,-0.00792517151104988,0.005079264912440468,0.019508103536447486,0.00393629862124204,0.017168058751283053,0.03720500468326655,-0.005710562193463212,0.016812019912376137,-0.013479245623247194,-0.011580538740703422,0.03380335065467977,0.0007368878600361932,-0.005988437090603074,-0.031477361173241125,-0.027097605162771335,-0.001247587175670318,0.049590573773297536,-0.022019277482648744,-0.07818456038018948,-0.01943060059034186,0.020954518602569423,-0.01650053047599598,0.023292775449706846,0.0055012109211103055,-0.04565178892968924,0.00972764318998794,-0.02957079756117433,-0.009572726467855314,0.07211979635760492,-0.07888884705333653,-0.02000694676475417,-0.024504608573118446,0.05195646732640196,0.013044492188794696,-0.018235851887953118,-0.015590878570441856,0.07872267778248711,-0.019073690109565354,-0.019736868183060564,0.01754358019939135,-0.013796087483597418,-0.025711908073738292,-0.0053921960170251835,-0.0397528844545005,-0.015954415773521313,0.023377006303964158,0.02009715384302125,-0.01896463254274959,0.001092898530670367,-0.013928020827236294,0.013616333650638718,-0.128130954125843,0.024559113788945194,-0.06634983425349392,0.13436411116808072,0.029579160230600483,0.06364569088146958,0.006907355823617603,-0.04157110247540987,0.08096445287498558,0.05573301377857313,-0.027489022725721266,-0.05201803583855881,0.058550771459495284,0.04133804080157427,-0.05095444742914246,-0.05026172245368438,0.00996055417957253,0.030195459280960346,-0.16789650049843816,-0.17071484184773372,0.07437971414481392,-0.09536036893503234,0.0045040178671659475,-0.034606516493404245,0.03490249522241308,0.07469514970730452,0.20999748038600935,-0.03565974638639752,0.2959501321136342,0.12315560016640915,-0.08417522595584678,0.002829037940427204,-0.0977104929931986,0.10580268175946325,0.055694954544412104,sport
0.08684281956864688,0.12434715429054444,-0.05067417293111595,-0.19001603933511185,0.6411547415277066,0.09557800638369217,0.3620960356865448,0.10117422027243776,-0.12862292113607607,0.05185624918989011,0.021852071557172344,0.12521656327502212,-0.07351297141701885,-0.00902025547031895,0.0017892239181074862,0.04411108792116206,0.0031933602624430097,0.021949714252510282,0.0015574430410810066,0.009741224199708716,0.000417045137445003,0.013779083638394748,-0.00939103305021415,-0.011460754510662495,-0.028694567303397353,0.017131396217249573,0.010122932074740867,0.002907049685454605,-0.022740954192509898,-0.0018389976966790304,-0.03099085967711061,-0.013656737606190504,-0.05452238030896389,-0.014524758971146383,0.026785667493884016,0.04547582537079524,-0.00919419619695209,0.0007409225565819947,-0.015001176906541593,-0.026820769674794513,0.01660054397568283,-0.028864695337570523,0.026850310852272637,0.009869905603376247,0.0070242393991076174,0.03736049469264192,-0.02793047981872094,-0.021971907300322616,0.0036255154320586863,-0.0014965637158609818,0.011852496731252446,-0.012612543470096691,0.03868801544953262,0.031684566831800653,-0.008327308480462009,-0.01710066252856995,-0.01894773051815749,-0.030593684696323616,0.010727839505126707,-0.017067891067747688,-0.006286008100082019,0.0031262671122807063,-0.018911408969859364,-0.005411647352647543,-0.0006293168393805798,-0.014575695889528482,-0.014278395224234575,-0.013776775458150195,0.008350172263840085,-0.004663102035482011,-0.018513995112133877,-0.011595349710655381,0.004472211021148562,-0.004692446817278366,0.011521415192464862,-0.013648091974061792,-0.0019564885652824846,0.01573041403261276,-0.003968785701805501,0.0029167690366168277,-0.0028095881239352813,-0.0010809145473810796,-0.006298939065647138,0.009121265688583043,-0.020813222975654674,-0.017106346571795383,0.022341724748540192,0.007901635222115655,0.008142704802225066,-0.001378464048189978,0.021816982898891283,-0.015433071249450994,-0.021045582625268913,-0.012355697373238219,-0.007770121921750769,-0.007865711869961838,-0.01068730804819614,-0.012662932273341164,0.026182317029741158,0.0033706902321891464,-0.0003969903883930619,0.021046796674451293,0.002987433993321606,0.01513856905946101,-0.014615421629429855,-0.0009657210209804649,-0.008553130607526518,-0.0071222592170241536,0.0028249170146999645,-0.00716609375312993,0.004868708585231095,-0.0011802240857637326,0.002635174933068573,-0.005599184267889432,-0.00788757476777763,0.013491181666178067,-0.003121583859277509,-0.019979411790394187,0.0022871677794654853,-0.0015634822509941327,-0.0030919943410680248,0.016561740670712793,-0.015217760462173604,-0.000558052522807614,-0.006026958230635788,-0.024826571853590582,-0.0013081989836023354,-0.012293494124060516,-0.03725250218358838,-0.0350115010401976,0.02318847660753806,0.0015036488639193389,-0.0024570811576042095,0.042837797283211215,0.05418411179104559,-0.07403120002337374,0.004517323469731314,-0.04119520607715358,-0.0134252457017251,-0.03924011311496203,-0.015995044024403767,-0.03777418235855251,-0.037622949036971026,0.023167626272234367,0.03590613627147352,0.0006734276603005278,0.025220958509614737,0.000263330434818739,-0.049164513147635695,0.0007243913999952951,-0.0031802748591807577,0.009478003830907118,0.02535868518353033,0.005970952857336503,0.00540948184383504,-0.029071792310217833,-0.022705288868070047,-0.006796023151203199,0.010181692504548678,-0.034234025225291495,-0.0606233252760205,0.030705204470610176,0.00864939621398982,0.004235408990978897,sport
0.1126027472199436,0.14299751862006574,0.0024955255663964265,-0.0699324760834568,0.1987939776671437,-0.2386148598259106,-0.37584887843496023,-0.3135238490934556,0.1879227037976039,0.060532676984316636,-0.001633155123448653,0.2624909025245482,-0.07334415401145783,-0.049287157987232114,0.050753428563693366,0.20526560574768496,0.0527584013497671,0.022641378859877832,0.08569392269729015,0.03238930284903812,-0.011248206526034853,-0.009820409340448201,-0.030421736149536954,-0.023826719398183382,-0.08661746041541221,-0.0272638016187671,0.028478829350263808,0.02685411234434635,0.022659333141528726,0.027772464922921545,0.09304225910187375,0.008163391909607586,0.024020486987865096,0.0024063380002677945,-0.0016325863118394608,-0.05419931421053481,-0.012727706855640694,0.11142085238927929,0.016665945639918956,-0.0006674115010272673,0.04873050543661243,-0.013099629454953134,0.10407277435694418,-0.027195198430925903,0.05533513425670331,0.051753932542619965,-0.0683930256058813,0.06531340481002676,-0.06614867980166983,-0.04732729128550663,0.07536704585610345,0.024583493389958584,-0.08711484039250912,-0.033654713022961455,-0.15289872284399147,0.018733227721367037,0.0248840222505828,0.11056505445251251,-0.026223620665963437,0.021503297212863676,0.001339932645274749,0.01994977056976154,-0.04959015864284705,-0.04890479889795144,0.009879851770473859,-0.03988965877709209,-0.008709668098712452,0.013460171685804021,0.023873885299664364,0.02966667603708172,0.10458952310703201,-0.0005911289205766441,0.06512093878672455,0.031590996460442014,0.0488792483344121,0.029973038389737455,0.11558379724704196,0.039571710536974454,0.12574018452870037,0.023052911847072186,0.054417762465513386,0.012840030709098964,0.002979469892949496,0.09448343475221722,-0.021236715902566136,-0.047874524908479196,-0.007327607696556997,0.0008913554014336213,0.033346778842669844,-0.006735476758799427,0.01048344929626363,0.022669710639127438,0.04438690325360253,-0.024606633211419416,0.04263794898190467,0.004268818883453229,-0.011530276424524396,-0.011030029686102382,-0.035999927621060995,-0.01338513434665029,0.022476429822516082,0.007986002592690925,-0.007084953629324595,0.0014622518023736574,-0.022265468363257768,-0.014123051067629027,0.009186193118971505,0.0046380258655484025,-0.00873682117269663,0.029528022371600383,-0.03295343482621705,0.040645494141369004,-0.022496342524067205,-0.003378885440421721,0.03085243046311195,-0.04170699473535627,-0.0018136330710456572,-0.007273644938466658,-0.003902297718328403,0.00721050533785522,0.002282430331053244,-0.010656568260116869,0.0013368196436457755,0.0003454225865589613,-0.0240093358112623,-0.01558097752506545,-0.008595968366139716,-0.004615067129360475,-0.009197930817010189,0.0396033665916359,0.005695378164075431,0.025564919199182266,-0.015375013370891946,-0.010588608897516536,0.0029179038229941207,0.0019860444362886946,-0.04090853185612106,0.026480043706637105,0.007724693638253195,0.013932875057135,-0.018209294539684916,0.027541719149319854,0.0024151960110452295,-0.0514131759520858,0.08071466121888451,-0.0281502229530178,-0.021839081165044783,0.015470845110623601,0.02406723778370396,-0.03946366263820363,0.03972446175937076,0.006800796205536283,0.03282137074235035,0.04183633742259668,0.04115281785876031,-0.016373934335407077,0.0019915901457592,0.004320813897699839,0.02261019115325898,0.007921444742182348,-0.017642626980476476,0.005473583189717851,0.016392129125482286,0.02890785258673892,sport
0.050904603365416405,0.10644601382847205,-0.04079352319527761,-0.16723190025343032,0.5194549039673575,0.010186542057295068,0.3236243572058943,0.12178568415343835,-0.1608316743247814,0.033708490764494344,0.0045050661802351006,0.07212724873464543,-0.1320563920517573,-0.004510828580028019,-0.03147360249779953,-0.04026371935226254,0.010587050369889238,0.056786969462563085,-0.00048374287317841456,0.08761312087648536,0.04952803675750019,-0.03310099912007601,-0.016358042827490798,-0.08523775518358362,-0.2281242808259893,0.0634715805721277,0.055009202471447166,-0.06854409300199293,0.05959012430756698,0.0009179526858617858,-0.08108550279141194,-0.046790911894611875,-0.005791764524679906,0.02080001449394895,0.016038014522170078,-0.02893823673954978,0.024048011988743675,-0.008644698101850368,-0.0768071839641804,-0.006684526843320467,0.04829667086860061,-0.02171472079552683,0.057653221774772785,-0.00041378937748048287,0.02729403677339008,0.056335779711067485,0.024914351351978326,0.03157279096444016,-0.05977942451257794,-0.0013633365140449667,0.055435844550740944,0.0014592304193234485,-0.029019210908194794,-0.012218706970687764,-0.02337539057514626,-0.03569807520808413,0.003512326835398346,0.022655812970676,-0.003558468866710488,0.01307747227497449,0.020999343406356372,0.028201688832547797,0.017756974807226947,-0.04329979515880274,-0.06720098159915999,0.056670161005608,-0.014184208265828434,0.028570638506830198,-0.030539226868922537,-0.008231672876387484,0.04049381602974867,-0.02398252085416582,-0.05192502854674575,-0.005074777396933062,-0.029526035544526347,-0.009666198137661149,-0.02148233969043701,-0.019242720055780538,-0.023065531050241,-0.0018714523670220501,-0.013350194191908134,0.04251146303818087,0.02592125622032546,0.0022730027514580716,-0.05980655266376291,0.0021877560100854484,0.015110065580891452,-0.05463728739160064,-0.02136994117581458,-0.009945258991483052,0.0036928464424173784,0.0055424002419463166,-0.029139076118826115,-0.002961230535990968,-0.03829798341121199,0.03338456224949441,0.07069809028489263,-0.05742615053750624,0.013408563153728462,-0.011077265485102126,-0.03740103583591468,0.03854089581162269,-0.031247350369751854,-0.020994659985737532,0.03730923245943999,-0.03324789764355834,-0.0446479960390137,-0.00657867863757377,-0.05942830806142822,-0.06906435971166981,-0.027620262155235692,0.006915318579141169,0.04103212725998686,-0.022588001494917333,0.021361091652128565,0.025526591122629557,0.03287923423177993,-0.022576963727557967,0.019795509948671627,-0.04097335422334885,0.020672082064761333,-0.05327594424598833,0.003826186152432446,-0.012423136580891303,-0.01032099169284258,-0.030500413868579514,0.0009189872786993337,0.07667953201355605,-0.027333396675570165,0.039695212178167606,-0.050126442823435306,0.01293642141349978,0.017638046287922437,0.04638163059469906,0.0928457129825455,-0.025091867256726,-0.019437934213211834,-0.09765345896825314,-0.02644661259547701,-0.06662748147267242,0.0849829871768066,-0.14383185376101623,-0.020716196207831203,0.11357305479226655,-0.012032558795370386,0.1113982378499784,0.0034733100426609046,-0.02859411708222636,0.040304874258412365,0.046832300863408484,0.05067952531777445,-0.015377998147366238,0.06436937941348919,0.09026853487051287,0.07601694442768436,0.015471072026228046,-0.1471474373427697,-0.04971125003623829,0.10380550141969382,-0.05087951639286094,-0.017057397420944823,0.0730085811235853,0.1164801651859747,-0.03596575542012209,sport
0.06736819043009608,0.1286448245317269,-0.02080081241282332,-0.07726653791159628,0.21136057465986724,-0.23069690793059888,-0.3539536490599839,-0.27005066732531463,0.1646717267045124,0.0405189330358519,-0.010027132226125026,0.24175473371941086,-0.04716741656927611,-0.05639133177234189,0.0773745350885513,0.24636918621740558,0.12201441230992964,0.013795488573773882,0.10011720070588372,-0.007012410389447647,-0.025929661161357073,0.08872751982327218,0.016618777065114956,0.05368204718684342,-0.041797499349734715,-0.043197877596894085,-0.007539708461373218,-0.09619392502150534,-0.0059683834382857695,0.022563325320159585,-0.06179709504769103,-0.020820635163088463,0.021332326505707856,0.010306067807363161,-0.0035756631413780653,0.002577393171161397,0.06398810995794915,-0.01840543556032938,0.01303697646776815,0.02396196364481821,0.0007682132437199826,-0.009418864032363259,-0.050646642855943474,0.007023972743654242,-0.03041899611611026,-0.026303089959323695,0.04078568735811693,-0.0003977176366808269,0.013048578720939197,0.02734486383618967,-0.038741312672140406,-0.0010529276177827208,0.015359172835648725,-0.00352862805414424,0.06673801210223698,-0.012750485169710857,-0.02604216266280656,-0.033557346875410336,0.029411488931381968,-0.0261587597326174,0.009602831760662976,0.021276394688907282,0.04846551901522304,-0.004026130026194185,-0.025608386642093518,0.015908362914630426,0.01586241902672783,-0.0026957429473405694,0.0015777994074373195,-0.03276409664491091,-0.026919207146443812,-0.001393852889173453,-0.035593247116429486,-0.03525020302916071,-0.054716558128980575,-0.009277436655593907,-0.04570215572207058,-0.03601082410059565,-0.042827909312959246,-0.021621900028937463,-0.007269069235483765,-0.004224482841420289,-0.0021801583459138403,-0.03284887422940805,-0.009731813544324666,0.01394932321843742,-0.00844062411110594,-0.04054817592982091,0.008942230528932378,-0.029690432637532682,-0.028471990282467295,-0.0002221438310227818,0.005995091190935236,0.03839128126881111,-0.029266738860565505,0.009456490604594176,0.0654502703436151,0.039570463672682694,0.0057386003571340705,0.031905373465687135,-0.04804239565218127,-0.03722236734537803,-0.036426159374586486,-0.008906215125135094,-0.07510594965963281,-0.08235953457898389,0.0002642672184305626,-0.03345614452909175,-0.020477464685412994,-0.00511574739104708,0.04043214991343383,-0.06589806464364076,0.039008437546115646,-0.027215285200393912,0.028881167519748636,0.00873961585325266,0.010054926647278433,0.02812636078453329,-0.002666905718099243,0.030778354953771413,-0.0020696595476869485,0.10557008630501838,-0.001669338210513408,0.08663412640969242,0.018641031832284476,0.08924965433832363,0.05542033171303005,0.06921264300635424,-0.10265233527082505,-0.07729917116321258,-0.02170871498746391,0.030899887314283937,-0.08469754625532538,0.05060856683101225,-0.028160533466525473,-0.06807728059905917,0.020500682832587557,-0.15325216064670147,-0.054356357167499564,-0.003916108066956672,0.02877189699955439,-0.018795222956404817,0.1196789398843181,0.03179966955442636,-0.05530546425890172,-0.058617654938669383,-0.12032229627439388,0.012271229860752983,0.00810451700523412,-0.03043731202665416,-0.06366398791634548,-0.062371748046895825,-0.1745700209920211,-0.1344316884541452,0.045206366423245214,0.068359544452998,-0.12264286899802673,-0.013728985777586971,0.10094470966682532,0.1779086810193695,-0.10761348671642497,-0.17394583139232236,-0.13153575500878406,-0.009124650466998412,sport
0.19085931450752483,0.6815545905164099,0.15175320722554142,0.04559079084418799,-0.21954109273924488,0.0442799559460477,0.007962341230963114,-0.019061427949390992,-0.006652299785146488,0.018969950714211415,0.0008759924816258705,0.052378901102396576,-0.05112374266441344,-0.01783739363286736,0.00010426231709097147,-0.006124920460644871,-0.025750640827377394,0.0047601993597396605,-0.02941693976553985,0.000398838850312557,-0.0014902092642777019,-0.06130030353142482,-0.012751362318930913,-0.03901346889995273,-0.037508378368106374,0.024224114653041598,0.018924497398568493,-0.012906290271009209,-0.023097420935106732,0.02109621944661419,0.009982215296256891,0.01989720421345843,-0.04054925385346009,-0.020237950068475813,0.03716202986568663,-0.004096033364944845,-0.02775476230149656,0.021604537785876798,0.0034183891624310642,-0.015686554077115604,0.019194953710966123,-0.011321858092545597,0.04590953221536829,0.0001197464728424979,0.05432490143979559,0.04589700553991512,-0.01114520240938491,0.015669798349654235,-0.01239412412257815,-0.03009102505970925,0.05223055085217746,-0.004992511143094793,-0.003334051661508038,-0.0038804626110280458,-0.05726173025329801,-0.002736008973207511,-0.04257755339231875,0.006757230805393085,-0.012836013146372517,-0.0077277626770098674,-0.00986152363205002,0.020345049133090612,-0.0053684536024499905,-0.01683567816723506,0.00046746367991593843,0.005512618362119526,-0.002596877650617336,-0.021538333510091445,-0.00419462523947732,0.005060894182300315,0.02015564919845485,-0.0033916915124245083,0.0006410639420656875,0.016305291840165596,-0.041717325983212754,-0.020554349971946384,-0.02689216868501825,0.017658031846162395,-0.012036564397800585,0.01831623465177849,-0.004695474420964308,0.028305555273283687,0.013227057526711525,0.028125928102259782,-0.021412802025433175,-0.009043262220065393,-0.026028560869758823,0.002266086712530018,-0.009365340819944515,-0.012392892846815651,-0.011162898357345468,0.02385204193023658,0.039305313329150056,0.0034079096027970247,-0.03468914185756518,0.026193164572526077,0.0002598264765356907,-0.026761821456035347,0.005949613734272687,0.022631485424237246,-0.031066858983185276,0.027974271057550352,0.03939791664743559,0.005925279666690825,0.04107099297516228,0.012952911401712649,-0.04765190098885366,0.03297936985182935,0.0071559495950275125,-0.02756777253072035,-0.030038041862854973,-0.026026628201326202,0.03787719117135875,-0.020732375549920322,0.0036802277844002447,0.013082619473020269,0.03607053935300933,0.020006090947214727,0.0013393454309823295,-0.04300574517851308,-0.026306417329003465,-0.02586434792702877,-0.029984270447560746,0.008010968794489688,-0.019675984251000735,0.019464297624311806,0.03569818928017165,-0.009104530830668551,0.02549788310458224,0.0122159150804186,-0.04754705302254408,0.012965565903810742,-0.023663070776262004,0.020436997799316636,0.002003866406377614,-0.02890551178995408,0.08054858320712276,-0.05831618543602404,-0.04212817675589469,-0.014246455548996617,0.025184666611767537,0.003919479317179738,-0.010246772964732104,0.08438316459974184,-0.047200816142550464,0.08980894347224003,0.05586567130824205,-0.007967488914913357,-0.040439957435764604,0.020530224446011987,0.03357888712520352,0.07719222229201568,-0.009162321664669636,-0.024950675084352482,-0.03949411293145448,-0.015786629410048193,-0.00035314860161940497,-0.019463150095615823,-0.06785978029659691,0.015675843038091726,0.062022288289761245,0.06926446088058284,-0.028979490051327373,0.17732544378786924,sport
0.06258704693341265,0.11008593064308723,-0.023005594618148145,-0.045655868275236815,0.1809255695536197,-0.015716457017808085,-0.03359052441438653,-0.0423477075959628,0.025785267032382868,0.01338664524309589,-0.0011617116425371534,-0.014724359701046862,0.050635832337227515,0.017700958707521666,-0.01187828047180542,-0.05219902792064678,-0.13474157498003034,-0.0415136067959136,-0.000996405707054765,-0.06711891341917016,-0.03172519898418368,-0.05248787388429783,-0.03224486717021402,1.7638126052979803e-06,0.2398646001133881,-0.06598884578886835,-0.05815531902566397,0.17450839263385517,-0.04551189626606879,-0.10950136542458772,0.15278493528132167,0.13172410250725913,-0.054560355073436664,0.006479735564727412,-0.003916109974199198,0.05291643059643531,-0.12610488135582665,0.04433451082407881,-0.044909221803832944,-0.09552671242997529,-0.11361564880579529,-0.03258900311738944,0.05598789261849719,-0.030694544053228374,-0.015885242800465414,0.151083915797508,-0.07159341691034045,-0.023488866341250074,-0.01636871907138766,-0.054895383430206376,0.05859052182092032,0.05230703742409492,0.1545250024966589,0.040320702825551016,-0.12406399869243898,0.00016119802750141094,0.002277370826844457,-0.0795277395033796,-0.05520587957052354,0.036505252966531544,-0.05832532747660807,-0.10301369437089164,0.05343327714768872,0.15170493685059003,0.09395250236435902,-0.12389933019571747,-0.033767930679227974,-0.11281968382676338,-0.09548884226446742,-0.05381544439292075,-0.0312188580537062,0.04126249120315438,-0.06438208669458563,0.03190969684435549,-0.0037561718386814632,0.0742369249308079,0.1326855212773296,-0.046778089211218156,-0.07035999540148381,0.14149609073953173,-0.032397645391004946,-0.00326490729201508,-0.03209221155892322,-0.10139918756698951,-0.11740226395517821,-0.0175926411376188,-0.025101533665028344,0.13344331751264815,-0.02042160737311861,0.11415320229331458,0.1358900563184674,-0.2698809985574368,0.12441207761638447,-0.0289302552016941,-0.05498621263083148,-0.08736544713089679,-0.05169737117698818,-0.035176792081182864,0.00026889264434298073,-0.15567157789947936,0.050260189611138796,-0.050298808478525234,-0.18523030463441473,0.010202370558800833,-0.031019455642661745,-0.10047428081275879,0.012464372606650861,0.0005404599031790929,-0.11828134950365353,-0.16743512177441422,-0.08952165785003503,0.034350318251375106,0.08907647159542949,0.038016749485538494,0.05608982507846619,-0.02556034651267546,-0.051448506321780864,-0.03230758021068306,0.05067126020040206,-0.12119254091382373,0.06633402981714065,-0.10122380949757795,0.047583536892425025,0.020926641718740174,-0.04028955544604183,0.08165081937587049,-0.08119978453604541,0.10238380320383231,-0.019634107412566083,0.07412936101245679,-0.01536888813495421,0.012651901293712542,-0.02284351088500204,0.012568115913454813,-0.029984676099082244,0.0749318548476145,0.017751510964884185,-0.040082554799961916,-0.04124132126976144,0.02175041168141165,0.030018160930992258,-0.04312941275520655,0.064595321273024,0.0027695818019929,-0.019492442121710817,-0.02435746466654513,0.00552034250773373,-0.02680040318754123,0.05744940525147082,0.04879413221523181,-0.005541197273743742,-0.018194833213379606,-0.03979323376657211,-0.02582777528342271,-0.02008941096754944,-0.006855110793479685,0.022026853562971484,0.004886282183978113,0.009497956410229554,-0.0015786302853582977,-0.011177429143613657,-0.02487346668926453,-0.012557218673602061,-0.012802402110624028,sport
0.0452976814556091,0.08013883839733804,-0.015558491236974071,-0.050202270899886506,0.08835144702638079,-0.14036224439528433,-0.19619933612300317,-0.10437762412751476,0.06058745225444,-0.0041683628249470535,-0.0036735937292716697,0.0034972455551319647,-0.0013152357034065087,0.010272531100799696,-0.028815381807558573,-0.13117532397922205,-0.18061805889438928,0.0076663017835192455,-0.09755160039776785,-0.04128811950346365,0.02937196362002257,-0.42084171685771515,-0.010600038962603866,-0.25491115625974337,0.10676627354578326,0.291409325229802,0.09798478605208505,0.0374522952727995,-0.018430364223636447,0.08949074649654845,0.0236912275100921,-0.2873606396064118,-0.02461954186267815,-0.07972230682853328,-0.09561746170337868,0.10781794890390384,0.0383500769337627,-0.07986952788682836,-0.06317275901862777,0.015444946812413632,0.04255581585952636,-0.0068191244316600065,-0.0029533022232519175,0.0939974260242303,-0.05158343367707642,0.00963684875278277,0.043035961896796836,-0.1019419043619094,0.08425721538953482,-0.003212562403370982,-0.06274331342152134,-0.013202578688421777,0.06349389214461468,0.021598333665782458,-0.00733980208211261,-0.019043448394249842,-0.06734841475948886,-0.030760859672050986,0.03403258534868285,0.015478214671280915,-0.01002348156418399,0.01489867871761977,-0.10083271808842534,-0.0012518908090223167,0.104988845584293,-0.03618943839487452,-0.039979067237300575,-0.08289878035827773,0.01741060932796504,0.016140918424323004,-0.036520744541487,0.013771329504084079,-0.01618769931003975,0.034608173028892825,0.023650741178597952,0.008268622310187004,0.06838528471657326,-0.039696346886064736,0.03341218880475709,-0.03298105252334204,0.0068672124206468335,-0.00197553928484061,0.00237054968440052,0.007694254440603392,-0.01655887368095695,0.027204287991578483,0.021212638811087342,-0.020588468878657593,0.03983316207686412,0.011927553282596164,0.007713470342755709,-0.03106014630452595,-0.010714503278949803,-0.033963218166572995,-0.019380695979845763,0.037288192716256906,0.019943424182256444,0.03798562972873629,-0.03837854302465485,0.017238596653409304,0.014127494641536321,-0.02476113951826192,0.015010116880562446,-0.019110039170856668,0.02027856056423299,0.014589516398649461,0.012075109657971275,0.03320536055245129,0.027580191129802333,0.02331083018928309,0.021471745773813444,-0.034866136187943826,0.012103074679416225,0.024783292474440284,-0.03674421573280837,0.00546823762507151,0.03168296884158685,-0.02364683226092312,-0.01523433277729095,0.03779919965180992,0.02366637938716085,0.026093050207143777,0.03971989738005931,-0.0019456026805831498,-0.016026882212831984,-0.015202052367934253,0.04461842243086796,-0.009461502373185007,-0.014053614350425658,-0.06536861670599017,-0.021548947856717085,0.007496678833341829,-0.0022188739636077805,-0.006777234659567769,-0.015623933359512699,-0.03041544301775417,-0.04227097817992362,-0.0010623296046885034,-0.016673099750474395,-0.02630810674164043,0.027170768429607448,0.035688052485774724,-0.027278471688224493,0.04121628356412502,0.03803187271552051,0.020752932385625197,-0.05322656001082374,-0.02322226029100779,0.02739548982173878,-0.11929335416517599,0.21539637027414307,-0.04766316801701116,-0.18217815500880233,-0.01921726308383975,-0.13191662930728526,0.13558691806268575,0.012014094555653812,-0.07057026263462247,0.12751611913045197,-0.10941358104853856,0.09201696298347434,0.051747037745237805,0.0887664418756629,0.00882716974231097,sport
0.06198370632429033,0.10468521548524651,-0.051409397458932554,-0.16941911797203654,0.5693406027603861,0.08843208210212145,0.33214737871145217,0.08546048756291447,-0.11762669497234593,0.05733095296667017,0.01583337218435709,0.09873460343254661,-0.05141985062810993,-0.0004858112194422063,-0.00961948056354184,0.051525772189454325,-0.011429527991723037,0.0027920110126778207,0.01107181963098178,-0.02892789398687065,-0.01957211315881289,0.013991383102130316,-0.007621997595878832,-0.0049027309705476545,0.011961137302038656,-0.023550090037822588,0.008367753235708543,-0.013197355909391978,-0.04945906223263387,-0.0042670777638441374,-0.0176055302182557,-0.025706476565452847,-0.01244929198694063,-0.06277334949539745,0.007774719283364037,0.05441977469385001,0.003700388711280064,0.022175338119137505,0.04269259965839833,0.007714645895123816,-0.021028358868625634,-0.031696610736627766,0.003461792694680474,-0.0024678650153858173,-0.020729726746197753,0.051351483963099694,-0.011370112638978313,-0.043903286104190926,0.012545554062236562,-0.006394886698915204,0.004933371800264404,-0.007050339902230103,0.016432936564153827,0.04740995702673368,-0.030303872589595302,0.03437246431240032,0.008516944312154582,-0.04594147721540554,-0.006554850963010226,0.011930873418540763,0.003182047341160365,-0.041930715272821856,-0.01912118720195238,0.034457052687777115,0.02324825467083533,-0.025334359594911957,-0.009777786530600342,-0.052561867364660786,0.007426406593108421,-0.01610973536068702,-0.00779137789053685,0.003016585523028482,0.031154220815645384,0.015937968027098227,-0.02579098617292067,0.006533224371174377,0.012836028762745215,0.02057220087982508,0.033872301705554254,0.03609937560665552,-0.025261021711140367,-0.02546221436706209,-0.002537869630983732,-0.018132315299018452,0.03853329642143365,0.0022192733738517637,-0.018679284467237278,0.010877826463018577,0.017976085575907595,-0.004068522778059806,-0.016301190594110247,0.013114641213903674,0.03035260800820644,-0.0010831123312372178,0.05677662675870906,0.001226801610058296,-0.035071456766346175,0.04910579743254713,-0.02038382667957243,0.0045346437304352545,0.04410430718580891,-0.009110228953581977,0.036349793426344014,0.013626528985111306,-0.02741353714890126,0.03587068452104599,0.039732288091278684,0.019413936536412178,0.04580825042137938,0.07403511570139941,0.022160889844828637,0.020526292106166535,-0.001130768279367504,0.008275598913221492,-0.061622411224138585,0.01107064907410252,-0.043488617684487585,0.016082504448491037,-0.014666536995761375,0.03081187333358767,-0.026190948872789655,0.10046798273282491,-0.012106226946290571,0.01612766858616183,0.02249965474238571,-0.0400173907734215,-0.04127286832939473,-0.06534210629230901,0.005876820201437904,-0.045667787146751425,0.07548592553376639,-0.031072663574664396,-0.05392524563769078,-0.039785917731012005,-0.08637345562667115,-0.0058043055806780664,0.053103648771846625,0.002082981460095092,-0.04294733766414333,0.07104739724141913,-0.07333477229208664,0.12456299749347526,0.02901878524171328,-0.06357117395692148,0.008104310118012601,-0.061141519800523986,0.004274844014475839,-0.0069154355920685645,-0.023752554387133466,-0.015406440943644007,0.046145313733903286,0.01309394179632798,-0.08744296815272665,-0.10547612515223426,-0.15672017417327608,-0.08660040925866205,0.1788307564000945,0.09067258603958787,-0.15597312837847935,0.10903748254554023,-0.15533492416716183,0.05874106082918239,0.13003066802716348,0.007041944796597115,sport
0.06394415327109323,0.12082649207112628,-0.05173899401980656,-0.1746865611068401,0.5709002408671803,0.1056976355514235,0.3209767008373839,0.09075518833353648,-0.11780987430114415,0.03652909724061461,0.004085531394106772,0.10530407777026501,-0.014864550565978095,-0.024023546309098524,0.015063286242455929,0.050893867082482,-0.012793242229480212,0.0026704904507243808,0.037384533164777044,-0.023052537570605266,-0.023601318810181116,0.028589463255570585,-0.01304561542503791,-0.0013579578855266322,0.032614353041879096,0.018925241681122983,-0.016449504558235586,0.011915159237768291,-0.06564679786882453,-0.011766781874182846,-0.006752526048562485,-0.011611469592597113,-0.03148429030683668,-0.049862314377676444,0.02597536105833728,0.0753311483793348,0.001630789313633843,-0.011245270960327321,-0.011303714428752422,-0.010042208248748458,-0.024828555024827288,0.00548350779557692,0.003294416365327451,-0.016681699932006258,-0.010050106117936051,-0.042873977141342376,-0.07427643389596081,-0.0432401468380481,0.011148151687900473,0.035627818498173563,-0.016064781923640203,-0.013836344076733561,0.012913617268807628,0.008845826119800266,-0.04133263990405937,0.02546417739759747,0.010473843969571607,-0.002469386465623843,-0.006620491694091725,0.0316277847259189,-0.0009348309675075534,-0.030803982609017334,-0.02979258257245445,-0.023036552084757272,0.03653774404078435,0.0008566677398302995,0.013842240730593952,-0.03397091793545624,0.018262812313670673,0.048800754444067056,-0.006510695781726024,-0.02405239178761785,0.010320819776692702,0.015096191468015982,-0.021589429116229738,-0.006943362536355833,0.00042753471796462116,0.013595489701050359,-0.040606418676203536,0.020411885840052105,-0.029496040358737007,-0.031015521148549274,-0.004802586270782832,0.017166856824753527,0.004288383912881163,0.03031977745333319,0.025671836439870557,0.011420056288655934,0.037686483902235134,-0.03908099055273933,0.03779980563080858,-0.022977055078697954,-0.022318622908246544,0.006242227926311482,0.016280518968759424,-0.04164454966499477,-0.0416647781157239,-0.01756565313072536,0.028995591176900933,-0.029435148105892386,0.015416842507634337,0.007833443458137537,0.0005718213954672648,0.013319721203013623,0.018722696839775,0.04338135087543164,-0.0047679161888802505,-0.018796377078746995,0.019928112732233754,0.0243087936578105,0.0030837335192873193,0.06655710933451586,-0.020611702524256273,-0.0037453148456393966,-0.033983836163687484,0.0024998007201773643,-0.010501589600012514,-0.005441482735669401,-0.020738083793673593,0.03594818043123139,-0.028290164196313076,0.04877645465152064,-0.0017157879206502347,0.05675803682871016,-0.020529349275398845,0.011354576912259984,0.08962005531431709,0.00935139059180865,-0.08725771729984788,-0.10111774264408303,0.06512643080064767,0.04385634497300959,-0.07664484025664352,0.05872573698131751,0.06747938873444595,-0.11057998629066722,0.0038715484791594507,-0.07624948002101746,-0.05854691316097694,-0.07882661435125858,-0.04818481809153358,0.0762438203947256,0.024045751152454452,0.09545570893347405,-0.028108983691239216,-0.08414510768320481,0.009458098987649457,-0.019918620071372902,-0.104170468635686,-0.04147865490926322,-0.053335444687003415,-0.006993201542318472,0.02849663641124178,0.04559359274517727,0.10924069046087281,0.0002662537801799066,-0.04102974270515138,-0.0771001605231789,0.005954957797017146,-0.0013537990509773995,-0.012352100977960906,0.07452529540132742,-0.039077750549051285,-0.04791978260712801,sport
0.14586838272538044,0.6771596461042704,0.14685746786797294,0.08714757520020204,-0.24126953027804773,0.09683526756687429,0.08904205266835002,0.03893285844281108,-0.03387534133878669,-0.005996333179152853,0.00882322825162731,0.004167493798027948,0.0032348174790669108,-0.008226937939792506,0.002793458357295207,0.01631516199430678,0.02156864369474782,0.013488045076387825,-0.01603561714112103,-0.003827096835601344,-0.014018225296172292,0.029758459715571117,0.015260649490593848,0.027837198212452664,-0.025476681894776657,-0.02316315273871353,-0.00839172526751111,-0.044563619419469444,-0.045303250904599454,0.03658088502095927,-0.040303899405181594,-0.04148484306537069,0.02906277201809554,-0.031062381110061085,0.012601736308871847,0.03269059040984905,0.00613452178120135,0.030989331909751238,5.284955321086432e-05,0.006678802620333438,0.020778686761269434,0.011087748623953026,-0.015555347581506652,-0.0077150051017244045,0.007991044030973529,0.017593466713724804,0.03493585431015813,0.01934481158080297,-0.006666097118597213,0.007951439754714266,-0.026231831524196437,-0.01272705330682082,-0.00540448376424791,-0.003289413884193911,0.025300132539630038,-0.006647856328364475,-0.001117678535362541,-0.002612903489422958,0.014858975626036908,-0.0010103900876946444,-0.01788903399163615,0.008343969442852735,-0.01148880383696013,-0.03530056988475077,0.007822823252549608,0.022145456236919537,-0.014692541453474952,-0.012424774081334754,0.015451131983060964,0.012054977463808632,-0.020213647647143625,-0.0025150192304943175,0.006868665406283534,0.0295853794097422,-0.005615414341301738,-0.011093461507557884,-0.014548725433737105,-0.01583874057378098,-0.0177320073011922,-0.02549426263579252,0.010262554650989011,-0.021534298859684282,-0.0059145779324267685,0.03692592600323135,0.005729554560762874,0.019198579481657253,0.009996377371387082,0.008492806902368292,-0.003837839416278153,0.005417284910959155,-0.030689367852145395,0.0029292416066293635,0.0032046582473291407,0.01474708817992875,-0.0009851969765540538,-0.026678940989084524,-0.02619406846598341,-0.00039555060727223537,0.009990906235247838,-0.01637664792478607,-0.0052277200841057405,0.0013153079880596108,0.009264511053682627,0.023905330250495786,-0.012217270602916275,-0.0012648163785937952,0.0215637692930387,-0.024157405091398226,-0.03294217661651151,0.01036438091037771,0.02892256896940165,0.005747113420633848,-0.0054639194800157375,-0.012248643420802086,0.08409287218102279,-0.02527167482404614,-0.006937721516385257,0.01251805934356587,-0.04305865703676635,-0.02682451734460878,0.038314162098689354,-0.07177268683413805,-0.011855455861725503,0.003790355028916462,-0.023593363314711704,0.04787500417238597,0.011811984847035094,-0.05041875435450479,0.0038745535488837767,-0.05098341018809088,-0.015914109261046496,-0.015743959817731183,0.017438317295964866,0.014615937713111902,-0.00841411348923059,0.06528480932323573,-0.08668333333979439,-0.04023896061659725,-0.0128743253861155,0.01813574378233077,0.017140076883326354,-0.062144092287376246,0.02390067372574166,-0.040327010458607364,-0.02251829567849557,-0.02362698626011338,0.015500899949656609,-0.030878613183162224,-0.012476543148364903,0.023927028957958407,-0.016922114126570992,0.008587528955873782,-0.006849227279118857,0.040902788691473006,-0.0327406383539484,0.10604868148537713,0.012334571732634157,0.052048404215706924,-0.020022738740140912,0.037292129329768706,-0.02858413352546977,0.11637107787062818,0.006401330924404659,0.037563198660778875,sport
0.20721955558568217,0.6141035840068949,0.12807922594770046,0.07821331669262402,-0.12342021700623065,0.11035996481145889,0.09442273345613517,-0.010001597989086305,-0.0166435367531068,0.015478244449659548,-0.0011257182619489956,0.06649558470339863,0.005558875789505983,-0.0073559538124217975,0.023968464623560098,0.04925144789041665,0.0008550488802207695,-0.009886104187326567,0.027757012464798905,-0.0009884756622360663,-0.00421109464871933,-0.009063712948867436,-0.006362995098800086,-0.0008177431776529426,0.037619368171685555,-0.005508416108371131,-0.018093604971296966,0.05271259832730318,-0.006265625414894393,-0.014105138039823235,0.02885601333198176,0.020191698068201886,-0.05348332276975673,-0.020321339542478473,0.01696529686363038,0.016939392322610245,-0.01492844062402702,0.002836129498530411,0.00842623047489815,-0.0006054604183628344,-0.032192311206043496,-0.021348220382602784,0.011107289702500646,0.010119134259217625,-0.004270932743074655,-0.031539282571591554,-0.054073352520097144,-0.010448784653601502,0.021959582947975786,0.0006390848693024292,-0.01220921676222326,-0.009373178602245085,0.001608902574252795,0.027951279158646394,-0.040499603083051706,0.005592403462200269,-0.010273931862862778,0.037834798792350084,-0.013902572246210306,0.026205810155972634,-0.005198715585885301,-0.01369301065345595,-0.022905926246613983,0.03889342812116505,0.02229780706214851,-0.03149462739697342,0.006575754709530683,-0.009293561481535265,-0.02377300114712898,0.00229010200689248,-0.006452606025703884,0.007228985129965856,-0.009389709115267448,-0.007758374584987509,0.01132903033942457,0.027961268635325883,0.06479702592207522,0.02338970213026826,-0.0030901972432659827,0.006609792517845351,0.023367137558410293,-0.015037881948603503,-0.027460076808300204,-0.06797519080234914,-0.0037757513530450554,-0.007269600687124352,-0.009243665545796408,0.035765712086733674,0.008097794752501388,0.0441566545895616,0.060026744494049315,-0.007497765960331054,0.014080280419980197,-0.04333339359781299,-0.013019074894073345,-0.001983264197507575,-0.0025815208985719034,-0.014892357532547107,0.019295807101033863,-0.017046607851257067,0.004947419548159129,-0.03543891438436971,-0.0033487537004862284,-0.003973663154528842,-0.0070489988898498595,0.014177863497171898,-0.0007991589371737367,0.00438764334996286,0.00862719508761585,0.010618861376630692,0.011435765526549872,-0.030857114598340188,-0.011315015176519422,0.021341599056790343,-0.07678283546597428,0.019942719772807257,-0.032455058487513025,0.0034973772171090836,-0.01045183127489876,0.07697114314089848,-0.06613627470352096,0.039857027425609294,-0.014767896459217583,-0.020670795592142726,0.020814048927181385,-0.010117073701066622,-0.05095623766663099,0.020849037002199866,0.04678048574699799,-0.0877677049108619,-0.018637857077427742,-0.0745184325659749,0.06046150513442828,0.008719562110662117,-0.010790951737196694,-0.0922542471478073,-0.0007037531493260275,0.030915887049736655,0.07244049744320082,0.004710403749039294,-0.013087043068079417,0.10346485402265286,-0.041075705746458795,0.062994538045916,-0.015463866118926091,0.03317815398396733,-0.0048135337031632855,0.0417619942389974,-0.05430836933922544,-0.10232077821562605,-0.05208659742644202,0.045678982266022995,0.03146197277562824,0.012792555972500542,-0.0008018544715292025,-0.07589539034631228,0.0159953657224003,-0.07322171595575785,-0.08499290280797878,0.1769245765148771,0.19383393978562893,0.08357795289290895,-0.13060385171594024,-0.023246469290653812,sport
0.030026013296525565,0.09260888615977185,-0.047439293565749906,-0.15318329238768424,0.5134142846622948,0.006808153902414718,0.3050451329434873,0.12758009641009996,-0.15026204441248567,0.009650231363404543,0.004235838338646786,0.06212219589250598,-0.11634671227188817,-0.013845624707839354,-0.056665029986487446,-0.053511146857797134,0.07593880620255919,0.05765349144996882,-0.035121514055249436,0.09327840061322738,0.04100179862481737,-0.02405882154586735,-0.005228784870874973,-0.04298439124792113,-0.21027306949597616,0.02721806668062581,0.07209573202271824,-0.029316040180940674,0.10027452604215586,0.05241487087944254,0.06554877166609155,0.0191269111867099,0.07262993741068093,0.03870592985358083,-0.07282281436532173,-0.08982336265800395,0.02022580112722786,-0.013827978453053886,0.04549447132693395,0.046496031154247455,-0.0011669393716603254,0.027249820652839943,0.0074334492205050855,0.007702975860327608,-0.025047806238727863,-0.05466810809257684,0.0764787702998697,0.08687879089604493,0.01002824818598534,-0.014887895203104871,-0.016962540402219513,-0.008094469849335446,-0.06204785294566878,-0.005872571727344428,0.055621263735781974,-0.001073243025513124,-0.033361753786388865,0.024641619048976753,0.03723301590631293,0.005532588983591037,-0.01269607189922904,0.012107225877581642,-0.017061702582944704,0.00686768238452088,0.000220136157107044,-0.017777756378509042,-0.008155304391821999,0.007809617941346884,0.01683830620891438,-0.0034962676658016893,0.018966033423732893,0.013217647293926046,0.009583301004164779,-0.007232674953156159,0.01700490276480562,-0.032326633645288205,-0.030576000889074396,-0.006813459897644849,0.012536333919581767,-0.04724364841325951,-0.003021266624481647,0.042399662070538684,0.00570387391433779,0.02857353483215232,-0.005031343168649383,-0.01940154957023997,-0.00421238684311906,0.0030100345786201513,-0.06814133632803357,-0.005049268507227521,-0.018931324651948245,0.028305019567264687,0.048356913087486963,0.03119103637324415,-0.011226541431127083,0.04084744511315774,0.04131371615676089,0.005036442144114031,-0.01960653035304862,0.011690654475049946,-0.059141899992050266,-0.007385401528617836,-0.002603082377428215,-0.02853742563018158,0.006302303013173006,-0.015807286683930846,-0.0071431036474127975,-0.008889615694188887,0.023833796742734076,-0.02866412340843854,0.004124715715131503,-0.05054761920539189,0.001617840222142409,-0.0062373962093387565,0.061723185769034815,-0.026421692615710247,-0.004713026791524536,-0.043738088730932864,-0.0073935804937509675,-0.018443711821168392,0.0388993067506356,-0.06266673739243495,-0.004592836987565917,-0.025194447462680614,-0.01927989728601405,0.07543278770244305,0.007597990029760584,0.009615823510571362,0.0914771077590077,0.07521318577873556,-0.04944017609945674,0.00541676967074228,-0.0058181032942795224,-0.021352136101667227,-0.02616480495983091,0.06667822913712028,-0.012110114106063677,-0.0315734047546685,0.004892039069284998,0.07008357211160503,0.04913492722825091,-0.06868401752770072,0.03334937467220217,-0.07234127583706929,0.005401783201998099,-0.06011938088002007,0.052327438750606955,-0.059708897341864645,0.016864345715733503,0.014133209251026272,0.11706162351042766,-0.11264797798793232,-0.0027246193764329236,0.12668614915279008,-0.10150065618756011,-0.058201289806905615,0.12377286926285601,0.19822202893385094,-0.028049755023102762,-0.008898538490924104,0.16789970187431305,-0.16976661761284303,-0.2324734258083761,0.020044552646517343,sport
0.17351647995559136,0.6377185028188217,0.15062608210209147,0.06739541364390166,-0.2089273339123633,0.07257975688152543,0.04954088880082247,0.020550614722657835,-0.026062593317923797,-0.013870449362088245,-0.005798932407925734,0.019112454074713087,-0.0007827407202359837,0.008775578560789575,0.0009357240504857884,-0.015891312354873514,-0.01997435612625455,0.013948318477623812,0.04278957056084912,0.03611409280801189,0.0251488449149895,-0.04264539485354326,-0.005153150747721448,-0.03249217293153083,-0.04240316499148966,0.07454992340309356,0.03674346933078748,0.02641244026485619,0.023537029011189353,0.010131199055918997,0.010949172161181705,0.035479452991008305,-0.03986218142018459,0.024545125641855407,0.024469101781213837,-0.007344700234392039,-0.004366737575425023,0.016402382186840755,0.0095720019934516,0.013835596217700965,-0.014039598947487155,0.02635491749357985,0.03431821514832156,0.022578035465496745,-0.005155949625632377,-0.008980103063582014,-0.009972429048954594,0.03300453267631197,-0.047123644061494184,-0.020321476322150745,0.010709546872177782,0.017851023726771154,-0.015852810572252764,0.00011737374406357811,-0.006865649429416515,0.0214769303397837,-0.019079575102311796,-0.010717535899951414,0.0029224679944688083,-0.022826882808375654,-0.008028563370362648,0.01415037889970645,0.013327988766086986,-0.016549881196839315,-0.0010160551229241078,-0.0281427176979058,-0.00036681133305392806,0.01267592796393352,-0.017547648265007033,0.003046250424332,0.04301524228615895,0.015979416059576392,-0.021751593348545765,-0.003264367964250508,-0.008971944533942835,0.01647303569515729,0.007599748007390871,-0.006435824689940343,-0.015601485121976514,0.027445442012379532,-0.01338962555120343,0.023842477897568513,-0.021114734419900062,-0.013623704568951225,-0.03816944827244582,-0.00335240988380213,0.024332883232307742,0.015409266696880126,-0.006001191947323194,-0.0014414730513817465,0.03208929110116901,-0.017436936193708952,0.028570445087812934,-0.003115973468190338,-0.04868752422585219,0.02860156506194429,0.004080510931409739,-0.036387445932506084,0.006034615286280074,0.022803674709740405,-0.02285273200334433,0.02842689070230267,0.023157978665989096,-0.013424871975598779,0.011177721125715728,-0.011987187400417584,-0.08343050821264461,0.06996170075338108,0.0021892924963531975,-0.013070598671992558,-0.03505069569659619,0.025209873185016128,0.01475808360870243,0.008693170009458361,-0.035204214605008874,0.034834019301990995,0.04945147037419631,-0.02796183993271173,0.027922457408609956,-0.01914362208082035,0.0079126189161819,-0.021275447851547464,0.005625376749729319,-0.03470785346911259,0.007442594738715184,-0.07251397525982668,-0.02734388551712516,-0.026559807647111668,0.03126926772374411,0.05391794164324619,0.07450918553552856,-0.0066767573768912,-0.03253877213352865,-0.04412078467472668,-0.013035562482278983,-0.017051206407262733,0.03568392989595328,-0.07736500687387081,-0.03608768234016929,-0.09044650372890105,0.02427777344914087,0.06896348654852426,-0.06866260482439918,0.135568761151286,0.03518893590753092,0.1065898500491266,-0.06361117577058129,0.09719659073762613,-0.011273323663622475,-0.11155655890582068,0.0210565309848489,0.040443679632938975,0.06873319201592924,-0.043050886911242425,0.12433730227227749,0.00729217639805177,-0.05984238972356341,0.023999824209122923,-0.09707324650433986,0.07329593640021789,0.022034390146409604,-0.07847547628435161,-0.035517640848847586,0.0032971817687692468,sport
0.11542148254103853,0.13849515355402062,0.0014523273750481056,-0.028020174996397505,0.22713191965149304,-0.2063658942445425,-0.33092170422200445,-0.2899211919331496,0.1703821215501514,0.05967680167433459,-0.0011960280331187972,0.2661873553491586,-0.059157739390145,-0.019830100187750953,0.07497483702991516,0.19637661548732205,0.05930459659767312,0.00791188450166595,0.12257397144804671,0.03593603893685999,0.02747324743759927,0.036369996919348134,-0.028382626002538665,0.00855246501370061,-0.09247318916413626,-0.05877260968649467,-0.0018639645465060872,0.02622351010265604,0.030582737893244456,0.019149549288063727,0.054316258354248595,-0.0034987961041058058,0.003947311466694957,0.0005545670904666016,-0.001821790330430992,-0.04350814626932404,-0.024765989552517152,0.0862947470815146,-0.009159690343276785,-0.011407519974687603,0.0475395155461289,-0.02889751314072458,0.07232971516650002,0.020502945865952988,0.03465310850375767,0.031205699474029333,-0.06177478239340482,0.05589533912027089,-0.06344523552352296,-0.05169747555021236,0.07353447691611084,0.027011835592029066,-0.09990540877649788,0.00011435537293667563,-0.0981471388426709,0.018322246691090147,0.06563451161501686,0.1039340214864924,-0.04981287946446734,0.013892756739328584,-0.0018240011293440017,-0.02422120748450312,-0.0920704887035189,-0.04133705771235892,-0.01931937248325668,-0.0393461001975323,-0.0022014094161152105,0.044806182018256716,0.03273050387038786,0.027214234082294012,0.09058834044626608,0.03082247248853021,0.06824075168318304,0.016295662980648603,0.08744426291473312,0.05059116214946542,0.1571558393399214,0.05202523474934694,0.1341596403603503,-0.02738556868688491,0.08627309884038013,0.03248163400989869,-0.0006996896580819363,0.05948783002925184,-0.03178703079545063,-0.036660531443333484,0.00882362623497377,0.02835365787315314,0.0209524102182797,0.08261241610156837,0.051931374108395524,-0.01269592742169157,0.026280531400205642,-0.04296255766927331,0.04041992430008306,-0.0021538036433355902,-0.012474419052320313,0.011536408019432585,-0.02480708067765117,-0.00515125227595506,0.00914564955837442,0.03015828420108343,-0.018135866867822144,0.01146232943160778,-0.015450677414245856,-0.03516146499927259,0.0302913317356716,0.03954003838702691,-0.012708322279039857,0.04690224913540027,-0.026969529967903156,-0.004792647292546358,-0.03067493996445783,0.02175656331853001,0.033861546473672705,-0.009719206048709293,-0.020245612163838148,-0.020055411783126326,-0.0005658109183334034,0.033576050442966486,-0.007281802134853156,-0.016524950412332626,-0.014879142878749321,-0.02744521886768659,0.01830959597598425,-0.002180244789931675,-0.04667845407513931,-0.002728440393585981,0.007099381928551029,-0.037239505825994654,-0.006189402325450863,-0.020175887610727444,0.05600089734482615,-0.008802165033293648,0.0003492762153756954,-0.01076792934467198,-0.04360510666776771,0.10837511392906762,0.05089369029847896,0.009717516324105443,-0.03493969731084879,0.07800691183002509,-0.024807023577503896,-0.07348403317561798,0.049823283834652225,-0.017883824519743796,-0.049044737789286384,-0.008288519623722315,0.01692119937304236,-0.06431943570733906,0.05075910862727281,-0.1042476802371236,0.08305696005635015,0.09278683581386643,0.029977940935048127,-0.03199528753881234,-0.033007868079551604,0.027183678065600667,0.007188075448725202,-0.06377734599134341,-0.015234934460096522,0.10461259165598111,-0.003938350975864873,0.008174133535789772,sport
0.10691560691118927,0.4662916920804283,0.10683429006104428,0.06597681121101755,-0.1423596842627941,0.061232741072531315,0.023126636011312117,0.0313870888960232,-0.007679393753069272,-0.01931011618145281,0.0027183778322381787,-0.025382558618785838,0.017124969489338924,0.01162472652516504,-0.0028445661551676285,-0.029030972869913733,-0.05396653846928921,-0.008580173851435502,0.0016008091033142412,0.01295289595630265,0.014864298140688903,-0.031166234248381833,-0.017922370930718415,-0.006635009396711276,-0.02825520890313512,-0.03356781390321405,-0.04261933080265834,0.007838262683048526,0.00316109669066681,0.028912989574937223,-0.0038200759609960332,-0.03809736092376715,-0.06341091346066965,0.027605628240183644,0.005302637069824399,-0.04286600790111683,0.017545380938896304,0.018592786110603672,-0.05727662013135305,-0.0028257246236503128,-0.019831758038644044,0.02613354867188049,-0.014621497022340314,-0.02053086736486755,0.00187876942473597,-0.05715877008687154,0.03535686349415711,0.023248225596099178,-0.04725260865213873,-0.037727764671522654,-0.022918884619440773,-0.06277893738719399,-0.018608427705438135,-0.01684729454470677,-0.010356185359593666,-0.007557257649609528,0.06613202731233107,0.03985150569220044,-0.021055242816116884,-0.015956059886721403,0.035277297152986005,-0.10886332282995242,0.09982007931030715,-0.03815581183336325,-0.02350296685889079,-0.014898812551548386,0.024264206313643087,0.002885590915861534,-0.08950399527733731,-0.07701466833272284,0.061833381989505665,0.03393407881708658,-0.02243201257510271,-0.06244143191217073,-5.894706588324767e-05,-0.02619377551721004,-0.0119902274531346,-0.003650321766666515,0.0785638707066051,0.08834189718174686,-0.001658886784304327,0.03621390256638981,0.023457188708688265,-0.06654793611234557,-0.04106423870031435,-0.054592364060295384,0.014218547767568687,0.02344395262983105,-0.029495944599561452,-0.07098480962382671,0.006902975747362291,-0.022579041832846362,0.02005161126666095,-0.043423982584398134,0.005650551452348218,0.10860121057286622,0.1456543635587776,-0.008860010335606242,-0.1352631889117557,0.03237219458943941,-0.0810640738260259,0.04259453898278735,0.036303588238519,-0.13883947168545163,0.05874922215152441,0.06017679563679856,-0.20048712129011118,0.15747997508941688,0.06695050751143199,-0.11604704729058814,-0.11412326518363082,-0.13589456015470505,0.05393836500801379,0.13244977807565209,-0.2827247422140426,0.031096070861167446,0.06119747910883626,-0.21079182067891764,0.0438421667067934,-0.02320389186003368,0.027112798960505356,0.10099109116436414,-0.016171336215091352,-0.15380005187625845,0.019972722677136723,0.05740151529529758,0.041103123047130256,-0.08065173711535306,-0.01598463130309781,0.05275067097687264,0.017137478286778408,0.01868678525877283,-0.03969661646607707,0.06402278062704583,0.09803091883531447,-0.02908409711931418,0.0014095952533201834,0.041260054260717424,0.033589862780090685,-0.01627570782843169,-0.039070586217350184,0.06535943242800642,0.10866800501646365,-0.16465719773742193,-0.0794617165023183,-0.1262218565875028,0.00045891221807276266,-0.060330298329432576,0.0093036795978293,0.018581109790148254,-0.04187959153239102,-0.014991131466064653,0.006978363569517946,-0.01908781148372028,-0.0684492495941954,0.008635927333917014,-0.018942245721446482,-0.017292484953687078,0.05014195725208025,-0.06193675588381579,-0.09224935529073175,-0.04668045162698795,0.02553990765926213,-0.049737139433093575,sport
0.11774953402661704,0.5887680044339693,0.12006932645413929,0.07422900008002783,-0.20437733045365108,0.07818173919658368,0.0815376161239355,0.036210474713150226,-0.03668975754225586,-0.011759428741511107,-0.008065613033795237,-0.020464077995591936,-0.009582994296384316,0.007817223135976282,-0.01490236141376326,0.012412804664215574,0.07556598779171884,0.02405105418133572,-0.025773302588422257,0.015882562077104898,0.008493887304524446,0.03486939126911221,0.0028995765895175035,0.02691469770862264,-0.02784101169019241,-0.029020715383033566,0.012551059180345355,0.0006733276361557923,0.03980195750879848,0.008735711307682578,0.00632993917312915,-0.03136879828505003,0.04138715107392296,0.014684040468428675,-0.02623978996838473,-0.023812017695144662,0.016291468525389152,-0.028935010186920723,-0.010029687777997285,0.008440709879202396,0.023692854766220014,0.0047852793290631655,-0.0017496117670721288,0.010305025404756423,-0.004243685300339203,-0.0236902486357744,0.055971919452230165,0.019744972649353935,0.025622172754729094,0.017607843421043594,-0.047256845853991813,0.01709621721332026,-0.014650753952734021,0.012560350678366448,0.015448577191728924,0.011412413482368053,-0.021331728111803547,0.0023975484691880237,0.012995158769656253,0.043733859686352225,0.004911529034161042,0.0031886923854884176,-0.02022765063121254,0.01985665129035209,0.010272938332513477,0.014298008798073417,-0.019200163812780297,-0.005343659740252021,0.04249273483529769,-0.019092523545016782,-0.026057884803066124,0.01189061360991074,0.018889313782956753,0.008288842115524471,0.055684138652362325,0.00039392594745458104,-0.0032545517882150007,-0.0068646079646724235,0.014890932604110105,-0.0393014477832798,0.017384609606770813,-0.06940991999030992,-0.0022566631008971707,0.009734423005417697,0.048239233898907996,0.014612321875761818,0.009410806981736797,-0.033865368242449234,-0.02799906073439718,-0.014022860216231134,-0.025194071635335526,0.022711661949069848,0.07474455763626227,0.04079785757825246,0.014677798466356891,-0.007259604414215187,0.04794451520601746,0.0977006281869362,-0.02302391895273312,-0.01310052061773581,0.032470390582236316,-0.07764303492659387,-0.04705986300418685,-0.005689849698331865,-0.0011091036328207745,-0.01193264774236021,0.10592820306792063,-0.011273067975007042,-0.044872272695588626,0.03666942199807105,0.0091615465474817,0.006974310251750754,-0.059507685551369156,-0.03482550028588931,0.04659883022102259,-0.03689019460620873,0.019960704474601666,0.009517628438005328,0.05498436293592345,0.10032259602082164,0.0892155530053288,-0.07962432199106129,0.0030092426984876454,-0.03717890749552567,0.015342447664021663,0.013764401118148317,-0.0021048918715364526,-0.14793006889341362,0.014209546300370504,-0.06138561877341495,-0.09917343104786404,-0.03505451549538682,0.01802703229995572,-0.007773520465060365,0.013567725280043536,0.17532315694212358,-0.197479843543572,-0.19602488586359426,-0.12416700466567908,-0.011864444533072945,0.03862699890445469,-0.013078429020405836,0.0569172914847635,0.021099117921600914,0.1178167276749233,-0.13354007836667042,0.06125021432891211,0.09461959696499639,0.18894399855113156,0.058265262125643445,0.026832438469303634,-0.06218317650494109,-0.049489492301845746,-0.15073556542169747,0.03220328064435438,-0.15259816529603018,-0.10398236815331215,0.007992915096750172,-0.030804364994106836,-0.04184753853587541,0.005453827555432248,0.07796135633699029,0.06345102707284724,-0.09718868615434934,sport
0.0800947263084784,0.5943043160860758,0.11884207570000785,0.053090426251662645,-0.21863406130467247,0.06623651854989336,0.0591749502286489,0.04296711578108182,-0.03479101566310114,-0.013421778235191601,-0.003935455404576916,-0.00648485283064714,-0.023841781688790004,0.00022603652671588967,-0.006127665077063268,0.0233825723107222,0.04585218130622341,0.015252582339390515,-0.0007669214548618635,-0.019857789034812695,0.00850165141398171,0.027129974612375315,0.0019579326374742786,-0.0004020769995095816,-0.01952798891160576,0.03575631393105206,0.007848017823304118,-0.07272465049945435,0.017379292321591626,-0.007211057954589885,-0.05535576377680205,-0.03169949366355904,0.060515226869968824,-0.008142037913926299,-0.014532199565409135,-0.0028086557926445205,0.01770568843328418,-0.025137771267872203,-0.010684838419521423,-0.011883627258075284,-0.004722710114700916,-0.025864579042312298,-0.042625165572656394,-0.02331701841711819,-0.010729128885906453,0.08836200753574396,0.0357309424877633,-0.03323984489631913,-0.0003867857578913638,-0.007612741269007576,0.052180591174838295,0.020173857427399255,0.0011424616567891287,-0.023631683241500563,0.011076571279589123,-0.013187095174441554,0.02092073616671094,-0.04909308681079381,-0.018925190994193673,0.0007852572653196926,0.0013651212516010175,-0.008747823939376054,0.016801462315894546,-0.007953500306080422,-0.027969153028908875,0.048563055038930186,0.012160626669149742,0.014442892650356018,0.031212811773526857,0.014711452511361755,-0.0037859182796103853,-0.02093026198214987,-0.0038586900296890495,0.00939408815468023,-0.07333214334986769,-0.05701205987080385,-0.024920496819145186,-0.015407003855288095,0.016466045689699362,-0.005646733904509104,-0.033856840687405194,0.0624554384178688,0.013560092363634561,0.0398383447540454,-0.008606406853358934,0.0016512813188125468,0.01690750425243464,-5.6644540692126985e-05,0.0012431140898294798,-0.03298365776133985,-0.04070727056193507,0.0668713772195328,-0.06591498959793445,0.02111447950795054,0.03889599991915209,-0.0027962637635621226,-0.015064681218776977,-0.024378008453925425,0.04372268523483095,0.012401615164836387,0.009754686330272433,0.09870488813403587,0.020039137010905768,-0.0072852045931332,-0.03351624293101677,-0.007231451703011756,-0.01638851807945557,-0.05114258201051814,0.007650016952342562,-0.017605477240582958,0.02127869294044966,-0.006069134536878043,0.0809643840179676,-0.04256382665973705,0.03196300872797562,0.02812750307089463,-0.02565467754131774,0.09171573415661313,-0.08870876638406958,-0.13433885562450362,-0.029988291013091445,-0.01874252667954183,-0.004379583305400752,0.16113034881486998,-0.03482293238596183,0.029057802633287694,-0.03583281537898429,0.16599056167701925,0.026867699797420846,0.0798097183305706,-0.023607511381476546,0.049453978123500865,-0.08950622349236885,-0.044532107737026226,-0.12813024969310313,-0.16779697355319895,0.316163642750882,0.14863225280874087,-0.0848196616094207,0.22692327643250781,-0.012155375047899824,-0.023008219352038183,0.010605663131135925,-0.021224064248123748,0.004160302195622186,-0.06748379296095003,-0.08229331615373897,0.0013040962416545911,0.14634693543241892,-0.038091127483965856,0.04964615242860632,-0.07672122422768554,-0.017166388357514335,-0.025677881860429668,0.04163295000002494,-0.0775441798924029,-0.03902538373495733,0.02473659338259228,0.044259043322320446,-0.09700023266555623,0.0192137252739753,0.04164898945738785,0.06904986608811857,-0.035314242062447765,sport
0.018670355444822366,0.003924957972251436,-0.010220555251262088,-0.042216354073182555,-0.0025704447447036684,-0.039801076346607005,-0.012001740012682591,0.04408798438221759,-0.024335619111759358,-0.030288831817577362,-0.004708104454249831,-0.09058319928266899,0.016710606644010192,0.017180999811612557,-0.03586087479735781,-0.011260097722152971,0.05119789604909112,0.00872814439508587,0.06924600114886113,0.007690493831001362,0.0038612483222775344,-0.030837545423662637,-0.009731981666322836,-0.04183458123214201,-0.05229013990211275,0.04994849951839925,0.046956223849197516,-0.11404641872533124,0.17821998818479226,-0.19943112362320084,-0.13925891888257652,0.0037041301912415932,0.21929313007201207,0.06509122458381954,-0.11001203166741574,0.019536744556738178,0.07491471698584103,-0.17873815582319466,-0.03825770550378746,0.07268713658697537,-0.05853574467676764,-0.0695236951934206,-0.08251104920446159,0.04259613964234808,-0.18346551809429884,0.3019846415872729,0.06526292570736963,-0.12419258044697873,0.010866012672223133,-0.06674668821424268,0.24635183478849915,0.16468224425946906,0.08291675123832401,-0.1529592605086736,-0.18263170472371879,-0.020122110620278487,0.08951819417934449,0.29777607967938396,-0.10740857121092859,0.08284219435955954,0.06238935283310574,0.05995468499193246,0.09899275151373758,0.0703482592830415,-0.07136391901322833,0.21213674574128663,0.042242886518871404,0.07982705180643741,-0.021439888304318228,-0.028630751544811744,0.025143458847274446,-0.09899396854485996,-0.10780433900687639,0.09419059274793802,-0.06359694101311186,-0.011738170839683405,-0.04575558079870608,0.0014392666454430066,-0.017743626664328698,0.03913839944606718,0.017105453798440914,-0.12724759377041212,-0.07180547806750036,-0.08206123875204592,-0.016166333480790773,0.14872278100384884,-0.0598080769058365,-0.029904468647122456,0.19505316987683574,0.09785238554039404,0.018983172836703383,-0.023789766953153716,-0.118890015749022,-0.13795533036690902,-0.003042984247889887,0.05036627693667962,0.10116883475326426,-0.021093204021971738,0.05395544688653679,-0.0458014686654702,0.019884316659157235,-0.016209152213166392,-0.01846693462420211,0.04229679163071987,-0.014207844783396519,0.044858757983720826,-0.04719505342579604,0.04432807300539185,-0.05075839574892491,0.02837117649747382,-0.013517045377406918,-0.031073840966810685,-0.028081723612569453,0.003483429983349107,-0.01563909365198671,-0.04386668210882693,0.0027846782981579984,0.0035177401521704877,0.024621319829068948,0.04415886104031709,-0.006450865482753557,-0.023752209114807642,0.012767267195366248,0.051476762212539474,-0.022297621609912822,0.04606746346458995,0.021338919311407165,-0.05156768351845494,0.016444726546376236,-0.002165430336449692,0.03390806957500584,-0.020945592826043115,-0.031102306291025197,-0.038642580003089996,0.025664725173368923,0.02859181531052212,-0.03461700608306569,0.02029128747638959,0.004773352708759724,-0.028433141556818267,-0.029071206469703882,0.04150109924597473,-0.02471504944055184,-0.03227562676905274,0.04124323864659995,-0.02613324124627853,0.03300472341696199,0.01933995393182025,-0.020418085215253578,-0.007647842964524725,-0.013782081543748053,0.019556345390397325,-0.0046071629718314605,-0.024709638972025206,-0.009331596973084428,0.010955476801824095,0.03103194556840369,0.02037858837773955,-0.01891940216879362,-0.009314679227934011,-0.028151418083324588,-0.016524721443688717,-0.03258617395720283,-0.007269234369113585,sport
0.4942659128535426,-0.1981012850000276,0.08665136888637205,-0.12986114303985755,-0.14222606756380776,0.043650591593235234,0.03318333250644776,0.010324226547003136,0.005536136111604391,0.06431889330648273,0.011204983700689423,0.00015787613328609718,-0.059040115437681055,-0.012117437319304798,-0.01924085727589206,0.009859247135618351,-0.019902221192929934,-0.01334445620754847,0.05017861606421796,-0.010624311927456878,-0.056407336353917724,-0.0649644580132845,0.021805414229496896,0.0036714747033170284,-0.05482800167771121,-0.0925205319713837,-0.023387300798376146,-0.11100983579216564,-0.04526623328589376,0.10683479394835325,0.0143576379330842,0.02205135205304726,0.011947596944738103,-0.08408954340643017,-0.046210405960435796,-0.002699063532604271,-0.02866767238674571,-0.006960740706223162,0.032926531664331765,-0.10313340947843011,0.04070727539493324,-0.13956963618129628,0.0156814061439426,-0.05736676345790061,-0.0015898464399684295,0.08705811333718279,0.014440057774028027,-0.044355956494648935,0.0017326356800456252,-0.00667901778162515,0.02079164076240311,0.04768277407474428,0.07430108122475737,0.012524285573800996,0.048671976146931716,-0.06131183285151789,-0.024483286715174017,-0.061662041327256306,-0.006830217516791616,-0.024208720075693857,-0.026240582566235234,-0.004031388061238681,0.031106159526604848,8.611602204995235e-05,-0.03246063983659769,0.009949432654421796,-0.010760438438269118,-0.0012269143776785095,0.030624281303267744,-0.03927532304796818,0.005474568655904361,0.005552056966913,-0.021737922021350553,-0.012793644747001688,0.01850601937539893,0.015204303902957576,-0.0523014311474573,0.03294703756969967,0.041312427903427915,-0.030056573434688528,-0.010040426995016088,-0.03213864344290308,-0.007790120541127245,-0.020298679577782572,-0.001163493825631284,-0.018980737404466458,-0.025301965288067156,-0.07286178403419749,-0.0029025250038919427,0.02405193957701864,-0.018180875004578077,-0.0764687443329448,0.0051378858540893965,-0.043722203335110815,0.018203069998492666,-0.00844177234446857,-0.039962169197472114,0.012237212410923048,-0.021524469343418173,0.009749195078483028,-0.0023927775754785004,-0.038307807743347536,-0.01399086145750007,-0.04768987064191833,0.019847954142947908,-0.004357940671102313,0.0638902922555176,-0.021988323190751117,-0.00915794422813135,0.005250443537974572,0.01697033804831932,-0.000546061592025142,0.05346629337890092,0.00689674470837039,-0.008074659744772254,-0.045889203649950375,-0.042821003448633814,-0.035749574327046396,-0.004864280576500286,-0.008671550309333271,-0.035421688874155734,0.07608125712171893,-0.030612038812927126,-0.0021547898860025255,0.002246269129180743,-0.029244566058724504,0.01492700686837062,0.09120348904677966,-0.05640804053463174,0.015281084915439965,0.015586638992539415,0.027474072758563468,-0.01549627216954312,0.03023655292319874,0.05899543346729903,-0.12771149166847953,-0.021481587058904326,0.007274925248399975,0.14076379402282796,-0.04422078125625942,0.04140774828383807,-0.17003152292486212,-0.005101098746330525,-0.1628400777897029,0.08450391471181454,-0.20764209767809375,0.0499052016242466,0.09443961779858445,-0.033832458269807054,-0.03903350003754955,0.02715192604103544,0.0022798710925777143,0.0060076771835624555,-0.036319929194220876,0.02431170858750059,-0.079439032899561,-0.07327610024170791,0.0017999443409343874,-0.05584170043533357,0.11190183602382472,0.2454098153578398,-0.0805646949804867,0.18027870309068822,-0.011980537731832462,sport
0.38135089804163974,-0.14409698690568845,0.0657274504546447,-0.14297066732507288,-0.08716146903337221,0.0020236454704899245,0.0004264835244716136,0.004063969722133323,0.006519539280707727,0.05640530728452862,0.009168359303815711,0.014159096816741427,-0.07740352151954809,-0.015217336015343969,-0.02397218451662799,-0.022656355203788645,-0.035907666409906905,0.0005336446217579701,-0.004650616302907241,-0.002391861249767743,-0.056549390707481835,-0.10251267995191785,0.005376418053917334,-0.0227087581685881,-0.0830167884152793,-0.046621482283516716,-0.0036621065389453337,-0.1032169464952034,-0.08114543823714276,0.16011092103622263,0.09325177883309656,0.09711037682658914,0.03103448537930244,-0.15313709991669888,-0.02531769883547271,0.0052473153229251335,-0.05048298910961391,0.002545053914609067,0.06834013020537223,-0.1546670892348712,-0.018310123637007583,-0.1636166408241841,0.02259575129678478,-0.10921814001874885,0.0215498859371476,0.12056338550966902,-0.04736320665790963,-0.005582490628574226,-0.013436402674019745,0.005115836337031767,0.03917466593132706,0.039653493765252845,0.09032241363269942,-0.004036244439979309,-0.009335506641631958,-0.04930056451218768,0.006089463516027126,-0.0038161909057773287,-0.025492836992949203,0.022449072334106777,-0.03415981496965085,-0.1062772993653669,-0.029855143903154167,0.09700241602230503,-0.0008039685393841024,-0.02626295843615091,0.04738647220855065,-0.10798235424048355,0.052747645622352755,0.10990942188536067,0.0247254029305924,-0.03026122745509763,0.0034158356533758854,-0.013367248846258355,-0.00026767366300518364,0.0017119103154303724,-0.15639454819202742,0.0675750721548045,-0.005197323937639662,0.06778244149011618,0.012516077930633267,-0.007487992149824546,-0.015850904390124303,0.029870679498007254,-0.0058616453938692345,-0.004993574639606843,-0.13850000538411447,0.0855781768060677,0.06387930612890816,0.03274377134572045,-0.07571688183576195,0.07275814363140702,0.13209020380116418,0.031206855266006823,0.012486256552367946,0.021217551809590948,-0.0072177306159064815,0.04624707627375906,0.007774498726858054,0.07096088610729817,0.0863764556422818,-0.007886454044198618,0.09184148544934091,0.023505805891861308,0.0077411214976053164,0.06836752643444839,-0.0408005300534362,0.020171774438569715,0.012342005427895056,0.10573721018138434,0.024429603369601528,0.029712556804942867,-0.057418092605368495,0.03575541457380422,-0.051211221130305684,-0.016329679583523514,-0.04001703136427809,0.04808132259864669,0.016378810493985447,0.0037139889661387767,-0.044903539450375535,0.053645397570490194,0.0043318357180817885,-0.08438784863924569,0.14591640396386474,-0.13882220256463895,-0.057981425871382185,-0.07716598261318033,0.11842201927450459,0.02336023622398797,0.23766881014908722,-0.11924185243286664,-0.046413526270343286,-0.017411865071613575,0.020833480096394623,0.14360209409477812,0.033585480928577036,0.01947911371529631,-0.03990749387055398,0.06446242234122716,0.04001030314225816,-0.014904750951615857,0.0933918613262729,0.13135340634212048,-0.08847395679235363,0.0886979603274518,-0.056003180527222175,-0.046227043218243315,0.0995176344922796,0.0177106717379712,0.007046565765528914,-0.04623617299742672,-0.02065971095044383,-0.0015984888015212848,0.035564244923874146,-0.0543480971013201,-0.06206046904952055,0.013464203978805976,0.0899891386104698,-0.06659468617954813,-0.050983538300446864,-0.05544680131313985,-0.06509043506821408,-0.003846541254736203,sport
0.3694103653626566,-0.1577662679091666,0.06121123182535025,-0.1401232625038268,-0.10693956934108027,0.007768509015368175,0.0027666950596384712,0.0014901316277372372,0.005070905375603441,0.057706790034331774,-0.016557756086354035,0.025346372615071677,-0.1440346798266216,-0.0005712125469351899,0.009122862792948126,-0.020290818796003203,0.09679118535454329,0.038385884593973046,-0.3056606433047933,-0.01116559952100004,0.020907838111175494,0.13313615732598538,-0.03095056517985156,0.034535011860808006,0.027196300532267157,-0.007037772150080628,-0.03694245808474948,0.020459617175765193,-0.036232732940921976,0.03523382206477359,-0.0093520726449472,-0.05700424283474742,-0.06059921092690344,0.0398568622737397,-0.007306198603295035,-0.06149640677572273,0.05079539050390455,-0.012165320118651492,-0.08624710166415259,0.054927387068990585,-0.113876596503332,0.012943479993820242,-0.056596663179246075,0.004823802391310391,-0.00446900003119678,-0.09802628404659995,-0.053089682525021505,0.028355604437448532,0.05535911362389816,0.017302771418144992,0.04448591536058215,-0.014135922690069667,-0.006006719033778894,0.0518899816688727,-0.034586620076491624,-0.005683523853187019,0.005665199714052788,0.04632487386673588,0.021518769483114285,-0.02235012046795808,0.02177912750380941,-0.014488523582691584,0.03415718101027369,0.036754086534656144,0.03282740998079301,-0.029566309168042218,-0.0032011125251345273,0.06130824647528802,0.04259322220833276,-0.037431515131577116,0.03934308881889104,0.0496075555152989,0.02646475911961068,-0.029676624765888265,0.013566827479099482,-0.011028431961887006,0.08084102466243276,-0.03357351736715747,0.04772760691913704,-0.012534986503094862,0.056470714285565236,-0.08504753235551626,-0.017720188423539854,-0.09645395858131865,0.05281889766771505,0.039981941652456936,-0.004204438891207333,0.006058679428583584,-0.0038086927243263535,0.0279905498751269,-0.023988343629106304,0.0005584346412057875,-0.0441784326967645,-0.0726143045166818,0.018779747278539538,0.056388350224426766,0.0654767235742016,0.10454497400050566,-0.03639019634862965,-0.02625849599169701,0.0997364082210427,0.0050604731714218336,0.02570191648867855,-0.06956005403443534,0.04369849108202067,0.1981250778619261,0.08143709867422376,-0.03716363713339986,-0.05452527972941936,0.048190351853791676,0.008702366963250744,-0.09222604883899937,0.0824286899498708,-0.05108065640937968,-0.040766392529812914,-0.08295652226384295,-0.1326523202091376,0.06756923752510864,-0.015841550654357234,-0.023204800651985946,-0.09632983090499597,-0.049892850776917894,0.0029333393005071557,-0.01899527687698959,-0.05001057504598456,0.06986292852938517,-0.08753466065856945,0.1305784867540252,0.10387138650370478,0.10998345778099015,-0.09658571866491704,-0.04748834806587569,-0.058369750341380394,0.08250630803835196,0.058474801386982925,-0.08745326885334591,-0.06447803826746693,-0.04653882546464692,0.17537711374204532,-0.07446342589295153,0.10062185377686503,-0.09012095834946054,0.10987359235392644,0.03641817750534802,-0.08873172491277109,0.13210592277599165,-0.0829590021824725,-0.005422767799792147,0.060379742694754955,-0.06663364422601357,0.11235929640305818,0.05880918179787695,0.009058696403291324,-0.04135926300740549,0.0112166247727982,0.0657301288722892,0.047785932172015995,0.11476576895015987,-0.026097353472909875,0.06245486956035375,-0.11599348883827722,0.09872288987349892,-0.029422466754327296,-0.05201767235720454,sport
0.16949678091901768,-0.08213903190943121,0.008233290805002373,-0.06224881990488704,-0.05384466359564338,0.02487826346781063,0.04828810635904143,0.00427624819497203,0.0025995322685480227,-0.018222962509379964,0.019101311419221535,-0.04466682050909677,0.002100584017801141,0.06738143410646052,0.03820281648374599,0.09410919968057634,0.07701492806585455,0.04811054566643722,-0.18288276449386498,-0.02608111652288634,-0.07325734200775144,0.022750902174261366,0.015910662881720317,0.021347731509673607,0.020328581473926865,-0.05039714998992641,-0.021666598481269225,-0.10599191476430031,-0.10374504854602172,0.05103148665004153,0.01124215840394338,0.03491163142748862,0.20109108382405355,-0.18301479277978194,-0.022309737381071084,0.17289516428885848,-0.10281798278861246,0.014109243555724129,0.08866315687256277,-0.06193960159106031,0.12427122121288962,0.06489588365730396,-0.10142512966513903,-0.045571903006829825,-0.1237868616717448,-0.03215700634397101,0.22913434762158702,0.0573781123611785,-0.05963577875804656,0.017995026507866236,-0.08579109351591338,-0.05285394819661996,-0.021493306769368867,-0.1023769220705564,-0.035553584862669955,0.029781701867687665,0.0168465101809137,0.08928482943139111,-0.004015345762114241,0.025897807880347734,-0.005086339258346918,0.06413064912252545,-0.036742412160862825,-0.13010001982455782,0.0019294332793981129,0.04434619280900655,-0.10104957855881201,0.046826760792418855,-0.14238342557724282,-0.06398633807671827,0.043970257450932616,0.03387037690265086,0.0037717272518606173,0.016714454911316273,-0.06401905442319339,0.011000057432423103,0.1808447429378137,-0.02922122809559225,-0.06936184297552675,-0.050866396540425844,-0.054432194027940674,0.1272286028155531,0.05658890613895931,-0.016480426993419308,-0.10540393326375647,-0.11060870123466143,0.07312193413086393,-0.15645643942880852,-0.14048780065221464,0.1365875967138946,0.022155655456449066,-0.1527445056326492,-0.04561175885553154,-0.07423664470641407,-0.07876767324039939,-0.10156706623757648,-0.18377706170449848,-0.05095229531514285,0.04820696023190485,0.0626954610010409,-0.20159770861465282,0.08588298866099871,0.04347650622263863,0.0987463359294715,0.025031734862718796,0.07338681682042243,-0.0029467924646255617,-0.08872068180591791,0.009329419483122747,0.06279587358257636,-0.08568954843883535,0.01890849694554723,0.03367226276397602,0.05589596455392532,-0.08592783878482382,-0.16353175197541844,-0.09493935276962383,0.03300688707410986,-0.061641333592637286,0.04058553342401404,0.07138889011650397,-0.007335200592939623,0.002392947863923729,-0.0007209164585426346,-0.06306284123224805,-0.03892601140806293,0.02361708394450053,-0.012538058509697775,0.03994662255661736,-0.011437602827148457,0.050386258506151915,-0.09116189988350795,-0.11639956497024284,0.058490008370870775,0.08388329915968941,0.034954352387506805,-0.03313089830021373,0.039726392982338356,-0.028356022293633886,0.05832240046552778,0.012603523200973335,0.05906644637284177,0.08452870706067467,0.020814495612536697,0.05622169892902527,0.05741809941322818,0.009201179162093296,0.042701383542318644,-0.014081557977085555,-0.003041947690678459,0.010929917288539124,0.0523409767944775,-0.021009531833228564,-0.02254236835795299,0.001854706550282004,-0.011449270013798703,-0.012942848844656792,-0.006129609231589097,0.01685160074457668,-0.03593081815181364,-0.002721028332257489,-0.033784004776911,-0.0198281260000792,-0.008921693519156363,sport
0.37259193981043587,-0.1238398160757989,0.06696838848574381,-0.14391040074511946,-0.10884056986618824,-0.016215206295128275,-0.04563186417074241,-0.012156487232659937,0.019458632269200228,0.07439101138727337,0.006624359466258885,0.03438260379140349,-0.16223789482372697,0.00833787071264773,-4.345041003147516e-05,-0.05451450522366164,0.07559608086678937,0.0399760989447253,-0.3417777271880005,0.01722927586126273,0.048608215486816354,0.08867394294384508,-0.0250656913089283,-0.004967468587052883,-0.0035301561753457583,0.06243128444835429,-0.005795498286971988,0.04361290586699336,0.011815424212188095,0.04789737955890213,0.04070518017614013,0.003102508473579615,-0.07720018173216683,0.10228267095605782,-0.014289691559320401,-0.07609227370792765,-0.0030269174372858777,0.019828299495171373,-0.11766778692553082,0.03206705757075569,-0.07320192067434525,-0.0016470354005649176,0.0322491304695612,0.034243905165408324,0.008521922640909174,-0.06908441239640621,-0.12562061219727233,0.01035257933744835,0.01583687928300315,0.008263741537995426,0.13238461064950358,-0.02648701602952914,-0.028082978148093067,0.07112989502365576,-0.08922704379928177,0.02588595140583308,-0.03669745839605952,-0.017726929768868395,0.0019269745362053188,-0.054407121888506445,0.00625078826759939,0.005424468295704799,0.018453546571754454,0.0272097385079397,-0.04868278770711757,-0.05786236413918469,0.016956610958194375,0.055564533766286506,-0.009531316126957798,-0.04985684299718833,0.03579428682292963,-0.03696758291137284,-0.0032270233626476713,-0.03258840258335044,0.0055346771588330205,-0.03812895150833783,-0.01749877791862875,-0.015981070727681165,-0.03950821908168013,0.07548197791524491,-0.07915788072147069,0.06276045144368109,0.0065349184430168504,-0.014628743627265708,0.0250522866827123,0.01974686304894043,0.019627102243882675,0.003982075792400752,0.03100267192546124,-0.001732798724094661,-0.019580687261899304,-0.07667521530944965,-0.15883830532056598,-0.017504305497540094,0.0012473523160131102,-0.03643652196455388,0.008212536225317122,-0.03215403348571652,0.06141114186094634,-0.01901079817125203,0.008885325712180519,0.11064056778494262,-0.017421701585088933,0.07882656198430972,-0.11278544054617619,0.006164163765499232,-0.09321019393498245,-0.03953689795625041,0.061227560750798604,-0.03920794540817555,-0.02900911801847865,-0.029207494072772823,-0.07279187141537051,-0.017642991755776376,0.08839641716390209,-0.012899160209615405,0.11281974369050742,-0.07595295150505887,-0.02264298851253498,0.024316437831703692,0.13545248683598796,0.03416696677173595,-0.009870524767407862,-0.06965449237715189,0.10885077650745623,-0.005496715069573209,0.07033874523550558,-0.08836955259982061,0.03317296511714747,0.009657058968164395,-0.033708601909918146,-0.014352251751051906,-0.09869903920030144,-0.08932665417005557,-0.06684677885573011,0.08366787776277879,0.019775236508916702,0.13533223747008793,-0.10706091755932219,0.08914326679908273,0.056367743093015725,-0.01820794232930203,0.011967911392386761,0.04085548104648925,0.06780697587242226,-0.08877063512393944,0.13836657382640788,0.024755178501257073,-0.042589288774517606,0.08782133119768307,0.08465978269923727,0.035100305383092736,-0.05468524162993672,0.08543757991518779,-0.00817280153815976,0.06119217604910024,-0.06716181811445837,-0.06928163201805305,0.06925606000782511,0.18128122661744975,-0.013451171914774318,0.03518423130795228,-0.035568781182514386,0.0727408609146754,sport
0.4785501824663517,-0.19604124838778486,0.07188242332208188,-0.10782742825737021,-0.09792828082832018,0.061711173714806784,0.0512412976776313,0.03524518635942864,-0.02339995672429955,0.016039971412935002,0.005737628214897442,-0.014698554122841682,0.044817851027134065,-0.07885349378854462,-0.015161545945815218,0.022936705805275844,-0.1053886914738527,-0.076191437641143,0.2973061037813563,-0.05202710756775386,-0.08108816738458048,-0.12489764737265312,0.016645740401203625,0.050029428934646354,-0.017635259469625377,-0.04637411605958658,-0.017672979339911514,-0.07316673586371636,-0.04313174655222669,0.10203579546586557,0.0037034051035546834,0.023499083320130655,-0.04962790595652427,0.04791916475696834,0.004950889084532377,0.055047252199223864,-0.023889513826263975,0.042827235830914905,0.06812799963937062,0.12453907299287925,-0.05696726459253729,0.09942952938087109,-0.014961884580696508,0.032562612221261805,0.0013893726934597408,0.055811077910406015,0.0697919406667842,0.0013930476488504323,-0.00626016358740087,-0.0031963267567871973,-0.00022059627037347368,0.005280954421045936,-0.02136491825422668,0.02962600296086776,0.060426635233251265,0.03722392320948586,0.006371894975013435,-0.07089906451995368,0.0025142313837726083,-0.005699957545312324,-0.015338702167381025,0.033312371450236904,0.013956958464803498,0.00890585866867723,0.02187546762240374,-0.009481357453747273,0.017264305680048622,0.006982288730502549,-0.00534043525349006,0.010341214741316112,-0.017033634296764032,-0.018089292343984723,0.0180697974566257,0.007521157186430351,0.03995008188874678,-0.014016697310374115,0.033362972760711415,-0.017298481395565016,-0.00129259088335558,-0.04344049663998902,-0.018759879641779546,-0.009693957070405235,0.0010966590859243172,0.013238076825188077,0.03180266366315492,0.008326142665874005,0.1184913539735652,0.08229072618374735,0.016429763173617006,-0.03793828970957896,0.07487191923434044,0.0402480221189706,0.015474335952864475,-0.006825855365080253,0.02594165847974225,0.03781015960014504,0.027942181279254494,0.0013335130604906857,0.021629070777061672,0.002124406075247845,0.010252220101347114,0.04615163068408337,0.009934144789957994,-0.01682906677262394,-0.05056890096156451,0.0009776008105698301,-0.017808732957463082,0.03844757844578606,0.025903261717210965,0.018608409647273838,-0.024905229652594743,-0.08618983890039691,-0.01686969173773959,-0.04284333587931881,0.03595449594808461,-0.050327786245182304,0.03110900355047108,0.03745292799362876,0.03245553068992948,0.054488683832133074,0.023106661789204903,-0.05436726533193231,0.05768355432152252,0.040674711021854236,-0.00983329327027627,0.036016336893003535,0.05391805346977007,0.06904013060492493,0.03759814446147019,-0.02550662797094171,-0.07340935119476193,-0.020957227302215792,-0.04325002344636066,-0.03135068747719103,0.010164892481572207,-0.06609321232183682,-0.01187470850428351,0.050035378963451276,0.010551396939093422,-0.013780237361724852,0.04396595700006321,0.029165001911038553,0.05237697413897148,0.0927612466367681,0.10813267367180011,-0.057185585826264894,0.059592255988130095,-0.015596769034824065,-0.04197764593200699,0.0010382277744778944,-0.004676129509659869,0.04565794661248996,-0.06080414220786893,-0.07787083202652587,-0.03156190867791288,0.06700833571574119,-0.019356736150786973,0.014010110032941284,-0.07323418905318231,-0.08987780024095163,-0.03551408505721411,0.048401197425427506,-0.13524117842409716,0.03145551759405696,sport
0.5278013795321037,-0.2072016183241473,0.07648103205168115,-0.1360015319772093,-0.09055120364635177,0.05950487844391998,0.04989089819283035,0.004771366636831915,-0.005840292639154671,0.039072727655309884,0.009270640522773505,0.023572568759973225,-0.0002976186391894052,-0.06460737107816124,-0.008350954909867083,-0.0031092389496636683,-0.07639244874250556,-0.044872510920685116,0.159946450456438,-0.03737999023395495,-0.09821471078253516,-0.08414730166259561,0.021922451150405742,0.05705986151157673,-0.018269259124100337,-0.06821806228525046,-0.04073920972894136,-0.11976524100507,-0.0902543210839698,0.1433747627268205,0.052666973699461106,0.06661287606621182,0.013872171357088231,-0.08083343869677416,0.006436102081664951,0.045380046323212395,-0.03388269274240976,0.008291138591439392,0.03717405074535229,-0.060499207946175707,-0.04203709847453048,-0.06498622619204139,-0.04225989507949204,-0.06269780186383023,0.007009100183704465,0.09946143426246845,-0.000294961884878639,-0.018493504303191,0.0059767602896798975,0.03519102883325487,0.01233620265818589,0.010470849426837141,0.05019677059147645,0.0032790559458637397,0.028334758287994366,-0.03303438935743963,0.025353881077083442,-0.046257467158417165,-0.021383198204898934,0.019982329068052654,-0.0039558096456983275,-0.038425166798590524,-0.011198001427900048,0.02472974493592859,0.022101004490254764,0.04581172041056143,0.019729818236503636,-0.033433067220924886,0.04052134349314534,0.03951505357607054,-0.025509117161368097,-0.027975129219106137,0.015030530823726618,0.00594107782494519,0.016255878236839855,-0.04379993758396141,-0.03598918015154505,0.0117563002308481,0.024161755691586993,-0.03558328618053651,0.009341673420271607,-0.043378761252905414,-0.023053845375188238,0.019603963445605603,0.012131635114777767,0.020287787722020143,0.0309808389784959,0.05780268337522758,0.045156307264356155,-0.006707467593589048,0.0281332066590069,0.03550605088078474,0.0054914612707154765,0.014908451861561157,0.05205981292264853,0.002427166170060759,0.026852446701910886,0.03888586400119879,0.0048064838040239016,-0.01489333323771974,0.031604396028307995,-0.0029631110479000364,-0.011351288553697951,-0.03436873722456189,-0.07001411792526249,-0.0008977102724271928,-0.03191685354507772,-0.00439175951669618,0.0048504303184777,0.002978461522460645,-0.01482442312395776,-0.0641450604255934,-0.04699761049814567,0.007082391841982755,0.014619837807115049,-0.040706779845283696,-0.009439263152780515,-0.02054241171498646,0.02534170162769185,0.010212243157281906,0.03271411889663774,0.008046850682436478,0.007552340320076244,-0.03276166655671044,0.053491361697411276,-0.012668335570045593,0.03811518621234285,0.03176644632253575,-0.05624003630738491,-0.003756192214650741,0.005691438433339999,-0.02482864429666486,-0.0016107514042063042,0.044357877967475104,0.07300554576957081,-0.04301379945774987,-0.021290288151616467,0.04731777451004216,0.06051122801652283,-0.014131242278853567,0.044542429364578376,-0.1170553374010453,0.07034839787728513,-0.0006829777526301054,0.027460574344484734,-0.07862136187716283,0.052346896493849375,-0.025801264970874246,-0.022613535050643913,0.007110096046575519,-0.05910029071927458,0.035538949047692676,0.011845408169974838,0.03340865916993792,-0.012224804815511789,0.05023440574656617,-0.046026435346729976,-0.03509213038266415,-0.003199589261625693,-0.08359223418219253,0.021993382792068365,0.11333944143373322,-0.06627475590102333,0.11508183755368478,sport
0.40603576726027496,-0.14378899513831106,0.0488293541664589,-0.1685315656734389,-0.0396083611974505,0.025962300776340586,0.022316799680010647,-0.0021973400783734374,0.008178101928392767,0.06360563752899294,-0.0023134861958496278,0.05205820537284553,-0.11344329309784221,0.004327834433789377,0.037820523744427556,-0.0008884248766372045,0.09919237816374472,0.038734393035733415,-0.3209514948821223,-0.015422683995528583,0.00588043447217936,0.14754884702492796,-0.00792651315265211,0.06081212677667254,0.07547217308719109,0.008735093507990765,-0.06010432703810543,0.032981910517365286,-0.07452659156818632,0.07409044173327953,0.020787350613934233,-0.011762833750926727,-0.0432796940867425,-0.02018695861453982,-0.005408218412697647,0.0485073131577377,0.006521605655937552,-0.03513013466092786,-0.06493398246023302,0.013304300907588969,-0.10074195612606565,0.013792505538935237,-0.08369161749402987,-0.033132888569297345,-0.07625870521522499,-0.10406108700737603,0.0014811862362630944,0.04357398146767881,0.004951923933564259,0.043039688210861765,-0.083745697804355,-0.03151525314065101,-0.0357406638669028,0.011456242735237744,-0.08969455128953596,0.031225328136761227,0.03211154432060844,0.1233452487266725,0.016110914921730633,0.11863216314988245,0.04142373723988744,-0.041429357620649455,-0.06161319919494417,0.02268626024055112,0.08283632322242505,0.01594258354520218,-0.06330272098321313,-0.01880563413293078,0.009711101708779375,0.019894527484592917,-0.049614353737294725,-0.029690726543770373,0.09756475900174427,0.003013573584852812,0.05069085426259762,-0.04962807239885243,0.05216491510071834,0.0024155262404094353,-0.0019326473405129913,-0.006405692596302039,0.0799567813449561,-0.12184813819582122,-0.0013403127580786213,-0.03225861019984125,-0.012855813122883879,0.06298577937849106,0.06836668131398907,0.08475972137249731,0.02791906789160388,-0.007002602838705398,0.065730311925992,0.0571953905153995,-0.06284449771473084,-0.02192642149839008,-0.02490291417254504,-0.01549132660339441,0.09446365248430626,-0.004029220617707934,0.012191275490976821,-0.048139597703275396,0.05004967135559804,-0.033893798246858384,-0.024759732744659,-0.016096260539930074,0.01034875084204815,0.005867972325236488,0.039893626942499975,0.03046355255318628,-0.04720875105196174,-0.0360266275475018,0.017023241247118567,0.006811042263043513,0.014559368773335272,-0.008345059473535634,0.004198882459407454,0.045827535809589606,0.01498830158370014,0.009498077078814938,0.029017137613534978,-0.02638311626247345,-0.035599540210378346,0.007727189746872883,0.00656577783269686,0.04384993735668215,-0.02239577767990957,0.058404783473955814,-0.028420332841141045,-0.05125110979370815,-0.008319736733940084,-0.044569096918083584,-0.022526460374821908,0.03274566986978613,0.01882552110291435,0.02784586604815548,0.01681503858577155,-0.036802559304840526,0.06183843323640246,-0.06847187363226909,-0.039973155194859174,-0.03255084847273278,-0.04029946174731341,0.09078272378387636,-0.12187487233441324,-0.02670342667780444,-0.020076833024979965,0.021993294286735084,-0.010242803574809395,-0.013341340569269137,-0.0033656767408826263,0.013573035935062223,0.004048548374763734,-0.003141447419155114,0.022491187592953762,-0.06737435160319287,0.05728432161889007,-0.12849252228124475,-0.03155066864707759,-0.10751769037989214,-0.018468892382312883,-0.24203326436186895,0.09120930623728804,-0.21333965743955952,-0.04577322517980772,0.16328042699946027,sport
0.40241299188967516,-0.14707881140703988,0.06710214757108962,-0.10538370632924822,-0.08890867621071062,0.008581067348904275,-0.0019720799798828743,-0.004588977059227231,-0.001958205933486847,0.03985302158737076,0.01302009719848924,0.025415432518122574,-0.05278312996557676,-0.04244808749263575,-0.02877258771225452,-0.04267912402239079,-0.11518623694689738,-0.03899157501276628,0.09693269562676715,-0.02501544062760935,-0.061352506882222296,-0.1740149986058131,0.006948618114216376,-0.021083258533893947,-0.0406327761623077,-0.05763095270463517,-0.01639725057263387,-0.09925205593316033,-0.09619417167455999,0.17537573428468006,0.022083301548929127,-0.010773200363015146,-0.031779641718203175,-0.04160589289904468,0.04648605213047385,-0.07371766299685438,-0.08238574907082681,0.02325389902516595,-0.03044800891818461,-0.06246963729866647,0.021767328929477546,0.008906639554464265,-0.0007047396993659555,-0.008425808236566478,0.1612698451398565,-0.010477238035329024,-0.015554143586828852,0.06476881788429939,0.03198159305604574,-0.039626337344588404,0.13661864740889365,0.03651776906943122,0.013420280809878489,0.0506711975584011,-0.05549937589322963,-0.046550479741572864,-0.05215513818858146,-0.009310106251964797,-0.08105306642900796,-0.012271317859042633,0.0337979132864031,0.025096331765204892,0.04389568257848466,-0.045527873980680506,-0.08094757592994689,0.10781037649800426,0.005813959758723769,0.044380582913904766,0.027471430320240776,-0.07575377332307519,0.03787286404539041,0.042452585777078174,-0.07604303561962791,0.009037970146570894,-0.12611802972535066,0.039398472427583625,0.04793909203170145,-0.018980398036491077,-0.001244487941342943,-0.03259450249574169,-0.09544990132734348,-0.045372242203642256,-0.004409541045726747,-0.09820679997986868,0.059783463469245256,0.03958963104366424,-0.0905663368682181,-0.2071725468950898,-0.10880646935903242,0.05419187443495787,-0.10982791112828136,-0.03123657663794932,-0.07241887290929831,0.011929496190599667,-0.02396373451872966,-0.05991121340017639,0.03779715254491963,0.06868365951589181,-0.06635695027236817,0.020022736685676813,-0.05100111436702223,-0.08728797712111247,-0.020919872957588098,-0.044814768218148414,0.17171481006257452,-0.08836629230162098,0.07339057679754701,0.033279666530726816,-0.022391331831246388,0.010490659007458403,0.006486206314085754,0.11675469716035504,0.023779828277434616,0.016456572312212807,-0.06586914113446289,0.0840599775224454,0.002108861520576336,-0.034895544104410293,-0.012183067984827576,-0.013202281457060974,0.008299719153781124,-0.07214962369385844,-0.025637270634662604,0.041728072650700894,-0.06226999952133141,-0.009164801523867906,0.0020288827880836293,-0.029160051529519854,-0.08265672669812404,0.023305838036830402,0.015581940131080269,0.0994134485234844,0.06498054837950418,0.011453214111703447,-0.05327558838888545,0.045442869735647214,-0.010738498579514043,-0.07571610426193279,-0.07655720526297552,0.022074899177418953,-0.04313158074195175,0.07594952620840457,-0.07363647185550612,-0.029193411282585426,-0.04236092788700805,0.11213071081613116,-0.05115260009020307,-0.03540855715520347,0.04732483672065393,0.014556134863515122,-0.05748139194312487,-0.07470011302902109,0.022542352613728573,0.04400206244653314,-0.004869030516259532,0.02582195352000737,0.02179538574636708,0.047827656774184636,0.034259823979783645,0.035114059932930236,-0.01679049254187297,-0.010009457841578886,-0.03125222930306454,0.019350276630986922,sport
0.0057621716125419034,-0.030135251935664673,-0.0517203688788181,0.05947746259891995,0.0173667083995765,-0.04242006340007116,-0.01725693366251557,0.018754179212721187,-0.008691755103058465,-0.09004607359035188,-0.015561862341766751,-0.09563127043360879,0.12506238950068269,0.06753868822023468,-0.026185074949617526,0.06673533435629635,-0.00836250957136742,0.03575621967531909,-0.03411387389104654,0.026940213751482554,0.03382211195977123,0.01650247781474638,-0.026185424896854468,-0.07124181266025674,-0.027302081842620732,-0.052427352268210284,0.02280321698308942,-0.002642183459948143,0.017616175656892673,-0.06986037854167312,0.030630127952717166,-0.06404275379076474,0.1088599556949858,-0.24686379004767547,0.1055733150211654,-0.18620666283116083,0.02807339674262453,0.015973296178466448,-0.04267996500173223,-0.09111248334027022,-0.08319903216573846,0.10235358729235416,-0.2393349610352527,-0.030914877888276463,-0.12065234439668335,0.13598389658054785,0.062397003707792005,-0.0015510287513838183,0.015512015462392257,-0.12909026119843914,-0.0554807007233536,0.12102010189498688,-0.09108154616533774,0.08741435941225464,-0.0874436544854102,0.1541684484272567,-0.06777269917109448,-0.027633370823038503,0.10979594841170298,-0.12154508668902575,0.027238164836008785,-0.034397785200828805,-0.046293059859762585,0.0972377010116851,0.029922674452641473,-0.09820028519966253,-0.05592100771556215,-0.03306078752840086,-0.09626844958455204,-0.10337170977421266,0.09958773407539347,0.08826680935490894,0.13392592107186319,0.023929185904679212,-0.1700794840682399,-0.18927641217975713,-0.10451176763797493,-0.005522894776829925,0.08461197372442014,-0.07587424653856516,-0.1263034670048263,0.11379635735655562,0.03226007276169528,-0.013343290825137697,0.1866457158208032,-0.16196263968198282,-0.004202596347185538,0.12326586566835335,-0.018994105342130408,0.15969162364698236,-0.025735107791048845,0.12428326638469267,-0.14497959501324664,-0.04237271616882163,0.18519116325620733,-0.0687262317298477,-0.03944884630056383,0.04795545674231749,-0.06570162737149342,-0.014382794907056061,0.07830729148741555,0.1229308828990144,-0.00893709397577042,-0.01326793991632134,0.02126706716202659,-0.08884259050051893,0.013019247984112163,0.13745196442522123,-0.06085400066181518,-0.04841479431463876,0.017022553554207984,0.06991388699186875,-0.07835807559632936,-0.01777713935996555,0.02181339685906597,0.08933561459609021,0.0860006198967923,-0.05327212344504974,0.005456492219455003,0.012560182186703257,0.009262473121052914,-0.055652249434864985,0.08660564410301107,0.06567683707140659,0.004155311346928887,0.014566675882121509,-0.05410638098734468,0.06390860844921553,0.012653587540612098,-0.05219974328776427,0.03812744898975666,-0.02725894379375998,0.023458057377617466,0.07552726547983436,0.047191792732417935,0.030660180403616594,-0.028705163038136392,-0.037197581055757704,-0.006489473615347824,-0.04306803632040175,0.006371481415035259,-0.025885424671050178,0.00224679672925924,-0.01445731457533925,-0.04159208789200693,-0.02896821483512163,-0.010695951090395492,0.022378331668894667,-0.029138014690241326,-0.03204806783216072,0.007067817227166638,0.016288925996799174,0.011924800329085829,-0.007280277443411788,0.015439673521798737,0.013246010953464803,-0.003095951427908197,-0.022242533840360644,0.0036803896220527453,0.01552670592147961,0.006896844918618734,0.00729143413408484,-0.007827405355849772,0.000675813013189962,sport
0.3331581694831498,-0.15993498740255324,0.04254500430128678,-0.04471013396740876,-0.1110044221277266,0.030207369838903222,0.043183626365174754,0.028043159363307982,-0.010909138366195944,0.016930842745911508,-0.00507941918905265,-0.005348397633513618,-0.04555317219265149,0.00888426452880404,0.00786340156424083,-0.0009931120041624917,0.012904521671923443,0.008920494347841887,0.022921795789652893,0.011187608187550163,0.0033823261688119307,-0.02674327627680211,-0.005918291723574527,-0.009144473481476045,-0.008137448631253923,-0.026942314145406328,0.005741725026043328,-0.0388920964822392,-0.005151489128185767,0.014219373619202502,0.017926637855791714,0.006175610480763792,0.05142714004869264,-0.07143235849020217,-0.012806441124571554,-0.10248898131291621,0.005620283262853952,0.03183530475240636,-0.025885710140274677,-0.2103001874183759,0.0714081868079199,-0.17161685450833353,-0.0027464812684508694,-0.09808722366692842,0.021154525506110196,0.005653970033613341,-0.03300180666071663,0.02410763581073198,-0.05368118722499924,-0.039276612003655634,-0.1534771780737736,0.05882606908455321,0.039197860234462395,-0.17461326862238433,0.1336614235458381,-0.09250896395730504,0.02889052595911603,0.00479419733328435,0.005544596201336045,-0.005096461731417722,-0.01061690663449888,-0.09348985531182352,0.004947639551421641,0.04267964436461921,0.027634301371622365,-0.08802032122073924,0.040455812904120654,0.0060927031946706525,0.011756005039656249,0.10134955830700342,-0.03488812656958443,0.002708917843930386,-0.07121888915615686,-0.06643311324716802,0.07417298800483138,0.034319046960806766,-0.18255644469005394,0.055097764295873444,0.02093450430278963,0.1831128110997723,0.047789308567634005,0.12289905185098685,-0.002758697573684087,0.021879009451709307,-0.0402736671531436,-0.001298411788162766,-0.1337849467725587,0.02167559443622061,0.1011328534214931,-0.01118095830116234,-0.07906351026241643,-0.02497067016018062,-0.004400844207092736,0.01832057743740593,0.05030615376360403,0.079106228897685,-0.0941122170869611,-0.009938238937047266,-0.00046712562732177914,0.08529582498351576,0.027500026687850815,0.13110702484989623,0.057197376188678525,0.0603641453157423,-0.0762838673194564,0.09029167078774025,-0.02019053633729342,0.034415130799014274,0.019373478875685798,0.08159823350074817,-0.1009473039395569,-0.03587837969937461,-0.00943899466474962,0.004592137678250892,0.010854200595547732,-0.05874388198792178,-0.060687475522002,-0.0027245188397216234,0.052567355710820225,0.07884857538014424,0.08294761230061053,-0.10211501707939043,0.08678300132552036,0.11088033202230957,-0.15762233991215313,0.2565086308810787,-0.016520354946075858,0.005416087108164971,-0.03933450404566968,-0.05539557486310025,-0.21750033705179064,0.09138916764987788,-0.002684226096794796,0.0029071322716574997,-0.03880841646597178,-0.0007896208822518218,-0.05103948541438195,-0.06970788871947503,-0.06072292404514696,-0.007235318754070727,-0.06380832103239274,0.14751014507091115,-0.08598763202176478,-0.035152170079328,-0.05029301678838207,0.08568307379080269,-0.009055321445097204,-0.03158837477738693,-0.06658827799488788,0.026203238526931082,0.04100334672232048,0.008305600283696002,0.00733375039384261,0.04154659842238014,-0.002583225144485731,-0.0009676681836779815,0.022901952997789393,-0.042088949006736355,0.00854096276922337,0.05070583982296878,0.02261755174592768,-0.0008438235478570483,0.025469794803371183,-0.05237673318419133,sport
0.3104822225978894,-0.09771592854830644,0.041096013006738714,-0.14024859220120825,-0.022604088616106126,-0.02207771893281543,-0.03968387886300919,-0.01634859121064123,0.017919620293370624,0.05143864585129757,-0.0024684407235384415,0.002427387515658249,-0.09385652396707826,0.019537817663321733,0.0049112730464094785,-0.09084509311810383,0.05530929729348612,0.014890463182770876,-0.2681661695894786,0.01479208011715148,0.04455158600211443,0.18792556731884408,0.004247988333842962,0.06301536697759408,0.04503624433978659,0.006135281147768455,-0.045695053289589324,0.031471539597274785,0.010550421722953656,-0.02534215875727959,-0.08265032826692614,-0.08787924548035975,-0.08859391973183002,0.11261661563690088,-0.0078003960614025925,-0.061075620560342804,0.04898235397872446,-0.02953702829534492,-0.13601831049621338,0.08343093678003,-0.14305142127757753,0.021176395016942014,-0.08902676588326985,0.04750917713144939,-0.03750677858296389,-0.005883000174595563,-0.10750587115796228,-0.0022618992014625844,0.055951569697029,-0.011650702832371409,0.13911683075858836,-0.060859315706414376,0.07409990185072529,0.03752630400982056,0.020843154553230527,-0.06666450053543482,-0.04437874937406948,0.0759269939002488,0.04689878843560935,-0.053618092719656125,0.04159051168641773,-0.050898724823955466,-0.08178492561327652,0.0716713145844771,0.06523286938838059,0.045960076391310556,0.017089326021734786,-0.015993771738008727,0.03364971261707204,0.12002351705157793,0.016122419559763436,0.016222393400645595,-0.022615315527021375,0.005867666093331001,0.04065872621544806,-0.028954023736376233,-0.06537535764618113,0.03627866791087714,-0.026977729480207855,-0.08362132083557967,0.03721363093097709,0.058558119678908456,-0.0006514842707073105,0.1330860460912598,-0.12344770539028735,-0.13286547836638074,-0.017930103468724656,0.11144474900840455,-0.11075336761726969,0.09841012578304424,-0.03304559340224789,0.030828297324124957,0.16979881242252728,0.08013235394835892,-0.018779622030971475,0.007465381473559031,-0.06882452965750406,-0.002345198681133253,-0.02278801747372828,0.06803738493889448,-0.09475336578543345,-0.013882209950020994,0.1126302767155744,0.043880612113446224,0.05200263547707455,-0.07004242509017006,-0.036013097750981014,0.07276475422305513,0.056428386293007865,0.0582299503828464,-0.03375193051012308,0.051357312268792074,-0.0067258390614279495,0.07870690990056518,-0.08672616795866701,-0.058180914107702215,-0.025307775202699234,0.014306344113391881,0.028831793306987024,-0.04226328153288299,0.07815229214199636,-0.06215853395930872,0.05360054982958114,0.08652442627736451,-0.11103899990826635,-0.04962719979970674,0.16696938211116247,0.048700459840017106,-0.13677418573342703,-0.06675405078214429,0.022658281945743784,0.11193995836151359,0.09014531206380133,-0.05255922763954919,0.039596174121636844,0.0432385694319367,0.05276161101466838,0.061763814703740115,0.000623190546115858,-0.02499890466744746,-0.029708408296640645,-0.05351271380069593,-0.02717455765862862,-0.004272860982097411,0.10297773392115286,-0.050660978217539995,-0.00807326953068285,0.05712829397131776,0.04601341739265215,-0.018112694495132434,-0.05914847266299365,0.006686003989534001,0.006334603705971585,-0.08247101271460883,-0.0042980411080197935,0.00853669550384232,-0.00014828271539638218,0.085643134515134,-0.060280479649783364,-0.05818436506135356,-0.08465172242437681,0.0350218212411489,-0.003939179721339417,-0.04522969483380028,sport
0.26744206833017364,-0.10709410592121474,0.017324171202139926,-0.06753422113694352,-0.044768264761142366,-0.008713987300848124,-0.007085017789821793,0.019261193445475,-0.02579509645051889,-0.10019792548662092,-0.027177054324503007,-0.033518162304734526,0.20200671331938413,-0.07324815661957483,0.021896365729533886,0.06931860924568642,-0.02273808328565991,-0.009652703599757746,0.1742331089948028,-0.007969933734295822,-0.03491188064325648,-0.06444566376823321,0.013335324859231144,0.032719868649689114,-0.12209935167213622,0.11460320552477211,0.03857980504432042,-0.07409853645349543,-0.03497962913254477,-0.036540322294660386,0.040216313710308364,0.08558685331201997,0.009829865992276683,0.027068859545178955,-0.04956845483789729,0.12384276696977506,0.053314532524350464,-0.02431717104237076,0.012498382724607867,0.12394655508378787,-0.13740326636297567,0.07258557386237291,-0.005499556137124611,-0.043302392753140725,-0.11129660969720286,-0.14423107404705104,-0.11961307257988196,-0.028648722073797428,-0.024661952198202792,0.16215881057293277,0.023443981257165545,-0.08474896029996216,-0.11583686147249125,0.0756279257122408,-0.01452283301105115,0.13084906148392023,0.06838803106754571,-0.13912558180494147,0.077130459723689,-0.06173276703871386,-0.04204030716120974,0.05222701301473682,0.05620964628569344,-0.010095368602470907,0.02591652546085712,-0.047212674538797315,0.05626604808595422,0.020965882181192642,-0.012164649566593327,0.07644509701077029,0.06863721065234744,0.010864773385346525,-0.02526270321438853,0.04924233050355413,-0.01857798929956268,-0.010947514382791457,4.974014178424853e-05,-0.10769915862662637,-0.0763213531227725,-0.10740132251512628,-0.03756509763006526,0.03938372564403581,-0.13215733778954272,0.126564776643019,-0.062291714032282085,0.03520888751780233,0.04371034595680689,0.07461644941830052,0.04820448700294318,0.029920950294460763,0.047960069008808885,0.13051494158639926,-0.03855661547243879,0.07921794363715329,0.02164969164499921,0.05822933053712373,0.12975550523021936,-0.08376188363761085,0.08949436528738824,-0.03984674798531098,0.01670465378391612,-0.023744161408583327,-0.025372328329355938,0.01416587911027665,-0.003954586017370441,-0.07528067773817854,-0.126391656008348,-0.10191166456371945,-0.22161355833587493,-0.006274233457486193,-0.07299050708039583,0.11607180381722527,-0.05019915326732226,0.0831845487780332,-0.049561078838845335,-0.04378828986446444,-0.17119537820731134,0.09995080343386922,0.06239672654438064,-0.008134790277580586,0.025625441489306938,-0.07771847847327429,-0.006798227414152945,0.025600828523837358,-0.043814287085140326,-0.022030579788524015,0.06539832022221662,-0.06735659195181612,0.031404866567148096,0.004475748014349839,0.003283058095998531,0.03182596221414687,-0.043072232333432735,0.004908432589326051,0.06015759059209738,0.049129906366604185,-0.013040488858729759,-0.005157325250653669,-0.0025578400809909193,0.015244162331634994,-0.016481696854570207,0.0995943284302822,0.07008681837116953,-0.1727897467820393,-0.11538057468234338,0.040303249529020486,-0.047421002760965635,-0.05581480758960756,0.024955700335847465,0.05085491862243018,0.10637649496225274,0.04539552016403877,0.02614160580215834,0.006281550073130619,0.010187019405297664,-0.0569147280797609,-0.018700386196382545,-0.03775698102654988,0.04228493425046421,0.06830528441140643,0.050100598857040025,0.02764462329957654,0.07936720275036824,-0.030075556245362785,sport
0.2592256578720572,-0.06611408507259423,0.034765014448373016,-0.09204590943424358,-0.052210800791377826,0.0005018694845932637,-0.002031833371210031,0.004853681514825582,0.004991679747914628,0.022711957701913022,-0.00545492668745793,0.005880980303757041,-0.07975902796051637,0.016332936595701796,0.015761721075109456,-0.0052873122588179946,0.0855998840475282,0.04514149624644533,-0.23890339022611745,-0.002680294998303525,0.052804633233057584,0.07353216269198505,-0.028109480622822723,-0.02634156657185798,0.05453427954065841,0.039226939658199726,0.014574334778243188,0.14489666186115155,0.04673509841269456,-0.09358829017923372,0.08485972603263593,-0.01395989169100768,0.04026218341048174,0.052647053389881175,0.0025118949049128775,0.03951205865472183,-0.012355982362139238,0.07388244448427621,0.07719622708118105,0.03992192606285482,0.11006685594245497,0.11473481677002752,0.12465762834734775,0.04825052136586729,0.07561179196504593,0.06310988186360665,0.08990444214059351,-0.012836093061815773,-0.03555791197407856,-0.05414053441011497,-0.10029290992798238,0.036777374740212275,-0.007604988724922669,-0.09655945859286941,-0.02492468419762541,0.10554992551884934,0.008961784687263068,-0.15059826910813198,-0.09230375398404932,-0.03818219841578677,-0.07727895144839943,0.12736472477011587,0.14071240881457397,-0.09346228737643829,-0.033429495869460334,0.08941954370617065,-0.010099454781131402,-0.01616020824385153,-0.04450325853815953,-0.08914750077311719,-0.025972966224479997,0.043842959082953166,-0.026283444834348108,0.12358101045949194,-0.1645245845486338,0.0504189506728136,0.14024045321608833,-0.05459474629278047,0.04352876503610797,0.07590583297780068,-0.11055327894826587,-0.0392356413817057,-0.032980644245726526,0.053049943161825944,0.2506623159685902,0.11050963853292603,-0.06215579623114347,-0.0300058082589564,0.1735424371707591,-0.08910434450949421,0.005362974654274751,0.0641677527406952,0.2502845177195911,-0.021406402890462313,0.08163349956654625,0.010315690228696474,-0.11188081149012702,0.01375273686775825,-0.023392356705283484,0.055919357293519156,0.013225189299347705,-0.1201632184219475,0.04941723068072211,-0.01841612290906413,0.0073864323162265546,-0.06501840908984781,-0.06476235880106877,0.05768113615994942,-0.022061888700756725,-0.04127289351470053,-0.05715574677912724,-0.03088162313210116,-0.0620835230686576,0.1230784020829269,-0.0111733423778014,-0.032609052981599156,0.003705377302281523,0.031027190405597052,0.07966667902791817,0.11170573841065704,0.009243871511419793,-0.0008063590427651933,0.016359873539551692,0.014447380497495409,-0.025561220923764272,0.022029163270902485,0.02174425376984023,-0.00528116005874686,-0.005548864115515769,-0.21609596757702332,0.00792260951570538,-0.0011752352611393696,0.08206067786928913,0.0002554623884643788,-0.003512471753308175,-0.08847438273051293,0.059153998077444904,0.05534261645824066,0.044058285593416346,0.043511781595996335,0.013848706135229257,-0.12433180973861474,-0.0164443982034715,-2.3656038766112992e-05,-0.07360703578019522,0.057556968369329456,0.02214043609204674,-0.025906988553981204,-0.009598260456702734,0.06842917614588767,0.06896705037088166,0.014653273260130743,-0.007499646835677486,-0.004719943095445056,0.018346713550391813,-0.0770327231554596,-0.029721140310767336,0.02041296367764605,0.01099086491260933,-0.017023988035669978,-0.03311018220817695,-0.03044165232077332,-0.01903705620616893,-0.012562107643475469,sport
0.2233566722070301,-0.0014379940905644292,-0.0011675958430111104,0.035984220663716454,0.09828856271777917,0.0007439201072136014,-0.004265758274902014,-0.045271505992449446,0.021182501652835743,-0.0503495779336164,-0.016448794453287834,0.018573707294843683,0.15158037510542074,-0.03412732410471914,0.013010940905993855,-0.007604568309194347,-0.09001590653179435,0.002180369428822972,0.13901978631508155,0.01882034937649356,-0.01194088875811885,-0.005692574370891235,-0.03305875815489356,-0.01818134407018556,0.0370272716543377,0.075268938681772,0.03933657769819168,0.17290555636094973,0.0023365342394696498,-0.1991576107103399,0.09541071138486656,0.10324968835018374,-0.06543719052309045,0.0072425524661332485,0.015606864633758327,0.11406649485558155,0.012010009665062809,-0.013462385423280458,0.09216704767748361,0.04143997893573356,-0.08074560903741315,0.031638988212445,0.05788645009905711,0.03679358775503653,-0.044825752003606494,-0.03361435921038248,-0.20216453839801024,-0.06302862723475178,-0.06636079811188725,0.06822307586828208,-0.04241468832789999,-0.053590405157308535,0.060724783462431264,-0.13102569567373917,0.0004746081627658633,0.027892089883714267,0.09294177230953019,-0.007253433139441195,0.011233098688117059,0.03242804505918627,0.01692228824949541,0.012070862888260434,-0.12480060976030438,-0.11209748826526172,-0.006378593909081362,0.07071483842421329,-0.04920060478256631,0.010643998797547998,0.035169263757533396,0.033079008236392,0.06026852678502873,-0.0987392368154141,0.1473321583880348,-0.07345305008001138,0.01693731013416994,-0.04284078572446011,0.07808208852088494,0.01890585421446477,-0.13966980051784783,0.031541871239862705,0.003859332020925675,-0.09624333763727885,0.0450865095513903,-0.03814726417358063,0.13602964046772875,0.03838590084687956,0.04665875750533842,0.026182765802580808,0.005729121159932932,0.0003977788679367262,-0.005369972314438931,0.02897889650131017,-0.1323817944593616,-0.10337425135345844,-0.08273981044237215,-0.1414884954152038,0.07581933485239034,0.11180940016528507,-0.02194325201211377,0.0784604326015507,-0.058704139160621505,0.01369519345249865,0.15102773720141538,0.07561990174596453,0.03357866185819885,0.0734742131779126,0.012348426689504357,0.1963367879088345,0.16436878910072217,0.18841138456380133,0.003542278296404162,-0.05601733309487182,-0.019600404868529972,-0.05014266697975934,0.05647592921739885,0.006458787932651093,0.04087110447926884,-0.07228075023518746,-0.11624223909531833,-0.09401938283427017,0.1499251031267426,-0.05092921868497027,0.011408823800311963,0.009140672268135497,-0.0699515431798392,0.07645815951551578,-0.08651514406625206,0.035155156887126844,-0.07103544679894422,0.025749998863465847,0.06898915093556034,0.08966251119273093,0.07994437132115763,0.05305997656741718,-0.017840334448447244,0.061719027423321055,-0.025925288199721702,0.0387810140942889,-0.013895209944826382,0.046233419069998886,0.04656357716121135,-0.07350687341793734,0.13190066049045096,0.015660269462304328,-0.09780032270265324,0.010475242491433473,-0.008056131569402943,-0.043951272728548145,0.022216728684193235,0.04184409369990857,1.971677355768621e-05,0.01132862883994028,-0.015023084577712571,0.00010195946254122158,0.044894791638447035,-0.02520884252305513,-0.05443495710816181,0.01527537119534412,-0.036687469852005196,0.03529908363877491,0.06810433678113696,-0.04476645715388621,0.06893979457930302,-0.026717225161388743,sport
0.4244713218715611,-0.1776916597335,0.05460249325067315,-0.06499342884532212,-0.10145938515910055,0.07423240910435387,0.05496738950044455,0.041988905297650966,-0.025209012434764082,-0.027479412177791922,0.01984032042285848,-0.03277248658753713,0.08088384936499901,0.009514095388127877,0.005324489046273937,0.0692046231254509,-0.006753747794981464,-0.041761178641430925,0.1462030136669339,-0.002780458156306424,0.04679267442528424,0.01759054934116765,-0.002878730747439566,-0.021923322676312706,0.008586143596008726,0.0012853769043934436,0.020783673469875558,0.049583099973690176,0.0994167055096354,-0.07343552512680876,-0.06864950402281686,-0.10716622375431241,-0.01768278180648288,0.04552396354496057,-0.001562845007734482,-0.09494190033834796,0.029417370452977036,0.03064378296222569,0.05519614338590043,0.08502728649785583,-0.030053441802611686,0.12292733756978805,0.02436758670814215,0.05965040545289658,0.026580730392762424,0.07181190033448519,-0.013246410529146381,-0.002737733070307294,0.004528121405941956,-0.06403884008642842,-0.10822291435634497,-0.00012127199554580833,-0.03842058831119636,-0.09610217925005926,0.07416645998740036,-0.06730730251223727,-0.01951718272262902,0.046536643807167474,0.00859393010026937,0.01544378638199862,0.00030448151973142874,0.002299918288775015,-0.023676647287795023,-0.015598752310603533,-0.03100181424001652,-0.0569541303471036,-0.03170288720741787,0.009788509196601567,-0.027152703819427356,-0.0007255204272327946,-0.03274001736248273,0.05380592713702119,-0.031304104812407786,-0.02043841224711578,0.049579197714025004,0.0827539117265756,-0.03589034967467096,0.022469110837885723,0.013226852316649499,0.05049765269602831,0.018243778000085965,-0.0007559418940103979,-0.007479327252444859,0.015083640100346392,-0.02309242678704289,-0.0443463587504254,-0.010390539465673644,-0.10569810099916231,-0.017483646849862193,-0.09090627091805573,0.01263195318794034,-0.038104616074089555,0.06852763914214353,0.038917981701555936,-0.012029275491220489,-0.021240790676460206,-0.11550144396332737,-0.020978792318579412,0.06401963642984339,0.00416678927216873,-0.019481937168393568,0.05073329008196121,0.0025771899493563883,0.009891248229150346,0.01801160037705685,-0.008890399150559196,0.07389325277642379,-0.061230638244209566,-0.002265808431296654,-0.03902809812820338,0.02978162243503958,0.05570383817817183,0.05216388646806043,-0.027319522259324346,0.0023024750711957112,0.09973528775876526,-0.017189901089814857,0.021462671484025513,-0.05885807490781776,-0.051923146425363255,-0.12063675689359679,0.08147481253686908,-0.036720026060668896,0.01607607004150894,-0.03825367285479142,0.03214555550555987,-0.2703007356550461,-0.11454017357523105,0.05852500553433805,0.08474273195086604,0.10721482286481325,0.07812568916675078,-0.010904471601606769,0.057021734937833836,-0.023002116453959595,0.008859219060969334,-0.018969920740538514,-0.02410550557739353,-0.06014002267917223,-0.020466116212525462,-0.025771324637059778,-0.010014717398977446,0.006456821171867427,-0.09829920223829387,-0.0418669420846458,-0.16427885453181826,0.07042055412434091,0.06710312171471612,-0.03121676598143719,0.07361804062022825,0.2322472889040621,0.09305912027354425,0.0611637652000692,-0.043346769203957414,0.11285263755750645,0.09712676513341344,-0.04361971141903969,-0.06872097057121239,-0.004740724018567096,-0.08309922240088904,-0.11296723633353466,0.02606103751332526,-0.07690976297041686,0.021657874188925372,sport
0.41968199915963944,-0.18484379662138528,0.061657084277310564,-0.07377150529813849,-0.05849030754531368,0.0685035324532876,0.06471132361863852,0.038468442184463846,-0.024089163141353617,0.01626743948878356,0.005287052521894999,-0.04719563213781957,0.05325719424806021,-0.04186011693391335,-0.01258115183293082,0.02631665081704864,-0.08691168339575356,-0.10027141352339888,0.2747722452568278,-0.04963480826414628,-0.00834359930753913,-0.0321129793319038,0.024781724380513587,0.06791700928665095,0.06682921237840016,-0.037681244202466796,-0.05618118055428417,-0.00407484022162541,0.002983964676811445,0.02603853847809427,-0.09297062186947169,-0.06712592206090476,-0.06373899519469464,0.12506901274987212,0.012792799004019686,-0.04355349244433377,-0.007073256897813224,0.05658438832535004,0.00801745978540496,0.15009332552544216,-0.03738411270470803,0.14435413408412634,-0.02251306439859256,0.06471977969755752,0.02094252204442983,0.030671318113753558,0.12715674053034282,0.04977210061915783,0.024918852907811023,-0.04345115884536546,-0.031182981694727347,0.006028254569175225,-0.0013596045271293837,0.00016470602608990514,0.06453620230790835,0.015245835688750785,0.025950815314898984,0.012638065716244713,-0.025161143736854196,0.02396048307397727,0.03167974002729664,-0.02742054193378381,-0.013651684497331947,0.006237570815860167,0.0782321644450672,0.007055475344060082,0.03267433308015444,0.02342511179390327,-0.044688392074148896,0.016988951721414902,-0.005167044844282369,0.018063574993191334,-0.02556276516705482,0.055021153979582106,0.0074850999938116435,-0.017734472050047967,0.10464631314827254,-0.02512753152585629,0.04702115547898499,-0.016003472374166685,-0.007013871799256881,0.05779397672792568,0.017776903558591482,-0.011567612958460878,0.039376167998209775,-0.05675934074870866,0.09384743762366274,0.07975322106436511,-0.024794994122209327,-0.014641410679550097,0.07774496907893053,0.01539086813023256,0.02804246339863559,-0.04274513479410561,0.06640031163627505,0.04627916434123662,-0.026715053980695427,-0.01570995285466051,-0.034075866405619624,-0.04767699224933174,0.015201049589294927,0.09389438686869876,0.0026712406074336733,-0.02671027673074205,-0.09302539223705861,0.04791623762844597,0.002081878798993621,0.02301479909822395,0.06284486922623021,-0.03801328068322168,-0.01509415048822459,-0.12890948158041884,-0.05512496576971257,-0.06771179378546519,0.07002002350608326,-0.05297686344702248,-0.010448102772662332,0.018624872983243623,0.008739586789195243,0.06708064190593455,-0.006693805460901487,0.003861485281755104,-0.00558517542227368,-0.052649732222262324,0.07012839575923466,0.05064955114703999,0.007255654928192383,0.03243545273970023,0.0816578023178136,0.01443077042771073,-0.10266363708572952,-0.07396840582498525,-0.045607886469537035,-0.010060708441425217,-0.006292652620410668,0.005760369014730511,0.0015523564976198815,-0.01662674088038965,-0.054227828890554136,0.03570509866608553,-0.0037208073741759645,0.016504222071080016,-0.0186533859800084,0.15954554005642851,0.059463705042508544,0.04750710648876392,-0.015845973059208682,-0.00035202627939523375,0.03284795098406495,-0.023951102477321417,-0.08384427327640973,-0.09034147357772405,0.06551535638723469,0.12724671546614838,0.020942557966864478,-0.08619562203973571,0.06126212702869838,-0.029634343208449966,0.05371045838626665,0.006467221917651142,-0.07568467395061662,-0.1493242313569462,0.1789111255989288,-0.06363668610498846,sport
0.19858078519012562,-0.0362124510378119,-0.0020389116050891325,-0.011544527461446165,0.06010309717625188,0.01979271949290183,0.05004909030892543,0.018893876133999347,-0.02757289899257064,-0.030216823797540805,0.005767378207744853,-0.004443543652443535,0.045351487755265416,-0.0050353991809002924,-0.002000078681826316,-0.026366026186270097,-0.10167010447561972,-0.03254975816457514,0.09259321657408953,-0.057568703852743874,0.03368957268575851,0.026500114172541975,-0.017227083999671503,-0.028363853655482885,0.1139255220282237,-0.03267244320094215,-0.03856260902778113,0.06168644469910153,0.01312752118735548,-0.09396201414747672,-0.07753985415757983,-0.15904120322669493,0.005537433784137739,0.09341801726546878,0.07602260145219161,-0.10238060855364156,0.06228757701217934,0.1039607372332169,-0.10048862768465833,-0.03601852740377436,0.010263877297156805,0.14520581701981558,-0.04820125436123908,-0.020417183385777027,0.025318999360705974,-0.13842622642673003,-0.0049545133231809245,0.1349341661351621,-0.07585246419732887,-0.092489999979701,-0.2603117577684488,0.10021810051052203,-0.049006545932074916,-0.26461638866871895,0.12007283133792639,0.03180045881339883,-0.006050631289123671,0.11425684047507541,0.046126735143487446,-0.011541959072257675,0.004164430704124625,0.03314350821336491,0.0654181886453359,-0.0551735376619045,0.12248355738274858,-0.02851487914454003,-0.04209267319008307,0.05016023255854956,-0.02236976499130054,0.180396241373663,-0.08026334850792884,0.04519564982390852,-0.10983409641154439,-0.0827209769467649,0.018934417562932404,0.08382948800256562,0.057169635069295344,0.012413546775928116,0.11057009395690828,0.061094347206454826,0.08404294624081585,0.06452568934703805,-0.023752076558591316,-0.15447318209057065,-0.02334930930073237,0.07587939247962494,-0.12354965247716956,-0.0149458449577298,0.031959209055480504,0.131157547872628,-0.07803369821728295,-0.0761802068710342,-0.1459312359705973,-0.0911912408437298,0.034365099753825235,0.062257937135562214,0.06505362348718324,0.0005501526164194859,-0.05950766494807195,-0.010818739158919838,0.11198897854314212,0.012488801362166266,-0.05832545365310625,0.02899637643251256,0.022454041686433265,-0.03492166589879431,0.00229451901959026,-0.046712146798486454,-0.07946461056200035,0.01266352939274647,-0.011645765679169475,0.13281956893484825,-0.00905890559283691,-0.058309658951346294,0.11375304909426297,-0.030749145879195756,0.06277959904498226,-0.005572590073331207,0.0377768451108943,-0.03001649835224242,0.02242373314838508,0.05730885890129841,-0.005195266951125946,-0.01737595550360383,0.10729175967336653,-0.18699465740366084,0.19132003561934915,-0.057831099854374,-0.10168883658945434,0.028507497349665768,0.07446694322087254,0.02987822851856948,-0.020322498130358607,-0.013445733406660174,0.028564814415764975,-0.026903022239529107,0.07614196025639874,0.032084878587781245,0.011287086844572178,0.032246333729842855,0.043873076781903074,-0.03091215417123861,0.1029066687068994,0.0017402090110946189,-0.007403238104234,0.03188464483373047,-0.020183215062271533,-0.0529782183057612,0.03376400489117686,0.008374661393706757,0.0028776249387182586,0.014344358660538464,-0.022614817002624785,-0.0610422468950365,-0.009686113549108477,-0.06938244689544566,-0.004979287069340182,0.06634886398756017,-0.04339986997346904,0.0007461446578038928,0.048501223650416904,0.04534535216770034,-0.018238511619207535,0.035058716122745866,sport
0.3433094678905875,-0.11063171561571833,0.04245718011134516,-0.07898442897041398,-0.09191691895550161,-0.004273334217523511,-0.01696624155742915,-0.017399017825352116,0.012654965620524424,0.04278622027880288,-0.0012169762154776137,0.013317227168510899,-0.09091477473490749,0.03035115963887079,-0.006601681957763198,-0.06444405856263127,0.08339310066836612,0.06740746768911841,-0.2639884868795092,0.04385013104275875,0.07564026659857338,0.10642939540753933,-0.03542045400323415,-0.045538112243375624,-0.02688967695537998,0.061768856976675245,0.055804166481704026,0.17224815999238013,0.062443549884853844,-0.16226020836423927,0.12386155575672826,0.046239494670050466,0.024378911562843348,0.005501258221198082,-0.020853617290220276,0.049604979228647074,0.006794661450149509,0.05553945293784922,0.11488336156008476,-0.026981483541749812,0.03343843224430351,-0.021328246958821094,0.08241939596814786,-0.026849351271699573,0.030318446406673798,0.14103798180881943,-0.12303936032503442,-0.05843692022080745,-0.044330781044952965,-0.025455276604877106,-0.04451429971019656,0.09562858882180647,0.1577325281877717,-0.17238056205000862,0.2050004350205302,-0.09384375922372126,0.1075200369721143,-0.22556209105238492,-0.0009463722287135239,0.0020514056282958434,0.03773254248878247,0.004531186353272285,0.005084179674834968,-0.04667687868033166,-0.03675639018840452,0.16068377227067293,0.054585655759022064,0.0044959538027006035,0.04207206638318639,0.05205121346608362,0.07432604525981104,-0.027234608263315755,-0.02319223312234136,0.0673387847279748,-0.0741619582702639,-0.04086301827424888,0.02573364173474668,-0.017225355720482394,0.07200152353411284,-0.09418948961388976,-0.05762409582146746,0.07596756572408464,0.02655832523675936,0.05416661201387949,0.012690904300955328,-0.08268870950259698,0.03413202649442484,-0.006679671469714504,-0.017601846104542233,0.012296662844690564,0.030312578294103963,0.018586899868985707,0.024828263799943927,0.047577538141349685,0.07177710229229939,0.05041873331109114,0.03469264206314006,-0.00848553484986458,-0.061385728777761196,-0.05801435945620833,-0.023161127630502234,-0.007057518716391393,-0.07034602808672437,-0.023601086897691987,0.02446842671178695,-0.019259723010282698,-0.006249332618941456,-0.03390873045935904,-0.017881337545470305,-0.015245449291327113,0.023661184544769235,0.03146997155551037,0.0029133180891948943,-0.04158105373675206,-0.02863746888949352,-0.009334382666553717,0.02501486033311697,-0.003319439200297922,0.013413844767039258,-0.026048180821989512,-0.04277176910337013,0.00011249748746420891,0.02499221326063642,-0.0057104475196414735,0.027242036855111305,-0.027927854613908475,0.09380855197297852,-0.004863768422688698,-0.04296240931958889,0.10935813962023755,-0.001653844477708211,0.016233931749349693,-0.04967436231818316,-0.0006431672675002456,0.04898606909142572,0.01927142940401652,-0.04117516408704639,-0.018548944169357467,-0.014606800984941317,-0.06902375816542573,-0.024510391691256274,0.06570546352843462,0.03857111996516919,-0.01328689771245888,0.05645976498055321,0.001077372977686521,-0.01691360244161203,0.018827663962753736,-0.022889385279461154,-0.04912381843852449,-0.0541738655993782,-0.01977263188018489,0.0523902150711671,0.05900355787561237,0.024326317516210744,0.07853303088511655,0.050915124507900804,-0.048967394303297315,-0.006141288663142558,0.01705219236652291,0.011034742723408552,0.014166502111823815,-0.0013839627143772085,0.035501743451685615,sport
0.4752284181350884,-0.19624816694845182,0.08082770274475491,-0.1956888281673599,-0.11158430673506535,0.02729431642910707,0.024890303884266506,0.016565568643681743,-0.009108712585355052,0.0559374236418295,-0.0043008657374562186,0.03511724838231159,-0.12407936299070396,-0.012781410036600454,0.021091588196068652,0.0011800606393742898,0.08912297515199812,0.02320650804781331,-0.23450697858209252,-0.0043454431633186,0.014958212025277577,0.0987863612187326,-0.004768650372190254,0.03572195393905276,-0.0179455739681617,0.026096381252499423,-0.031604282855655766,-0.01755307897279774,-0.03992338828596906,0.1085326357620032,-0.025887605855082783,-0.0674141242446774,-0.08838602187624589,0.07226873819910394,-0.0218470154497398,-0.05149278493025854,0.029061861666509745,-0.004299207604340239,-0.061217421012641264,0.07283072585714473,-0.1061996834159913,0.06459858557423198,-0.04700202916545632,0.04432206021140013,0.014192866292113042,-0.0596858117373146,-0.061343326173541816,0.03739495800077573,0.05040608451470478,-0.01392451744377334,0.07507420923440408,-0.015791133391242104,-0.03968741324355226,0.055655910953513105,-0.05060646694267612,-0.00038603831198947414,-0.030208057910630026,0.02226916976847512,0.007958615955846269,-0.016099919275940986,0.009870765720013249,0.008315329430703452,0.028896331321484142,0.01305451640274632,-0.0035543394093232074,-0.00781947881975934,0.004486255904192413,0.03682075539558459,0.023360458237749838,-0.03355001489692154,0.023485429610382195,0.03358858223450794,-0.024552353391710004,0.010875018068013333,-0.011785139915275826,0.02810930956715415,0.052067596996523746,-0.02021796821435333,0.021621057912427626,-0.006223385620254769,-0.022091176035992165,-0.0369030631302682,-0.02413951519950058,-0.05746097075007275,0.033666383622083546,0.04572132710981707,-0.014371159231279,-0.0788016919866331,0.008668437855311767,0.0010451322207955388,-0.03196112650804262,-0.02100901393288332,-0.028329200641636115,-0.03803788133901697,0.02033216813633715,-0.008370980075063143,-0.027045552907994996,0.05614755770489581,-0.010110608384428763,-0.03734693178212678,0.05247932897868143,-0.025028603331781217,-0.021419142284316947,-0.028035411447859024,0.02109541881127815,0.03747545850322355,0.0698186621042615,-0.019533696235222872,-0.024377446404992672,0.013311300528365808,0.03143452038493493,0.0553072755890434,0.02237558228925971,-0.0018926953988428882,-0.0426607736805279,0.04489035510325482,-0.023391676516003164,0.007679358776356165,-0.027622249141314024,0.03744752326892826,-0.057057199051440494,0.04021407405709462,-0.011210712660721088,0.004142554374567212,0.00941689835204154,-0.031700868429618084,-0.11391273978244335,-0.007532328189942683,0.018259418580166657,-0.020771122188360136,0.049604669054426585,-0.05009876922219697,0.024077751622433214,-0.01721163247006481,-0.07883411004664467,0.03889482812197694,0.016535261124747472,-0.0322731613331992,-0.11057248689256075,0.07953334910788652,-0.0538306278940575,0.12072702872316375,0.038369183902004014,0.037345126813165104,-0.031567551037422106,-0.09035682756226368,0.018003633532933397,-0.07676862439360839,-0.10108817623398716,0.02846489120722556,-0.09853644445313722,-0.0387364624561725,-0.028326561635556764,0.08660115977262854,-0.0035750210281947003,0.025433644153897525,-0.009067763760065023,-0.051232297065998335,0.05061494179848208,0.023537724330824787,0.12223422394502627,0.015210078253228499,0.11548645015359371,-0.10203386858344755,sport
0.5032760570178401,-0.17213413796916716,0.07536013530900532,-0.08418360653079639,-0.08156924469920164,0.04967093616192599,0.03499138209170272,0.004699414769512375,-0.00354440316188704,0.04513683137209725,0.02127699902223574,-0.005612656179446761,0.01218505606650089,-0.053828960002154626,-0.028203209024728147,0.009837860331026642,-0.13220314921286472,-0.08283572061411967,0.21286549941573882,-0.04576826739100379,-0.07356325309645076,-0.13440540214914065,0.012446845571482127,0.031639084523826244,-0.0039565150970612825,-0.07704640161864008,-0.04942019874888018,-0.07208511301550756,-0.08794609881932348,0.146039343143767,-0.00031251572515729264,0.011874316853431844,-0.07178943579237007,0.041404076597360916,0.029806498904188596,0.004272456709941892,-0.07222239651078921,0.0375724514944622,0.011786380427955672,0.07963302288886275,-0.028388721603734585,0.06994460596297086,0.008295773911573079,0.04537651428357161,0.08289886045958764,0.03539177131251801,0.017578881418797276,0.03129797755253202,0.010872248332364233,-0.033927343290024094,0.08503207435582653,0.010435398058834673,-0.0007719013940093308,0.09219893194004075,0.015572400079114706,0.003685894929556807,-0.02033172918659644,-0.08713802831450701,-0.03895047154117863,-0.018688161820440575,0.0007305373790377277,0.07475787797424796,0.0356264403930352,-0.03261834625576194,-0.03968980689042836,0.07308103106913436,0.00017906534609221848,0.033697402722777325,0.017899763689410146,-0.0780946896118612,0.029133721442047233,0.01481353609399293,-0.020937138932196918,0.00372921226598779,-0.0659275793841298,-0.0035143302637612468,0.05951279141656848,-0.024679829270603092,0.0037822471501337716,-0.05156920564071721,-0.049550592170529435,-0.044995287087215875,0.01096502401713886,-0.024272004798375133,0.060095676415364375,0.04184945751549359,0.045373759578047866,-0.04907234800165709,-0.04886072054128216,0.010931264040401673,-0.02617153249873621,-0.012722355947971215,-0.05409888750656573,-0.04643264057975073,-0.01397900375968829,-0.03016126472119068,0.029201533031741698,0.035142007859915246,-0.0524350367074685,-0.01608489435238244,-0.02593458694428241,-0.03226938121911607,0.01631035779117251,-0.002874449185753022,0.03145182952860913,-0.025926225125719113,0.0291314371668665,0.03258303094400026,0.003964046895474626,0.0034663545176795247,0.022006946453634862,0.034474843139589186,0.05010444784553419,-0.013941043811294171,0.04025974335104772,-0.003903888983558967,0.041026940922336635,-0.02286893165718186,-0.019539784319002582,-0.07554838969260858,0.051558757718492755,-0.0007489502252461983,0.057839429751996366,0.05747068712875059,-0.04779678317501501,0.03215698430964371,0.07950717473374232,-0.05714644881628307,-0.04325280554953277,0.025156200152413467,-0.05476008722943983,0.055624044098686536,0.02397829453423971,-0.04386506909305364,-0.0023158649205664013,0.055624063460234484,0.034645533265123415,0.0216387280384322,-0.020730573121644433,-0.016720195740695887,-0.05255804887488857,0.08337798466382239,-0.07937474740681516,-0.030062132648718824,0.019043745321990675,0.024700689536513307,0.0032784911528688384,0.00038560096467708094,-0.005753670788764461,-0.011038901627868346,0.028207616753176644,0.030781317161783964,0.01891590311192478,-0.03306026806909272,0.0042014721270500184,-0.01626212139127974,0.05306297270254305,0.03411635006951274,-0.03198270545812999,-0.028972795131901753,-0.05232195227188786,0.029520181768682856,-0.09625723151914353,-0.020578836341267014,sport
0.3570995143731347,-0.1725105920311955,0.02979369060020777,-0.05643342820148514,-0.08710029176361433,0.02517440006023749,0.007249203929702144,0.03460751728421466,-0.018135407681119233,-0.026696977307716852,-0.005423144157563709,-0.011697345659477047,0.08633947685192286,-0.025841582194492372,-2.9539407012799135e-05,0.0052657441692542375,-0.0036439619341627955,-0.03167286134124798,0.20378827055433174,0.0060895638191213785,0.033158094200569754,0.047329062507403576,0.027974418375590566,0.006824621078230786,0.00575842402724498,0.017411149336368375,0.024767949267888296,-0.007429917965741331,0.10359863912824913,-0.12025349909123124,-0.18149199100876034,-0.10196126685834389,-0.05216208840549421,0.1067371553915811,-0.04498774214645291,0.008328010776147558,0.07196531157825,-0.039065544118257044,-0.00335169517193788,0.1991121983698792,-0.14900758111647783,0.09858685730174023,-0.07959491152897923,0.14245704848902507,-0.0669651988174759,0.11063943264197598,0.017909964139783647,0.02945274034079822,0.03008754176552338,-0.04679400267580683,0.07733823343172859,-0.04000533838257325,0.06941146731899377,-0.0433976331712382,0.01661821544771604,-0.09873442766927375,-0.026577976396308593,0.19713520105510615,-0.02009317978482945,0.050470346133496276,0.06899882975103935,-0.0886610923597045,-0.06961106853931479,0.041280792594684264,0.05115661190260814,0.04583009588359495,0.005145032280747038,-0.050451170432876696,-0.07329163900335288,0.08018590900883923,-0.04122164951498442,0.012204810963103049,-0.028889794051132112,0.07425291106680179,-0.0143877366623211,0.031111999844616073,-0.020274163514833448,0.02233980433645912,-0.00822696267873586,-0.04167276669993067,0.005457535446773803,0.08097655133033652,0.026419943045053088,0.10292241985623435,-0.10313210448747671,-0.12248390167037058,-0.018672101440465137,-0.00583078521562359,-0.09124925690128861,0.013699185950004253,0.04870346606012068,-0.026827606644900966,0.16179653392147159,0.08214215939884605,0.001828322057106712,-0.011992930087890175,-0.1163291750567894,-0.0455838190002979,-0.04881281766667698,0.02706596136464689,-0.03580509553013168,-0.020105998157583214,-0.014819909870241618,-0.017226932365759187,0.04620164052629863,-0.04168826682194959,0.01447576172072831,0.0028250737075215197,0.08372384498550779,-0.035429360430370316,0.06118956089411516,0.010551659474137129,-0.03502345945073358,0.04470481818638842,-0.019754477094972002,0.04364587627808225,0.026099121265791465,-0.026068636892864375,-0.023418021903873956,0.023812760988573496,-0.01722620483759182,0.029421267343395553,0.008081084956919391,-0.04568233976918795,-0.010242069718065273,0.006735942072640168,-0.04227764169056144,-0.009112814631121369,0.006006124981648988,-0.08348353402610159,0.04536041684406138,-0.03518061328823596,0.044172520764091526,0.05871616938326269,-0.02435959734055086,0.005600049717906089,-0.01659316289485596,-0.048877278889212665,0.025193551814147216,0.06239143164698221,0.0315715675871222,-0.09449359015323464,0.02219299190220189,-0.019975640034376994,-0.11511887011834233,0.13140517142764593,-0.06839558791066938,-0.003995417631092297,-0.01663599874595196,0.008197810285172134,0.013959177091664882,-0.018403050539658284,-0.04369701304894316,0.03369798513874271,-0.05455279057911849,-0.056799978495206765,-0.006925279050815372,-0.05750275300699716,0.046165305676560756,0.1389436894153534,0.10934598447282054,0.02728347762681116,-0.005448117891349087,0.05744049432336934,sport
0.272314380516538,-0.11817839253378526,0.018315179356090894,0.003468505897014225,-0.07441230574570812,0.024213687489751612,0.033246557930692,0.025085835098682892,-0.011088950226419396,-0.05053618804220169,-0.009353173893488595,-0.06746771181609827,0.09755773215192541,0.05653423606875567,0.0063416610859257485,0.08467162018103025,0.04666190703564561,0.03145180439329239,0.0941028837836224,0.06198273258193236,0.04016955432317067,0.012879884752815225,-0.0009693520823200949,-0.05987332877471528,-0.050453123378646964,-0.00699828075981248,0.04073588103717902,-0.00817563508827359,0.1529812141886855,-0.21326302281403145,-0.015809878888179415,0.035949673299008125,0.12096659524016322,-0.11692225247362067,-0.057404611577508646,0.060920296498298984,0.07477935160214859,-0.14117264631309176,0.0175824270337862,-0.03093158868171886,0.020672533576760094,-0.16977037266651385,-0.012544038771525282,0.040009597069999944,-0.20901805584296046,0.08594379251971107,0.008374961998398999,-0.13116116617657808,-0.01764280239420933,0.004138804177826234,0.02687208903849992,0.02540955082525757,0.004919700359373624,0.04907646395837918,-0.013239199290262621,0.10619476071241149,-0.07059396030413023,0.03206811408718968,0.09462086017629444,-0.06945562043743664,-0.045593659666648995,0.02861102125322473,-0.025691432786359054,0.07457648472265926,-0.027287438880947108,-0.12310729390886237,-0.002395524291059124,-0.053489444039891906,-0.0023054807279100794,-0.09222263772525643,0.04689850423682434,0.05274685509187818,0.10349544026091743,-0.0672399552913346,0.03929160002420081,-0.013728423118963825,0.026746107291830898,0.03873229869069841,0.02811476211535059,0.03270291396875071,0.02767899670029355,-0.036613126658464105,0.0908035307857317,-0.04347258071680496,0.10470271306518922,-0.058368867393929436,0.030265185328317654,0.019118204723212854,-0.09576130056191137,-0.022689341568776257,-0.00643400946667837,-0.041775437700517205,0.12046052376467203,0.02636388670875112,-0.034261557899094394,-0.02448178760247655,0.011099655037944061,0.1350453813990742,-0.10392842843641326,-0.008288327195205194,-0.02932137011718848,-0.09667606816707361,-0.00837259610892142,0.016961003221323257,0.06273056223453057,0.05115911864180654,0.09636327388302593,-0.12198837078182424,0.011166442023894245,0.025304473949198023,0.01763822091096434,-0.004294678031338968,0.1194109536443664,-0.01088416435378755,-0.008164107230461777,-0.06828569250309192,-0.03787318438782425,-0.026517932359198262,0.06271982749306713,-0.03310207167003917,-0.015009863548340175,0.15440546308397357,-0.10274694470476002,-0.11281316288241884,0.06446025873693653,-0.15091052782013187,0.14187572338580512,-0.023412723070035706,-0.07514345132634503,0.0048932717743106575,-0.2833875979591906,0.07148404857518015,0.06905538295937105,-0.03945327096809522,-0.09268095271187274,-0.05471022503996455,0.06808759946198266,-0.00387877696166476,-0.06392591244459714,0.04075095627134312,-0.011036173316711863,0.09338192661217964,0.054282480510584624,0.03753109221651935,-0.021665065191440392,0.038198410806351,-0.010616170644112187,-0.08940026573862375,0.0300865170834708,0.09261241813351367,0.009071396101478934,0.027492037510689873,0.09649522935147199,0.05830939241527138,0.04038269525896264,0.028724939284842738,-0.017116725168975264,-0.03194124819694159,-0.0073678486446854,-0.01715992097506893,-0.024471887217130513,0.01357494063986853,-0.030250787643727076,0.04670338161805142,sport
0.3051822219367971,-0.07668744118247785,0.02579960432004822,-0.0868797481272657,0.02872788530688933,0.07453400538607925,0.05934492071155672,0.014648211762085648,-0.006429972863253143,0.013075476734568308,0.010688464080332971,-0.002529410718292167,0.036559076733222055,0.018655793742047726,0.013202898181157458,0.03879512759000642,-0.023953207425451987,-0.04045581668113543,0.13640497702353807,-0.03469210181004776,0.005926028892777569,0.017336792897755516,0.01520549398384854,0.04476108988821042,0.1875868846628668,-0.05684244708960977,-0.04946063175427769,0.0847784278314908,0.04704416135704858,-0.1926853268320016,-0.09275354480804728,-0.06047362502640635,0.09854623340567513,0.09415144990541525,0.06120378508142407,-0.11581790503603812,-0.04414080279274069,-0.031064881383320298,-0.1868864799192726,-0.11647173424048354,0.23149461815084185,-0.08493229447215209,0.028589236665406116,-0.016952350957049035,0.07885608450173823,-0.15653474479777604,0.03885510418158673,-0.13376397823587569,0.06432027115201262,0.059133887568193946,-0.03380931459284431,-0.06928526392526924,0.07657574967750727,0.023602560085841447,-0.1387765990871592,0.05598136410679362,0.028047853515348952,-0.007435817791842518,-0.026990110273071032,0.014819126458996069,-0.027987964369560733,-0.00840563854791858,-0.05397632541315613,-0.06776137987425158,0.06652364914163918,0.044827241649352964,-0.038968941879256334,-0.021197181966335146,-0.0009598704770360725,-0.043969933359337895,-0.00952597596570706,-0.020772589947406744,0.10096465390869926,0.031769723087232735,-0.03206791934882511,-0.13169610825302244,0.049166254269143804,-0.016419591349368046,-0.05038005997120317,-0.0059274447987391,-0.0010053619002097188,0.014897752897023516,0.08066232381750138,0.038629271949108965,0.08275017697581785,-0.03368581810569579,0.08663259626537737,0.10399371915960522,-0.009365397866699429,0.009008698106160775,0.02375428449718307,0.00509867331784989,0.026976215021025814,0.06605707881064345,0.0054245992040184874,-0.006414614611678451,0.029634007774662935,0.03311966241015963,-0.06658136303356894,-0.0010604460558127783,0.00015106055241096187,0.0054255422673187385,0.06572785978172731,-0.06138068748239584,-0.06561763680617959,0.07106570445919762,-0.004101382488286362,-0.014385581046204176,-0.0609496155306683,0.013802269296465244,-0.007902157689100275,-0.06935161816985966,0.04487531832077775,-0.0014396347080587542,0.030264907523661826,-0.09253930732538482,-0.05199193314171066,0.00837402894777064,0.014055511668781932,-0.05918809919210579,-0.041335974504622564,0.13090967918331983,0.019344837509226567,0.0068713461901045575,0.02979176333051121,0.06907808430298597,0.02245714678672567,-0.1242987608762572,0.05243652588152685,0.07692665340341712,0.11955402108383296,0.028076631697327797,-0.18172498006760157,-0.09674107401444529,-0.00792057708022989,0.07819783214747768,0.012949486586293838,-0.07394206452408326,-0.003588687617307078,-0.0125793077098798,-0.047857180435279284,-0.09172938397865926,-0.24227111558083372,-0.130945429603937,0.00029774991407123064,0.0913363690476686,-0.02287015038439964,0.05523087749933048,-0.01746498452062307,-0.007932173901917597,-0.06476045597270888,-0.0206883613907222,-0.03622330702260187,-0.008072146329415322,0.014930394097642097,0.01960812134041685,-0.05989794087967775,0.098465995608278,0.10836470371673995,0.03694460134123687,0.05605057399429912,0.08463520785160944,-0.021944914911123076,0.00901597585813054,sport
0.18545160318647175,-0.04287696125121763,0.012741146250805472,-0.05807248612647744,0.045792222251027,0.005941291159645866,0.026110508093311374,0.012641502024502241,-0.011102341242677007,-0.003446133147707323,-0.007117383480295665,-0.03725812975631648,0.040668275142882626,0.007192691324878585,-0.010287633872233956,-0.004830517099785151,-0.06266755925358525,-0.042138014450945664,0.12242246334009282,-0.015749322897632687,-0.0015797567822890758,0.025298482720170337,0.004484033175215705,0.008522330193139334,0.1128260171853249,-0.02614425726834821,-0.01833989515049303,0.009996061541610838,0.032296961460632996,-0.12810054503361984,-0.12861259510646897,-0.040439472559276296,0.1602357014920801,0.10501577874608048,0.08083311005010607,-0.24237803086379808,-0.03550738625626536,-0.06283576473085722,-0.23658420449951337,-0.2837725829842364,0.3189499472048228,-0.08777014293031196,0.0231618797668054,-0.06870318097566437,0.18022233738619425,-0.2141455246147429,-0.003641078564798851,-0.11396132465093602,0.14691942969114077,0.04583233891739513,0.03330628450894086,-0.036828119344459974,0.0796525069142964,-0.026060024155694913,-0.1498176823817509,-0.009247809918526029,0.06903979253477885,-0.021239060779856385,-0.0690824757915261,0.05419869485536013,-0.009352597814351948,0.018201965316481734,-0.055748241550779946,0.01942467985655961,0.05365423155282358,0.13713825168793486,-0.005847467787239527,0.02843090991597213,0.03781735777096876,-0.009395496620560863,-0.02990175035653432,-0.045589750255098246,0.0013253346333962582,0.056051184390974756,0.04947906737137511,-0.05010750427887656,0.017843105366924735,-0.02926994414802017,-0.0433291950812924,-0.09988541081318987,0.024497395774865136,0.009306742987825684,-0.01871147260591378,0.02887624642252883,-0.046965749063575604,-0.03173681394678595,0.024400222335491526,-0.009582844339068784,-0.05047418537893739,0.06829031845295344,-0.013865393533015248,0.09747425133648324,0.05775901021573659,0.06936383386984338,-0.011196894588029457,0.026113278776878343,0.06488481079556989,-0.002744075063668181,0.04559838170924319,0.006671075140328439,-0.07927716096600712,-0.0012980627400763327,-0.024207944113993556,-0.03598761132308011,0.08636851682515109,-0.08854475469538774,0.009159387400399217,0.032238023965561545,-0.04224037609492795,-0.030331601098863896,0.0038446511765029313,0.030866763845487474,-0.04621220506717049,-0.005605095058554613,-0.035984131671854463,0.06715027417982848,0.01087142925667114,0.026977960027033662,-0.008524429803754438,0.06521667958143748,-0.022310754266832027,-0.10567411427050397,0.012399691277660897,-0.011248223967535567,-0.009986809817332526,-0.0530285538553388,-0.055109309638623,0.07837028093746647,0.04598778216940272,-0.02997955519343524,-0.04375379947253593,-0.04047868253016195,0.09651821269038029,0.013439705010117669,-0.021515496754458165,-0.029558421522354727,-0.00133234255187636,0.10953639189371686,0.020263842957767415,0.01934673562695781,0.054130041272344775,0.0856789723062797,0.2027389551620322,0.11684073227406665,-0.010319390195611546,-0.08963126438743468,0.03636566230872957,-0.042716274973552064,-0.02906938583746843,0.02510956049021503,0.09861854117740608,0.06237013924841173,-0.009161081447011662,0.0022663229954456503,-0.009066277122401739,0.028554421461012156,0.03942180330046039,-0.0885283262343548,-0.06826813584947833,0.023231393915403995,-0.02037094907377587,-0.09433585768667155,-0.014376512693552211,-0.01098869053598647,sport
0.4037887621487041,-0.160271554590815,0.06573159888837544,-0.11616278764877871,-0.11982835977397498,0.025830330113725954,-0.00025339761797049204,0.018156438305319416,0.0001970016823206,0.015157845143936395,0.0038815677671992727,0.013497395543482147,-0.043564923531948456,0.013131729705376832,0.00537948272208881,0.02644140445150792,0.05507858032505808,0.01808097199111742,-0.026866660308511522,0.024334580449192136,0.025200518644836932,-0.015975479826576315,0.012255157118833375,-0.015692284715040746,-0.02315995244799518,0.05658830435684094,0.037502018975142194,0.008658870177276156,0.07069438737989629,-0.009718617200929407,-0.007319961367995924,0.07333472016094714,0.03112526754464628,0.07634905009011674,-0.029084304271646166,-0.09862623350502654,-0.0018619071078808222,-0.05803473782890232,-0.07309519570374087,-0.07187140128499456,0.09250380170610882,-0.09768499915132166,0.053878271165389666,0.05328697272493404,-0.006184600694067705,-0.06907332853998484,-0.07062146169417081,-0.08180349477156167,0.04269336903141045,0.018523565489835907,0.12040421908742424,-0.02231899785493641,-0.05763957515547103,0.08627324588821068,-0.06177984284359287,0.020676365120387584,-0.0605888929045148,-0.06607722762678071,0.006260771820100315,-0.03970721713713909,0.0005824067015541114,0.06814955991161593,-0.036098790113537,-0.0034921275328838293,-0.10089666646605044,-0.0692769669552868,0.010882957286778659,0.03144843460993651,-0.040061021569282596,-0.07188565958218572,-0.02906645210400438,-0.05223009917429804,-0.05762626934101522,0.020848765013786515,0.0569376717980087,0.014252342896395898,-0.07426826852492835,0.01571993328867289,-0.060710728951046025,0.019241263223876367,-0.0843432573925251,0.07825212035421718,-0.015938102202983643,0.0034877374250992343,-0.02577209820097464,-0.004330369083567081,0.07629665814456157,-0.0945717995089532,0.062268943308581855,-0.06553384610096474,0.01878408009185452,-0.09595618008344306,-0.09646640868537468,0.014346526517801926,0.01295489487929749,-0.09966247417071367,-0.14041203511842776,-0.11400387584584283,0.07052778960019358,-0.003448645235921267,-0.012802047412614011,0.1039273757572157,-0.09272001890718237,0.07154269812757173,-0.1493530340883848,-0.019521500451859884,-0.06895842969066762,-0.11964830479119613,0.15163357641816896,-0.05038899593451999,0.04766781400681008,0.008464783598271828,-0.09026754048081302,-0.003229125538003814,0.11295271636985893,0.10187394706141047,0.11931390520685856,-0.08330796456206338,-0.0012874962175363953,0.04134666836735743,0.10500436292345876,0.026782569386833793,-0.027472719278251945,-0.06057629205593634,0.06403456925500117,0.013296212153544734,-0.005677217294785827,-0.04914709316742392,-0.06497423218666644,-0.03987485604911196,0.005994100170144856,-0.03387469206319112,0.012222877929869203,0.06556832818277601,-0.035626833981595836,-0.09102157555109609,-0.06585512462595636,-0.07018830549366802,0.12406591953821736,-0.04037424011054912,-0.011480195486416083,-0.0049563362717312135,0.07514230703311799,-0.08674428426703713,-0.10740482475332844,0.1029243647883204,-0.15764020710229232,-0.05141042376944915,0.11885825560681636,-0.08260509279392551,-0.06549298274986741,-0.012480338371814875,0.04164468782012648,-0.12518401245193075,-0.04656890756048213,-0.0920552778521401,0.07064388905593655,0.02386181916843285,-0.07799108354384805,-0.14816006809039192,-0.015010840279445154,0.03837472558893876,0.0036487490339973117,-0.017466866032109583,sport
0.42469990414214814,-0.14463541352049258,0.028642067808797366,0.0038296460249513534,-0.08499198711489674,0.03611087145985389,0.030101884604204116,0.0031124612419602946,-0.006332633938649863,-0.06838011280864704,-0.008355607343955029,0.02805803716070463,0.06204240738560168,0.03640398329222568,0.050570184843843194,0.06662632538445017,0.016412211574013943,0.056422651321180135,0.039528031409580125,0.07139580199346379,0.07276093380943299,-0.027708145777391203,-0.03841558392058881,-0.07957747241561104,-0.06876341016539968,0.02229720153945836,0.052784062767696434,0.10273257233751856,0.07834103705479824,-0.1571952398466553,0.027280149636497216,0.0017105454838019143,-0.03018135035286146,-0.011112300040881772,0.025710356864306377,0.017477004789434713,0.07044125086526853,-0.04956708289698962,0.04345152803851742,-0.05932348178516286,0.04984993511209133,-0.04568831439734255,0.03799794250788545,0.015985430809484374,-0.04912416433125998,-0.11548553289000939,-0.06728684192732061,0.019798421616562707,-0.05813564400108696,0.03421135158729666,-0.11199844402199599,-0.00029012349686838166,-0.12650393158365217,-0.08546617200078457,0.04298508717961595,0.020482520713590014,0.0011222799552704668,0.011540603049608243,0.036677531328474046,-0.0006445997928272065,-0.00963719735401705,0.04223890366531584,0.05903006658173569,0.023566030688306108,-0.028794614766622935,-0.0806801472546164,0.014514932600813458,0.05988648760967675,0.010995488919305234,-0.05631997896824912,0.018458900112036086,0.022010941632745463,0.0018789472343466048,-0.04546130901967024,0.04241171682031361,0.031977605550282936,0.04084124581189924,-0.005591047824288664,-0.05445132945974837,-0.011645566846374841,0.017129273484654997,0.02023132833464573,-0.01867938210603634,-0.0626241873885596,-0.020986349579071403,-0.0006281888031056314,-0.039534402086703065,-0.04529252679634672,0.0003772460437556975,0.018810762409997274,0.04087954603838131,0.0703420326648847,-0.03050288611036556,0.003918715995196021,-0.07503724428503572,0.005135449470407647,0.07245685559756457,-0.03763872112862703,0.0980849383031888,-0.004398553025252929,0.005009711328102429,-0.0036244772709238125,-0.017335997356501365,0.008973267672220753,0.05329979788989671,0.02271349807219484,-0.019980663850240474,0.04529786683771463,-0.02081325412899771,0.017506861776650378,-0.04180824300770488,0.0358150507552261,-0.04779718998889236,0.01370543974423988,-0.11402404821300259,0.008984589885537918,-0.10988087191054394,0.035804515010999925,0.05256558800805764,0.04933407701473181,-0.02307362411539318,-0.11561473958577481,-0.06452707888634926,0.028679450915401656,-0.016250598517259827,-0.01156197168965238,-0.15744802685123668,0.05679880876825902,0.03455123232813763,-0.0341158929594764,0.03885482086895947,-0.046486732957013076,0.04594325313692411,0.06731709135667409,-0.03335831389926704,-0.06935429096421918,0.059569612603612265,-0.09853391669320213,-0.03996976144055482,0.07128443084610213,-0.05059920336127876,-0.09993422079603703,-0.032807244001880495,0.017306785374838728,0.1228188674712023,-0.06912274950225782,0.040247331953063625,0.05221088118576375,0.10256524389581305,0.001776352256754837,-0.2557578671034387,-0.11815606895111468,-0.02362909598594263,0.03877272524509848,-0.2201462401806072,0.08620769725598405,0.030540846176834245,-0.02276551905695331,0.05787648091660606,-0.023139654590868943,-0.03796268106986224,0.06369971539657224,-0.018054874507254976,0.11777197403002833,sport
0.04345879808870615,0.019174059672086886,-0.02330569906699118,0.027944620272846655,0.053537896176157285,-0.0723159909157641,-0.08046574484610633,-0.010058549128155866,0.0031790101699138516,-0.0034278474363352127,0.0010425588906388503,-0.14721584712025265,0.09826437113247102,0.028430894307985982,-0.02490113246493777,-0.17134373436114125,-0.23214487340020853,-0.09359174668790342,0.17451618266337554,-0.03389519958353848,0.10912423440347215,0.5355378657123568,0.0235838157143482,0.004400996932569346,-0.06629173703029559,0.39304069099680067,0.15336889826647462,0.023005777141246613,-0.10008519033089668,0.24688032203839938,0.028333256610523532,0.0028112198185341842,0.07054073579059389,-0.037170141328941475,-0.033695933164737644,-0.0014872163368501194,-0.008602732047405,-0.01405360276020395,0.004154338319571444,-0.028296354540930182,0.09194752189076641,-0.029146972573440795,0.024988928202178455,-0.0276488753350984,0.02898656855409716,-0.008989497722159387,0.08094067808609806,0.029502974935742034,0.0060231195771644295,-0.01762691130747486,0.03818069808492246,0.0512825559848109,0.024102657590875997,0.016432594896083553,-0.026249484860487386,0.0025028791218449403,-0.002312443381680767,-0.008626274262783862,-0.012651081714266621,-0.018188379519469066,-0.016447005300497808,0.008162244236784315,0.07195075009711836,-0.002441759397706542,-0.02128871546517964,-0.020267727289431315,0.011071555878023569,0.008603288902292243,0.03296052555345888,-0.027861060516002286,0.04689015413380452,0.006071478089491982,-0.008257143506290138,0.012395154751964002,0.015112996582916422,0.002812427361728274,0.03805176758001524,-0.022945772638421017,-0.009540994594441424,-0.00469181692402508,0.017756408251842125,6.902933981985833e-06,-0.02632045769983634,-0.04536639458034956,0.0012070347418418701,-0.0019603744527904236,-0.02076888556273338,0.026155593248280633,0.011102353411577844,0.04047961959644503,0.027888821315605994,-0.021484716330826725,0.025686006894858802,-0.023496729771997276,-0.022318871450908058,0.00798085603073067,-0.007582727588818195,0.007704519965250121,0.0070376221213119235,-0.008670995940917536,0.018780445209868737,0.01540503048936425,0.0018241940086564815,-0.025981905230950696,0.01851473706350093,0.020412705644231886,0.003738029487410314,0.0267342842659457,0.0022569042620995037,-0.009685058513362049,-0.004460459558836819,0.007242723737266592,0.006835590411520074,0.002979690882582074,-0.00951672689025531,-0.014309496267859463,0.007682483432747618,0.012847072872756625,0.012868893865586747,0.02028345669647057,-0.005666088485051871,0.009777066070210871,-0.004418533167839574,-0.012673645134435228,-0.009877786361635195,0.029999429202478698,0.0013432668355148206,-0.037857233528641905,-0.017348919544714105,0.027482647593809664,-0.014477726950629525,0.0062208264304962485,-0.015263689963079127,-0.006803199789993473,-0.02674585031884846,0.01962213841375738,-0.0034019888728795107,-0.02169363393166614,-0.006059439927469662,-0.018690092432035087,0.0027340157571590687,-0.03969640877645519,0.029946273825510617,0.021610091902211328,0.012167337686550983,0.010025810128323613,-0.010365698077821754,0.05421801354986776,0.024088507496666762,-0.007792764913362235,-0.02378395562209969,0.010678264341434507,0.0634716361888258,-0.0017554913347764584,0.04695728345868327,0.017770120003326464,0.019424894219485147,0.023600576353531428,-0.05572070282721755,0.012588495094904369,-0.04171125690005259,-0.04455863954094651,0.14346102682168002,0.10411354209661847,sport
0.36322926040693315,-0.13124368893958382,0.044461478875261015,-0.046958129899932366,-0.06874323080140558,0.04126290603443966,0.027151972039541894,0.00792760428128072,-0.014119803712887147,0.02504330683387852,0.001129089172602912,0.03870910043135102,-0.03842861360376695,-0.005791602530694755,0.016761820874263592,-0.0523870597424059,0.06719853697674294,0.025935222123405925,-0.08865518817459095,0.024720152041456132,0.06670691532985973,0.06911628317107503,0.0002199927612444104,0.005052917870882452,-0.0031871018483731898,0.04437136761141225,0.03131941705059382,0.12315806372699462,0.11914196429220422,-0.14672684555206808,-0.006029432144608796,-0.053889047162477645,0.04051335540286419,0.05722488439093562,0.04219186097742322,0.14226653056374927,-0.007508918254482257,0.08304921045515412,0.1111997298451008,0.13519676479997036,0.2121566102678676,0.14864711288015567,0.11808932881974947,0.04759130331809853,0.03723265763652441,0.0883769157497257,0.2580026987678715,-0.09533677924005736,-0.027230750447351317,0.011829042862867074,0.0017882049575519332,-0.051430847704587536,-0.07730092752226085,0.11519712564911776,-0.04645271499038561,0.1954409938069652,0.026974423046852932,-0.0355454642881403,-0.04403961731225371,0.002116989398747392,-0.09395777380001406,0.016598637090045738,0.009296865098020215,0.018917158342160807,-0.015396387894449002,-0.042016402115343895,0.022049225559876456,-0.046284292609549325,-0.06648563402523439,0.056907603158291534,-0.11181838175377995,-0.033331376837040544,0.003566260181722785,-0.009108085944570016,0.027267474979206462,0.05046836013350223,-0.15186156631376663,0.03620700976522577,0.021159274590249525,0.03871379686916873,-0.009444732278426316,-0.004360238452150377,-0.04503090277917417,0.04316990118704775,-0.011490362301065597,0.034087278845540574,-0.03989129010274531,0.037170751417868075,0.09207735329051507,0.020925706499082968,-0.09242797728856089,0.02535186032828475,0.040496046410892314,-0.010970038876644824,-0.022413999463524008,0.003074793215166007,-0.06195439406055646,-0.008716899988196466,-0.029713125572807867,0.0664382920674481,0.008385013988179374,0.025633129097446597,0.0664255252198611,-0.031377248777167466,-0.004166084443283597,-0.0341195767369676,-0.01294879456613651,0.0017244064641673803,-0.022925912043781506,0.04809880258283206,8.965619603894523e-05,-0.004714236961888623,0.05378468752094796,-0.06683872248336153,0.03715901359583687,0.06105188093830091,-0.00833621466454747,-0.029846662614015373,-0.040631615183972014,-0.12153730815876926,0.01024519603708172,-0.055057911665508205,-0.04646707499077937,0.013009740567447392,0.020167538012459452,-0.044067861235225006,-0.016599394614560368,0.10097392909301733,-0.019020273052688597,0.2170941681106831,0.03417383692824758,0.04053603538579729,-0.015662401884214965,-0.004694865402586376,0.043188344337660375,0.08678125944986749,-0.08128784852447314,-0.030166349508889932,0.0002845490312327509,-0.056388022388583904,-0.0047473783033157675,0.1513490027223274,0.04787163106016749,0.04205853377128598,0.030056977268406858,-0.05663655090525548,-0.06537498982808533,-0.038588832425547163,-0.027103532144053994,-0.09683768864163252,-0.08128383246284257,-0.05741125561442114,-0.041843298734376255,-0.023724251432273913,-0.019372641388828663,0.06044269173502391,0.018246615052669925,0.0017997611183776124,-0.023658755258628848,-0.010721327419970336,0.06545725165951476,0.0031798629748251,-0.009933455878091692,-0.04742511344031783,sport
0.29220324017726934,-0.1448629602528648,0.0438352661514823,-0.11552018888530359,-0.10811854259605548,0.009082007508184812,0.007157116050080744,0.02448308885536448,-0.007189030145826063,0.027542931323018757,0.00442617371346647,-0.014476557925226799,-0.06993213692100869,-0.006012955306415274,-0.006049716913856546,0.012755545499029484,0.07971311200435409,0.02335927999106619,-0.17584011459060814,-0.017449792073813777,-0.039383759241256894,0.043013038853329785,0.0157355940136747,0.047205289684984275,0.0021886682784181895,-0.023893173076144626,-0.04262806361254908,-0.11640707322526311,-0.10005972868371918,0.1558631411767105,0.039709555839584944,0.0644382495725082,0.10335779020270042,-0.14352312727826874,-0.03025170566933485,0.15089226504018724,-0.03118877926237047,-0.00962602280671381,0.04389373203938831,-0.089863407582774,0.029030377333459506,-0.026801239289970864,-0.08596415852762736,-0.11322669391819969,-0.09567045949390839,0.06896347804438253,0.189782195724458,0.08975496209887288,-0.06907906526747193,0.09434945355030266,-0.19304882852086652,0.0018079372757438415,-0.008425379069756494,-0.11320322927641109,-0.013705684067677745,-0.0006736205016823383,0.08303598925062114,0.12138669547881471,-0.010170392604194231,0.1716758966896977,0.013386962926225385,-0.0370190687161939,-0.07917789741317922,-0.056281829820355796,0.06426090344526846,0.10302888475310416,-0.09276303239651591,-0.11853552140044496,-0.061490362764952636,0.05479779402327809,-0.08860137541156687,-0.08532442494561768,0.10954520547712801,0.06667103026508463,0.05526344983794278,-0.028772602935220264,0.029935099711261157,-0.03561099170659287,0.009548061176277574,-0.032559114992895516,0.08188339207586931,-0.063080758717263,0.012685352270583993,0.03316192960592727,-0.09675781174699173,0.02243165181428674,0.11028564982902238,0.03369348408927682,0.028783464586931356,-0.10706330792746967,0.08779304392375975,0.12293033576868088,-0.01982039802335133,0.04534695472042991,-0.046819132003764884,-0.027298121487146904,0.09509973584901969,-0.07889374014868784,0.010122467031286211,-0.05420062613241408,-0.0053949774543130885,-0.03194840250445663,-0.059419284037949785,-0.0018375983687141276,0.004728326829784489,-0.16313381167888705,-0.0429242034740711,0.07188621627213658,0.01337953690741406,-0.14063850915479054,0.023688080719908,0.03494270223390044,-0.06611836235558487,-0.01995039832151053,0.0759739096829561,0.13045945189984806,0.08484590353809893,-0.0831652513483249,0.019778195935808398,-0.02381516537491271,0.0073824210576467824,0.0440929223767581,-0.07304692636830684,-0.05464264755788677,0.05193023415180333,-0.010686034872646103,-0.07495354700484806,-0.0041800998026161554,-0.05625951288308867,0.06057847862006947,-0.06496782539759893,0.09457810514593687,0.10640085436079906,-0.053092845716319156,-0.08178426051458808,0.0020893694372210426,0.04334260745085796,0.010125168976434843,0.023445811569172453,-0.01700671593398943,-0.013367740142826722,-0.017037129359350422,-0.039638161262950874,-0.007132773783096506,-0.03008807793490262,0.03936927200685356,-0.024154764933923434,0.003117513712124807,0.022131250246139312,-0.0008481139185368178,0.026274959797031084,-0.0006135141058175717,-0.005323840372355352,0.019614651832874558,-0.036196925234238835,0.06264431540510257,0.04873847332824239,0.06801585989340497,-0.0015087181842082294,0.16478050446701373,-0.08694080182446155,0.09632624620030936,0.03752916330993083,-0.08208595447648165,sport
0.05323844800546978,0.021747644733294377,-0.026969859724011627,0.006446071834358215,0.09146501217320739,-0.06600814864364868,-0.07743429043592574,-0.016667511113080607,0.008249969526651722,-0.02694449419000362,0.00019781248317086024,-0.13518078349289717,0.12411073795573233,0.03812669490430385,-0.01993218263874609,-0.15296707759928097,-0.20440468104327436,-0.0877642895194691,0.1736557708743573,-0.048348123725042706,0.10404970212740665,0.5465771260463818,0.032490553205818416,0.0167288397712122,-0.008372619779163207,0.4077366937188299,0.14940373273995167,0.044432953975501135,-0.08502885330992847,0.23225436654244558,0.0464139401513846,0.012168943460799858,0.03937542369388155,-0.05372242783299106,-0.05503554519899107,-0.014113489669806726,-0.00528659208581067,-0.057046674939895695,0.03914101791148967,-0.038098366997678816,0.02550576650834312,-0.002204249005059578,-0.01625977362081068,0.01959524770853258,-0.015370717830421371,0.019948080185715582,0.030774032794459703,0.0044929161681716455,0.009604960058104075,-0.021630091183892627,-0.016216391473367276,0.008117630029721101,0.0037027702099600734,-0.004021672109575019,-0.03298758687335379,0.0013451011234353752,-0.0002812585646904431,0.01790289702455765,-0.028288994354548166,0.006482612672087912,-0.014643935786282487,-0.015494448285381348,0.014231786666954972,0.025249784344329767,-0.019005099331760592,-0.04245209564590475,-0.006839208202004418,-0.015787400624418486,0.006015353941587826,-0.052558130973261744,0.013333702273362556,-0.002402742382734466,0.008675417342607872,-0.01236279698498163,0.0229559789253457,0.002924989451647749,0.012735017440142,-0.0017445934016540965,-0.02531585862440585,0.045227935596937455,0.00962279422515952,0.018881932459353927,0.025921406444135188,0.008910789343794906,0.008209015100796692,0.0036298653271912354,-0.014920342322724146,-0.02664477306603368,-0.004814196736653222,-0.025562147201944396,-0.010579521697262232,-0.0036162797154577903,-0.002455575802031167,0.02942193948984873,0.02971645230856997,0.01045732318234058,-0.009624963006388092,0.0027839727062002493,-0.0006931520691615738,-0.006411425145859311,0.0021785864012076064,0.0068761226063294425,0.00031772988611919456,0.005383912624939378,-0.0002495227960461581,-0.0029993953157908034,0.033563930899114094,-0.008532844565353862,0.010499954942367929,0.027470587864367447,0.0034827887759455926,-0.0055550647412005195,0.014335976857376904,0.005073939229714415,0.010853207819779854,-0.004597669717191018,-0.015247335207400823,-0.018930573633027508,-0.016480394508622542,-0.015463619905461972,-0.021783558541173483,0.009387768510559889,-0.0010143040057064066,0.011636060379864427,0.0010149890898920003,-0.01292150982383131,0.008989884524799045,0.017039867790625877,-0.010220478807877109,-0.01718499651090806,0.01784431214056999,0.005034232842312133,0.004042119246622654,0.001783216942045876,0.02397452189951832,-0.01838409846413245,0.0012139933845685964,0.014947870201201195,0.025419503725095546,0.009040256971901736,-0.016049828564015368,0.02623478831179826,-0.03781763208967733,-0.0338184181677551,0.011509410637195596,-0.005851992431480464,0.006931436408991603,-0.046027496045658,-0.029384631580676415,0.016826015422116935,-0.006564283957450892,-0.018626442350586903,-0.07964959740859887,-0.005742831047943123,-0.06604177786120516,-0.02044648658662454,-0.03251557501193689,-0.024230886816205496,0.06041925728379508,-0.00870094622728917,0.05185440313402896,0.06607012819498286,-0.15768861073517948,-0.08016994376603773,sport
0.4998786795950806,-0.15440195698130665,0.05842030192909893,-0.046095774083170914,-0.1195823757263993,-0.011984015324265926,-0.03190813041413308,-0.027042306182310575,0.014546439705950525,-0.014631134752864079,-0.0027490505790573046,0.02611969338259422,0.06241844569444,0.029430592176860806,0.005595203825372753,0.03129134555981827,-0.04755371336765699,0.016708815172022738,0.08159723746705201,0.07504163407840879,0.02304566667372855,-0.05668235491300413,-0.01082752097338459,-0.09032668634822094,-0.11602214793848827,0.07354320455711505,0.08255787332870428,0.02734896666866053,0.0547662956690237,-0.0729626946285001,0.032211188874308426,0.05478342492644434,-0.050356897650031804,-0.05516852213607976,0.012925468440221194,0.01656955884069592,0.031747827662872305,-0.037549193655607244,0.019364800581356548,-0.04963711206946801,-0.028427636119119023,-0.08993746443085837,0.04406288310302165,0.0005503713496733203,-0.05350570375664163,-0.022827906007366793,-0.10557420881668365,-0.03725644184619472,-0.0347104725547811,0.0023560161106707033,0.0018498406532260802,-0.01510242870466034,0.0006156266825658709,0.02078319424746401,0.05018918327766935,0.03595716173970912,-0.04515964620407497,0.01648000468104885,0.05136697309902345,-0.04887436852209679,-0.004239557686591896,0.04256069929907444,0.004580196176126834,0.020013325428441135,-0.02112336148969992,-0.13913266405037167,0.01526142228500347,-0.013094865079790784,-0.022511927552253782,-0.0356193546173571,-0.038993653704119446,0.023705772102840736,0.022452020964779027,-0.052424751002545726,0.05530939313490475,0.03137635378412899,-0.0008964755079509428,0.003073525141864206,-0.0010047082848769866,0.018006404693000345,0.0047716454436125206,0.037283175263732725,-0.00022537072595113145,-0.01963014586146326,-0.0015611735200983553,0.018649312348896184,0.00532943117644793,0.061556498087855835,-0.032375290001002345,0.022998314688721135,0.0036279025279324618,-0.012560835116110355,-0.057550064453539336,-0.04247724029017434,-0.06542849721959539,0.0012306016508670243,0.05773549225932644,-0.04866053731241819,0.05575249915645592,0.04341677265061858,-0.007148737517040906,0.009532807173299181,0.008314067046455485,0.011082612135909931,0.009929447858962145,-0.031230540458559285,-0.08057267997214237,-0.005783073778987987,-0.06814338888084981,-0.010938699204441302,-0.03730980311732799,0.03298280401956895,0.02006143398798504,0.015911896852039205,0.0006788117570195395,0.04610738208117467,-0.018321601060905027,-0.03134966628613389,0.016838505190699606,0.004281767264434658,0.029615291962061845,-0.06681120941519672,-0.06858834640411783,-0.07016110310624737,-0.01488304081839645,-0.11383852351217864,-0.019631995243606797,-0.06579213173831429,0.0468577154413843,-0.09578635639353336,0.05412609141131766,-0.016859962426010105,0.04811404246341297,-0.05325029164570016,0.007205635002482446,-0.08816724638073578,0.06545046866638252,0.011912900246277879,0.0037132395667781714,-0.046203267518309214,0.012620856124720494,-0.06706117873220688,-0.17215108787911448,0.07004058487071799,0.10180958456485407,0.015585904592303317,0.046809944359161686,0.11285205801405666,-0.07283190110309101,-0.056504366048065066,0.08195706530063548,0.017945007699062824,-0.06270855980097065,-0.068693338132842,0.06006254563348593,0.0781042125921853,0.07163379380928965,0.1384768826556369,-0.01596626364729362,0.024969321358822422,-0.05349352785567414,-0.17169883914458237,0.021769455225928453,-0.15132114975819486,sport
0.02034508594355743,0.045042462385884774,-0.031735392302714466,-0.026491489799141114,0.12830163619484528,-0.043774022556060006,-0.040377334229977885,-0.012258616196617361,0.0016832454830356394,-0.026922082564176674,0.007099745469824438,-0.08346597960404144,0.07278526970957008,0.0035509874419749504,-0.0245135637826886,-0.10341135512775113,-0.17393798211148642,-0.0627025510511888,0.01654559138011995,-0.079662130142958,0.0009883546053747424,0.04625916771928636,0.018691993606606925,0.05440786545865929,0.22592802405785006,-0.03546208302595668,-0.08114127677440752,0.04562561325653268,-0.0625044972115188,-0.05622407019557778,0.005983917605327996,0.01784645149784344,0.05380649403316873,0.10972062354471725,-0.08598688706093192,-0.039302539031731455,-0.023129628602306603,0.1599945239974746,-0.15197032942319583,0.024626325029791285,0.032638049628635014,-0.26080124028283835,0.0011626633767345927,-0.04436715575365897,-0.0946094442036426,0.16758503433779098,0.009928662582800753,0.13429233625847575,-0.2094673618659078,0.10446736477094022,0.10338424228593718,-0.11356517132470019,-0.19224064229604929,-0.007317237238954823,0.17889094053793156,-0.02222214511277426,-0.14006354846275607,0.12064190783139743,0.08196448780197985,-0.06870683358587758,0.010489544392562385,0.1605986802568903,-0.06759708421382753,-0.17666441198744537,-0.05809880157613073,0.028201190264864884,-0.05100283447432884,-0.009710016569011016,0.0962636915890251,0.10949823986007577,-0.11544295120493693,-0.013523643819454147,0.04728455669722117,-0.0074535973236440865,-0.07339765641518915,-0.048653701041762344,-0.025942486864046075,0.05230424107267818,0.08001230964616098,-0.13173223958344635,0.018122143713202452,-0.011132573773563968,0.06092650438469339,-0.029146057716872835,0.08990204275157813,-0.0018280042385993688,0.009590709906829349,0.010010822781921846,0.05351326822591894,-0.050075761149650386,-0.04108645999805457,0.03855762542726433,-0.015048891898358346,-0.061703536557392684,0.010657004697627951,-0.08020676647365554,-0.057216055303016405,0.09653244692793614,-0.04589081522468445,-0.017078522691502902,0.040395140730779315,-0.05191744572243217,-0.044172332810940344,-0.020304303957522897,-0.16010623776907237,0.03780627627993837,-0.12090314140708733,-0.20497799484332058,-0.033565084895803635,-0.09474200634636123,0.04946912276654647,-0.09963055699547321,0.06864018616930631,0.055452393339098606,-0.21041947240235254,0.08866438806186244,-0.022259777198435686,-0.05502454376777953,0.015526093224061588,-0.03206753151420266,0.020832094511971478,-0.13158691917261456,0.035506380208906736,0.011873513363633393,-0.056871042416433065,-0.039780553802086255,-0.04669984430778122,0.0698848548192092,0.004123726515922316,-0.01985127165533649,0.07487096162286916,-0.012020569380141266,0.02303925699471823,-0.038156536798943215,-0.02804409507228443,0.01722013955581167,-0.06508454753473598,-0.015153896069664299,-0.04079012523112379,-0.012459634078028487,0.015425425132646498,0.03673723067361138,0.009423246241320146,0.022459039180346183,0.0016396770287074496,0.015996444481929138,0.027720072529037333,0.005153690669019251,0.0071300176156274785,0.02216353862965414,0.030502656945823145,-0.022434124386217287,-0.021972493696021448,0.005625259697767054,0.006106563082723737,-0.01240029044024026,0.014344336059800393,-0.02029213301310217,-0.014497353971832298,0.03193570615204495,-0.005545723743695021,-0.022732289725666974,0.002760595484763766,0.05170114694622011,sport
0.07467827752901168,0.10410666138811832,-0.0067486975188146715,-0.00584208033634702,0.0842887437130474,-0.09294804420132063,-0.13362030531540678,-0.062278085427614434,0.038848299553349154,-0.04187959896695151,0.002736149513506683,-0.04795679097827886,0.06392227991611124,0.00840788499237728,-0.054227756469714394,-0.2109713041166255,-0.22110743268382413,-0.03195471146606758,0.00013571300221415522,0.008581322185571385,-0.008598655818415886,-0.12061873433297131,-0.008858117637725408,-0.02884420678186661,-0.003981809971437822,0.012791172989349255,0.006520730783518193,0.05740283948147595,-0.02227119672547929,0.008354642175840199,0.08970602538834896,0.06535362405116434,0.003583718316114391,-0.014671666771471631,0.036178958273881345,-0.03697887889550863,0.00424324827776076,0.08732961467784142,0.08523528471911646,0.0586752002434078,-0.12514990249301483,0.034179839486812046,0.004140201387450617,-0.023953666671213576,-0.007230924098228938,-0.1834092044244665,-0.16353556373780492,-0.007868648648455613,-0.024085583826634394,0.07378608948129015,0.03732861615715982,-0.1395139917992191,0.007821664322883214,-0.090899937734328,-0.12874907443907413,-0.023806711184718887,0.1481274298135213,0.22026005449160352,-0.06932468553666954,0.14610412760222258,0.08461258758688006,-0.12745386180876359,-0.04301956784747974,0.05383695170355945,-0.1284894353631894,0.045292439440658104,-0.008855335312201144,-0.02987429751326046,-0.16891023415058934,-0.004875899286330335,-0.10386830264600674,-0.021240926589163926,0.06417630057729203,-0.008515910617984774,-0.19263305538116562,-0.04011279556748395,-0.049351351395621385,-0.02270555731074385,-0.04064309993418288,0.2232876471250831,-0.11301574641886616,0.08946999896202305,0.14376617480265738,0.1352531799534094,0.0656418360788333,0.01897492579697911,-0.06453271299323138,-0.03349107748910643,0.000528892502739607,-0.1470206953409415,-0.14939020458679286,0.03652834252509266,-0.08802461540796855,0.07416581801218085,0.06501652180660386,-0.12677703058356812,-0.08914544383442588,0.03889143105698512,-0.0829024723441188,-0.009233347036234399,-0.056758763053368334,-0.031436284243633476,0.0037051151008959914,-0.006016446192171119,-0.021535752154481332,-0.04261616222974543,0.04953190767341481,-0.1356061408273256,-0.07414637485187262,-0.03625668400313264,-0.029624187193934247,-0.02649820501045367,-0.08680104019742836,0.004832376807594045,-0.008597791873277739,-0.045900743981297024,0.00985264852100313,0.14012448555390822,0.04927232680230808,0.09776220389454168,-0.13142746105807424,-0.015621125838158697,-0.06073985931942638,-0.02597977252361891,0.03852568100091893,-0.034503885410376606,0.0671803951816961,0.03665882305552213,0.028572494230945912,0.10243397248790852,-0.10231450754138521,0.027936394223407823,0.03178337241766238,0.040848703236133654,0.07184373218713432,-0.011279399733800398,0.027066945988855652,-0.06049800615377448,0.014849349610869974,-0.006239605595508119,0.022496378746128257,-0.01971145664995962,-0.005250931503405847,0.025735320706980834,0.07381955165249728,-0.06737986355340067,-0.018146302920832136,0.0278897555957984,-0.030567928024618395,-0.03821283015862687,0.0012491005363284577,-0.0035633428249828526,0.007191234173926155,-0.03470753993859939,-0.028859446155016382,0.008215425228703293,0.026349690232549145,0.021473551965608156,-0.033759245280323556,-0.01834835993074485,-0.01607335971841986,-0.01649595688526681,0.022544416588407497,-0.0038162301620036417,sport
0.024465978699469468,0.08023139443396568,-0.018706259644508005,-0.03364964586368411,0.10062936359204586,-0.0995397890703281,-0.11473067573603321,-0.025050955713747998,0.022704794715355855,-0.043498075612856305,0.00966872255822971,-0.1027927345423337,0.01256883491294627,0.008537452776915921,-0.07249068401360043,-0.2265693572248568,-0.12104462253401357,-0.037797144764643784,-0.0397326699623166,0.08240471450272246,-0.008676805337365902,-0.1276115837837112,-0.0077407725247319115,0.018900339004497165,-0.10074462666827136,-0.14525327213952535,-0.008633178172679577,0.10226250038895397,0.1334888179672942,0.08896105733171228,0.3116771705538331,0.08528671210703832,0.034813595474779996,0.05507161610844791,-0.03563734423789181,-0.07742001468434385,-0.0759495412680643,-0.07788195925107799,0.08178084904455023,-0.005811694143605096,-0.03409545656705994,0.13666132532678082,0.031015880486481143,-0.03618951841551404,0.10953279427344327,-0.054985928692603436,0.07725880087956039,0.09892563722130393,0.05152992203483441,-0.07489713887455507,-0.018296377015519352,0.053770966010260095,-0.017934545843877985,-0.016290176799446346,-0.103337862911888,0.05260592902150582,-0.12516918650017642,0.09469121298432147,-0.01900941529081839,0.007563559080734524,-0.01911116310539829,0.017445157336659627,-0.01718952761049931,0.05379784584354447,0.10731531991983263,0.05950905586529611,-0.037263716428575906,0.05363930396949447,0.02197370312849702,0.10587899172757628,0.0463019065601905,-0.0800571638955916,-0.02503394575685035,0.05963884030177177,-0.06882496278756346,-0.0489977441345072,0.030885910870780985,0.0066145874606948225,-0.0738862772079869,-0.004404217016186168,-0.0010474982098689879,0.056712240044930036,-0.029697622200134173,-0.18429837264005766,0.10245666484004096,-0.018280334305976784,-0.11791298320593503,0.10602421586034061,-0.05458127076028768,0.15518526701965218,0.07194996435514575,0.17015050542469068,0.13996644703751782,0.04083214154294598,-0.08318985561768147,0.07998830474178346,0.06982658500192326,0.019825607310218936,0.1503077040940372,0.03284686452828233,-0.07376269207076952,0.034297138259573916,0.033489984538806646,0.16538639522384066,-0.04797351272719756,0.0679703844031543,-0.15662177964337376,-0.2165405830319393,0.14888097834242345,-0.07128923824547058,0.13683600731839615,0.013506081143482363,0.057973275534367714,-0.1320298319718367,-0.03268295731274842,0.03239927474469363,-0.038702702131242585,0.035537815042775436,-0.040179778032929075,-0.035307004728700186,0.0006846746468812192,0.15738953543443263,0.014833333785632199,0.049040638386189966,-0.03924036115538531,-0.015480907867245292,-0.04570992832463126,-0.02454811676136757,-0.03765918879517683,-0.027464833617526493,-0.07961947630904558,0.011613641912839468,0.01265000815905143,0.027872531553648675,-0.001117807124824624,-0.030567234117902395,-0.02895513341768983,-0.025554523532828593,0.0375692634840002,-0.04967311704516537,-0.05399304227754587,0.0009646471556649643,-0.00442279259484252,-0.05944967431228666,0.015583367142106523,-0.022646870601486502,0.009552246086402115,-0.0061102675675198635,-0.010295134185347629,0.0235155558257962,-0.03877713931236995,0.011396891853221765,-0.03019829837425407,-0.012385114872482344,0.022005851824260476,0.027274263322949303,-0.021540480720389287,-0.011377737486665195,0.011399735368712772,-0.00338424709692511,-0.0007120960615193495,0.02121059595397491,0.051295570996155455,-0.047176745918474566,sport
0.033960860668644566,0.09030274652650952,-0.0032717430931288732,-0.04570703634377258,0.07629674620050475,-0.07558315309342915,-0.07401409413507233,-0.004261006106949889,0.0023463273647069552,-0.04319756900782955,-0.004379028456503194,-0.07336779787221322,0.01788067531583127,0.02159707567312144,-0.07872054238700177,-0.10066141693676822,0.04090708873086477,-0.004665801430320241,0.03431986629916432,0.0966265430923851,-0.019582312573150722,-0.08832370203441739,0.014787776052955767,0.045718097674507706,-0.06044266791360882,-0.06997509223722212,0.053776183171740044,0.0789161030790816,0.1697189657753379,0.03841399716722613,0.27555794668261824,0.19437314589741503,0.1930606215078323,0.2000895128413974,-0.20507068800541417,-0.19831471638325954,-0.06572598982015215,-0.05122182142984168,0.13103430823631232,0.054021990301054375,-0.047315015145475786,-0.00977589968657872,-0.04418540573256073,-0.09087953774014099,-0.05659527421472912,-0.2208259451782208,0.07178387643772619,0.07326605532223761,0.09449121120963262,0.05803917340892927,-0.012018395786632928,-0.010562002979978835,0.05673309277093784,0.028611316941732592,0.11114051498532482,-0.07848584369649511,0.04073748228230833,-0.005168068205788666,0.05475444533878353,0.06232412399727236,-0.01638381595617921,-0.01292820244298159,0.0029093262788630766,0.07011898062788188,-0.01960586284573952,-0.019118706993831024,-0.009039995003960428,0.06269747817889891,-0.033620426382913016,-0.0009884115847494117,-0.1272720752192535,-0.02030528005067494,0.013314501685756422,0.04795052468646141,0.049963656558655006,-0.03970997880301208,-0.03280065805274856,0.03178285051948671,0.040466053720115254,-0.1214607037661428,-0.06902944598998136,0.057080337378916844,-0.05784864134843846,0.10354608582731349,0.020941156838922486,0.10931094748531868,0.08592280874725783,0.07299449109728966,0.09716432021688905,-0.01931669191283073,0.02190618696227054,-0.1088039312920141,-0.11727049977383919,-0.13391452258680026,-0.07386092862632737,0.05240108574775867,-0.15695140989678927,-0.09993132772339941,-0.049206173033398075,0.037253868390009104,0.044663310780775,0.08522237349559805,0.02709804255648398,-0.14041636155071766,0.055515048525332185,-0.016906473260412724,0.1267544952049156,0.17241485580999188,-0.11737179761738796,0.03705362617047876,0.00871906145119174,-0.0038594959386836374,0.15612209535900023,0.1473598575224267,-0.048840717253089604,0.011434630972646251,-0.011022798648588171,-0.0551661935056517,-0.10811059701501463,-0.008720684504925058,-0.06853197362552631,0.12987477558684712,0.014556450095407627,0.06924108115129464,0.0002900968826341802,-0.07676792763160017,0.005141076368185417,0.05645326740380531,-0.07292980807213027,-0.08604299782736897,0.018300139140700816,-0.020799338885896856,0.002617785440249725,-0.06154477991685278,-0.08919025280090888,0.028807724067594055,-0.03244343894268058,-0.012807939923463295,-0.047709924630157344,-0.03348782183627846,0.013014405781804992,-0.0213805455454595,0.019772471942180708,0.03427015224187898,0.012907308477843176,0.04011746557338747,0.007153826419204955,-0.005325154918625928,0.03309135569917374,0.03013673844244903,-0.007216521915413289,0.003533351924437818,0.02057471851767488,0.011850556101557112,0.003106510627669728,-0.012651861991401376,-0.010228151219620415,-0.02744548698270063,0.0010561662886499118,0.007670529055945694,-0.04495652723923518,0.04953721079824362,0.0026432829602566613,0.024892604175323338,sport
-0.021613196604571984,0.04839798586628167,-0.027217848831543528,-0.030892938216910287,0.07312059449142011,-0.08349316648295148,-0.06385879835611705,0.0025429977777536826,-0.0037362684491993826,-0.01569203674395319,0.0037533141164263735,-0.07768134573203271,-0.0018427011920549247,0.020030441744288946,-0.02944664899432304,-0.10927252149732912,-0.05409979208743491,-0.0031465541374177315,-0.08686704576803632,-0.0257966099089496,0.004302781744117662,-0.038627406444746146,-0.008239406498915499,-0.017117931547548655,0.04527693448557132,0.019032555239543118,-0.03900852427288459,-0.13915529924521167,-0.033185444730012434,-0.12671400675601852,-0.22866945417557183,0.20802055406394945,0.058260527382460764,0.028017542107383577,0.11498450656936199,-0.12959615836155725,0.01789716195080488,0.03970916634961695,0.0028303600684043335,0.025113576175646066,0.04520339890207631,-0.0207468813487823,-0.04715528505049163,0.030722983720338066,-0.050384397291012045,0.06166213701656732,0.18437205324337996,0.09821598621070243,0.03931938333539232,-0.0225416251112707,-0.06876377030978094,-0.028816243090206813,-0.031234283442556007,0.09955584599266933,0.1609331693250247,-0.04414113473347207,0.050943370574275885,-0.15925364332002742,0.07292767510288983,0.16563722995369315,-0.027150362583141865,-0.10258934743965052,-0.11818168196214522,0.22086789485947056,0.11764437436878084,-0.09258668205149707,0.16088909600331114,0.11320870330660808,0.020780656552300984,-0.011290206512797569,0.35829312999686286,-0.08152845556655497,-0.12997064253846052,0.15748071263277763,0.19655877906613026,0.07129882244794121,0.25138318796620857,-0.08492015475934403,-0.021967708369579595,0.1691686147757492,0.00033512340094963525,-0.06822877177488958,0.0450175779495194,0.19700343050310287,0.08526039874138394,0.030009449660317326,-0.08878590927652344,-0.010237911446043396,0.004201360177656498,-0.01161368737945518,-0.12887964963483106,0.07670262922281698,-0.09680227419295834,-0.09068762551523815,-0.05834044790451868,-0.11381292699245264,0.026788370813391554,0.01394967100187094,-0.0021912890229230713,0.05547902095447153,-0.012106172945266717,-0.04560951850782553,0.003863277465201432,0.009691702872557696,-0.06212876315773196,-0.002463940523101338,-0.04029318010425138,-0.07884881538254636,0.01466607119893628,-0.027133675482835896,0.0452672670799758,-0.02267258372042817,0.015040089136415007,0.033424951839010134,-0.06240346912774974,0.040913165642116577,0.03080427502194863,-0.01084667891129631,-0.006181399082883678,9.591721549474493e-05,-0.018989109744303893,0.013131060446639427,-0.0078284892165441,0.010480304263414534,-0.026609162482411384,-0.0227223461729578,-0.005025855974281251,-0.02079173895172262,-0.040214491172519184,0.011930005395344603,0.035063738799998086,0.030999014300050524,0.015129693714758445,0.02143061939195444,0.024673430446847906,0.0034567410585865928,0.014792563564258999,-0.019723821518505137,0.0036503457980164374,-0.0032874089133871185,0.009800572162654446,-0.02160934790856195,-0.018070880522503864,0.0032303072412211233,0.0030924252553338836,-0.0008540017280941829,-0.001678888622013327,0.011949849337925589,-0.008515847521505143,-0.00040122608226764135,-0.005142217748780046,0.002068515951000826,-0.0050434745227249615,-0.013315640891149217,0.006372196615083821,0.005126928285168407,-0.004002276388898788,-0.0015032073722000816,-0.012631406487499615,0.011894744864890694,0.01622309996665966,0.006824377693278399,-0.011082921393700797,0.020213616283599276,sport
0.02632434719022626,0.08119219459166285,-0.02255138732618598,-0.04962734651211803,0.12346874497287613,-0.059940764797590924,-0.09286877607222552,-0.03954554019361973,0.022007339438731992,-0.011731278071701386,0.01482736739165772,-0.037536075867561365,0.040464390918703554,0.014690701601624263,-0.006122104717988958,-0.0766538852506204,-0.10168439759322742,-0.03410897191296942,-0.1161534339933169,-0.07817663135975016,0.013861046969331527,-0.009800221414352234,9.392711648356644e-05,0.029417317868107373,0.2661890379037997,-0.01510537377989248,-0.08277858019720172,0.09217161592910424,-0.03808424178694864,-0.11558293551111591,0.0815442288970477,0.11445693915755183,0.021495148889615318,0.15863137759812612,-0.04687260456226238,-0.006826202101686882,-0.10329846544745062,0.12740409782369766,-0.12606880200218787,-0.005868347347899285,-0.056494898569622976,-0.1798149890412614,0.04084072584051826,-0.06076976663636711,-0.10733764725226094,0.21489792177543215,0.07999777134912245,0.1283144429683193,-0.21565168419010558,0.020767679539280375,0.06902454357507487,-0.08920599361765202,-0.13461718663508151,0.06923188076067611,0.03365901715458755,0.011913692863114935,-0.14969626141890624,0.016007266845666872,0.09285735567517171,0.021000575550606575,-0.04141642997268429,0.09588564214248047,-0.021931720541640186,0.007514507725810167,0.00975134525967916,-0.07992831323473754,-0.012275184881094383,-0.010632452140138821,0.0049077615955654946,0.004032288660073957,0.07022321471893493,-0.018692328988744098,-0.1446156605262855,0.05387843196159167,-0.06302888412367687,-0.014063204993784951,-0.04018045563296259,-0.02096133650460473,-0.1432731901433979,0.03587547972084317,-0.08742963050306489,0.04682298359121307,-0.020435852754338114,-0.08961682347257822,-0.06515960731726708,0.001882074550093202,0.003658717710094524,-0.13483760498530417,-0.10565529460612882,-0.05293088414571463,0.004342028931467909,0.07583643171206965,-0.006802887759357481,0.15685805086709634,0.06868628258962706,0.1662971039251736,0.12058820516210847,-0.10118848999639737,0.07660613884409732,0.0106721742322446,-0.08563811711678315,0.0649192065370721,0.08444962473616144,-0.07960146950491813,0.0827874939066775,-0.07867018468387248,0.17796278179257682,0.23860856415065343,0.006454564255226874,0.1603661821781421,-0.025900565514135592,0.0016569541746760722,-0.06930558645977812,-0.054188745759705274,0.15114880686674728,-0.0528075021756999,-0.030148039488966927,0.0575061979888272,-0.0304042531021009,0.0672926537428563,-0.07636813573172821,0.10414794781575855,-0.04781334244128873,-0.00955344817204043,0.05109745464410075,0.00400074574277452,0.0035196119115568267,-0.07946116234098743,0.03369158734658601,0.004993705135667064,-0.045693549554795175,-0.021379170092652132,-0.006411421748666438,0.031564480745757593,0.024084962734529133,-0.04196246866605188,0.008264822174050328,-0.007878097842428572,0.04508677805834064,-0.0013342429776112424,-0.00838057119287891,-0.00327584094911916,0.00886917570986938,-0.011943693463095428,-0.019699257188523424,-0.02110078037452601,-0.0011272187627620913,-0.018692507766753005,-0.013775026421730922,-0.007043260913133244,-0.006065775320612629,0.03031755031647881,0.007601719833094265,-0.010657003921426178,0.001950017910936964,0.025640030878989795,0.015091730176482365,0.00045079545961043433,0.01308717810611831,-0.034454562937164576,0.02135043353192174,-0.007377510642358647,0.018866411383941174,-0.0245079349518639,sport
0.007442601938498011,0.08668680233510981,-0.01901516356724816,-0.01557771561962102,0.06500949747708155,-0.1359908508376439,-0.1333121728308433,-0.021007069086219278,0.018760379847192196,-0.02664613317739868,-0.013154413426454344,-0.1643989992041756,0.02063331869580017,0.002231880347510232,-0.049015971000817886,-0.31728511492959366,-0.24227137296229484,-0.043983405062201344,-0.096252439812085,0.042999896928478235,-0.05930269082283579,0.08044602572715219,-0.018142593351612123,0.048469877304717815,-0.14507838125549788,-0.24512056578784577,-0.056100365779429666,-0.11776481669816895,-0.07396700515791821,-0.08646403465940908,-0.17598134189733125,-0.1146259218949324,0.06703693418096973,-0.06633758248184424,0.03281360705442297,-0.023565858357512636,0.16704973131591255,0.22344553811097834,0.10001100535740429,0.17220354266757892,0.13250459479248458,-0.1624352588757257,0.08032138740086021,0.00795563551734991,-0.08231112140164451,-0.06566366957597822,-0.10212769042692443,-0.04220640117237375,0.0082411736315956,0.12273251350979023,0.0038660521465564597,-0.01141377834538996,-0.005059718603052322,0.07376369587342879,0.07207003793420669,-0.04556903559216417,-0.0874808403034457,-0.015915193741623132,0.018129473356527745,-0.019941402771230254,-0.031672794850635975,0.04474716728301037,-0.005763232184067173,-0.019869855380069603,-0.014230458003717882,-0.011195245985691722,-0.011937834106091345,-0.040894493682483955,0.03367968347497463,-0.0005711146922112002,-0.04729192413154231,-0.017178229793870733,0.05141731933463289,-0.006969731711388829,0.02077628256187324,0.002478551201899993,0.013078574621884395,0.042569254009918185,0.03378151681724376,-0.09841567802064821,0.02497742206113587,-0.02319727698399905,-0.06168134157827238,-0.022068607896999968,0.012670726351622457,0.02715682911157091,-0.02519755683575147,0.05245600929418246,0.06022917493171559,0.12378906062346097,0.05347641295739584,-0.07010265798469427,0.018397415399816014,-0.11858691407590834,-0.10335138177252837,-0.05743365810718162,-0.07649529895324197,-0.050852217697208255,0.00435522740909465,-0.013578996563798611,-0.026612302429657838,-0.06251124946182383,0.0035644330587095868,0.059368010837219244,0.13412898462315984,0.02776475515593168,-0.05148294770190264,0.07499128934874512,-0.0034109237294405598,-0.08512561638673398,-0.06297432682310643,0.06775213222068442,-0.06958803118006907,0.0036988987057642274,0.08362247918236382,-0.02139270511998394,0.08367625789832185,0.032486477033948566,0.05248599022080344,0.05789386709306409,-0.04735406517322672,0.04837812732270058,-0.005377532643635065,-0.006015289852747955,0.04311159106323257,0.08014010102272058,-0.049124384452533434,-0.007943521784582835,0.05414632473630341,0.02578461088540741,-0.059629842066271525,0.004513157223707859,-0.014300520378792462,0.04567526052896204,0.018805225005647037,-1.6463987081908426e-05,0.06784545491436185,0.02810737051819885,0.0010323733019582358,0.04975932409052529,-0.00558924923322138,0.007193268111832776,-0.03846325415031087,0.016179267478971946,-0.05560815719175731,-0.04849351559784848,0.004101994984039256,-0.032279403241755204,-0.03088155051141937,-0.013192370576278459,-0.059475751967106805,-0.005157386868963784,0.021607561144825645,0.0003206536692977297,-0.0022659464564263486,0.0015633397564901858,-0.061667609427180685,0.0007471806793791136,0.04526956200930556,-0.05611739696151698,0.017549146014845456,0.06093131901469805,-0.07956082858922806,-0.19451494854993145,sport
0.0034022986072154027,0.06142254003554498,-0.03333349995462272,-0.06635826074001164,0.15543860061795706,-0.03975176800162024,-0.03148127036485792,0.006529604054877775,-0.005077288677715619,-0.052329280681842796,-0.00438523068362898,-0.0964034956095314,0.08104646861568882,0.029755916572732386,-0.04758381157507246,-0.10232724441794543,-0.08043944735676087,-0.03640753279697911,0.0018308521589105325,-0.026379691800463564,-0.040095948592171485,0.004914611772766173,0.028263898182216037,0.09506982441920651,0.16534572560944413,-0.12904891120004322,-0.07287437964147901,0.13016276380294556,0.006981477175447136,-0.04620555406751307,0.1104997682060862,0.0629017148670964,-0.016447748293828137,0.07845009272512181,-0.05659845186462672,0.06743193692830618,-0.12072101248065942,-0.13329455000269133,-0.08441365544625774,-0.11574135676496271,-0.11064562486900592,0.01879166863396743,-0.12477999068027971,-0.05987448372348297,-0.03288894185085008,0.03374503766933365,0.0599695946060383,-0.025566739895328434,-0.04149716901458357,0.008119790234568155,0.1186375653535033,-0.004590449754844168,0.014605501854491588,-0.013852796531224742,-0.00374818951111571,-0.0024919598622638144,0.16832153607260364,-0.08550918681272678,-0.024753663669071734,-0.129112772111686,-0.03050217952388134,0.015016834262751468,0.09887225706577966,0.03534852389332077,-0.09671792162003001,-0.029510802581480537,0.04218133351558495,-0.03543926039558441,-0.14836409017585797,-0.2413116080779157,-0.14030821933608464,0.2844283128203475,0.06276599010009146,-0.041461599800348574,0.0962940544369017,0.1375771960540652,0.065602984770516,-0.08030649927464156,0.2213600659994611,-0.1592837005218578,0.18962119155629767,0.02813744033428319,-0.07964173196122723,0.22378740704395103,-0.13986364608600801,-0.014603201305056457,-0.07689217185929663,-0.06404754460892532,0.03230268117589998,-0.030573843271946708,-0.11783720667982607,0.13717886916184535,-0.031281852982697374,-0.05773180476772917,-0.03469818780334007,0.021584705780806852,0.055627300045892045,0.07444048496070386,0.05712780074295205,0.12291321683709121,-0.03057272987842516,-0.03199948430462627,0.020182762359977693,0.13179391022948717,0.07523206859538704,0.1266967311867418,-0.06678244135191126,-0.015991518064208187,0.10678658376428518,-0.02060152115130017,0.037179435919463266,0.07327905678975463,-0.07685754945748786,-0.0575390940896685,0.06567032525662662,0.00381893900883569,0.11027022687717664,0.03658715359556653,0.003619555165907287,-0.01921054398523243,-0.028646663829598365,0.015039880646560866,-0.036700774539500235,0.012573235444492167,0.026934915552248254,0.07093701210932948,0.0020878255356215347,-0.028075995364042688,-0.00021880949268927367,0.012959152381613274,0.015383883230504387,0.009419570530893108,-0.04816607701290391,0.004207878047027675,0.005975039164164111,-0.045765780557026264,-0.014835186162143688,-0.04409611616067631,-0.028935660332058737,-0.006511665553523261,0.00042760367562652324,-0.020615693034779392,-0.016997208089725394,0.03759053639348489,-0.006521312417681957,0.01842671444096663,0.001719256776360012,0.0028840243674980726,-0.018077756176364434,0.00815618890434334,0.004971765136917672,-0.03171486930702853,-0.02272610894207158,0.026992272966902806,0.01116684794187237,-0.00592914971761685,-0.016609488413119173,0.0016719758535113627,-0.008515175450863227,0.0075632726426876256,0.02641251428192279,0.006086119521553205,0.011115723826200246,0.0165310755103619,sport
0.011478055878258724,0.05270807060387744,-0.029366127867019844,-0.02938835011052738,0.09503108269819233,-0.10977234221093983,-0.13338637455577207,-0.01897284985683263,0.018807938740192095,-0.06864862441751693,-0.006679619026287808,-0.17030519118531828,0.0994086856707046,0.04582803446576688,-0.08720027878688714,-0.23525190661480241,-0.12160183186060466,-0.02081444824588999,-0.04533959885254378,0.14064684662819735,-0.04230784916539652,0.08991618757594072,0.03129272379199093,0.12121849488521808,-0.22288084622282708,-0.30469933408815253,-0.08618440461394124,0.04746467617917921,0.09700191203336844,-0.025366759983647118,0.03971089175045931,-0.12693371084795624,-0.15758281491077525,-0.041819819171052694,-0.0024250847547669045,0.1602829860389566,-0.023072381664626898,-0.26013699262292694,-0.12061983782427761,-0.17664272337347653,-0.0733773396295375,0.07866619418213043,0.012431935300866476,0.0381138475210874,0.042079604352829106,0.045449588574208485,0.07184094352688505,-0.064059272585947,-0.0552491842957231,-0.04873726350653889,-0.04415709945837306,-0.02137493105352827,-0.04518289075771395,-0.07459072418631116,-0.0379210709358684,0.07297299157171441,0.0596544962843697,-0.028441315139678718,-0.01336672945641732,0.043439353226787186,0.034291408099132115,-0.015637552305676584,0.007932600947067105,-0.0440356393850626,0.01183550376147017,-0.012927984823194318,0.0038205942483424907,0.04189592885215502,-0.013494711510289931,-0.03959333203765423,0.059743402665437234,-0.0006734358580634731,-0.037811836814806,-0.008406961900856396,0.03905159636245902,0.03483202853127829,0.017812464249571735,-0.04439102087528661,0.007629806098850662,0.10513706797046293,-0.0015626205486779226,-0.00017974752668508664,0.06994411769833944,-0.005931554521125989,-0.06123357320261887,-0.017925388713107268,0.1009496101942,-0.1185374890969456,-0.033539115184481286,-0.1569350611489333,-0.023053973962281923,-0.004584928017399895,-0.02765126336118175,0.08335990885322199,0.11098246189092562,0.05128551151903279,0.04824435684895572,0.013457978806590125,-0.019057731017038785,-0.044808243963121386,0.07813197361580314,0.06411760900468308,-0.047267916869730024,-0.10576189969904116,-0.17975970858547208,-0.04531125839487911,0.09001420347245279,-0.05036480445073952,-0.035727685313084935,0.10008109360202153,0.03341991385127002,-0.06907166275123057,0.0741123371544374,0.02926958184092092,-0.04141577904027855,0.03617395667784911,-0.10030242810935203,-0.05737253502110255,-0.007509728899048175,-0.020511128540526963,0.046302391917662326,-0.0870318364051099,0.027305245001332017,0.022280180489001745,-0.030828975824169717,-0.08212236832965078,0.0045479698377112795,0.017774716952766303,-0.028532236563870127,-0.07936937725620731,0.08295838147652211,-0.028050318676773003,0.044663894945068276,-0.06605051419843598,-0.04005762682623622,0.028354944470691954,-0.0033681412487848676,0.06414189006428914,0.008512693480064506,0.022380813267709177,0.004917637879372222,-0.024185284952325567,-0.015533910272369545,0.037697778629607485,-0.016565832367089122,0.041465239777222884,0.010934887523332533,0.004893476114073792,-0.026053020923638554,-0.010097702902762507,-0.03251424678447643,0.007278947578888056,0.02659117609102415,-0.001691905321199717,0.0011351875443703543,0.0013772625343322412,-0.04674354389863418,-0.03388532113858945,-0.013846010404288185,-0.027864886560920676,0.03460762599908641,0.03357652434340152,-0.07875155567874846,-0.14179753620935895,sport
0.0115687396984768,0.09757574931616736,-0.012494127026760275,-0.023603265965893537,0.05987363681421538,-0.15777532032339545,-0.1779499056209635,-0.038693944381369326,0.026844344850458807,-0.03623735093119416,-0.011255194634360444,-0.17365751305041535,0.06615619696158888,0.03194956104669381,-0.06168591638957618,-0.31707205994223764,-0.19843737482572438,-0.02069055733734562,-0.07496633298055615,0.12965270020492128,-0.08241695349924316,0.12246895230668577,0.016102772296670925,0.12194760467460286,-0.3097838549439489,-0.36399587101477354,-0.068136947638139,-0.036915990582170335,0.03551091884432665,-0.04628048628143747,-0.09501440880053968,-0.18683178859270777,-0.14344729014026408,-0.0872565595535299,0.020547229978013483,0.20765125769744155,0.050925947479568065,-0.14581085254009474,-0.07520071969231013,-0.06332399269756414,0.042519153479467574,0.022252346818597155,0.09035666358744325,0.06056540922513263,0.03355765047576326,-0.0003217863680127254,-0.007655742730864199,-0.04730528231327456,0.010742407834857876,0.014788681325102625,-0.019569716473617316,-0.024342091849407218,-0.013945999650865078,0.016047803722458863,0.012966117088913666,0.03295600621815802,-0.050951596815132574,-0.06227785423312546,0.014147097102075776,-0.006478003487271784,-0.005671109447369977,0.047641372598111895,-0.01350628335474852,-0.043827255049744406,-0.015030663922951994,-0.013491145110285856,-0.007954277801835444,0.016236947056280933,0.05604639234440187,0.06039660780895669,0.04872368742831605,-0.05803105859869692,-0.012059450734796775,0.006336592917665777,0.014148804309657662,0.011723556980561371,-0.027415291926239295,0.025881848784078645,-0.027567175045021514,-0.01647595004017329,-0.031090637202640884,-0.014472626566083792,-0.009062594552508704,0.03168064718121076,0.023410090805056905,-0.009471311901220861,0.004072919011004894,0.024203734632600504,0.049515183631005065,0.02308106360329416,0.044354299526179954,-0.04609446040300013,-0.013474076307144275,-0.022133786357087477,-0.03296453476098736,-0.011922069971447753,-0.066689585750428,-0.04630021518364252,0.00449805043497066,0.004533563563560529,-0.001200449116451887,0.017824532136960624,0.002094026362612583,-0.00710595916853858,0.021687751578879314,-0.007328308550974856,0.02870545559345325,0.08447594882176968,-0.026110070873101156,-0.00034029479399057705,-0.01253441562188339,0.009482322798521783,-0.03039796069410775,0.03265758650403678,0.06099757644105359,-0.029064093782597653,0.005449511999893273,0.018239938728097926,-0.008097515360546547,0.05109182509146449,-0.0416295574877613,0.03819340931801105,-0.006662499551241213,-0.00928291432362209,0.015745488547993725,0.06186749199922572,-0.00674344579111634,-0.008664138126029638,0.007336313073357178,0.016330624353804023,0.011860105472456266,0.010593556689419836,-0.052021586590587844,0.019851971790580934,-0.008285813820248898,-0.011648163311403307,-0.003940513560450776,-0.05244593551248991,-0.01427402684544942,-0.016866952406141035,0.0022198359863927143,0.05236276076104441,0.03245770080399718,-0.022583772812940956,0.015259728646331584,0.005737005109824241,-0.03601900200381622,0.00119792640303968,0.02419957680035949,-0.009614678913902434,0.08207365082196416,-0.00767380671569002,-0.02947753190573059,0.013201735131599068,0.017395577462646597,-0.024543241556785268,0.09004572304499761,0.03325204691688817,-0.008537001881924407,0.06576950356236697,-0.041436534247435,-0.06556161855048334,0.06864817372423594,0.24260630909484898,sport
0.18042441289230104,-0.13316176662940518,-0.07861382743694381,0.5830179281239424,0.032332229919582095,0.04437866856838466,0.09731891549282096,-0.02523292089266107,0.02949904892433952,0.04499383387499501,-0.001460917100718765,0.053040876315415986,-0.0032967898633141286,-0.009374939689263196,0.016039693777942357,-0.006564898226928686,0.011379175011194198,0.01595357230320764,0.05164532903473501,0.040859250388770224,-0.016931460668146454,0.01104029501270006,-0.06461657427704424,-0.05351374537500052,0.006995526477721589,-0.04252499587183463,0.0004601150309030718,-0.008275335844244912,-0.06453694112653104,-0.08177281975222454,0.04024665959307272,-0.06356918785716319,0.05378512325772207,-0.1402928474482989,0.062121244981776645,-0.06493982848534396,0.03928560424362005,-0.07499495204530547,-0.003908988808403434,-0.005781523398209334,-0.0860520952002965,-0.05910744834622718,-0.04078578248542609,-0.04040254706679273,0.03648160970576269,-0.02130282657348597,-0.02052639833071525,0.02988873523319005,0.05064981777522411,0.03437853767937357,-0.039737969124110636,-0.0052536750930459565,-0.01842557245477463,0.027303184725207943,-0.0039108007346011055,-0.08722923179886108,-0.017190058058304456,0.07883866079367152,0.03133203841320422,-0.06642482751653117,0.03182179614111886,-0.01333745243393516,0.04895408742341977,-0.06328794414807545,0.060749465160556466,0.021853782197729283,0.008184953559116137,0.07520509898597655,0.04332359687257911,-0.041876377506329214,0.05001117329364118,0.13050330001970512,-0.10766334046011634,0.024395002178358424,-0.08286567891234792,-0.08798889889026644,0.07975849437160458,-0.08231765096610526,-0.008360535365106989,-0.01287088580814235,0.021727609504751347,-0.03653367782524344,-0.04910064743942113,-0.012294576249668168,-0.009924616294093046,0.06341744087858597,0.0011473596024174193,0.01513633399236899,0.044115421702834785,-0.06467574237267495,0.015251707008386635,-0.009055703120496932,-0.006367533721008921,0.035702161265079684,-0.01183553032590422,0.01131321955519238,-0.07716206827687253,-0.06907071637801716,0.019543167521985063,0.03320826528589275,-0.052386007059343945,-0.011751859771036911,0.09798797606942518,0.014760646819383513,-0.0864904173470082,0.00993033396468012,-0.0065184377928529,0.014720303301985064,0.005563888673539158,-0.03414715987045063,-0.029131824502542307,-0.038847386477907975,-0.026615094187129602,0.04156542057378808,0.06958624709229032,-0.03160362334466433,-0.03907862308442111,0.015922978124191585,-0.02248070329167695,-0.01665607462636864,-0.019901092852687402,0.005378354984972165,-0.01735014117268912,-0.06368216838881395,-0.008318432259196743,-0.0003061077883318875,-0.010243896475265269,0.00828170474686276,-0.012237381437447039,0.06443955238843843,0.007610158590332642,0.07252027899725016,0.054673694077560946,-0.022591709944463377,-0.02821050300906693,0.014806157849948544,0.005762016281176317,0.0010960311232416085,0.031130434772477716,-0.04429071893112854,0.005749555889142524,-0.004883271332278183,-0.011503972802149374,0.016699800342472274,0.007617630443664642,-0.005433491052058394,0.025202434445643584,-0.040579596244341966,-0.027173383644753104,0.021920562514464288,-0.013724757627047732,-0.0417613888395786,-0.0777870092898009,2.3793597307263262e-05,-0.03090980962089314,-0.07237184173999221,-0.031213051563228143,-0.02596472117095539,-0.00024411448399981755,-0.011177416356222852,-0.029704664372091925,0.01640949143042173,0.004375544764957903,0.047145383879098335,sport
0.05016823224324678,-0.1003907842944155,-0.09227092273508905,0.5680983482817561,0.07181562370060281,0.025181298793456222,0.0757056106422528,-0.025194792047865674,0.04582904946845029,0.057543392873127014,-0.004123558177932354,-0.000535574111598073,-0.000732744826814073,0.00436006721802243,-0.012875002880382465,0.013773516185230502,0.030633784228770573,0.023793855988091674,-0.0324618975472209,0.02108294106378849,-0.009827416519102017,0.013831250042852468,-0.05133261294898412,-0.012871822452908997,0.003665794565756562,-0.019615956304037705,0.0024857230439391193,-0.071704092448523,-0.05259286126136038,-0.028840510509933033,0.034669292031936236,-0.04387877837907611,0.027708645036208443,-0.11914190363664628,0.004414955163069675,-0.12145779406406539,0.06933354925361711,-0.1209062963840378,-0.00647391491958691,-0.0023210023709291493,-0.1219942745342245,-0.10007661521793085,-0.05197454388205882,-0.0184470014712555,0.0299948784228323,0.029247846598987565,-0.04911833817336539,0.04771857007405913,0.05911375230228515,0.029872180727215703,-0.030215586537195763,0.00692206432571285,0.020498648495009965,0.01849716394407575,-0.04150264553315607,-0.07261326381712276,-0.02461684610341438,0.046193506363658515,0.02552257469326554,-0.12566066409287502,0.01223511723255957,0.0027581383841899353,0.05122931280816735,-0.13030308756877712,0.09902303027299611,-0.0037475747346641694,-0.003819743044384603,0.07660316142193357,0.04986065493220473,-0.03250183634159345,0.0630735540445783,0.1663197716582067,-0.10176642155343062,0.05649704221949132,-0.09067728837087094,-0.06583881365568053,0.08221630622769081,-0.09135438435739053,-0.00048434013426816244,-0.007298922290483738,-0.0021126751726188,-0.06591909881370403,-0.039839056224338136,0.020083809364801992,-0.0017003682288958008,0.07392580327947955,0.0408926757161955,0.03747626942372307,0.06534780776062382,-0.0757482533819297,-0.0069786193695784,-0.023919625255311407,0.09389399407639606,0.06012808727394511,-0.04178740158592204,0.019435810285623172,-0.10146275703900998,-0.09070108247223087,0.028892633080216987,0.06286420339959589,-0.03633104416340296,0.00155583995098493,0.12651171614295514,0.0005203245482875734,-0.12751527453308156,-0.0033182970463221106,-0.03641758329883042,0.02316718879970201,-0.02040082745983777,-0.029040532652554123,-0.009140237879043665,-0.0010268781512320258,0.020368954967680725,0.04912604860811731,0.12321473853486314,0.020298795385333985,-0.00908570544175812,0.006103783263611327,-0.008554936210218843,-0.07118981812065729,-0.021521738076080318,-0.013964429592709394,-0.049039837542488834,-0.05959610913796629,0.005174605050826723,-0.08050372404028142,-0.03378954892299819,0.0031602981726475167,-0.0053037883802337996,0.1299924245388862,0.025965358843701748,0.08253106920312218,0.04301889007535679,-0.012855849321466547,-0.006738715965251269,0.01727651744248248,-0.05024716624910018,-0.014630226945104116,0.029590489674028546,-0.06405198788370317,-0.0069756427988324045,0.08287572251393507,0.04372879604788227,0.07072130107574541,0.06468119705537333,-0.028636110337750806,-0.018695866758684107,-0.05055687287452587,-0.04136175202177711,-0.0292835239113595,-0.016309150040714263,-0.07273348550100539,-0.03871371598913871,0.0014301007199935404,-0.011588709287002657,-0.012251988876051202,-0.0245983946304412,-0.011009477990813513,-0.03766698786327314,-0.004076781306926682,0.02136425925749909,-0.0026888277847807182,0.00508519962087884,-0.021106574322944265,sport
0.036112684618682195,-0.08278910818345288,-0.11514739153069714,0.6090972866350872,0.11307727531617973,0.06354199233957694,0.048566116873464536,-0.0435747261328142,0.045755298490370244,0.10699735020853117,0.039702371533239945,0.02702612968416821,-0.046111065858955066,-0.035473580528495224,0.0006170645879849378,-0.07082418107476703,0.03139735887210338,-0.019409737810475353,-0.073714348990034,-0.014117300295354357,-0.03751831905302839,-0.05132832251624769,0.10033661892552505,0.11928598698382395,0.02006115170616519,0.006839197761313062,-0.03706011900675454,-0.17408345114276064,0.030545001300207625,0.14400604308190773,-0.06391709814812112,0.0277849064881398,0.014974007100446182,0.16701434492971448,-0.08351370859745634,-0.03765452432032569,0.004439243861353563,-0.027930623106252564,-0.0830621164879364,-0.006546114007813434,-0.02334991222220772,0.01938177116149902,-0.03576982334640697,0.033341081684671904,-0.10149108150564218,-0.010108808918178506,-0.037011587886822614,-0.03409322723333874,0.01619192336184037,-0.04225238560265409,0.00982495443022969,0.028856494054107343,0.01839114225905478,-0.17934481278358397,-0.06277193772295779,0.0693881676120499,-0.056507700451988205,-0.10166435228775984,-0.03502668453198678,-0.01515696700324221,-0.06692911843628291,0.062327046486730375,0.006139614422621046,-0.028897553074191902,-0.04728938764753227,-0.07129016742084017,-0.02416608508736879,-0.10140342359004548,-0.027809755889164907,0.015450004588378403,-0.01766088214287426,-0.06930190105855137,0.08500481943230138,0.02975928203814434,0.04651818449103598,0.09413251404582955,0.03067881041199456,0.043925755796425554,-0.033543566209271757,0.06698878415259146,-0.00016330931469106522,0.0531032525391765,0.03444191426791584,0.02667938106540155,0.10093103594668902,-0.019741725776303683,-0.012383197817854089,-0.005894571753543993,0.02723384520086198,-0.011210239483737155,0.042855316441737436,0.038295651944348884,0.053635361621052306,-0.003752408108551044,0.011330888705885224,-0.013958148598961254,0.015072291977796139,-0.0025955361690490836,-0.01619952108569891,-0.023613072319600904,0.03471868590514943,0.01943642904934659,-0.0361873755910369,-0.01175111563861664,0.06771383953512684,-0.007831634147439672,-0.042081601523383715,0.02242731562660947,0.003198371503938262,0.02868170290784489,-0.012994713462030946,0.0120966012193631,-0.006641579806326305,-0.03722721715278786,-0.032945950561435046,0.02090198806833608,-0.009897275179469135,0.01880908341711036,-0.0016362022990675735,-0.03646323663063438,-0.03117290112186737,-0.013122051990267407,-0.011091543904847569,0.04295524237324164,-0.0040979821550109485,-0.03270468526139024,0.002549125762444125,-0.008670500126919134,-0.0027611805436484177,0.014996774688339473,0.036472501092766244,0.0029071591759007864,-0.04441382302287684,0.026905551125082916,0.020374048722972153,0.02172023990127994,0.0017507279560634375,-0.04480314402927906,-0.020973879222019678,-0.011983538049500449,-0.005782215709020051,0.010160089686335937,0.03689014339836527,-0.009295703405309181,0.010370523252961651,-0.008168677910853257,-0.01795620074708003,0.027161178177919416,0.0316870124502925,-0.06044314967023636,-0.0297917934437982,-0.021695217297268535,0.07205010847657624,0.020342556489357132,0.008656297657392944,0.09674361698708132,0.052810874433675374,-0.014039805409960662,-0.009648085166468447,0.019633285035832556,0.06605594451803161,-0.027421233631388015,-0.010208806424591045,0.008850777050265298,sport
0.06822768647429801,-0.09670779822385035,-0.12478083663232317,0.6895658190465926,0.10719446046947138,0.06501137274626151,0.05262469243930106,-0.06050376879307582,0.042906526480669824,0.10748674082747534,0.05245855689095364,0.04032468736415254,-0.03329991255661282,-0.03689336920366833,0.010369852675715331,-0.07376263484486642,0.04306062105841524,-0.009008746682552847,-0.06393813299026904,-0.013205416335882443,-0.04350988913814422,-0.0511005443867754,0.09240199902742065,0.11066205445658034,0.015755652983531692,0.019038503595232355,-0.024740929829102105,-0.14574606208873414,0.011240423571659552,0.11408866709465557,-0.05306611175573333,0.02838436630880823,0.029592322537340718,0.13895439889419423,-0.07070860906316823,-0.0161580271966337,-0.0019134233205215555,-0.010751136613500276,-0.07521139023834224,0.009356328855486457,-0.03436480500991832,0.008053068164534648,-0.026740719059694187,0.022108903218400474,-0.07525401566259382,-0.018879888937923157,-0.019678442642414754,-0.027104728305522838,0.017416755191841084,-0.019097757850464536,0.017850374319734453,0.019098756014481317,0.015144593393027234,-0.10953775035601494,-0.05698053514349325,0.04745645938903256,-0.033108675228339636,-0.08519826761352862,-0.0027663925180017876,-0.011010332246273511,-0.041039272426885126,0.04935411927737129,-0.012491883369852186,-0.0017781699841736105,-0.041325940077339016,-0.0458859676153704,-0.025167415262998896,-0.07561849292810674,-0.03411759280294848,0.006597260021691146,-0.007330085792367083,-0.07755110211859223,0.06322490272203232,0.005728308031336931,0.03666465061614259,0.06832791132962443,-0.003929121059731893,0.019603326661412575,-0.03704195288286196,0.043469237532694424,-0.009951348819135114,0.04469228502361623,0.030437822606359126,0.053563096688087584,0.06093348920185515,-0.027840315898076968,0.002834170318420357,-0.014358647759892186,0.014609537567963005,-0.01628223483614823,0.03038472261840498,0.012612727963635561,0.04903728287855091,-0.0017631447727472903,0.010810900103701298,0.004183917349075168,0.007184725000257333,0.0032597292670878126,0.0038119473245372022,-0.027827041690253154,0.020227920331282796,-0.006287116757807369,-0.01301573138945399,-0.004075147813036957,0.04417194733532223,-0.008141129191345272,-0.02596794537185209,0.017128034846875362,-0.009842776475112962,0.026201801790591374,-0.014880750389015922,0.013059207027161419,0.010066711893988898,-0.016787141454298517,-0.03068509181307774,0.015244447214236399,0.005703987162463792,0.010278439508463745,0.0037332609083268664,-0.021811987396700715,-0.010534639135770197,-0.007550211040147719,-0.005990475797098093,0.018924018341734364,-0.0025060169814571606,-0.0026704666364359003,0.022377361105134413,0.002188095724594707,-0.009836497824239992,0.023975300693721547,-0.004996949170371006,5.372810476337812e-05,-0.04294459013848375,0.01294640367080913,0.027617205939977706,0.005486671815518484,-0.013139298214805839,-0.024875946062336486,-0.02196783504721061,-0.008403506676765466,-0.0008272337502186362,-0.0028685873055948924,0.019685038668439677,-0.007924631041222652,-0.01378098142485933,-0.023716845977367694,-0.010996255193889092,0.011166876410874785,0.008081655021681266,-0.022248132125345578,0.006708859023446478,-0.004918320928237202,-0.006586288986766196,-0.0049665229691418,0.0027635080662561764,0.019814596878193914,0.0214247629942867,0.000823134535228054,-0.011087583506627509,0.0009683110501366515,0.03268198641956047,-0.005842911976319127,-0.0018931793573675228,0.004192486368977301,sport
0.12194881982315527,-0.08204602285792355,-0.10182471731373771,0.6535478141592833,0.10344016893132686,0.05059930352044426,0.05326431073388304,-0.061761379000877845,0.04814963285338725,0.10091652686150347,0.04726661904956032,0.05211301081677466,-0.03179897963251036,-0.03807035078897822,0.01773591992658853,-0.06645510711509672,0.012368567555768603,-0.0284853666100072,-0.035156429678120674,-0.0051768282792799955,-0.03679725771131336,-0.04762171569456241,0.07238787600318332,0.0856515006368154,-0.011229145768756681,0.004918958571225745,-0.00786948208972661,-0.12242926985867533,0.007215592084731424,0.09470834395548955,-0.05245355007178477,0.026074961527603618,-0.001582548062054091,0.12664486330329183,-0.06291693289677751,-0.047632777314117136,-0.012278479868089926,-0.012840728400545013,-0.05273035918067139,-0.029532207280835544,-0.004266485251717603,-0.0040732757909207225,-0.028742409273007582,0.04932048158600113,-0.059229062904417096,-0.006799654142571527,-0.04553670032267811,-0.025092518725768568,-0.0020122713876534934,-0.026849365327570714,-0.02348996971888123,0.033487008364019945,0.024864196556776887,-0.1311996391301135,-0.0039410006797908235,0.03100611221780407,-0.034863731449017075,-0.04751251499218886,0.001351037222426581,0.004014979136842236,-0.026011362177827808,0.06868850986287048,-0.02785093166740597,0.006375185872459566,-0.0407856097759452,-0.05382648449092861,-0.03552748054632373,-0.027912758726819614,-0.03506426058905468,-0.0010531646124979418,-0.025033401478969142,-0.07213347631076543,0.059513266319064534,-0.016038421045016144,0.05485856679109959,0.07513139530330094,0.03580266132943504,0.02218675022840352,-0.011043014700512745,0.020146887483500537,-0.007441143486463383,0.057045972476123336,0.030910546737440307,4.9247391317304574e-05,0.07036899636971977,-0.04693350449036411,0.003757660726510936,-0.038807631728596116,-0.016036499392468012,0.030141443523018462,0.04965047269397503,0.018761651631481288,-0.006250942844329685,-0.0136902635339391,0.00859936555527388,-0.007626023385540736,0.007887038881865184,0.037189703531739136,0.004567799788793966,-0.04265644584357738,-0.016592783224030707,0.01624166220351303,-0.04032015734279427,0.03360060223752535,0.05839575982996488,0.0020801384455085507,0.013675769649695257,0.019334076203507786,0.0066809925162567676,0.022680732075313768,-0.03354868326679855,-0.008931974558390164,0.011517600288079825,-0.025234711175346643,-0.02590031342413831,-0.0024003381152224697,0.0015183666295142673,-0.004932055080905839,-0.012825036440625133,0.0009117231851987506,-0.007654983679376732,-0.02142954946057247,-0.025026029216600833,-0.03106602815478148,-0.012628968835671312,0.00438403174830022,-0.024251051520787062,0.02360675336276651,0.023586388117475238,-0.026228475774489026,-0.029179695589380123,-0.034745282820589765,0.026002253404284397,-0.03141894634938257,0.009391031507758734,-0.014231014054838988,0.00710345296220972,0.04110027621943774,0.0056783930815373675,-0.006356624027023192,-0.025903716455832816,-0.029416843261449947,-0.05220336060991101,0.0015185217352204827,-0.00904334167273874,0.010072750346379495,0.002836210693329244,0.006625619832984435,-0.041933640105929766,0.058914229366502736,-0.0008976866484736565,0.014092731688110385,-0.05501311566222779,-0.006360421551450547,0.0015115338521404747,-0.08979795995782312,-0.047072721618560846,0.016769772666489123,0.034621091311827536,-0.019440133797061696,-0.09100232351424128,0.037288373344524166,0.011722964798589836,-0.01577392701168018,sport
0.23346798757971104,-0.10999090155869078,-0.05974589929347939,0.48811205444357425,0.032278656385711875,0.04322395366911416,0.02636071594578431,-0.06862295536431447,0.04292668565135139,0.1008600607754412,0.01907542689274125,0.11893712522168914,-0.0627666589512724,-0.019174312065635194,0.009143855859420708,-0.06779838354984061,0.012696946960154639,0.004139898553746257,-0.03959231361982084,0.01962138371442502,0.029202262402795765,-0.006456085202848025,0.0022625263811793875,-0.021527457882490882,-0.011867930898784941,0.007560868556151233,0.024458986811981106,0.0890563687168056,0.05621106386699551,-0.06418666681488625,0.005043196180312851,-0.0036235026918740895,-0.00542203520138236,-0.017128467352535513,0.0657747485062667,0.12215271606528809,-0.06143234700721008,0.08096387216470133,0.04864412511464994,0.04332219140421415,0.13373313039112186,0.0727890650531527,0.061578310909579485,-0.013937799584183282,0.0544056243241095,0.01598055629475897,0.16576256349959814,-0.02869736133024651,-0.0003688719025992164,0.02075574789642148,0.08190924917658486,-0.06303178832499012,-0.061410251479044234,0.19796573729795372,0.0073311771131161045,0.0880040880698896,0.0417772406493293,0.05143910613153157,6.434184490675887e-05,0.05308437637350397,-0.0048192980760305435,-0.05250556436570032,-0.027718565017503912,0.12050962452451007,-0.019851095479105282,-0.015746123654647313,0.03421949592327216,0.002464850770622953,-0.05146985522852094,0.02254724997505074,-0.08134297862825118,-0.04020743458702258,-0.02512797743319305,-0.051243827866668666,0.06452116391877896,0.01744162090346615,-0.14442868512077714,0.03724981671271612,0.013834676307952029,-0.011799924714810983,0.02446724526013984,-0.016488810299853832,-0.0256399137057689,-0.04625412198093312,-0.08794628844397527,-0.0009308703319276604,-0.029849424399183436,-0.02484478385293418,-0.04615510770502627,0.05849533835693817,-0.09486086467146067,-0.0016056714315710447,-0.06130074923376884,-0.027340139745872124,0.013917199528047599,0.008853382903749958,0.035224162149757016,0.007188645888821489,-0.012287846730862995,0.029036788189327548,0.010105503283475644,-0.006279875452351704,0.0010446541339840345,-0.01323506387304707,0.043799814068237415,-0.014619262670251638,0.03993257325273577,-0.052171774342966784,-0.06929187587419987,0.028374384829188873,0.004523419548081911,-0.005624779480586939,0.02970582363380124,-0.025468222336585234,-0.028547430022455633,0.02072125634954858,-0.010881132985319265,-0.014581920561377132,0.0122125297853696,-0.026104303380088702,0.01227719424631753,-0.028828824646574998,-0.019397308789744154,0.015094302197140533,0.009700701919246468,-0.004898736786746479,0.005560767829024724,0.07640917583185444,-0.009221255232674658,-0.002799933604213764,-0.0548850477805955,-0.01557276473225788,0.05226178454849852,-0.017614555319992314,0.061435723989441346,0.004404471231072843,-0.016374030668890902,0.09608894064331988,0.04872784315548293,-0.032558983099212326,0.011256901054542998,-0.003116430888499349,-0.05536630780924776,-0.03212841776649337,-0.07868978360403985,0.013827703630711825,0.07108461086566623,0.020776490000375666,-0.11286919841905944,0.033446751737163286,-0.015845269751435388,-0.015301031382337836,-0.10448816040449017,-0.0017651310191032993,-0.014527264360204656,-0.16955867516951406,-0.10124830391130679,-0.03593837819999294,0.04683745421464677,0.03383524359103251,-0.085991402222667,-0.01641605519242308,0.04157280041444434,0.07969766546006346,sport
0.25215671510817067,-0.09793845556496475,-0.06769432198302533,0.6108891830711131,0.062264839736723886,0.03762023211528682,0.0244255712746843,-0.09440073314465065,0.062087066490602694,0.10863031785262761,0.031492046316738784,0.09958162162980679,-0.0276417778115434,-0.02688292244997738,-0.005262313283349339,-0.08369417537516381,-0.027258871010286925,-0.0139188681952924,0.009837549114166505,0.027210802422178115,0.014722260299038297,-0.009310392074523258,0.007606382527654857,-0.024307894053110915,-0.03668732696752196,0.02344870066837641,0.01421615050555206,0.09379403974570999,0.017714314076521843,-0.015818272416592238,0.03668325708691203,0.025945291380664398,-0.016066007000654754,-0.05072703190299309,0.058325943565552575,0.09632315965602975,-0.05568857752954501,0.06673941842926746,0.060998397920329704,0.00796459156985448,0.06869118743400295,0.05572167965860384,0.04043475637049392,-0.025769556038481033,0.06307728185528093,0.018110489991009705,0.061548609006833864,0.00969104009959249,-0.006703791080089183,0.012243074029689893,0.05876435692976401,-0.015882112611311054,-0.018924610828511868,0.12454013470711066,0.002566773572315731,0.020981168055243946,0.01507909195310736,0.07586958034099399,-0.0020251843814806207,0.029911764188827267,0.007023341963555734,-0.04619120624510763,-0.022468321498550964,0.06054305115222045,0.004383360277302461,0.006782901993319034,0.01558478237174651,0.020844103170535595,0.01691839145153116,0.006989811316817475,-0.014049109226883974,-0.009584930601122367,-0.027564652549422808,-0.04585121146226327,-0.00840241073351238,-0.011542648719104593,-0.05907498920784415,-0.005829709563720829,0.02282743747676824,-0.014652076932416928,0.00907998936630089,-0.02630907651457874,-0.016393796157647345,-0.04028479853556569,-0.0713065782353977,0.007833193662523963,-0.0016440197572047384,-0.015303339760814095,-0.038783126928193704,0.04040892620256058,-0.05017773800177807,0.0005757631171617286,-0.06762607398740024,-0.020112403703056104,-0.004373638220361123,0.011001990235580919,0.015802537064377266,0.01223806451540564,0.0110590712886674,0.01390572166260841,0.01150995827017253,0.005742347104873686,0.012947533098408258,2.1707052763058585e-05,-0.0025907683254625634,0.017245765439997784,0.0028079710608415924,-0.005809553077124747,-0.003829307052465269,-0.008069511805739274,0.0080139550126586,0.010964531091652952,-0.013027760819745063,0.0144840360494376,-0.021612068109973438,-0.0037977288780023702,-0.005423561120674093,-0.010714227483013176,0.025155049491894264,0.016331442723775538,0.02735111866632886,0.004701708738552244,0.014419781146123531,0.014174029586444748,-0.01423684966544495,0.02755497866463851,-0.0010919023044858127,-0.025749078658694975,-0.01230489039285482,-0.0882793977566895,0.005230991104810634,0.008229603279089085,0.014414111743238913,0.014723947986124206,-0.027757615900518593,-0.03310564450965052,0.048025961535698505,0.011132725744257459,-0.0008773874684748645,0.0486711590286612,0.01607373649593992,-0.07962703739439501,-0.019329676354695523,0.0036955633348209117,-0.026749556799738602,0.05181163887724869,0.026253006360386567,0.01573881933479266,0.048253336947078895,0.049092442379913774,0.06333389034148874,0.0409582744955657,0.06279827523227108,0.003982041037467572,-0.0037748917980790953,-0.007769125825483087,0.02340428049838554,0.021465211275388058,0.006240168804149252,0.017559044651932327,-0.025120701484882234,0.036995332578224085,-0.027133407190918515,-0.020031411403107772,sport
0.157749492653924,-0.08707252660595573,-0.07267880783102054,0.46281710246050933,0.04154364999287903,0.03502445789610203,0.03226160836992592,-0.05009462285826891,0.03970971238207869,0.06785163408212896,0.014597783040121994,0.05837844529247158,-0.00471874648182699,0.014228014477266872,-0.007908327010387343,-0.07482782988711818,0.012345750330431629,0.02709130076883889,-0.02010980331758787,0.0538136902680076,0.048907678848323956,0.06754499979923285,-0.0284503313149486,-0.04185677598967898,-0.04083078135019248,0.04177524677706485,0.0685692217241964,0.1425157399704237,0.04492224100875958,-0.12763272505009216,0.07643460585473238,0.03276773084773783,-0.010022164642363275,-0.045394609665572246,0.00575245666941232,0.08237363920208308,-0.0023720375390184566,0.037914406903923815,0.07992944516197452,-0.012784330517515942,-0.005509654912262427,-0.043631095358440744,0.040046864047001404,-0.03423664421449156,0.0566928636260214,0.06620608753659357,-0.13548231304120417,-0.026784559443821753,-0.031054763584625368,-0.005302997039650573,0.011151703464122774,0.05238509352417275,0.1272004414272698,-0.04148355861504921,0.20266188816770694,-0.1528985719924069,0.11688762190677364,-0.11882638162228239,0.025244389764147043,0.034696038470400495,0.09379205829321938,-0.036126714904222486,-0.03603045678917096,-0.004680700105928702,-0.03434597284938428,0.1526028122451453,0.032209423775897895,0.054104868836857244,0.03610976879383174,0.030552900532603473,0.06694236549551717,-0.03508612682561917,-0.037451458677914946,0.017444392312981758,-0.04363918966084288,-0.05946710079743505,0.05817786996958362,-0.030208114114761576,0.06955386787730866,-0.13745290067572596,-0.03040745978580256,0.07275942732702666,0.031007625462789803,0.008703517696764484,-0.06013939718176097,-0.10517551122031919,0.0654848008056086,-0.01135769093831339,-0.12111544546520937,0.021550388603262305,0.05912971848909921,-0.0018124022374942637,-0.1255651979932788,0.01251959834716073,0.06305518024842564,0.021530941837143623,0.07896241561754327,0.007534286459181741,-0.019124701343796378,-0.10471412931823973,-0.009246875014489897,-0.02024171739827742,-0.11696664763855888,0.0022242468568004986,0.013636786458298727,0.019254639582478146,0.02214104648318632,-0.06393953901692644,0.007348639687728713,-0.056793406655017066,0.07957201307303395,-0.00048798057597305365,0.008336003343627153,-0.04706537511491111,-0.027656330565798373,0.00806294980107745,0.057495229935758764,0.03227619198935464,-0.019684449537626575,0.0393587974922885,-0.06337055844537413,0.07032394321335508,0.04226799722725151,-0.0017618109202965078,0.04313801616773707,0.05524841084984989,-0.029002559219344956,-0.05020161855919722,0.08535514416884331,-0.04735789184438959,-0.014295108674187467,-0.10144911449352884,-0.02100342957718451,-0.012016175516526943,-0.02901772591122123,0.024246040029936883,-0.014462482401481324,-0.021730021969229248,-0.0023432714866531558,0.013786030687434636,0.0005376725306419913,0.10216265116714796,-0.03360851490051576,0.01806682964459242,-0.05106806780194482,-0.003476824650543869,-0.006635612560402798,-0.016769371252201154,-0.009045341036887325,-0.029167186842670764,0.023901604630055348,0.019005936542280878,-0.0708743792489119,-0.08184862655346971,-0.027342626146979007,-0.04081760209082524,-0.020726073351898095,0.06474928262785086,0.007414389266892701,-0.05073123416272745,0.008782712869512276,-0.015945021946760576,-0.024801537008610413,-0.036762210911124055,sport
0.11303507979270798,-0.08951624123348359,-0.09921018267165713,0.5443780108682201,0.1182438959287519,0.07744307173456447,0.0782696465810975,-0.03301270855981771,0.025325778281802883,0.05716650023827451,0.017482528986023406,0.08426569029309462,0.00976414371015173,-0.017407377233472503,0.012846200631586518,-0.03752154831323314,0.007811838156146254,0.0014991141808872474,0.004347595616295894,0.006508616648047125,0.02141710188985943,0.01917620442452756,-0.011174490029691588,-0.00022029119294647226,0.0774598956152103,-0.046525291210383346,-0.018960279915392522,0.14822483938520503,0.0010953915980659009,-0.012379457012375653,-0.0042620847684493165,-0.03453918319693816,0.06097324569521937,-0.07677784741496076,0.08042912751956194,0.09640675556334807,-0.04250505445081811,0.0522914746608661,0.038574661648213875,0.05214887729937091,0.03982744898948319,0.03983610787696076,-0.047312582364643606,-0.0362823943579709,0.07609052781267454,-0.03195714143275971,0.10960878074677867,0.005608397362429342,-0.019521669858348443,0.06776135080634083,0.02926391472394638,-0.0493123455105591,-0.04889403446434544,0.14948845017152276,-0.03665885142949072,0.00449854716900031,0.01881420442306015,0.0883382469917479,0.0036533948837303583,0.03389464504047465,0.03499011762031391,-0.08006137066461656,0.006182863579667061,0.02777426762819921,0.03582184254956654,0.015030572848414275,0.0361676875225525,0.019422265813528673,0.048980562253565875,0.010774806924488591,-0.001329893553091642,0.007652686249446654,-0.017900663102608162,-0.012718278402109925,-0.01038660355970805,-0.034983246462743645,-0.09533224115272743,-0.020661256402286745,0.050953013325198304,-0.004983275497339516,0.0031135057769068435,-0.10218852305020443,-0.03904335468689722,-0.039099404950476535,-0.07687918049086834,0.05090331918637634,0.014407103928128516,0.03667633241962677,0.039737705732202304,-0.0182359586055413,-0.06223948712383476,-0.041959998375631496,-0.011003750903832894,0.01973108807230842,-0.000776822305195817,9.700883074193843e-06,-0.0009525106932269285,0.03392632259630173,-0.003730416189339796,0.021171180541204697,0.023398741397802104,-0.03720971802165965,-0.015625448351882416,-0.014312009714269068,-0.06519285593776264,0.029558568135342213,0.011877620295425847,-0.016033100591898185,0.025780866780473307,-0.048665710548423786,0.017729494972088693,0.023939902998259564,-0.05905203722315571,0.06112237498598059,-0.02965460979952068,-0.03827468487367195,-0.012009533607454156,-0.016956534662961088,0.028538754508768416,0.1144627414674963,0.02539480551850771,0.04871532057154142,0.0907572424803404,0.007209948732018161,-0.012023656475179114,0.07975252002652254,0.06690092908443801,-0.07743351481082385,-0.04385228508146057,-0.10823483032150727,0.0708841798995829,0.007121912296363722,-0.05538679127232043,0.0453123050661985,-0.07696432988021155,-0.040728039168809,0.056856419137896616,-0.03685550632416296,-0.06824798858134273,0.07473588851402367,-0.010910351707528215,-0.07781071452060583,0.08975976485691993,-0.020609176866602037,0.08270073140536055,-0.005682235544468668,-0.06030274197191333,0.010490173330216127,0.14432322678490053,0.005593991336500088,0.02295425335110315,0.061408992826653054,0.16040066388711421,0.055878219721524146,0.09188472668553982,0.22992393157009958,0.09584514767556096,-0.010791757620128017,-0.02416573034690114,-0.008338331945820883,0.10309655855491308,-0.03362096422010696,0.002152352799959085,-0.04595930496837438,sport
-0.06256587728620008,0.028405677312121087,-0.004725981715424217,-0.03472234175500969,0.0629501872365202,-0.10194080083911168,-0.06007569543000113,-0.029365174022036256,0.025994447540763518,-0.014649202448998415,-0.014941012697184595,-0.10118638509341822,-0.037222651559576936,-0.025537363717493187,-0.018822314539463203,-0.13732972063423923,-0.11319188234938488,0.0026307183967453508,-0.10862770324816891,-0.027621817815500885,-0.032072944063289914,0.011998192244539945,-0.05607722282111552,-0.0013663922715082591,-0.011426462980763458,-0.1126684148091882,-0.001554676365770757,-0.15310961502068435,-0.1205789901629648,-0.06763123143660213,-0.13656615208208714,0.053790667151138345,0.1743195744329916,-0.0486584364719754,0.05038872750202479,-0.16822876812538923,0.19682113464553147,0.30386524016458955,0.27744235217788166,0.25305662743336327,0.05036474423279924,-0.09924424936695382,-0.025605440647837575,-0.005971016880912923,-0.0815974402767581,-0.1311894718746899,-0.07462290326511387,-0.16482046252024277,0.018786553259023935,0.051586311005111775,-0.016722248875170067,0.038790214050944564,0.0734920590025574,0.038140537536960444,-0.056833145261233495,-0.034806063730419966,0.10241670461804363,-0.025722477628424216,-0.04716059273988568,0.007910918909426275,0.0023025660672647986,-0.08754905143464715,0.024310419298972874,0.04002103180855307,-0.014398933313941972,-0.016173744876709528,-0.015205022854223363,-0.05536926041301635,-0.09184949537733889,-0.18614551811550034,-0.09200672940750168,0.08094000861069957,0.04888222424708667,-0.015896515563984463,-0.027547387273097267,0.011311898581272262,0.08216529030948046,-0.032242622751771616,0.07501215121660315,0.05220177187552368,0.02741850378382412,0.054002757088426834,-0.04450463213241649,-0.14853284334747305,-0.07955753907676416,0.009989892357113414,0.046749416604023125,-0.12536454030405825,-0.009438874968069437,-0.03062636777274613,0.041502181311171706,0.032243711056773615,0.11402474121393671,0.14330818446418858,0.11035241038076261,0.15141199430195687,0.1483017712173755,-0.0008052641907656205,0.05954897775294668,-0.004379657598813619,0.04233115583140515,0.10633894911265701,-0.02161267898889009,-0.022624133598361854,-0.10411180414433997,-0.012600216543145795,0.021870582755778332,-0.029475040620454158,0.08301250446276613,0.10331673478191956,0.03376764564297407,-0.005035254887831233,0.04671125760011126,-0.09737517239911911,-0.01875152619075895,0.05518616741976561,-0.06449333693203406,-0.07620229634857215,-0.04206457208292235,-0.10028687301996883,0.11420554575615666,-0.04652771312434496,0.03380187299292401,0.04312984950611789,-0.055414561815190055,-0.05849161507109002,0.0003093926432978248,-0.013304270862424574,-0.055375271061966574,-0.07280363954672729,0.07399566171009421,-0.028359821951999126,0.02828500941369169,-0.039711328084319104,-0.022750415531492946,0.00992022543093798,-0.03398254434068937,0.0031469792188134004,-0.01429252167957925,-0.02980893680439588,-0.025016977892742463,-0.017024456977590263,-0.003964028365860856,0.005469407325137095,0.028734450702467475,0.07491754072878232,0.020061729800163505,0.006963254446117916,0.016307959503230416,0.007770305424091088,0.03343452569828263,-0.0012502548840234357,0.00189225601913238,0.009795871069972662,0.01641214961049157,0.0007080875188934412,0.0023425200021446714,-0.016514936763379208,-0.02096925115931569,0.009379944440486319,0.02659873729697961,-0.019117450695945656,0.029691690577271723,0.09251218165407532,sport
0.016072104812964925,-0.018436473823319397,-0.0526990202918109,0.09304872089525534,0.07121592975137633,-0.017165248615324057,-0.027288422397136254,0.011150595033774696,0.017051106610313994,-0.1181511694039464,0.036727643645049546,-0.1799511704935555,0.2999115956120705,0.07255822845205062,0.011735574010808197,0.2263721406342979,-0.029264722706883833,0.0844394219695337,-0.15809839857249147,0.052222110949699974,0.06530995142844882,-0.06514912660613362,0.09233964819180439,0.05523692398417405,-0.07698851088756417,0.030942100365472843,-0.010175445878880487,0.032320092251390965,0.02106385420968469,0.13312341656233276,-0.05263623036690336,0.026376863767630047,-0.1820948320614555,0.13980996476266824,-0.07985954774223929,-0.05990693689277669,0.047355570865359145,-0.01819321865120232,0.014164919800659212,0.033522631253989826,0.008147207290328458,-0.1571622178511603,0.14080230499092802,-0.01102186862557461,0.02090135199922492,0.0169745442472949,0.13052035964994274,-0.02974729687812271,-0.012896331038262269,-0.03031136322833701,-0.059912947691690366,0.016918561912606468,-0.026841162624095995,-0.025085365779694547,-0.06612741589060621,-0.10380032359361342,0.07204221610064267,0.01408431574724972,-0.02193974040132456,0.030096659709568496,0.03441593554492225,-0.08025218577703179,0.002122193100043314,0.046952280298142864,0.054589329954709644,-0.03265132856266496,0.02452287246965301,-0.021117638340347286,0.056050211463497396,-0.037349829618974456,-0.03872771618605306,0.00606028324730377,-0.05995169232911728,-0.09355026317142441,-0.03318165013503567,-0.11895887377806552,0.004046023309454165,-0.00549591300797873,0.053077310885060194,0.008309981929002945,-0.006782008652546926,-0.018718979636331314,0.027492827704170945,-0.031194579525286883,-0.05770302716338551,0.008724616182199782,0.18145423364112734,0.04530037489032966,-0.00017251222703859487,-0.03846848067755505,0.0021971855527227087,-0.06498713717899751,-0.012558658393341577,-0.04694164134421459,0.09261597078340283,0.030772569899403635,-0.030307455053858276,0.08356976733591694,-0.09562620120194107,0.05058948480381865,-0.08457638060003346,-0.2091753687379956,0.15491737241448914,0.13522886833317696,0.03135425863706319,-0.11989009345257749,-0.07021324964538521,-0.07392642529141054,-0.07454288691564966,0.10474701409979995,-0.037702188216903576,0.06513848603458026,0.08490546250917759,0.0025614975323129574,0.049198632491374586,0.07820155309161966,0.09992534105724586,0.0671915698029713,0.037617401516244514,0.005687444719409523,0.11458376262903977,0.003048638356662771,0.16050435619948775,0.20235603334187602,-0.002867011112463087,-0.10484781749087839,-0.14790269145036572,-0.16855557300725635,0.020919035808089025,0.029342893321955082,-0.08456945711399973,-0.06272595527813082,-0.10026325488779944,0.053002754536127045,0.05074909743417204,-0.053630716724186366,0.014827441458965225,0.0344021226683582,0.05917001284636898,-0.007179027633986021,0.07623545467656051,-0.02183797681986666,0.014964206338719432,0.02097530676147391,-0.046369635394738165,-0.019102760060490304,0.014103566320028614,-0.013106875931105861,-0.023496585459405885,-0.026852135080867416,-0.05942350723871676,-0.0386580802289883,0.049914528738765916,0.03311226550132765,-0.024604428595996167,-0.004445939737504249,0.03193211560961312,0.002100052739561974,0.005477163688976956,0.03020841781223632,-0.014090816879263347,-0.002762784735340108,0.01389711769294111,0.0244630874049767,sport
-0.03446648508920728,-0.010897987520366484,-0.05314528956602261,-0.005323182176646104,0.05104565470153252,-0.009915595929590338,-0.013355398581724631,0.038389516363370166,-0.0022805372048160886,-0.1422985591136982,0.04600127951079563,-0.23107417253642998,0.27590356748811246,0.10415187845040443,0.029720327324663308,0.31922999793463397,-0.012978415708157696,0.057602989268792586,-0.17300678469733394,0.014701698182103444,0.019153009332115927,-0.02759376670379471,-0.029631215560438313,0.007772534818614665,-0.0477403273750974,-0.03915861096868596,0.02840591952844475,0.030592177608461703,-0.06791964234750966,0.05691082361112828,0.07249283122203516,-0.07827771377795803,0.07150210931216983,-0.05962850361178992,0.10470346699717262,-0.20558228734491696,-0.02422421772778722,0.0834637990926733,-0.0016435780335202987,0.02077498840516703,-0.0539281078427635,0.17018509440258892,-0.042806681783920976,-0.0007487845459733416,0.07049273811885291,0.14804470782889667,0.018567808002774844,-0.12027894611147574,0.13077414866142134,0.08386804631181238,0.13532330053041403,-0.019778889240370686,-0.03975153091778457,-0.019559591191404546,0.03756609430656254,0.035455297795490344,-0.012919617309530387,-0.08333508385097002,0.03488366400474477,0.0560178592835348,-0.05161052735881544,0.04998969465685842,-0.12538693748103258,-0.03613713484483644,-0.13501461086200514,-0.05311422037070117,-0.09260937574601821,-0.08615477494284005,0.01312940908661967,0.04587360198284754,0.05119385029711215,-0.108548351037473,0.027532672544826053,-0.12042464999895261,0.05714136118720512,0.0978904666141672,-0.07940982217600698,0.028040447610725293,0.0007848090125962682,0.010313151389702896,-0.02724250092318633,0.03382926830946772,0.01579518071766655,-0.005320193711680952,-0.06089309886928189,0.03363183973283805,0.009253720934857677,-0.0091724219060961,0.03330280942110211,-0.0069199254767056155,0.018165033872084135,-0.01301817319374174,-0.02249285035148229,0.007562170925891628,-0.017298614349536494,0.007117183920764792,0.06219453802337458,-0.02301482592310076,0.002277195196065102,-0.0476689545405644,-0.05882965847103784,0.01302405445304519,-0.05237415290367443,-0.08896972995997647,0.02774432410592557,0.06182505690495909,-0.04183009736920365,-0.06149508345270103,-0.06559533504472786,-0.05548454936681513,-0.05196269678264558,-0.029052081293025535,0.02653147275225867,-0.022420307772745507,-0.012926284351551333,-0.08861089357394622,-0.02102657039053091,0.019265523953705427,0.03210918143543023,-0.006159260153750302,-0.18667628652193266,0.047992867441818444,0.0706971132988459,-0.025273129711312566,-0.05365183274104475,0.16421200886974202,-0.02085484360817067,-0.21741626756011231,-0.08986590291815348,0.02263022837074541,0.07291146234712521,0.12868856496350342,0.10217056568074888,-0.017572257915749623,-0.042175300381214136,-0.06876395269351007,-0.018650860178173245,0.09101918807496158,0.046585191236399634,-0.0026674859502377815,-0.018804499255847134,-0.038382332715964584,0.09005843197852818,0.1298876761464074,0.13720789591143415,0.11200932153065683,0.0010824971036345994,-0.026074817952113086,0.0044189010999587655,0.04384702098868124,-0.04199154155097335,-0.07328570269919969,-0.0854573657559424,0.012442263669852275,-0.018363383237736095,-0.05911116234516016,-0.024324581098230155,0.01820152008591437,-0.038909268720767026,0.020638755228011008,0.030602986325085863,-0.0003825559886263864,0.012267422938094373,-0.0010673172371779087,sport
-0.04604956980796082,-0.028178879055827638,-0.03847693301987456,0.0883403329223232,0.005273143257744134,-0.009960713133255153,0.00033775293191816506,0.01965315980076241,-0.00998255220523667,-0.06541835082755776,-0.06495179387013923,-0.07340162949565682,-0.03452776939043566,-0.006348601473383131,0.032339322646296055,0.03977849354524282,0.012229191621456453,0.019984834457527748,0.042629779580932455,-0.06216168332828007,0.014150828946682681,0.06846997837954837,-0.05662047269627095,-0.10828094284330593,0.057708013922588904,-0.043142205868636915,-0.08111811868578328,0.013071368316186343,0.08308129240348383,0.06380145149959847,0.005248442496791172,0.048547651639664575,0.0008601025277676157,-0.11481322826976882,-0.03291587561869614,-0.041459275922768886,0.05659420467073322,-0.04414946449065681,-0.029567110900588344,-0.04759749652850561,-0.05075432055952084,-0.03634664796243731,0.11429126845232362,0.07090294390122046,-0.23676055274896238,-0.07396863191749016,-0.1229446579935042,0.16291208985129302,0.024603851558603482,-0.17479626734989712,-0.2056103771672064,0.010973497022667911,-0.04788980065549864,0.2103809158326491,-0.07991144441691204,0.06132885692644238,-0.06256440052173382,-0.15722828083786453,-0.11581530032778127,0.15126548052579197,-0.03465331427535752,0.12210595508593182,-0.021040750580361877,0.05044093367923468,-0.0772017040955624,0.13102455718404027,-0.025529576895123147,0.09483914148745018,-0.03073575473608497,-0.04183768789039493,-0.1876441253043417,-0.11544749792882938,-0.19029262949327638,0.0064338146217350995,-0.1737482812789384,0.07286550455894676,0.011233984809206735,0.2628871339505953,0.08138619552302512,0.00039417708102578683,0.17505584843945596,-0.13888449157980176,-0.0780089379290818,0.15694574862296762,-0.01001471204898306,-0.08497611640610858,0.013762984889557912,0.02991515684538144,-0.01760539373648436,0.04723757668950693,-0.024275608432987532,-0.09048544341248957,-0.0737572920382305,0.0316383360393703,0.09207539462853227,-0.04786562606366006,0.10012289561677988,-0.037668858420897754,-0.104817556224203,0.02571831145198697,-0.08510848729182925,0.11322151899178645,0.0035331109180598784,-0.07000520798620859,0.06599744027234526,-0.030831852464559238,-0.06465883832036431,-0.04389057201088668,0.11500567068743456,0.003789933538335445,0.07602006030433356,-0.09441567297002092,-0.04060626386120706,0.04701164247003195,0.044930490216055795,-0.031545792625406355,-0.10488075695334738,0.11641976740926677,0.10577379671787702,-0.08100944933903897,0.02647750574543198,0.042646802715967644,0.06548833803013075,-0.028569353272912643,-0.06538218909161583,-0.0042884906626443325,-0.04068445807054993,-0.03437954095797092,0.010713949049524687,0.01746534217490037,0.031215221234675534,0.022696765206670643,0.022951145241720525,-0.03738058598740884,0.005352403748089278,-0.00255294026217652,-0.009019921736498406,-0.005046104765540421,-0.0224643686703566,0.002298047465222517,0.0208035021963501,-0.0002877410079542489,0.01831255639519661,0.03773896689172709,0.012481583794588748,0.000786992801894028,0.0025525161291304935,-1.0619211224484805e-05,-0.0039666295784311694,-0.0015277928952605287,0.0006462229557736837,0.0049512785192908785,0.005032087446171874,0.013557756960420015,-0.01709451661202358,0.02380097678005176,-0.013431476958988855,-0.010405840469611556,0.004968634206154908,0.014973420771548401,0.000782657719710403,0.0012776215411290147,0.014593213374808416,-0.00528189745802569,sport
0.03540661019428394,-0.029449262039131546,-0.04983162592486164,0.09205056174655199,0.08432895809861221,0.0007723051219361134,-0.009095230214193407,0.01602167418006511,-0.013859324217878444,-0.09329353528403594,-0.0005435489285060203,-0.10563046955217588,0.13982186061481006,0.05163840254158318,-0.020030448092997904,0.09860097226608379,-0.10187129276987238,0.003757964744136551,-0.004370115675444441,-0.01769994941049166,0.0026201883087850894,0.09970834923725826,-0.08139838111325004,-0.05248649368962373,0.05825669469334847,-0.08006974497920677,0.00456574510753489,0.09402011236412995,-0.04201161470948272,-0.011900573406169698,0.1349661076569197,-0.12824532497145336,0.12139172283331642,-0.11000802352336278,0.15323218362205798,-0.24920784262991205,-0.0063308467586950775,0.13251863933280275,-0.06837088432092246,-0.06172916913542355,-0.12154874764149041,0.20869246977003342,-0.12185370585061854,-0.002319869779162637,0.057121997499436354,0.12261955277911714,-0.11792135889087207,-0.022238780281908843,0.11484101743055596,-0.13913891321873692,0.00274120316127578,0.04231209657928458,-0.0208553081273207,-0.004283628732071564,0.03991473597314507,0.0008360009200903361,-0.10172389298745174,-0.08249715891486133,0.03247484445778323,0.106070876930634,0.05118766690061352,0.006371178448103224,-0.1769204840671399,-0.0031981791878504767,-0.058227607713228345,0.08354411636173557,-0.08896831076042196,-0.023954916529189275,0.015025318813161338,0.030495899810765736,-0.00744103571218676,-0.07222960368229116,0.02403334523970868,-0.0993475149597951,0.0974307628092834,-0.006057863481659331,-0.059585377193459875,0.03256155575573917,0.08476610143006016,0.020181120463465492,-0.05754572683947125,-0.13306912066459772,-0.0702713654992445,0.0911917130860283,-0.08061485866382799,0.1397243910455783,0.06331954696846961,-0.15407513856688998,0.08156687195963835,-0.1227773062555545,0.03177849807928177,-0.004755327599779348,0.07536800236671985,-0.04020862156340018,-0.11895160586130145,0.021781807943534837,0.025277872769832718,-0.06022347056345764,0.1359276855800884,0.021729343573422592,-0.02568426726344889,-0.14244793539843606,0.02977395070101368,0.07168351221516077,0.014667056196253237,-0.07129258240796114,-0.04227646502266943,-0.0012734630244873397,0.011666071780511008,0.07149126720751484,-0.017342041537342163,-0.058243994793163084,0.030502539867128583,0.023962279754990407,-0.050070041384889914,-0.05533657823047496,-0.038940611259365314,-0.033558288928129607,-0.041990991066214074,-0.003739196476468991,0.13830636930809415,-0.00598811647593538,-0.12413085165980925,-0.026913864568084082,0.04958334732376257,-0.08980918273953743,0.06646424690368308,0.1536634085171026,0.09312592423697236,-0.02398559694957636,-0.11468966041678566,-0.11728327384130341,-0.13373665701397067,-0.016556582818303463,0.03793468039979745,0.05030598066454077,0.02237481372652937,-0.058502388277169734,-0.010401795588917956,0.0314260392654105,0.02167453560147468,0.0318351657240191,-0.08649334468395818,-0.06637915113077085,-0.10209577031657126,-0.017967781864583872,-0.0136996230129903,0.0349576775788341,0.00268864835075603,-0.05004891093658567,-0.030428255226737495,0.01944903656152383,0.04906682633152976,0.005976148660516969,-0.002924072379609516,0.025634040331624412,0.022235643145864285,0.015364844989681265,0.030520800703111726,0.002870452648158943,-0.005619065964839313,-0.01279109632053823,0.02265994653928106,0.013142605646351616,sport
0.017836659425128746,-0.021151172541966003,-0.025645174621716876,-0.013114459895693025,0.02276919685243118,-0.032883462013766976,-0.018540491259042023,0.015908028645690846,0.00539025679770794,-0.054955045814067155,-0.0161251688430117,-0.1106735177617553,0.07073110790774582,0.020793438244642134,-0.027667755773654792,0.04317249710629398,0.09053968596391536,0.0051476643657109595,0.09977801839394365,-0.00011606267079267098,-0.07617786219878363,0.011986682544151502,-0.030893751069371297,-0.0326824076963362,0.07565060980005264,-0.009264766009961038,-0.026112260179786177,0.040363033126434605,0.017296743095975873,-0.0954229726842239,-0.06753259633001361,0.05559320190831177,0.01778589018707616,0.1053648025127309,-0.10436879578280488,0.17809308725653503,-0.029042002866537187,-0.008125432299354913,-0.05569790292652459,0.11896774370039138,-0.05346297365402761,-0.004082802369461856,0.16383052619823027,0.018083444086515764,-0.10440736747404625,-0.0030642662153624878,-0.05402807889619538,0.2510651189716556,0.08755347961678056,-0.05368826590549261,-0.08328435551099055,0.14601839912777667,0.1482891700178319,0.04401778794975213,-0.24853049454275003,-0.19142598228591073,0.05239222075944417,-0.20548707319870982,0.12756777334276775,0.09925374672265884,-0.014256777538545953,-0.14184590640328945,0.05165024770280708,-0.09535680635832808,-0.04847744948988564,-0.06679114384759526,-0.2509244949817853,-0.04104661186872112,0.07190066260025343,-0.03401491046436118,0.16136568268010762,-0.10120012330645464,0.15303907938135566,-0.08852834935647609,0.061881374006047776,0.0009153317208674527,-0.07471200585456712,-0.05954533452358204,0.03927722935651839,-0.07234505952543639,0.05012331244315929,-0.0660258604694709,0.002898941554382014,-0.20718467141146743,-0.0814134415507047,0.041477198035829936,-0.011977047232780348,-0.16219979202201756,-0.0016660696873271484,0.07060436178516631,-0.1784765789976015,0.1436599356216813,0.008031057212767732,0.04861768193725435,-0.026367304757420783,0.015379313249478574,-0.1951181002266656,-0.006632955987151425,-0.020840498611464493,0.05127382303977129,0.026510897007101415,0.11616292882929481,0.12765170118598348,-0.09141837938706303,-0.00769928356709735,-0.022344825476565213,-0.09348762729126293,-0.07822837376453035,-0.08089426550000482,-0.0888192151494249,-0.02507254525289686,-0.027841370342123938,-0.018971676260055293,-0.04008248331339419,0.01824310929523928,0.03285396342509082,0.03224102339124681,-0.01237848767943104,0.05361238089567335,0.06069988356394037,-0.057216094109022585,-0.010266053719737293,-0.00840137777103693,-0.017999205025997844,-0.005765836747099579,0.01214217021450103,0.07658961544643336,0.05091986380346554,0.02102657822139538,-0.044879916631105944,-0.0009126967516515812,-0.008301062564574815,0.017925607531884772,-0.015032422767792562,0.0028778237395579963,0.03290989670835638,-0.0031348849455067286,0.01641466048269705,-0.0011313229753518385,-0.00019742301568890692,0.01799122976499135,0.006001048271463932,-0.032222735736743814,-0.0032983272106869954,0.009991656855265103,-0.0058888408787067265,-0.0009242881868126066,0.004283988187653654,0.000526735536052288,-0.012655124358137598,-0.005628286011327741,-0.012901105151664758,-0.0010440297814369366,-0.0018560041173942418,-0.010986549352445602,-0.0009746318600199459,0.011881409036049437,-0.005839077865697135,-0.0018056936380880918,-0.009260426380331071,-0.011153456412985053,0.0010839404599623176,-0.010161377735267593,0.0028698305443134674,sport
-0.04498638580728416,-0.029973944662117908,-0.037800621960045896,0.03233488845146966,-0.009552755679520365,-0.024678522305046316,-0.022683580077230578,0.057111192828111106,-0.03554106542961526,-0.048546077423487675,-0.04005826988134923,-0.05698170946905576,-0.04578241919346905,0.036045880908542646,0.011875655454150546,0.0434889310517318,0.01204676057199434,0.024514188540746214,-0.011189941169921962,0.01692311474632915,0.028844891887786647,0.016692536744517494,-0.04107941098156251,-0.07904526096196156,0.04820398685143042,-0.030220864939922727,0.005816068743708648,-0.006622316264449044,-0.0179528997169114,-0.09055430944719878,-0.015423096131109922,-0.058758002848625084,0.09325816999483291,-0.08931097656863565,-0.03604463319303766,-0.09796640029467538,0.09379894926538276,-0.10031861863633966,0.08654781020624618,-0.08937906790184036,-0.07507202604641224,-0.005198139293472885,0.02968688842132336,-0.011432905609120615,0.07381564333474756,0.02307843269984254,0.04878210420464393,0.12986057524315547,-0.11356745375694703,-0.13504011840476624,-0.03965090276869981,-0.018391441335056838,0.03823431808189592,0.17011855410508808,-0.13559950797862771,-0.123309523391007,-0.2078974536366186,-0.07540664329657475,-0.06435328650789784,0.03355842806812181,0.23591323826435923,-0.09762985332764826,0.10183589316416806,-0.20385824842063244,-0.137430774956002,-0.10432412818185138,0.4643386758134343,-0.04778420724816696,-0.10712850085857219,0.24890778559389928,-0.20830619021994679,-0.04495127637703925,0.24635842232358487,0.04923570580573176,0.07154051959350638,0.13081913838141324,0.09267151333482287,-0.13932060914961036,-0.178849866767047,-0.019507311294913864,-0.0325593531001402,0.029874772007393316,-0.02327173656558827,0.017627477956699843,0.018338147494448627,0.025750600722829746,0.13383223192221871,-0.04353074965892932,-0.01668218308229494,0.07302605882157201,-0.0755009069204332,0.03115085973386655,0.015638222361039227,-0.07516650596840362,0.052824011167827825,0.0468038885853977,0.03169673266531044,0.020401860641837414,0.0056287057601500995,-0.05336293316006425,-0.025164724874677444,-0.029192166263316742,-0.011891055059028493,0.011546182270511683,-0.0004522823576785167,0.04597007792449128,-0.003083394592298076,0.014303425450902364,-0.019394984896819165,0.018694782506767735,0.009933201775112284,0.0012969463799710858,0.02545050543626423,-0.034178561747542274,0.0009278270558111022,-0.030595717612864542,0.021469869299817673,-0.024417131782551164,0.026008900881080717,0.016381506707737005,-0.0063770588831112696,0.014034044337786936,0.01163011115991597,0.02289159933017677,-0.020691225098865836,0.01455145419541899,0.003901681330293533,-0.008481271474843323,-0.0100715200076289,0.01620115649584879,0.015642827007650403,0.011653969481501651,0.010372452051971008,-0.005113940284845736,0.00015682635885624658,-0.004514062856885184,-0.0011302928145146883,0.024897637862561987,0.007500791152675874,-0.0012898136203715156,0.003998425296457621,-0.00020565731834466908,0.004010979816909642,-0.000491958836051172,0.00480010010045478,-0.01159677869135054,-0.0008958306540757766,0.0037707105332293717,0.0006499063373428236,0.009528759058138233,0.0025258227915004694,0.0093857314100218,0.015146285202263248,-0.01301847219029052,-0.012159291043381123,-0.008076828932697545,-0.006866057795053463,0.0015973189322547926,0.003039794335177624,0.002613872669563626,0.002446279940466019,-0.0006542142279138944,-0.0025409539025506647,0.011155247481442318,sport
-0.014668641536037043,-0.008629491383299472,-0.056518565995924024,0.026074668809649044,0.08470349859359326,0.01508907465085013,-0.019612224046586565,0.014993039382836793,0.023669521323972535,-0.13791419290579662,0.03517181351522807,-0.17116410731871143,0.31209647100603566,0.06460051319463189,0.03126332001669341,0.2716693158852777,-0.019182900105084097,0.043404702496497805,-0.17628859067405853,0.01791235582525467,0.10375678608290556,-0.06899338013710538,0.0837810932299421,0.09190128467194458,0.0066925622631741856,0.0009687484272455823,-0.05309109138757386,0.005158970512547397,0.014864995427751633,0.1492470774465823,-0.042626947841191885,0.026855909173473046,-0.22623531333961824,0.09195719427465684,-0.04773497683321194,-0.08429579460249025,0.07897045114500072,0.012570561263316501,0.07254362553489878,0.019560962986704584,0.06163280342996776,-0.1457243834198702,0.0961558165879776,-0.026210049365851418,0.07173165623551088,0.017636449209814362,0.16211024648327044,-0.06286059641205341,0.014922371071417896,-0.0033878486660774377,-0.009186065442832023,0.06943196001033855,-0.05037400704657908,-0.027428633981035545,-0.039209983224695814,-0.003204574314515489,0.04534429500704917,-0.01853806749079236,-0.07371589134950962,-0.0034791966164409173,0.0017164025804298959,-0.10874953991700503,0.03159699057296797,0.036407908497880795,0.003877960176507352,-0.03059259854187838,0.08438142442265822,0.03617826455787225,0.0007991288681329358,0.008649311218556424,-0.003165022171997627,-0.0420793104152634,-0.06473519685467577,-0.04090266463159785,-0.045200079229723744,-0.08739149380873107,0.011330366328415208,-0.008442776015839051,0.0549106290005456,-0.030542948498724208,-0.005124402808971958,0.08155375243854401,-0.016241027918385376,-0.04591444025425152,-0.012181024114326797,-0.025825093043150848,0.014440809182304849,0.009358572154589195,0.005125181152394728,0.0495544258524329,0.08073417546010268,0.017646495779079393,-0.10869610534507505,-0.0549286020633936,0.01765622120239825,0.061635823517112706,-0.024155519151996763,-0.04109941600993607,-0.08023271290345546,-0.10422950961074294,-0.06998457062763824,-0.0894670680624238,0.03775256247824225,0.0725737514836686,0.06973334947779473,0.06413369590572317,-0.024575712474086416,-0.018029828958607625,0.0994227670124718,-0.01972439531966155,-0.028812059168887162,-0.10022325290309711,-0.11565282192529779,-0.041635582609829906,0.06337185163642209,-0.029651897194351403,-0.13754984098681505,0.04334596646724301,-0.03952961444244474,0.017526986315015248,-0.039069057600066084,-0.03833845766327052,-0.18379914732058614,-0.15368808014337057,0.0520663954845082,0.03519149871476972,0.10899758730956868,0.2723929505951665,-0.044856849227971694,-0.06537539255833025,0.1604107455666605,0.061288493878412925,0.10721091041966979,-0.04100837010007148,-0.06540930111278634,0.08614591114869204,0.002908793556132136,-0.10866872374397996,-0.08516900624562118,-0.009752796688461391,-0.04545464405643615,0.025806500473307667,-0.044093430680305815,-0.036202292603410555,-0.02888678662105291,-0.020878729326464278,-0.004003207729487881,0.010115230727682974,0.026486411310564135,0.04411677386837724,0.08633307420657423,0.08362149099732333,-0.005741843661574418,-0.03503156807059966,0.042999044657412056,0.012186993093004262,0.0029664064421947175,0.003984621842939115,-0.0058619930907586,-0.02352438543195415,0.02163577124300586,0.020333325242887244,-0.022206557283930554,-0.0033162965579658517,sport
0.040706624674722636,-0.0522558938910509,-0.06190884028583819,0.12218524350973292,0.07083130243022084,-0.015941025415982524,0.004186348520678675,0.001929972113612063,0.012470170626830838,-0.11743719085366947,0.035949456055834536,-0.12446653390504553,0.26268960102944605,0.05042209794168005,0.02968485563561073,0.21969872227086246,-0.0168680453199674,0.07262177902754674,-0.06524293330833043,0.05492449939816182,0.09298433244314694,-0.033146282006194586,0.047188558061521786,0.024273074911574734,-0.02202830705307982,0.007722613139383298,-0.007922358806114735,0.030018479744528426,0.023601338019255857,0.04608133211578154,-0.10335795027205133,-0.015013569473409651,-0.2741925589142885,0.07534475166884552,-0.02897562094086869,-0.013802275550827022,0.07421866267612993,-0.022281165680280327,0.09113576871369906,0.04562231416007249,0.020531508153440986,-0.17203127109208352,0.06679772205231371,-0.017362925727034496,0.059585001059863044,0.0009722866697178577,0.023043814633251867,0.045506149412679886,-0.010262667886776706,-0.030251276586342277,-0.11561746829945267,-0.004849988379368022,0.010538062295967895,-0.009945832540696871,-0.024052386321035346,-0.07582774368094802,-0.01919449598506457,0.06289398348936602,-0.03437679082750452,0.014975474441016174,-0.0026722941397967835,0.02625223388535966,0.039830577313094494,-0.0029641703017809344,-0.02213002393990692,0.03262025708251668,-0.06051446955237347,-0.00832711267627325,0.00030903674840487486,-0.01820659417571966,-0.06126273550336721,0.04854681090264902,0.03672210422273938,0.12835392754140482,-0.05258156752342655,0.012005391802730764,-0.02519048482412861,0.03911249048306815,-0.04970078511504248,-0.019999400615895786,-0.016196333095668182,-0.03073194258358962,-0.03361039582215289,0.09073950091813772,0.03870832861277712,0.06953916006358775,-0.1466413640305631,0.0016242747502475743,0.030588327171736734,0.06798261296895852,-0.11417794248591578,0.12536731447609728,0.03512853227145959,0.08191936833504797,0.006502933102406199,-0.1716421075715999,0.06163442931060131,0.014666768332710781,0.17099222112895357,0.06092866503399029,0.07993758651143779,0.05414882681466966,-0.12271819169162958,-0.061153694709590596,-0.04701319606783698,-0.042563613495248696,0.14756209049477206,0.05743505154158709,-0.049998634320970375,-0.09992923186690057,0.0992082400355603,0.17171538807748488,-0.032072362397609584,0.05600939507673021,-0.1087095799427467,-0.1410540804736335,-0.03682127326714739,-0.19760393197232223,-0.1813080909823194,-0.09590913991708938,0.11056313206717368,0.09060217951826341,0.03875722378505687,-0.1576607680572957,-0.05916043363862181,0.09535924002279594,0.01871215901693398,0.004229702579569222,0.028650780995542365,0.030598580247152563,-0.11908528914435088,-0.07290163459513971,-0.11249146820683924,-0.051051193362403276,0.06892492630414888,-0.020896587912242748,0.019828973192732254,0.058634496862730964,-0.004372356636766044,0.00552832098014289,-0.0021470343231212016,0.0036370169215824036,0.02118636859758981,0.03357857075550174,0.0512977311212938,0.038049675087263375,-0.03142658174745205,0.004557479447353315,-0.01905425964205239,-0.058905043054267005,-0.030455499567880184,0.045608496983712846,-0.041304435454651386,0.03029511960463014,0.013810276898103064,-0.018129893480990842,-0.010273437958394402,0.004424408810251766,-0.03928400745825262,-0.04135054529451121,-0.008622733738360353,0.0005582549483414146,-0.011014835937138607,-0.009250599878553463,sport
-0.09409572435752236,-0.03146625223595516,-0.06096738875976232,-0.00035321262363186755,-0.062122877882034064,-0.06313869121302462,-0.05047055989784174,0.09246937419384665,-0.10500427608418562,0.00819385122373941,-0.0766774425540891,-0.013786548907140731,-0.07024743540790372,-0.0025621981375619023,-0.03229006480985918,0.0515730120156227,-0.03721083348007656,-0.06918212361385608,0.04379284441290394,-0.004609518558151745,-0.022976089193074426,-0.0040907155477878775,-0.09644771519436703,-0.0055346417716137805,-0.028638446363873967,0.04169626831608256,0.008244887553701221,0.09814846250948533,0.04617844045240293,-0.04922229278126073,-0.12912642699920546,-0.006567459501898923,-0.11400950789603755,0.03513001737140647,-0.1394602216928602,0.13210556380526958,0.06784722684827413,0.10505023064308075,0.12745974103961027,-0.04328645720957973,-0.09034529674829443,0.03451951779270802,-0.21572705613402976,-0.1755228508044296,0.07529883875417535,-0.04372211652174861,0.03057015157854916,0.15814269549564514,0.13268856732960962,0.0836803904716034,0.09937701184977936,0.011211090792538824,-0.12016288433666406,-0.14345275843085695,-0.14563822727735284,-0.06302578127796908,0.042326367442530315,-0.12753508794047597,-0.0061002063066852566,0.008397334280775876,-0.10941373837842022,0.0968902210195311,-0.3034625225518121,-0.15697779120886557,-0.012358119711917753,0.012830208492922499,0.1339138919991807,-0.09867527984544859,0.04265175460978964,-0.14251978948164706,-0.010841740842759507,-0.08368248247804883,-0.08570728831873349,0.008164773101190393,0.00950337347716516,-0.03279777479079386,-0.08147226142421285,-0.07146327458983508,0.0010472480873213864,0.0420944813490234,0.06827072246063486,0.012686950474567714,-0.05224170561874911,-0.05875182680328629,0.10691539236905258,-0.1420953319374343,-0.0022288364368775494,0.05650271151706489,0.06289698702809014,0.03233942854395731,-0.19108930522641498,-0.1326666334365607,0.0945087914520011,0.0212746657770681,0.05494847246550431,-0.016639996354707472,0.13427205123333052,-0.18106769488006177,-0.03662742441337211,0.058068019309155644,-0.04603834655466086,-0.019226950454805627,-0.041112661615833865,0.18116244036750095,0.002931953919712318,0.15168225404019006,0.13604223628550777,0.07753930910916916,-0.06837361764546435,-0.12290696614631541,0.03389223339708435,-0.05789702362335554,0.07450814856664945,0.03284428206582039,0.024052025865863632,0.0926028270986388,-0.08836114830627936,-0.022613916956980628,0.014514386399570367,0.06793130396881147,0.05136892159589756,-0.007387206231582218,0.0528627890231451,0.009516285997794919,0.06413971362705093,-0.0597925869909936,0.013792906638804983,0.016776653128445708,-0.021856914661819354,0.023600235874638876,-0.0032393379887074854,-0.019253607249770772,0.00172426055203888,0.008452894077763786,-0.011270020450970027,-0.025878863301616754,0.011666784409291538,-0.005119305177304749,0.030019884524721954,0.00555511119830283,-0.016175655492732095,0.01807161453212743,-0.02372364314457378,0.0014746993248931802,0.00918715535618617,-0.008878545604777473,-0.00031222471064854196,0.042611521028625386,-0.017868105379821093,0.027925693854895735,0.006047060698675897,-0.015500599737689014,0.013393528806463011,-0.01356723860003714,-0.003617446799870651,-0.003470083290880443,-0.007724076958176215,0.009629729123175796,0.007746693514324309,-0.007572445330414232,-0.006875882228244009,0.009598117493852554,-0.012533858990340317,0.005092759781018261,finance
-0.24675110998354483,-0.10372652298127699,0.4680003499413491,0.03593262463432858,0.022405233803580945,0.008571283655504077,0.03273019046388456,-0.007367342734447592,0.05612299574228832,0.0427863077557637,0.015959509662138608,0.00049113427723084,0.009064442927286634,-0.039662183111916306,-0.031174656589589837,-0.006157479392821273,-0.017536665449490504,0.14110599670486715,0.0010128704656046277,0.02712164949722717,-0.3920148020182889,0.076095202124236,0.0135136840179165,-0.14754333523403676,-0.000619753029726002,0.04297081783642868,0.009460293217399253,0.09501875010919773,0.027929959908645757,0.03338390084524519,-0.018118749210006724,0.0247145383417836,-0.011983704710493247,0.10578935568316028,0.044139327705253625,0.0011518888243535117,0.028021624230107664,0.05004954810719953,-0.001467098659177845,-0.06178735357982767,-0.10041698709446896,-0.11321140642728422,-0.005061148373628895,0.09764331790890739,0.015212293759899456,0.03305017675000876,0.07927254341299604,-0.07750134794894212,0.12381775230479662,-0.01455044097223469,-0.0591805231933254,0.0018507357004284688,-0.14409940108168137,0.0008940243520550679,0.04492356619056664,0.007302418517017295,0.0399022048352735,0.020415214862087215,-0.07989347581758359,-0.06219546757896085,0.003100761552610383,-0.026552417785490334,0.01115333993561625,0.00581062006370949,0.00011284984349863447,0.0031799798417129575,0.006135582475574903,-0.0014855774643709443,-0.07864818759560872,0.08207140805646246,0.020477213269835114,-0.05488935180169973,0.06495509732902374,0.04770488492712055,-0.04999898280050117,-0.00021157757783976514,-0.007809569285665554,-0.06427558632732903,0.05722624997585958,-0.07091685302510402,0.0332532061181806,-0.017301706973532123,-0.02237684570401615,-0.01956785253003025,0.005829251158963121,0.006606173555430998,-0.06723733836580911,0.005012523003710196,-0.05291994492866923,-0.03396787294990415,-0.04547625795013917,0.006073135176244299,0.006325039523409891,0.02646580688783606,-0.05289457484857883,-0.07641045341304585,0.007325267085000865,-0.011053648805751411,0.004046315616288785,-0.09404318377819554,-0.05064902334911021,0.05929738530939817,-0.03639475076325893,-0.04360188230065283,0.01655602630996091,0.042684268691439785,-0.05718706444391983,-0.01690013329390574,-0.010921555562083173,0.05974380684644669,-0.08524178597142444,0.03184644599903135,0.09425102724334637,0.0007438695741554662,0.07223558792556119,0.0008208535155060244,-0.0361008670006265,-0.012235004846921787,-0.032947816047472406,0.09459817301496394,0.011119874487000697,-0.006162433226190372,0.07077691860124309,-0.0313450971362876,0.024084591483827817,-0.014745016687959136,0.012909727090916976,-0.012396914188443764,-0.03503171320828296,-0.0019895521956662227,-0.02141856207766843,-0.0038308884024719977,-0.0021405694601956057,-0.03483504275241466,-0.004138085341827978,0.05511800424394749,0.019931301043610364,-0.028566251848508296,0.04644686891466878,0.04986375631975142,-0.13858163062104403,-0.04515839774968565,0.006559492099028252,0.009694651910679303,-0.10036696402427232,0.00241419582562947,0.10297812243265843,0.012611889684528033,0.0016967802044725233,-0.11231884358283978,0.023940536634531016,-0.08139920297705541,0.006615323595517826,0.0028910225523843284,-0.013624927349499863,0.0571495634485761,-0.06732961786189372,-0.01942780821277686,-0.0852526405997245,-0.01875915693930398,-0.02245610582400427,-0.029466260561163242,0.014598859713182295,0.01819241934739228,finance
-0.1111901799251736,-0.08167390750877246,-0.09418264034632606,-0.03438517475829225,-0.08192116388511443,0.08566248137820424,-0.025710013042443376,0.022438072231437296,-0.15203252979904622,-0.4207401793738527,-0.2728298431533135,0.36081079036640723,0.27056249300447466,-0.3580783774954197,0.12020949943124605,-0.22237562156862678,0.12129022532376509,0.04801384977982864,-0.04276672437184864,-0.07375126014862698,-0.055499569557710016,-0.01866669059082002,0.0073126381430255434,0.15165252312416352,-0.06754121203639128,0.11076780700327638,-0.005901433640424529,-0.10599313357019174,-0.102448459451879,-0.10072806247913126,0.13601922426084273,-0.022867109078373127,-0.002776336199756799,0.04226907904979441,0.008035049760583477,-0.01768610787736533,0.08638341843961113,0.03453413790865236,-0.03408439748029921,-0.02191297611966915,-0.020593809013087414,0.010549279161357263,0.014322207687282318,-0.07949612679926223,0.04764638476597414,0.04819143797699604,0.04900092777783509,-0.046646377126404,-0.015740789301321348,0.01468694882517509,-0.06611812225691799,-0.0712195491387681,0.0023048378405968206,-0.012659055894959727,-0.08987299197241404,-0.03577425629223366,-0.0466260093352608,-0.03298964369362311,-0.04069785893200933,-0.030953117415650946,0.010440292967006246,0.009607939166926989,-0.01863259781063781,0.01939299289317131,-0.008379383880207914,0.006451314174731968,-0.016112116144242447,0.02300434220306926,-0.021628035145532163,0.013566721570304354,0.031188678465472682,0.006053455501961995,-0.03247133376194297,-0.011678665925799516,0.018269049275727565,-0.01943655004991602,-0.007585695403111432,0.02271456761582393,0.02340276513492838,-0.01751885313292719,0.006613515034218906,-0.044858657068919255,0.010053915787471812,0.03228850447971167,-0.01946318269935419,0.014817146073057934,-0.013566569064085014,-0.020651171243305545,0.013993497985698869,0.07070251367550043,-0.009367964099089169,-0.05979524456222149,-0.0035927167345182523,0.022240998132246854,0.030819542406531772,0.02394757456422519,-0.027851830869553024,0.04477653111308153,-0.01876398261111378,-0.009376549554443746,-0.01217230006188044,0.028317189928350264,-0.03333238798790698,0.0032442220367497826,0.004541238843897997,0.00373581555478463,0.007807680164314676,-0.0076069508565073775,0.032626467557591424,-0.01709093941664885,-0.003945799352527406,-0.026207024440178736,0.028686992811486192,-0.008475104401576665,-0.011356954845850581,-0.009630528603085147,0.029877394610244426,-0.03103164908869962,-0.006047362038573191,0.010563982770544683,-0.024180225620442582,0.01838375412560635,-0.014988578311828364,-0.0036802250226044947,-0.008394893403689352,-0.014974726977951956,0.00364130018258065,-0.01513584620104727,0.011942905248648744,-0.004180332250802407,-0.012459478273725877,-0.010635331711044381,0.006393871259410882,0.01095914290696892,-0.021641640433841924,-0.00023335936777332464,0.002596487783876601,0.005092680395816587,0.00025327282832888354,0.0025775619795647626,-0.007476811656408142,-0.0215210263502579,-0.031047353686018266,0.02766422118076152,-0.002943063067391961,-0.007936629899205455,0.0038509105628797475,0.014704603810183675,0.0013213257362643068,-0.005087780910752777,-0.0031795294347727447,-0.015510365241133374,0.002442008762185484,-0.002873738410956482,0.0066519778200357415,-0.0020402633434713105,0.006829331905996712,0.009975926624126259,-0.006586894065694202,-0.006247184900116652,-0.008964696744358989,-0.005624125658396391,-0.003758783718544855,0.0010502738127560526,finance
-0.14234064740654895,-0.011623271873902394,-0.0461574510801013,-0.055055544996265075,-0.06610472512894659,-0.05946035990577573,0.10178515590947891,-0.0648706319202592,0.1502706788024293,0.09246638357061392,-0.0438907264674188,-0.11658580750236947,-0.07146488275580852,-0.16903344264751113,-0.26428627510429464,0.04127192606281908,-0.06406849937801794,0.42869952560999236,0.06773400562417493,-0.13460538464119431,0.1308506392669123,-0.010570912278008333,-0.02254653006521057,0.17185551706065702,0.04297099334410957,0.039851354588883524,-0.04916614733769072,-0.07010859607744828,0.0294357885804671,-0.03884882636386907,0.038160299439477505,0.001221276756505306,0.0199853844887734,-0.02444702855561913,-0.04430245254400417,0.0466937336149999,0.03238593815618587,0.021595856405186346,0.02392934928314047,-0.031728690427624405,0.018510200993454237,0.03666994795615458,0.006349535682712797,-0.015369847356762337,0.07250086497111839,-0.0271080099300504,-0.015151703528377079,-0.034302472258509395,0.004225949756029274,-0.04035870661674311,0.029150199720434002,-0.06286851023974237,-0.024721985066890596,-0.025534550637583694,-0.00992234654584704,0.028022506327264357,-0.04906830704125272,0.029843015351779332,0.11633371549187818,0.04296605909678629,0.05311890938012394,-0.0449735322766743,0.04715251378452143,0.0027285265358910613,-0.04875606809215665,0.011557851003627983,-0.049869702779585766,-0.014265443585616504,0.04764319309988175,-0.025347280893292037,-0.0034812658706413094,-0.06174430098456681,-0.01826875455977627,0.0191831261137415,-0.0011887510297078397,0.057767086168129415,0.006464165408305368,-0.0886067480468118,0.011532089134973172,-0.012166613715902557,0.022625132168832326,-0.04440836280046637,0.009557159886254173,0.020204702750638747,-0.012717543899831221,-0.06260277597765626,-0.015212881442994456,0.005215348905319991,0.024159024510738213,0.07258811451350945,0.01771288640124647,-0.014269985549197749,-0.06921429357848631,0.015052517571768438,0.09443436903999945,-0.031020772809865663,-0.03481560354572058,-0.03809612816253615,0.07017858298250321,0.08435846361955088,0.013136351138632351,-0.07525113336346732,-0.033372704503032216,-0.03305035769965724,-0.06455731148901261,-0.001696230181796885,-0.002616766323139505,0.06935297699536679,0.13835218439850844,0.002954532874585735,-0.10564736248516698,0.09914879377060222,0.27296526685041317,-0.046089946038130554,-0.03513033398513487,0.04903461630122193,0.01132786126352359,0.15982270007135482,-0.030702483939342266,0.010513900862982737,0.019233209324496816,-0.019308521528814303,0.11742814569098325,-0.12897307944097536,0.19339946494497828,0.014047168704749542,-0.03482857504954372,0.03771601595937893,0.16562282504023007,-0.1092849208109938,-0.021932527651604233,0.22971653455645033,0.03637535046318898,-0.11711570567314125,0.13686792543108248,-0.03249246811090828,-0.06754071954288074,-0.02896585178663493,-0.07438291155133557,0.04525097753078346,-0.018102928170285117,-0.05490377750475415,0.0109654887206749,-0.034617863488214246,0.030628263520936047,0.01885595442965981,0.0023165708920411653,-0.07784408283882066,-0.008905147769917389,-0.062050168428449334,-0.02735140669618819,0.023966945623277672,0.03580686961777641,-0.03027118254740513,-0.007516794237570437,-0.005663543368043415,0.02796480931491028,-0.01922697660277696,0.01975696361356757,0.020230030503100307,-0.007731161081635353,-0.00800732881737175,-0.0021048344593386057,0.006718473904686744,finance
-0.10755955468699936,-0.06030059983769528,-0.10338844237041692,-0.023611228897102602,-0.06493704927396529,0.0750491239164922,0.003788563844988522,0.004897780494791331,-0.06082081764179349,-0.22098395071381477,-0.16151001539892512,0.18752847409802723,0.08641744526936648,-0.1570281309454604,0.021184266101305207,-0.08522891803307406,0.03752745601088977,0.09448445173384463,-0.006016396667456929,-0.03619654680119824,0.06471238552754319,0.020591078763709077,0.03150374580773235,0.01759491843703592,0.03183008203435249,-0.030151354065519737,-0.08987672325852489,0.047723817393149605,0.033630538027114555,0.03786513815018982,-0.025266143325725,-0.006509386739668981,-0.02493462494886828,-0.10995405744973666,0.012978384103616668,-0.04801934191400356,-0.06712461789933538,-0.00793403458332392,-0.06392805846889976,-0.008922674910173062,0.018867653058083213,0.012603343775377425,0.11883807890367559,0.13007131386964435,-0.02200577556476131,0.020760173582367574,0.02568040109467384,0.06649657442391636,0.09949278420147274,0.0032830622911913326,0.08534911490369011,0.21942680513249427,0.03797051352197779,0.018046690177218706,0.1322745070146682,0.0184843668723444,-0.026433245923247462,0.07424945838495971,-0.013282047209817112,0.08135362732505128,0.05999794310458571,-0.07640053416566338,0.010389107411829804,-0.042123461432400505,-0.004858833909971525,-0.04671591485564179,0.06738797966657649,-0.07879190939878765,0.058142122907956326,-0.11877523557042341,-0.0721461148766219,0.013217662800796242,0.10101263871664633,0.11129042702058872,-0.04685911872660578,0.04294420202883977,0.02548873002532837,-0.023633460999336244,0.0359475655000937,-0.03646963898901668,-0.019235087270851586,0.11305205691447624,0.06481296922253102,-0.14339695105205805,0.050188912971859956,-0.04145097090180006,-0.05904624535767685,0.02876821877397742,-0.011019469718856532,-0.0651485389535368,0.01784753607284168,0.08005347682855893,-0.029484042167825835,0.06921317885625744,-0.20534401979090625,-0.08494228939747984,0.12712457141845318,-0.35718449057681595,-0.16125201976804251,0.07853093754611729,0.06914827877796736,-0.037195558575002736,0.027538290624832595,-0.04738705896911962,0.00449889007332542,0.042439341037098045,0.04733809771988189,-0.10254664230241058,-0.03372102267486275,0.16259309982058093,-0.028186626766014928,-0.00880061215450129,-0.07912573122630549,0.12742738605836715,-0.04939329126701486,0.043623182995774654,0.05058940064907722,0.13995694039819445,0.01717313809689285,-0.09448110514834122,0.05981235046362817,-0.05143582985505425,-0.04180950565013221,-0.009841312141998865,0.06423120018971824,0.03620801867824616,-0.05953515306476864,-0.0017688401781271678,-0.07059019177836623,-0.07420183516392848,-0.04956802708403721,0.02912201844445273,-0.15158720603056286,0.0464712279748823,0.01353916991378642,0.01844215937592663,-0.044104373383576236,0.0819799178760621,0.018108527162694992,-0.03178279227616731,-0.047397695512164696,-0.01783324926659891,0.022337686390337966,0.02778902929802868,0.02002591417634878,-0.03440933179444324,-0.014175874014151222,-0.020049014557459964,-0.009747675490477822,0.03646239523193755,0.012389056469736167,-0.009315070214722944,-0.04165274947146603,0.010951288979437633,0.06972938180744198,-0.004685499712929329,0.04315675699476473,0.00869427418642553,-0.025641016238728984,-0.009239861429081337,0.013144569487179451,0.024929606355394977,0.00011655395574548867,0.00963500766710866,finance
-0.26073025142668527,-0.11357937578152687,0.49617131837669465,0.024369289625740496,0.02234796059553491,0.01499807736303375,0.05173960468494212,0.011759893401596345,0.10590193340582965,0.03974658147794535,0.03243574071733573,0.009766146971550522,0.008604086968987179,-0.07215064560185216,-0.05264129329264842,-0.006658271143511247,-0.017441684419250276,0.19872975482062455,0.01151202997345287,0.024871184049858483,-0.4083491892138863,0.08867718833468625,0.02778305529728088,-0.14066554410516638,0.003404676592975372,0.05019241947386863,-0.02098322599395534,0.08981759278412982,0.020767931245914507,0.0014176982275989204,0.002243231503089241,0.021043623031237635,-0.036262458660049186,0.03354526444433813,-0.006138372365187546,-0.038278191091775056,-0.012567266035755444,0.021443698631802868,0.02290754641735768,-0.009926472257533119,-0.07594399963029703,-0.1324699175077759,-0.05663236863605665,0.1034438133537049,0.03644877459625667,0.0058801435941412995,0.07672965435124131,-0.11258728997576425,0.05452887204341997,-0.061697641311648455,-0.0411848723706452,-0.006944275002730861,-0.13721151776889495,0.02794315214180754,-0.006653638773273693,-0.02586409812605279,0.05230085963101894,-0.026588428419816776,-0.05495856770940348,-0.05453338862083795,-0.04944754882494441,-0.017825181207790943,-0.012947109548441733,0.021842164915203462,-0.023466960571506695,0.04937231626703427,-0.03854243557304585,0.025275931009147715,-0.052013014728720205,0.1208820123254533,0.019840540403059673,0.027378690055332226,0.033976913728288975,0.033245270589439505,-0.042000814759721575,0.061594268726677476,0.0002658505029713239,0.002400647902766287,-0.0062547508787836135,-0.02192678742126556,0.047592276343675924,0.023477149613613135,0.01712710456238298,-0.02487933261294436,0.01973319047221314,0.025218629217391753,-0.004401077921865559,0.010233386326697997,-0.05061602639945416,-0.022307918346405477,-0.00935890383683168,-0.012427929026566165,0.012282259193599144,0.02489323268610654,-0.07927101527212621,-0.023515181311899287,0.02451588225244342,-0.024715019842794495,-0.0317580542150367,-0.04607665389001499,0.0032067410173085517,0.022124521093837928,-0.005524342600354494,-0.012083404358308939,0.013126364571405542,0.046685851932477374,-0.015185923444012091,-0.02378095465585233,-0.04849203144251559,0.013514822653041448,-0.019699598308493937,0.00010469664220788214,-0.012767672465285419,0.02315676468741069,0.055258026137711774,-0.015700756692205938,0.007673947146707667,-0.01218474601593775,-0.016176674284220458,0.05101113892334367,-0.00289910808135712,0.006272758445538006,0.010978466649764054,0.014336069354438347,-2.360110237498336e-05,-0.022032391569171014,-0.012682340696429237,-0.0006805333234098485,-0.02461293228445488,-0.0069247447009845855,-0.012494867627423805,0.00483060425901072,0.0015211484841723807,-0.007092448023417766,-0.000450246650484558,0.017043092332933708,0.018495234422035635,-0.007394734485678345,0.021691317877452147,0.022117156370534623,-0.0691471403993137,-0.030352699414831524,0.015955828125686813,0.007882572122681003,-0.044596376450346205,-0.009353784717455621,0.04383577031709571,0.012216510773565245,0.002383885122500005,-0.055649772830661956,0.013021380530913467,0.005065498691972557,0.01894449136838718,-0.014525567922195034,-0.001947334836134224,-0.001832526284795402,-0.0034476571089457763,-0.003225800347831291,0.026791742998431973,0.005509830492645699,0.00024153555437505565,-0.005215756553501556,-0.0009158906145705693,-0.00793991335723411,finance
-0.1770551516632791,-0.01598023931433802,-0.1367327592491998,-0.1307717474840186,0.026757348385008223,0.5660404134431606,-0.25360429979530774,-0.10180636010587607,-0.05975577958899619,0.21930109849155735,0.09653847994885881,-0.09169922423777041,0.02866629575199465,-0.008953978778197745,0.05186383056790162,-0.030785894528795415,0.01879401340922077,0.061217458222740974,0.01978885262188462,0.051349178602035576,-0.033305263120424845,0.006504186091824658,-0.0458231663326985,-0.03384501518117922,0.0006415537523373616,0.01717717166213472,0.012666977411200344,-0.057700856243330594,-0.015165781212540393,-0.02423023604480805,0.029179486598501184,-0.0045066018244935046,0.0013577597856824057,-0.012163430558353092,-0.00440495132430773,-0.006855489924788207,0.05634428300854873,-0.016515586004989813,0.010531208086865439,-0.014917826856749987,0.019686502624392126,0.010555081127202192,0.019218182561239,-0.0022757001927009354,0.014156680014680968,-0.022737962141264098,-0.00019357538285851274,0.04595902578887076,-0.005542923207713195,0.014517662321474991,0.03692124878891837,0.0182608100908535,-0.002063210084367057,-4.276317897351567e-05,-0.0006613940600846112,0.005062014735561699,0.024473353217454395,0.031936123194371016,-0.004960581477611325,-0.044017215207727875,-0.01284900362657777,-0.03374716332775485,-0.01834775199848159,0.006085902497734212,-0.018216086277938755,0.017400405168930558,-0.0013251580754451468,0.007676526661452553,-0.022016924875105724,0.00684737604502197,0.0035319410264337465,-0.01140297214908625,0.009667685245051435,-0.029297857833701937,0.03270514932690684,0.00737938514965673,-0.007132811091941972,-0.019398520818091784,-0.023967456126267377,-0.02142916533054728,0.01165803950735466,0.013972396573816978,0.004343190372241592,0.01496469008392501,0.01416987936409907,0.025104664023627033,0.009454118279611973,-0.01280876875914086,-0.009293102238308776,-0.00808092530488694,-0.009175107846864724,-0.0022202457544695502,-0.025028226777056642,0.002899564575179415,-0.0006575561380836261,0.0045014114713967214,0.0069255137714559585,-0.015270902945449276,-0.03606373942504404,0.031158646670721407,-0.009161158651827933,0.041711120240806795,-0.021364683892312122,0.0026641269046168855,0.020322608114648897,-0.04286511420722069,0.005560127516832751,0.016674051043019493,0.026110924316726458,-0.014453105340436834,-0.010738882529878565,-0.041597600812456136,0.0335292055183096,0.024076732226138653,0.0014604771080076817,-0.06978370636212532,-0.018771742265737128,-0.009977371396535224,0.06209362300599739,-0.021666544065990258,0.05555404052476523,0.04079843682684865,0.03751182454223823,-0.029983449837347638,-0.024754826812516187,-0.03462503040469079,0.017255516190127485,-0.010754966488686036,0.09265938493226883,0.006874373120363286,0.0010463342434904237,-0.024469678341358003,0.0848104771024614,0.002753530104987167,0.05707809951900667,-0.06628455296135148,0.03295443106530804,-0.03012300588442472,0.008169047912827788,0.00946922692881786,0.03378764186659466,0.010815657414626085,0.008788934583674248,-0.03539804543794354,-0.08256896706573415,-0.0008693115203222851,0.09275751185379079,0.04922230954106856,0.04815927949027644,0.047350859127268496,-0.03330301151340873,-0.16435330305607082,-0.20935850307484818,0.031960190624774745,0.2972008629026053,0.0044904908583733374,0.23740751235813634,-0.07249923918834507,-0.036470560180399667,-0.017449844216856525,0.025493163339651122,0.05793674991645355,0.007640257249176043,-0.05001974014524952,finance
-0.09148382283589472,-0.02866210300986356,-0.04124848668562455,-0.03116097903640727,-0.026542723006345484,-0.007947338470105913,-0.03157285163021497,0.03862555209069778,-0.032837493510191954,-0.09576943812717821,0.00419281899145487,0.010939519680584726,0.008121696158819027,-0.045941036186307044,0.08301760747675144,-0.0810636986086079,0.010211061059646857,0.02603931361640123,-0.07477258633487402,-0.08372107861090215,-0.04420109580587239,-0.07426416663408311,-8.785596186281259e-05,0.05017969679283159,0.03389461141437215,0.07234513002869626,0.023320679756586762,-0.017645880668153688,0.057750897825240954,-0.04573466702321929,-0.1530904241459176,-0.21016382873135706,0.10955008714709791,0.03421049990228705,0.016543429948748505,0.002441139922609428,0.0457076950140509,-0.12442782545295958,0.2556917566754173,-0.11849522411287662,-0.01651675047065094,-0.07743641032586243,-0.10814201510451733,-0.05675721960646039,0.12529234023594496,0.0639722403845415,-0.0846699609820191,0.19508592620446918,0.022881136617083898,-0.14899332157382705,0.09911544208714419,-0.09884272736267019,0.03136075536140388,-0.007365689872359192,0.05259894504441012,0.09690179728323815,0.11787233464828967,0.003564649839162359,-0.09431842068527271,-0.029545001179431256,-0.20045814966764577,0.06680758563891802,-0.007362920155838525,0.06529350140403493,-0.09029029962224785,0.017820916961902293,-0.09173626073425427,0.04873032194654271,0.06327509463155374,-0.0025017364135989486,0.01539641146598914,0.0031824946078126276,0.11528551011263445,-0.03361027736684261,0.027573188247365182,0.08532745795602416,0.14767112100852464,0.2266299157392084,-0.10163786819899158,-0.028422036444558974,-0.028795037687890407,0.07987383921527735,-0.20789562474343717,-0.15006994774265184,-0.04544941669361604,0.010533400041407931,0.05516163057110577,0.22084556219330828,-0.15536953175330945,-0.20188498968660418,-0.17131478491923227,0.05538506780035842,-0.05611113379267133,-0.10362064005549054,0.00964861740838607,0.06417899077617865,-0.04471330692846683,0.012529530534411453,0.014059998306609948,-0.11028344718470841,-0.038619684501530194,-0.04951352982737799,0.10734224382222181,-0.04440456808169844,-0.11787000336519046,-0.14113610958640832,0.05516613703193539,-0.0463117089167668,0.07644534360202067,-0.01398840831244473,-0.11809587929762093,0.09397249307567314,0.011370634817035158,0.031069550032576963,-0.026353504961811856,0.02209940726706848,-0.015163861883342749,0.023728768118667323,0.02188855013284381,-0.03502504328164978,-0.00035552695575432377,0.01242299689436584,-0.0302796389778653,0.0059095080205598585,0.06977442585702,0.09768235374694693,0.03316380240981692,-0.007962053153532675,0.0019202775979141656,-0.02343108890962776,0.00980357105192281,-0.05278853524483577,-0.0030012712786992423,0.016839892113230056,0.03290801431378134,0.02319027520826893,-0.0010255725751120881,-0.04364376399436078,0.01231186844406581,-0.031177551603788156,0.011400921726646347,-0.009639708889559328,-0.010027147030609111,0.0007573891820828967,8.82933536247481e-05,-0.006167844345887599,-0.03394234852839618,-0.0025542993048890115,-0.00505451573426761,0.013174461908786609,0.011871203272019343,0.022492547916165652,-0.003504140337423409,0.017524076991661884,-0.0029304867373712252,0.001093038103812882,-0.003346944880007642,-0.012610490087933105,0.00830822826803036,0.004620952322729526,0.005918275895610724,0.006082203515853005,0.0052121831039621145,0.0031127828447986183,finance
-0.16182852251247384,-0.019048010607737323,-0.1382449843740027,-0.07451237971667793,-0.10395070695772254,-0.043155518328413356,0.07245840396888827,0.024689926733820117,0.054672207657391406,-0.05556921169161654,0.44970948572465785,0.06767732023100603,0.03816628741836547,-0.13393814948823488,0.03646388426811735,0.004328927350498022,0.009442971300826664,-0.12037927043011559,-0.024013861588362495,0.1063598945525654,0.022689501148890047,0.011479756748726325,0.05780119983340007,-0.01611463729344364,0.01592532999932547,-0.0030355389380078823,0.025299685979104182,0.016634712882328366,0.04838870848065572,-0.01657681883868801,-0.041071210271595,-0.06297146770064634,-0.025436793991156458,0.051756410485203026,0.02456818732553951,-0.004844577616286927,-0.03648237596874462,-0.0032962581708189972,0.11215380897055306,-0.044163630658103754,-0.00824565225764137,-0.04298970506313247,-0.04344275690699114,-0.05933803048102701,0.02496673409129689,0.060839378503872076,-0.08435966506066067,0.038021951538090196,0.09199628245326656,0.05709411138768447,-0.08570932004212273,-0.026461808295920656,0.06172145049831276,0.10820389131637821,-0.009381934038182004,0.07842160304711514,-0.10164696031208802,0.04745292532169147,-0.08596113521813448,0.05697805145313203,-0.003503674101553273,-0.019126054673320354,0.10736315773708377,0.03617350420271166,-0.13273326377123465,-0.04842012567876113,-0.12941728158931495,-0.004504482818748728,-0.042318442153255746,0.047384416572480284,0.04808506909895324,-0.018399521216329776,-0.07622515562982494,-0.0219839686650318,0.019909246532851525,0.027661711024063017,0.07263107615162567,-0.07323876834548369,0.0482092177543921,-0.08550413967313819,0.10585361380218147,-0.004907684271034676,0.12798313975048434,0.01297751213141785,0.03215557895295158,0.020930643928654045,-0.013690130402280905,-0.037754994803212254,-0.04207432284924047,0.04263095720806971,0.0366469197415705,0.031419414465835745,0.008369471036817634,0.06990837563582547,0.06125261461615208,-0.046654913182462156,-0.06661710152781626,-0.10751098815052147,0.0501364065880058,-0.006739338142335933,0.005640491511518046,-0.028981818561983952,-0.05753966708974802,0.005084387038469885,-0.03994336751239681,0.11830582984650782,-0.023249157901767865,0.08027603460085045,-0.07106444565994287,0.04199700133683624,0.0037049415660331464,-0.1017690424760922,-0.04531622158879911,0.02742536338783995,-0.12652934788325917,-0.07949604521491496,0.03183289152840671,0.0021185343790807456,-0.007061972756893953,-0.007788822368280509,0.15675884231320733,-0.0004649076126559858,0.01193235323795518,0.2767219166005146,0.2636918863662248,-0.02043807456455041,0.030525630690626925,-0.04733475109864591,0.0170838190458132,0.12680745552462175,0.018308594160809044,0.05802883047611666,0.14235218590265203,-0.008910800025828244,-0.02994468855746235,-0.07547494435590506,-0.02836726952418256,-0.08364664563017733,0.01023860416977369,-0.009744530366371004,-0.023762169928401577,0.017220305885608217,-0.006095163741388985,0.01247684819657948,-0.045668845465490986,-0.031588156335074266,-0.042264326926517604,0.041210052708549744,0.044175887870880344,0.005201479040620713,0.030354268864182236,0.1265063174900257,-0.07765424459529054,0.14440081617528122,-0.01281262392874467,-0.006349660012118525,-0.03251395445865024,0.026583796218398525,-0.03440568634589407,-0.01497365648580945,-0.006920144024628644,-0.02967603599252551,0.005047834179869302,-0.019711630949389256,finance
-0.11491130691591468,-0.08339722976268975,-0.11420008565837794,-0.02536724986111183,-0.1311725487058711,0.018023731187403542,0.08575335323525209,-0.055600685811856974,0.03239285047865322,-0.28637803262359113,0.2583619612160269,0.21703001551718332,-0.12781037289753386,0.5282443663407524,0.21742720936206197,-0.1306313584092788,-0.046638538373016965,0.3330174352933862,0.15406356278528627,0.08473874545933795,-0.017277310248699943,-0.01450351602388679,-0.1890416264063172,0.07979799739300583,0.02789224166349983,-0.0034579180100508646,0.048141872619175526,-0.005246240265919195,-0.04150837748093216,0.021638074171441677,0.01698606196878839,0.03205618050771973,-0.04850463350010555,0.0199727644053633,-0.01806807196601484,0.016483154724232965,0.06626674479802823,0.03822508682660739,-0.03491072425956232,0.01699657125391914,-0.0008331025733782903,-0.0015383543431249061,-0.06110765466904892,0.003535763345294197,-0.009806292618604832,-0.02086752669618292,0.06606133670955316,-0.017610601513258328,-0.026446128287411358,0.04479863187689028,0.041534233102699866,-0.011096611897771487,-0.016641906354781938,-0.03975612145222415,-0.02247231959731546,-0.019484611848320087,-0.08619414182986779,-0.06415492766828901,-0.05263980242612621,0.03940123468796914,0.08466883441633834,-0.012902281512245487,0.012015450109840266,0.01972898620349472,0.01639259830700508,0.025277432272775856,-0.0204732464437971,0.022687960210726138,0.02924817215448064,-0.032052514781853586,-0.0024342905442773823,0.014143220093180194,0.002869003053988912,-0.014084709676974595,0.01183851437689165,0.04145162082803361,-0.008598473707977259,0.023049691517370144,0.009511065465168972,0.0036099106568718655,0.0058248992364124536,-0.0030801787342193345,0.021024170058750936,-0.0022162123489318174,0.007935744341544895,-0.04021840603087472,-0.037979729759964054,0.027229921352881534,0.022113414817899836,-0.03241337561419341,0.009304544002251785,0.027261721940081526,-0.015978418696397125,0.004710480621280643,-0.024635348664029038,0.02467835699973271,-0.04213210981509148,0.03435886579529315,0.02588265153531501,-0.05282845739604137,-0.021712554808891393,-0.0175030915170375,0.012919980268591176,-0.02930131930208302,0.020002991375564792,0.003064368820641335,-0.0023562882551600777,0.02037091431241782,0.00044250574590937484,-0.03120042610277023,0.004530551093526558,-0.0029677216825012855,-0.018317888667171885,0.00393605236691321,0.019236711756780246,0.04173405968575362,-0.057385050508871834,0.011773529990142275,0.010654434959587237,-0.019706025026873016,0.022038361909137476,-0.0042904429372057715,0.006490159501686353,0.01842483015614129,0.02048144994445877,0.0019315420121468485,0.016156622460267847,-0.025033444394605277,-0.03165773190491917,0.009131436782319268,-0.0038659845210287833,-0.0302721290489778,-0.013936262984131682,0.008794615668887661,-0.008070257303389842,0.009098984753751262,-0.0032163864061803913,0.012925408504133745,0.004950616946776259,0.008983611439451249,0.012273098656576203,-0.008830999386907097,-5.531535355040035e-05,-0.0010416087319338565,0.020336581625629357,0.0015591668728585214,0.007074906441784544,-0.04469408881515873,-0.015302855179902335,-0.024036775559047922,0.008753670504867372,0.016085459116325466,-0.012543687839780803,-0.01180521676825781,0.03152390289978938,-0.008266865753527246,0.018649758695311037,-0.0101424684963759,0.0030775298244459857,0.00401101336554737,-0.0048822873160749,0.005777568305022896,0.0025325213540747346,-0.0008812563689407054,finance
-0.21584563905973214,-0.03374249202579737,-0.15544588804478882,-0.1002672162493604,-0.1741996228080068,-0.0765466942407108,0.2648519365356658,-0.2209418522111747,0.194765844426482,0.17154222935688634,-0.03929400469297744,-0.052408545810142544,-0.03669927918184773,-0.19063447903062342,-0.3231489888771217,0.042338455525379085,-0.08348036965263052,0.3432481044857605,0.08021045299704677,-0.033463008781480265,0.19948329565660775,-0.010576206460915382,0.047116847010843024,0.08857571282469512,-0.01795006412729978,0.02357459590086419,-0.09166916535370262,0.0024507234177773363,0.013879669286164874,-0.015586555581759197,0.01831516343117377,-0.026901343524645686,0.004257529966901042,0.03707312274992701,0.057595340843823804,0.03291543707456003,-0.008034458213841801,0.010485241421654188,-0.017450519928570114,-0.009921065811042748,0.013255674012880268,0.049155454303491664,0.0033169501952931514,-0.060069270971631256,-0.03948491183667343,0.008980530756201999,-0.03746466643168274,0.047229817184986526,0.030685574391170804,0.0434222326567281,-0.022656555578954907,-0.024677827109224844,0.031309181067738785,-0.006915748468293894,0.008981450151624758,0.0011259678663383637,-0.03916832741035844,0.009828652375103207,-0.026665232148519822,0.00658491716048482,0.01089468791309986,0.0015698170380783636,-0.018476609558352373,-0.0024701671368575822,0.009805835633362202,-0.05730877714798966,0.0531590849708905,-0.0022355918299890977,0.008164518703583618,-0.06920386469805602,-0.015201065960386577,-0.00889030935903681,-0.005964042450383994,0.01314928882319433,-0.0031562315409813433,-0.03645836272612072,-0.02066358654019038,0.013591047898369011,0.012055581516768044,0.002626646206101641,0.0045982880907762605,-0.009416894992608423,-0.027403118116662992,0.004648958270742243,-0.016940773821747936,0.028563350811158916,-0.037650437183859554,0.003805637905506447,0.026476560922675096,-0.027922493273364195,0.01995941403908392,0.07323475325371163,0.005426085993535804,-0.02335900498467102,-0.008424110592237707,-0.03216803920932038,-0.020762821700563504,0.018840456557038428,-0.02969433559652715,-0.09459799773694669,-0.06709034005355777,0.020093467528546183,-0.0054583645298990156,-0.009795090870711079,0.025482112097661425,-0.0066564106985731114,-0.005671578924707962,-0.021956194926720313,0.016328248868805444,0.009381323832163141,0.0016023976747600627,0.007856091350847489,0.012093638153998443,0.0009367847466748629,0.03589226573068024,-0.03700070324010268,-0.03433973933712694,-0.0807568609476738,0.06428046825442663,0.027845638024355964,-0.022629904084210173,0.004361521740241586,-0.03892408983730619,0.05429214677383896,-0.06503512973007397,0.0008498257007355636,0.04094750324496187,-0.03900936876863031,-0.07934267177240067,0.03389580204269318,0.009637234564419206,-0.1309826576530483,-0.006344763405035594,0.07466190514915935,-0.07451252472318776,0.04162931500297675,0.06820171778368925,0.014265524096341992,0.05018631082134916,-0.01935160234712306,-0.02599868836050574,0.04095249781955417,0.016982568027086888,0.021408923820703873,-0.005522600528299932,0.014136177996947205,0.006293566899729837,0.07823988803343143,-0.002904520939209375,0.0004018201540715087,0.043886747460476966,-0.008433729874572629,-0.012259312644411633,0.04637729956752219,0.003451107217483666,0.026396139184426744,0.00791638808326259,0.005699066737342239,0.004080774007106707,-0.021261802611640217,-8.633236078776442e-05,-0.005290044701302531,0.0008211070922631833,-0.020785657487221745,finance
-0.2621202943607959,-0.12152461895999454,0.4852933244340039,0.05278880209243244,0.007523688264463278,-0.018736513989856762,0.03446094682651107,-0.07073987684054407,-0.05342037661245438,0.04081076123058722,-0.022742226321509216,0.009239942995818425,-0.004346888705057507,-0.05456823625846294,-0.018846451536662694,0.020462259965956815,-0.014786311140504018,0.06350524461575756,-0.000456472670756357,0.05046637301598814,-0.2789818496512443,0.055213200557627115,-0.01020756931155847,-0.10109509794224286,-0.0003226048941354093,0.0204171229286166,0.026425159778541082,0.06286422683268278,-0.011134295610895618,0.018307150403346663,-0.014900794796454809,-0.0023202941734467293,-0.031121423871110315,0.054058573358384,0.037187189873541256,-0.026943580430703988,-0.001781339647867265,0.009679849725566533,0.022294618399952785,-0.024060795357132434,-0.04720495749458028,-0.05631700054869416,0.006894986464620245,0.04547209330417103,-0.00165990144901008,0.016570203512893913,0.021318405565059057,-0.04329002259185942,0.034558841947964755,0.0484869096072102,-0.04171779728005711,0.026616863541105432,-0.006736165444836844,-0.025483280344481614,0.027923136739742768,0.07060091350999381,-0.007680094848133147,0.030670413608389933,-0.060536210254592444,-0.015494203710020296,0.006386475699190843,-0.013723156133221562,-0.02480025563771062,-0.0033039371524974563,0.03618825155533233,-0.04248633931568782,0.011019953155154588,0.006542311583896671,-0.039416776396264536,0.018131239416485843,-0.001243356733150291,-0.04084770406987965,-0.004754534755929129,0.0072849785626133146,-0.0526626428128175,-0.011356233614872148,-0.006756440239185267,-0.03533418055322114,0.03993952340090047,-0.011788387080470464,-0.003960287134457054,-0.006553478651634595,-0.02341079300731469,-0.0005189518381029034,-0.01219194941731789,-0.02365082389177179,-0.040315467479101134,-0.03329270673961422,0.012728361165986926,0.0123589711237872,0.029427324121852665,0.08097706459071143,0.025013129129695184,0.007906673737399566,0.05168045805431568,-0.04662351955305435,0.0069254272843149965,-0.04642335632222373,0.03926639126433039,0.03232856597855029,-0.03532485803323501,0.016416106384603175,-0.03961637000500353,-0.002344069156489399,0.005427213834959848,0.04646477063877487,0.048480392580547524,-9.732505028863963e-06,0.04999252770608736,-0.004861861159862887,-0.046331320449512,0.03521822621742732,0.12560947331622418,-0.01704655594868667,-0.02876269227885054,0.019904919549977106,-0.0005659801592025463,0.002209641826413914,0.05180555906092224,0.007007104800335536,-0.011194714325797857,0.004352704430482078,-0.10492156979033676,0.01699941874852877,-0.05165030561488685,0.06015959224374172,0.031718243905772305,-0.052800824924443844,0.017294755027773834,-0.03768631920551732,0.06961677717130552,0.01572477069983829,0.0024173458272343904,0.04160719761027177,-0.06440648080687755,-0.024615145224687104,-0.03741800275985215,0.09151419317662174,-0.09943902127191988,-0.11464963159273624,0.47130944421283966,0.07494856965608045,-0.12119776872271082,-0.02189794631041544,0.050745065453033214,-0.10160727060674497,-0.1582357445209687,-0.062647504997305,0.02467126755313464,0.0838229958101065,-0.08754323048955423,0.08574934192964499,0.011825489458073987,0.024326747114882315,0.0018417053547717878,-0.04057892306122746,0.09187481103303412,0.021069676185257187,0.06182433598181274,0.0019115335928354493,-0.007718905099570538,0.02591770620943775,-0.00145868317834555,0.004145219808732983,finance
-0.17508032337620588,-0.016759659256617893,-0.15741951669853627,-0.08894595869360876,-0.13216918279599366,-0.11895742765110517,0.14134609990383087,-0.024043760118273715,0.06975444645387624,-0.07513544222406561,0.5805992568477591,0.06161045842620957,0.017262828374580638,-0.17289442906963257,0.04103152344063657,0.0038613456339022714,0.02543119648202688,-0.1691535370343384,-0.036088006563941094,0.06290042976026185,0.007016196766205464,0.0017487643091048674,0.0380462205148734,-0.028475482218667785,-0.015681856744755484,0.016020313771415603,-0.017504116544503463,0.024722922396407415,0.01745841634844819,-0.02063523889604002,-0.02268654833932941,-0.0450010430178572,-0.009697991228900915,0.03741794568659663,0.024551533383397647,-0.0008441085281240231,-0.026589077677545852,-0.010388755776462045,0.10533113669129274,-0.06517855252686425,-0.015598237812064023,-0.03389714359028755,-0.017979648269003713,-0.011578880193547365,0.020177924268933577,0.03549282553661189,-0.04039911405073891,0.05572505488330733,0.04020380321269516,0.04188317944893821,-0.039487985664719755,-0.03908938346443102,0.019093605822898364,0.040065395401646116,0.006911980487982587,0.05777755863822502,-0.04869294100594508,0.0401917441414399,-0.06668249966353958,0.0028336599936667813,0.006626066511941257,-0.010672258509008069,0.05514657024738277,0.008310895872552628,-0.03474365040289391,0.0030995480468214622,-0.06501275358200896,-0.00631020295888914,0.0010732722115934336,-0.0074977401699477374,0.013821934563529512,-0.013989946152682457,-0.035668436947684116,-0.0030308612414654667,0.04082347392789101,0.011156127484858074,0.02751453873650383,-0.03924162395698415,0.013791207355718848,-0.01797589275783644,-0.012480984106824007,0.02847412206918005,0.03362820136350367,0.001737180472396258,-0.023768232212509257,-0.006137023843485721,-0.010933770809130447,-0.00087432042839507,0.04879985240474646,0.04264484420708411,0.04417663897704208,0.049494328086811944,-0.043441678940788715,0.044915154276905477,0.022270575351566617,-0.05955469580144603,0.016584617538780013,-0.015170430416542076,-0.002854168193009664,0.005616587649598838,-0.014641514903411819,-0.017946563744168288,0.0028937059856383924,-0.01176466101863603,-0.0029586306150567554,0.03958244228760831,-0.018051417452091444,0.03853582381106174,0.007417678655105816,0.010119954177931363,0.03601414431973808,0.007171421136960005,0.005856138413621118,-0.00642192042538429,-0.005731273729153214,-0.031975119146545244,-0.021302585001987433,-0.005559273549104308,-0.007047624615806453,-0.02943605433415615,0.00967728345438272,0.021502565219105617,0.01081413875690614,-0.03872421254198596,-0.03245735396879259,0.007341935899809187,0.03538289881099008,0.040945136813913784,0.02162079899927762,-0.022013024322508963,-0.017573732058555436,-0.00737399528499523,-0.04422104521349341,0.012898055596954937,-0.007986203562860249,0.022227892808817346,-0.015203625473476604,0.07315950133910172,0.00702446233117144,-0.0068317322268471245,0.039594173031283,0.0021720182879629364,-0.009056093141195628,0.06604876697089997,-0.015214084422676761,0.014401813332969991,0.036376696415302244,-0.027726540993020406,-0.12773246773330868,0.11106185348451092,0.06862933580383664,-0.3111446836665654,0.24834313537093025,-0.31291480374124464,-0.016579049242837107,0.0432822737990697,0.06259720093942917,-0.03362881737931918,0.07545866101052047,0.05097259131044963,0.038271004694764924,0.026670353091602313,0.007992700166401086,0.014417449980114736,finance
-0.30846486415695057,-0.15210679487844583,0.6509011970712377,0.03774557940008885,0.012251201969841885,0.005553729370925439,0.03924028213494053,-0.17321479268285103,-0.1497378771200926,0.04271215421653312,0.03605828376451054,0.02217016114721876,0.0017214151869835502,0.007392861831963407,-0.007255623678077092,-0.006732501042555196,-0.008613258094850685,-0.04264366952630031,-0.0009368262317813421,-0.02438487260144261,0.05352991085618234,-0.031758661778360425,0.01282140653588466,0.015554910095929977,0.020325567938366592,-0.003403241601505228,0.012129996892559326,0.024785846329605822,0.01243301422341545,0.05261435828726052,-0.02907872203233603,-0.0294846296900348,0.0218120317020316,0.06666417876769383,0.13941982724318727,0.0060149928175029345,0.1595561516609114,-0.05125706228759188,0.009616808827683338,-0.05171678610071167,-0.06241247126537723,0.07245762450004678,0.10270429695207055,-0.1771444839815851,-0.025433998599811502,0.000885703300496871,0.01892195248694076,0.03159683618243766,-0.0896411836292109,0.11772282041786117,0.03488587189221274,0.1070053371838827,0.11436597891614357,-0.01875736620420311,0.010117930002449883,0.08573172753552517,-0.04162328461740663,0.039504271229341865,0.044571665972269886,0.07191261123373294,0.058265304802696385,0.05765384796761616,0.013310930388096826,-0.021894144851529563,0.016731009807988573,-0.049846134560498336,0.02496540282184904,-0.0253601636272224,0.023824053980730307,-0.09633129950843036,0.0035362077709098815,-0.038238171153411944,0.013984940378615153,-0.023063320243213406,0.00042249070190672987,-0.026333023544831094,0.046026269930274304,0.019888265828114586,0.017034460929588578,-0.020278873446152708,-0.052581539161506985,-0.005822307917838717,-0.005638470176600887,0.0471760085575212,-0.020793387116019132,-0.04037265985400042,-0.018489814271189987,0.023044267530634422,-0.02896814682375397,0.020004384329948482,-0.043215972542608304,-0.07471967429111734,0.0010996135508873147,0.0023479553227885234,0.026622171391924326,0.03214426756701256,-0.03681382273989631,0.012057392040811925,0.09338140933453212,0.03723724666972082,0.04001704801887061,-0.03190932916402038,0.03718426367451071,-0.033474079446646716,0.023264195272788404,-0.03313888166488009,-0.015290117424556847,-0.02054729607230409,-0.0031731141757934613,0.012040316170993881,0.03665235759174843,-0.06741618332768569,-0.03157078531731293,0.008888117869596611,-0.00927065778887968,0.03310745783689736,-0.0019462677154591203,0.01825271630011642,-0.02648940907784767,-0.000681663895584084,0.004536368821968073,0.014739707262762993,0.009000951977528598,-0.03162884689704854,-0.014934633598576226,0.01805689362478666,-0.001807237410379108,-1.87044620416589e-05,-0.0025603052133917137,0.01930225058309034,-0.002353043770931787,0.018091811430592224,0.0037450424293266,0.01227270862806575,-0.0036822396473158918,-0.01180915350800094,-0.021763244957506846,0.007801137168813792,-0.005346528829632776,0.007318082361409635,-0.013345416797407509,0.011322264411412241,0.002984485037917374,-0.011973226383050711,-0.001018496967093537,0.0069381204024353245,0.011697916563111584,-0.005676818851224715,0.005961537923580017,0.007110059119626638,-0.006649113176663458,-0.0023772403715929076,-0.0014969443180163319,0.0005959303967916894,-0.0031333753607425355,-0.01551804328484979,0.0018540145419318572,0.0016679223513876905,0.008311254488371889,-0.009387232346865785,0.01928836198934368,0.001613254979253128,-0.00896461171484398,-0.02080971358473851,finance
-0.1433169024526841,-0.031405340078126655,0.05632779402806074,-0.03361737807649332,-0.036025701145455995,-0.038079830304269355,0.06224277509818422,-0.012120015298066968,0.13300902731319994,0.07558291089423627,0.012660110910168103,-0.08715281807018264,-0.05609361108568323,-0.16153132390655806,-0.24716485908180144,0.018338588276926564,-0.0517655906451272,0.37771027002429,0.045382313105919656,-0.12847406297808336,-0.030267332117366704,0.04785800768437804,0.0027485748896947564,0.03378117066144694,0.047632407674282146,0.05350583320463033,-0.1129625582297015,-0.06268638035150817,0.03205645754630289,-0.05867627408640296,0.04726530711400482,-0.0003677444469907627,0.005449322392396523,-0.048368940267093055,-0.07548124764315743,0.0050401609675907065,0.05858449481688515,0.02239697295623525,0.0923856294780682,-0.03354123753709354,-0.05705909024355752,-0.05370272289736537,-0.047472221670902856,0.03895428366796131,0.13418780160379895,-0.05851494591291663,0.06798641643844433,-0.09979425419483343,-0.04816464980046815,-0.071138097759761,0.045691425245545814,0.020921886762809275,-0.07370073266467825,0.040898734992708706,-0.08004793607616788,-0.052997775038915215,0.01981746814911062,-0.058924838907219605,0.11719647862902619,0.02530199811433076,-0.06429982591011688,0.04941420587849212,0.04901179762605984,0.054661455875322104,-0.04643178375502148,0.10629571320054665,-0.13065155035587206,0.0373573876560369,-0.01414050175260111,0.14367561510174667,0.056143623214378574,0.056754128330411165,-0.011419240372438069,-0.04014797086409369,-0.010759040196576765,0.15385132441439614,0.020190041153702012,0.051973467474307464,-0.04136283422475648,0.05635853245604277,0.005761751976191681,0.08581140931433788,0.08936017596116402,0.014502820984697733,0.037046278123981216,-0.04881159167897801,0.1304668810958584,0.03649098300595341,-0.07744368401114964,0.0056098662486372426,0.025497935499815785,-0.16663734069844763,0.0005160316323934193,0.017416411751759227,-0.07989173871630756,0.13751499473856707,0.04705552455141896,0.018851542517231205,0.014669138515486548,0.1312783873838884,0.14611621939831362,-0.0458387642576095,0.09958978366447202,0.0699306990710627,0.024909495595878007,0.018005945358659167,0.025699071998177368,-0.011383178863370287,-0.18417162444749505,-0.06768152051767909,0.13370985083338632,-0.10617201332940973,-0.3319841405061233,-0.009380246713130902,-0.06567514016182194,0.012818266178253428,0.04935221730713753,-0.08527134722920202,-0.045149933936228195,-0.04755381695986064,-0.00980010257662781,0.025703717755051484,-0.03508799038538682,0.034067304377030976,-0.06110560152693643,-0.01524912602616389,-0.02382952113264027,0.032481893594130805,0.018193288703407657,0.0060808684925131385,0.0008005477865469269,0.03352638036312544,-0.020251636632217896,0.022701962897977695,0.007357442921568903,-0.06311857652107772,-0.0628332246919897,0.035875712426426315,-0.05963424546146666,0.02549005144728096,0.03502887763066287,0.007911774603757088,-0.06475340668676796,0.009058387392179275,0.011518000279729523,-0.01571339303663241,-0.07152280495981078,-0.029058416393635995,-0.007976677311156899,0.07437407613822304,-0.01489197640780702,-0.021952210875377437,0.015695147160716235,-0.023771425841879055,-0.010471825256660067,0.01702890583342091,-8.93584836618166e-06,0.001983756662267351,-0.0464843104824885,-0.001266362400934242,-0.006024483257396127,-0.004868751765904668,0.003843679452378792,-0.001941548091969619,finance
-0.206973014317285,-0.04560942688007883,-0.16445843912705962,-0.056336807041864854,-0.0747001823320969,0.3544539009244059,-0.14161212148547653,-0.08772483743083911,-0.1109561879273621,-0.00589305505816789,-0.024396438808157627,0.10733638314239936,0.03644951957262872,-0.12552925449213426,-0.03102318198995056,-0.05136863552302321,-0.009955495205318715,0.08362190972365054,-0.012516493233878188,0.14389457663844543,0.02190564702746338,-0.003712978024528451,-0.09051907949756402,-0.006951934462694324,-0.06705277348354689,-0.006679642094373343,-0.016546857947534962,0.08750543661973294,0.005287338201883218,0.1317313555108652,-0.06739529065211637,-0.005546107371058341,0.037143665727653465,0.05341537270698872,0.10318907298593771,-0.042700191972150664,-0.0840030232045396,0.07510371178808128,-0.07419055165784,-0.026023787612927844,-0.017361756838400706,0.027308161814459227,-0.018471104086864563,0.011174776962923667,-0.10757218474809162,0.054311484839369845,0.012204250194963262,-0.01169779427753833,0.0026175461924421,0.03514659979144388,0.05305662666131897,0.11433931540964491,0.034429853511090895,0.02803667699396048,0.010528256449880305,-0.030534947419391993,0.07151208795143359,-0.01896945911947558,0.024102924975400876,-0.05063182880901748,-0.024427892510814512,0.03116716832482903,-0.02635118700376657,-0.09759201824397075,0.07689659868522353,-0.024531301488965138,0.024809222269582966,0.03734700384913619,0.042324661203529006,-0.08063613469270828,-0.06946900878457966,-0.023520330299802154,0.08544501515623308,0.07374643726077748,0.031166900691197198,0.041392133857867615,-0.011249522519695148,0.010983017375488721,-0.05504823209785841,0.0660489025025467,-0.08044694950261042,0.057696597057388214,0.022554034460154287,-0.06954522557795505,-0.06570816617724921,-0.07727845073737488,-0.02515863724549628,0.014509511420178334,0.0831731124080153,-0.06197428717744383,0.09046917488294894,0.0672781185276592,-0.029327348589738362,-0.05030915326735685,-0.13259513355105806,0.04020160609587303,0.02054244496978308,0.03341130951177743,-0.10551526922282932,0.11923277624016891,-0.030062651870071063,-0.027821311114792774,0.004984770861813767,-0.05728903323689585,-0.09289543124127053,0.032372478606024664,0.04425791561204348,-0.03886459469915554,-0.05365804226310445,-0.03262064620247571,0.06711911514199546,0.11383155325501956,-0.007363932908645893,-0.012098126400476973,0.045462556469445,-0.13143781458021522,0.008794519958751499,0.06451045741305932,0.03173475432108681,0.003645729057172073,0.11251951596341135,0.13576658859357524,0.09746661006342934,-0.0034792550456266063,-0.11244696637190765,0.026241251950317086,0.020231619057347577,0.03285074403862265,0.0318837805800665,0.10755489639254406,0.09401883860913858,-0.08269736082068581,0.22041033254347425,-0.15150475106453362,0.08551826901928972,-0.09033029617367178,-0.03378918462167985,-0.1114419423841407,-0.025870740892259183,0.13903288570082664,0.03707715795849005,0.039713908127734995,-0.03406966460870395,0.030489073866211344,-0.05312294360208129,-0.07415131766570165,-0.04083980718919563,-0.03445101856260293,-0.025345805452940854,-0.029892200745221364,0.03375778027288915,0.07892393070989046,0.120449150135297,-0.01613953800129274,-0.14830126367198024,0.0013863871706364223,-0.08932734852917953,-0.004562047123833257,0.0010613666301765164,0.018122019507160195,-0.029983489003957076,-0.044045892976693306,0.012956734498569449,-0.010069365315427613,finance
-0.30188365130728817,-0.14420253613932674,0.6424790474565306,0.031426802165443926,0.016826966402917837,-0.00910153048861663,0.04821587101370013,-0.1750533737083778,-0.1413674235112768,0.054879135139722,0.04692165361710431,-0.005274069515100289,0.004702057033869861,-0.0006822390742154211,-0.001620313510171507,-0.002471382255698154,-0.0024625065178142257,-0.03966960492084706,-0.0027832564035295054,-0.033179081129452545,0.0591401164186763,-0.0394388923578977,0.02267399618539721,0.018948327406567638,0.027148410902861946,-0.0077371136958561135,0.01635621233191222,0.02797546429069834,0.027840927495101444,0.06233436386890602,-0.03893811517178873,-0.02242869615859823,0.03155578572185332,0.0526285440315761,0.13058762471333404,0.004912615102282101,0.16008234590832854,-0.06087952222668065,0.015592678006004832,-0.040491755233080705,-0.05536081125016038,0.06634127266165848,0.09150841039626838,-0.17092231155686524,-0.019124826692125473,-0.0003317517462368594,0.020064280892277506,0.03535961735800265,-0.08774553212106062,0.1024102359326658,0.045053384013120146,0.10037385595300048,0.08958284020053435,-0.011992808577944608,-0.005342307137884969,0.06045062132482516,-0.021528103420008743,0.018190667859641612,0.04396642015569274,0.06254095655339238,0.04955246165683329,0.0525338125294706,0.005065458284871084,-0.020553627476640215,0.009718467714385157,-0.031766781525166043,0.014239854522053366,-0.034921396790616996,0.018852208001708268,-0.05769525613526928,-0.004804339157396375,-0.00913310884772897,0.0013166274106119014,-0.013364411263967032,0.0038294480213179032,-0.006133822333993821,0.03772262885441016,0.02634731767174153,0.01372979851758632,-0.027398080767712527,-0.03936144814857137,-0.0016853050963322954,0.007726299581137182,0.048722418271474395,-0.001965997233829269,-0.03245809018057767,-0.018206823180754554,0.029831902674206507,-0.008648126983778082,0.014590208667065958,-0.03682406507717956,-0.07515221644348519,-0.009682441539411772,0.020949673185699357,0.006203545441484973,0.019029086164825255,-0.03214470468837032,0.002557343796340852,0.059416439749855395,-0.002710929309470364,0.03837073264024143,-0.028528711782372037,0.042469335508455365,-0.024239664709323042,0.013212829453622982,-0.04164814344572881,-0.017323741325152513,-0.03372700515166231,-0.02502017442799587,0.012603525158592855,0.034257504619780596,-0.057571490327534815,-0.04111536392595307,0.0036398577821069407,-0.007664776619409286,0.026316124662713002,-0.008723009577417423,0.0022788142757816953,-0.024771171711505155,-0.0007092825902462506,0.0067354365343431,0.023233977458890928,0.011102830013529918,-0.012935616461939563,-0.006180820581261842,0.005098263285130212,0.010904414110134084,0.0005215800392363895,-0.011935563745050717,0.010387570653503353,-0.01924269612337523,0.00923208525614276,-0.00682820296482688,0.027178521484325525,-0.012271613195725431,-0.0005962008876200468,-0.031048056861009414,0.0004965223980447822,0.02119543555357372,0.04598861481931873,-0.0628472127423952,-0.004653026354598319,-0.007514756052711124,0.012126973851313746,-0.030144637232424384,0.015039624399008978,0.038326681095570345,-0.005422356991461658,0.006702281449479038,-0.02961239074467773,0.007946454241753581,-0.031061320838417363,-0.0032592374116226838,0.00721138752551753,-0.011142873629596478,-0.0041474397165991985,-0.020891970356472875,0.005815959878022191,-0.03255530949488235,-0.01009302079465645,0.014094077806666671,-0.008305531104874132,-0.0024164772080143945,-0.004742296558464156,finance
-0.2285338202114492,-0.1090198736004823,0.4474384319489675,0.0073361644859174365,0.02654020282185539,0.009735550891838467,0.022281357703474128,-0.1401869579263644,-0.10048691797564684,0.040885478627342424,0.029613819273644704,0.010139142008168242,0.03456284569564849,0.10250525172195696,0.0994202265948661,-0.030754161359903057,0.025638807363271614,-0.13826838845057077,0.014780185525697476,-0.01696566849941863,0.4221924571776214,-0.048405318517237506,0.021388027667568556,0.11007144762418303,-0.01800129838825999,-0.021399514588769458,-0.029507039322641152,-0.0700195007102385,-0.03841424651345671,-0.049134121367236036,0.011880613646497241,0.03278594975750231,0.09568869241572567,-0.035320961013981154,-0.06129795845780488,0.11555790982380837,0.004180577419056353,0.12083632894064303,-0.004492402332493958,-0.10225156142791601,-0.16102005837532612,-0.04744515016303448,0.047347670896816546,0.10684777546363382,0.02772727179195955,-0.04352771709492213,0.03433114739073657,-0.06040091074132209,0.12702781333311033,-0.1255860228180447,-0.03298231302610288,-0.07647212196260614,-0.05179076254680096,0.050071791781746526,-0.019568315553720423,-0.058485345085440156,0.019243401401411734,-0.019166869852168377,0.01062944727413414,-0.048718831528832676,-0.09269580670821108,-0.011967295092361788,-0.005009533689870355,-0.0004376327745103157,-0.00472324637450794,0.06482172825399919,-0.04382509496842309,0.028913723453684547,0.0041392953222500984,0.08256415506442727,0.015142457789831178,0.06486693133245948,-0.032209983918956894,0.020676650970250617,0.012818877541838353,0.031345509423523724,-0.05569286806348066,0.005264343097696634,-0.0086919352878861,-0.012127620696250736,0.004813382171281489,0.021935182686020852,0.014384887954287159,-0.008106194759997036,0.028126619668901974,0.0517685791931096,0.01973955469991024,-0.027349717388283873,0.00125872034761566,0.0017766478953271643,0.009539838419537448,0.04926907642003554,0.023399946527081456,-0.0023139742614347,-0.048404771420918806,-0.032470608368839714,0.059408808501339394,-0.006756571831360599,-0.08988902272171222,-0.029756335279783504,-0.046862983251675115,0.032339316268391455,-0.051726148529466866,0.009282256544273474,-0.027405754657263626,0.0687027037114246,-0.03289049352758185,0.025167438230153105,-0.00491733921694113,0.020183248554382454,-0.04724477502308453,0.059763244263320386,0.018047039944758345,0.007913799845777374,0.022535179844736693,-0.00703582217422706,0.020827843116771647,-0.016110899967842665,-0.02371479082465309,0.03286224681698811,0.007164592073774068,-0.015893652123500815,0.01328907530851469,0.017595121677196658,-0.0012302358342052594,-0.010756760946274339,-0.037837231219432194,0.026054085932558972,-0.02820214369394436,-0.013805257854601313,-0.0034303449358316592,-0.03390191096495515,0.014441576140121605,-0.028165481814636715,0.02151137624895728,0.0010946235856118698,0.041400858446039246,-0.0338876842924513,-0.021076721985036934,-0.003050032236680434,-0.003067604929397137,-0.001535028288614708,0.003372517390760843,0.02364202946029971,0.006815567675028559,-0.0005411690004611153,0.013701511011607534,0.025835870898651546,-0.02292461384349085,-0.021166515219977537,-0.007129974279872264,0.01968755778501154,0.0033085913191595305,-0.009703945652495546,0.01564749012324651,0.03295302735578749,0.007742644964837265,-0.009082004279283412,0.01873185726682722,0.010409358900858158,-0.06409091455294408,0.016576007269019803,0.0049844075489342814,0.0490432819736653,finance
-0.12995425971331143,-0.026308677742166255,-0.10041255274675824,-0.03199573159813277,-0.07350211599763833,-0.040423096076473326,-6.768141900069382e-05,0.04876576572779299,-0.04442025103191796,-0.0713743662446967,0.08063429228964153,0.010911422468695994,-0.04798959608952751,-0.05773626289343829,0.0861624647253485,-0.00065344259166969,-0.004757627886507214,-0.039598544511233465,-0.003266943502068495,-0.015156570645331553,0.0759606642992523,-0.03303438463759917,-0.02428586533606208,0.009641194229839476,-0.01786006210681752,-0.02474085444060466,-0.011294900500551926,0.15220791651182985,0.042234268369231054,0.10360410650749269,-0.18692624788180245,-0.09956364872423566,0.09824627270724116,0.19053499597907395,0.13061505496845943,0.041800544032583244,-0.1557536119157582,-0.09728177070059474,0.3276494370401478,-0.10127346468035689,0.005905773004707892,-0.09841214155209004,-0.23285142893694305,0.04100943302859348,0.09136428885182742,0.10388300610532931,-0.19643624837962345,0.09745051409420108,-0.05925879997831553,0.12170201381516627,-0.1019861531227527,-0.03529283092774286,-0.08780268221691662,0.0755817106432149,-0.078629566571609,0.017586234975344773,-0.09407877777653349,0.01064241419584801,0.00749154344673884,-0.03987337177367711,-0.05711726351114404,-0.019815196794394783,0.07057993051656623,0.049249126996728655,-0.010263098829125725,0.0794497849078091,-0.10303057804400959,-0.014404897421347944,-0.025429680049747612,0.01391920868321051,0.0013315634771986957,-0.02513082729802944,-0.014779941295119368,0.008311453901414599,0.09036500955675676,-0.025576304752117217,0.016649921053064266,-0.09657464386517052,-0.023038557931090217,0.056776014767669296,-0.13664431962691634,0.022660824045440942,0.006383917631845492,0.0794584635297388,-0.07668758121726969,-0.11078806283895364,-0.007590256862943797,-0.06989985051394362,0.1581523765483859,0.09235673940136908,0.1002065939224375,-0.037531053788744634,-0.06232380540260495,0.10001322680064949,-0.03544591334798125,0.05611143900055265,0.025108888819577724,0.0721015529159037,-0.15486990810064824,0.03853943225073295,0.042181320156402996,-0.06595759729552472,0.010531062261120987,-0.06379075452690784,0.016443650159793065,0.08890739299114349,-0.08889604855491243,-0.0078199051391475,-0.03845049702268387,0.05028124154185778,0.07339984568778873,-0.024444556471352043,0.06101262489283237,-0.009436493841463289,0.11981513204977273,0.09674106267972846,0.06244869081319261,0.046944457631901755,0.0416535172055632,0.016314275645143154,-0.04605779874854229,-0.014558008014060665,-0.03906719472898179,-0.1359345489821019,-0.18509989270260213,-0.06723718587245608,-0.05561374055499429,0.024799991611873917,-0.04051172943910766,-0.08955860828135205,-0.04943714255612591,0.03127355746687195,-0.10670751038098861,-0.0032373409813173546,0.018054944428724344,0.04554743650480089,0.026968439261124456,0.02795439935814101,-0.009323536713691313,-0.0015960769703855485,-0.002309430054300993,0.0027075611265332416,0.03267090682446754,-0.033958989884581875,0.012419918777760438,-0.002361023020510562,0.03761723049011448,0.013546318778352651,0.03804676661561985,-0.06420135885278969,-0.04752155371201306,0.07726338238620006,-0.08756304963976312,0.10300254286348781,0.03378589691367438,-0.035381673558775716,0.00061871047995516,0.024724373564801234,-0.02703885632117403,-0.028851214076476624,-0.01787807159158099,-0.015491956750999647,-0.0034863724010903256,-0.005008835421670698,finance
-0.2161732095287572,-0.11366474861030712,0.42199298879072017,0.04778928763098385,0.024810078692187452,-0.013688626242725,0.0325230233258769,-0.08349582595450888,-0.04689991839308049,0.005662644601084231,0.02317946400402892,0.01079899367938001,0.03816063963494639,0.021360021482282148,-0.011761689190095492,-0.019807472989768975,0.022605907466822072,0.0323495938400734,0.012821298487225987,0.034109204795431315,-0.030961406804894127,0.03434499351667183,0.01376389974511589,-0.024446979005735312,-0.013006508459193265,0.021422244424692243,-0.05808767329605094,0.011077634637013672,0.0011986593139024788,-0.0772024659379999,-0.022553304380194483,-0.06881048156728094,-0.15156678349915814,-0.18796669097600377,-0.11791296519050824,-0.15788298315459776,-0.23118756122013032,-0.09817921829038465,0.02011958693987239,0.19586488657735313,0.12214392222061958,0.03139729816597054,-0.11184822975259516,-0.10636070188476036,-0.03131398881495936,-0.015807342242883476,-0.017906303013172243,0.0010347241077442067,-0.14433668839725766,-0.03458462692600104,0.045401832330953074,-0.04744190434743654,0.012133329480956146,0.004460582791197549,-0.06382189725565225,-0.07142435268088579,0.05256441381342318,-0.10326271505483281,0.020502157929036778,-0.014252419567916234,-0.05091680097362497,-0.042877865855658996,-0.006915486954487333,-3.86175201828611e-05,0.005011688389379809,0.03306573865094191,-0.062011598145837975,-0.028144249719817268,0.036472291357086,0.02438275956962,-0.04326446122608978,0.11320796238045018,-0.0635989123742998,0.007385845880807243,0.046696251808831926,0.050815575145071346,-0.007582156680600299,0.12221131391106352,-0.08349574942892087,-0.0008231922264729952,0.01061060739085161,-0.010692787262324685,0.10136359891464054,0.028987288057192775,0.058826059979583956,0.1089684568645745,0.023058675530847172,-0.030749664199366786,0.06585070664426114,0.0557989663798599,-0.010342224701842583,0.058541716447861034,-0.010613229552530938,0.05457614104456523,-0.06022247606684286,0.02790186597686169,0.024694467629976267,-0.05518164851044455,-0.12670547579225358,-0.053728615329525935,-0.00893995120977914,-0.00581031566657663,-0.014401889926586975,0.021846249337967073,-0.0756841089899335,0.012419815492666351,-0.045439912423817376,0.007338984138628607,0.030989955410305768,0.006020168884409206,-0.03583447231619515,0.02625509308803825,0.029792668288334656,-0.043583864221610064,-0.0031776146508021783,-0.002718281208184901,0.026434007438495506,-0.02610885204541911,-0.041909649146287815,-0.0022942318979987985,-0.005654713248483046,-0.03622568251301327,-0.018640960476062497,0.0315445163047111,-0.0009900842055763747,-0.01186599907365025,-0.017463292105298116,-0.01998274411255531,-0.015175342994863814,0.00993169194514749,-0.027826409811620805,-0.002678401971434898,0.06905064156395575,-0.027939730392672703,0.0026696356600771124,-0.026258819924079496,0.0027228952743008194,-0.04233811193265255,0.05873799002717174,0.0054528773288048,-0.08352652826782138,0.0079636986011611,0.10355668912189085,0.056324756286256744,0.04067927618806985,-0.04753747136661884,0.04489100729084403,0.08164621064595223,0.010189512210679135,-0.03407286150492578,-0.012112911623981487,0.13704108346662092,0.06291734126421833,-0.07200566489348058,0.033296414365453594,-0.11368493077483001,0.15408902536752495,0.05006337293859238,0.28940934576868654,0.015350806629350431,0.04118380565314144,0.02456696376065031,-0.03217320430149352,0.0186120595341293,finance
-0.20925870843963804,-0.03430577107648381,-0.13649552949610938,-0.09039563919774421,-0.15809255377568388,-0.0770735704363146,0.24750548248970672,-0.2114600724437993,0.19561393586613468,0.1657169725606499,-0.031224126667012353,-0.07336435981567492,-0.028621053153412932,-0.17370126707998673,-0.3336556183633647,0.04988978986024918,-0.07414808333071243,0.3757497785865617,0.0846639459728346,-0.07054694842009844,0.1758618863149356,-0.007643041865889608,0.018228690508834144,0.08633029366081585,-0.02954129153611014,0.04846683744143755,-0.12484174028164324,-0.0164587921347467,0.012357973966610323,-0.048805059834353876,0.028058492336304003,-0.04203632574867978,-0.038754201319062535,0.034143888480510545,0.025594849156312702,0.026307506759020702,-0.023792996468148548,0.012825278599335365,0.01322236986909558,-0.02339866944401681,0.01901820629152776,0.03181754802997449,-0.004551776663933429,-0.03804795424754942,-0.02284418612162546,0.024664772518273943,-0.04518821964132437,0.02292282391150051,0.051968909110950416,0.04076581035789657,-0.03504704869092623,-0.05361433584811467,0.024021993719845584,-0.014004362193186754,0.008623304116744548,-0.008848916198961826,-0.05557619093129782,0.03055947752163351,-0.02240814265155517,-0.006369573142367136,0.012868868293315893,-0.0038613357330958913,0.0015912399013019926,-0.018067981563351848,0.01874157464890221,-0.0516980948687387,0.03860354838695831,-0.0030864586784305342,0.0034214260137247292,-0.061758619995028984,-0.004597495577478501,0.007381889090787481,0.002360724510722811,-0.0032026439782274255,0.018718872338315796,-0.0655244882487349,-0.019737519305679158,0.013881701687154163,0.013162518389969364,-0.012885085536500137,-0.008939470013431611,-0.013748681863236363,-0.027255698155164848,-0.003218080371020309,-0.0031120062228785273,0.032175962504419196,-0.0317126800681876,-0.012229286192803612,0.02171974766420771,-0.012448201599102057,0.009381478752610308,0.07014885443279555,0.0229330764747892,-0.046195162726736974,0.007022551167656655,-0.04218373179372687,-0.016942706743615758,0.009954438635086913,-0.02156823597897096,-0.08130785217454728,-0.07251905995980369,0.047007622297544044,-0.032629986915194385,-0.018119093482164887,0.00041380010749264627,-0.007727408555358911,-0.011522158406793817,0.004545328285184492,0.04817282646721047,0.01875344753079894,0.004344899056147635,0.0039713776913137275,0.012689013436235725,0.03255396560946183,0.03592318756553833,-0.026053655005490745,-0.03486676385212713,-0.03080881687247011,0.05610759126563332,0.01043252010215282,-0.007784353435071645,-0.005695364505250433,-0.07082751182017381,0.055114748718862995,-0.07264333430529472,-0.008797084744025904,0.019841051459551274,-0.03677184090442601,-0.10127784915080229,0.06469581968969465,0.020521439259559765,-0.1314547172644358,-0.00561940996518,0.06087794544087765,-0.0840858494690894,0.041529633488131115,0.042765697282872196,-0.0012870221281318507,0.06571024767370601,-0.03738430992256759,0.029821731739751632,0.024538694208075307,0.00142443856032273,0.015376013070367178,-0.030895291251386608,-0.00959757317436379,0.025093021433219086,0.056148018088216074,-0.009588874025345593,0.02302351363618136,0.005889078636327079,-0.011191802632969377,-0.03740299226867558,0.008898384909250358,0.0007603767689748991,-0.02456196326007577,-0.04448991842458602,0.01644667826355395,0.00929003697532169,-0.010579507023286498,0.004941465410456046,0.013257263255095528,-0.0012625479313755493,0.00983497376296856,finance
-0.22163207317631473,-0.10597769100085923,0.4036155009172311,0.056087963274247525,-0.005564245484403267,0.01716817872576618,0.01914025564514091,-0.04193508610214264,-0.0887285524501027,-0.04288081612120341,-0.013091178288114963,0.03155809890915385,-0.0126307225022048,-0.07001815640264414,-0.04268420951961957,0.04433403351242841,-0.023826120468857806,0.02848822331193858,0.007797393970137172,0.014023943953220947,-0.18779283203243533,0.01110002265649825,-0.05252580495423176,-0.0013636854827278942,0.009567463378376164,-0.02635103768219658,0.0809254834114939,0.08162263930222606,0.02024132579847434,0.03512743908757283,0.08744615781657541,0.06467683190360747,-0.04467255491207502,0.05766644898154807,0.02900063101128627,-0.015036788551556228,0.0683245719091754,-0.030285112135372085,0.0053536732447331745,0.021889185310948217,0.10762769265514244,-0.008535255977824277,-0.054112715125775375,0.1303283329973494,-0.018224858058527242,0.026161558199287192,-0.04505866734424097,0.040682833073418384,0.03915432713336788,0.03631061104150457,-0.0277978622906589,-0.028973353156740017,-0.07036633312144935,-0.014402298046819698,0.06165440490696565,0.0003383098286788087,-0.07782988665024626,-0.005693064383492125,-0.06222695314026894,0.0463681404815046,0.017284725300706193,0.023066987634803957,-0.0004503017993703751,-0.006800470067323889,0.0028569053390770953,0.007979657500922326,0.03149251927179165,-0.0013844092856077153,0.0029562980848931377,-0.06949530589249239,0.037483838931686296,-0.007948746649786242,0.024004570837884594,-0.0062374413023661025,0.049883041288916685,-0.09394136919047533,-0.03179817835653981,-0.013959745788511502,-0.08218417440729882,0.06011683456111182,-0.009658062420604416,0.008121632905800523,0.09229861825790889,-0.048752757193335786,-0.12020312766844106,-0.02121186553638749,0.0981701300261094,-0.11028529132436433,0.08466149326202635,0.05360740710974255,0.014055250969302973,0.009813273096211347,0.004297149363851185,-0.14437276450009948,0.0005551487162358527,0.04014153795709128,-0.058283884996674154,0.08747679146562742,-0.02479276720365223,0.14488803911077247,0.036981870534838826,0.008488984428051988,-0.008780421152261481,0.0884182450211542,-0.03452101249731012,-0.07891673676812064,0.14963962457578414,0.0720540435993876,0.08976309974324659,-0.09998625084331664,0.0777440935840289,0.03533385833436828,-0.10261152005255453,-0.03343396789091793,-0.13162979426221694,-0.0627357090882088,0.015005783931503206,0.09653264552206571,0.16632158237020134,-0.13353566277766363,-0.018298022167386723,-0.08667092976203995,0.028266948820678324,0.011791837849467605,0.07689236412888167,0.024323681253772433,-0.005935580087452563,-0.007452903097134139,0.06754497848103495,-0.04001327631765694,0.0016132466150507938,-0.03412640572257013,-0.03834446665308415,-0.13339752147189576,0.009582559628757913,0.06925821884420903,0.23224393719715059,-0.079341919489193,0.0955274848492262,-0.22667784492602686,-0.11634690819135424,0.008342470622719873,0.12103215013619459,-0.04193330933661269,0.08457180482106766,0.01582447675566348,-0.06463180412474198,-0.017292291282470715,-0.034258009225869454,0.08737668734219536,0.06671000504956548,-0.04078088293778805,-0.008613229239731405,0.047589386214900026,-0.006607400613753253,-0.003455718486442589,-0.039180552617378135,-0.023768061187223157,0.0057371892345957805,0.028634423243037124,0.012861997242340351,0.025393325100903492,0.01211105178433727,-0.011976034564310305,finance
-0.1120374759518913,-0.006938326031387961,-0.06077121440754817,0.026619301703570894,-0.050571613778592824,-0.09752604465498144,0.013581294438218776,0.029311755442162288,-0.0001355756641316169,-0.000925351684594684,0.061199354863717546,-0.07632217537492142,-0.0742661041995848,-0.022458721943350003,-0.022737333450975592,0.013014799120891325,0.04188225775639147,-0.06834025786326135,0.012126062754053544,-0.016236855794015716,0.013607424491836079,0.05366728054751495,-0.17989370670214222,-0.054016477438023264,-0.05099878161190942,-0.006637261492176067,-0.015094554593675764,-0.061111325708370065,-0.2398950539357292,-0.11194387070219113,0.0565330419800931,-0.07782988574306188,-0.04866203324479809,0.10421536638909926,-0.00018624805451459328,0.08779923182663915,-0.07979164756149136,-0.11174805013832477,0.04180342590205998,0.0566693751054549,0.08757627026213313,-0.08615153641743055,0.14822039605819914,-0.13088578449534416,0.005239016130763073,0.012960222012937958,0.05899051444653466,0.15500301389004706,0.30174529518948534,-0.0028125702586642492,0.10872740353478871,0.1397204558053996,-0.07132415723642997,-0.049176669395699986,-0.00809839173428151,-0.09054385948108444,0.09815058854740522,-0.025912904293727862,0.07615361836629578,0.002015057059954498,0.12255432598973205,0.13270165874724563,-0.04913900190932394,0.025834569498954543,0.1477494580436995,-0.09521124349112568,-0.05769218319082774,0.10089236581111759,-0.23665559111978296,0.16455668829472908,-0.018236621944803116,0.21812511671536072,0.0859051309075945,0.007190502979474773,0.004538961742092988,-0.011092783417423046,-0.10140878365311488,0.12024774312812159,-0.05919122352207357,0.019606279461257915,-0.11224368587983992,-0.03656498409838074,-0.033191505208764085,0.08625165913081248,0.039783918945569395,-0.07036640810008275,-0.05667997551714423,-0.036143109190069016,0.051910613955751535,-0.033707409409743844,0.07071149617152918,-0.08559005218413654,-0.018367264355171293,-0.04284428239205446,0.08016202474347514,-0.09864847611923709,0.10439183946332464,0.0017363419054201696,0.052033443652171996,0.017753308187241662,-0.07600855201237723,-0.10959398303020393,-0.02404999656310945,-0.1735232340096747,-0.043135682611750464,0.056586426707632656,0.012878085391949793,0.00587675030057399,0.027599560894277474,0.00747889906379012,-0.17170856049946523,-0.051071092922435064,-0.08544435115886365,-0.2206870246360676,-0.07919641209171598,0.048324637571925004,0.019811093743435138,0.09175761362570395,0.034054112793059435,-0.10886683847778363,0.0557786188087565,0.06033055633606625,0.005104265252335392,0.017182074712910167,-0.02090649502549149,-0.0690914803885631,-0.003574657439948594,-0.010188908422190234,0.00016138577455230093,-0.0675175369154307,-0.009369447789970871,0.0017262698025327459,0.005443577635053044,0.00763042297532229,-0.05099555137178324,0.01270266837754179,0.00600449072761175,-0.007773295871181616,0.0061404257080564595,0.005595976724864563,-0.021119666498595875,-0.01573397551880582,0.006083738862328262,-0.028422901521890784,-0.0041085426021973855,0.012316885237200507,-0.0010860181576100884,0.0074921273384868795,0.008437177979587745,-0.006549831221515108,0.007556254531242097,0.005564284769589339,0.006660506222700728,0.021795963191553396,0.0010725513173511197,0.020064900421455135,-0.0019186242659161436,-0.000856899786702834,-0.005359918718696449,-0.004176741156480911,0.0032423312053314534,-0.0010118845857027769,-0.018324419214879505,-0.018023755937058718,finance
-0.20729980531333703,-0.04994875864656099,0.2192788727833101,-0.031134015303201864,0.033249703623391365,0.14419684038680117,-0.05389916388554228,0.5009738891879645,0.6402008910190188,0.05837421300459281,-0.06739802520405078,0.1326650558238981,0.01712685810325744,0.03867581907609388,0.004663604870323134,-0.021825664586078868,-0.018377229465117086,-0.03965791774830616,0.003748933151516942,0.05958364872279207,0.018159917342408727,-0.014286632251041213,0.031883134699398845,-0.009887068063029362,-0.03451041114658928,0.007840713775681036,0.010775927457640364,0.018826729465331423,-0.00840576257502619,0.004553909782079371,-0.008485495613794167,-0.002652132379476293,-0.0007335256550676653,0.00028781215091559277,0.03299879414107302,0.0011558777748766854,0.00047871381743111154,0.013222324944299252,-0.02062248221521135,0.009290041091319366,-0.0005972282638072966,0.01396044210640724,0.026981843535327035,-0.09048622531484143,-0.07526158337492311,0.012528744185957319,-0.0024333938560408045,0.011280326517935776,0.0341644420497579,-0.015898034290281228,-0.005415914419944104,-0.04529977173433668,-0.03552000003906133,-0.03349108586306704,0.0141649489360724,0.009135323098323725,-0.011175252211301102,0.009942633294104372,0.000984864572902186,-0.02140838632840326,-0.0023405972311760412,-0.05048424329763015,0.005295840742987934,-0.03637478432498871,0.0024273406186441702,0.03566867811949001,0.01762824265838188,-0.021792758429376825,0.009970487702143418,-0.0387523895695547,0.00794586923209449,-0.0016948536234569487,-0.004128639248154156,-0.0005704611249153064,0.012646726350689232,0.013086516349743709,0.010533639907664531,0.0027146834599150616,-0.022686264655497997,-0.00017045124244444206,-0.03292826401259458,-0.011785691434927262,-0.01247082578136946,0.013490452626252975,-0.012105473249430747,0.015981654353964172,0.004918849690049532,0.009144358200450958,0.013966940185365342,0.01763450703958123,-0.022976875525150167,-0.0305448644118066,-0.0048471504602525,0.002175681070983888,-0.005067015954526679,0.021503852960578006,0.009859942241051687,0.03939166689337384,0.01290961891649974,0.007388485797973565,-0.017287179245798926,0.005133552106131718,-0.01242667755459524,-0.050717925238167656,0.0264308575661377,-0.012226482331278706,-0.054540302145690445,0.004011666423145497,-0.0009085173415038986,0.02362331003580978,0.011645308403075533,0.003723304600869655,0.01073835327663309,-0.008512052391253617,0.01936772003635174,0.004322046130608823,0.024124358400580647,-0.00237558013227133,-0.004758593611493312,-0.0354611300728089,-0.008199676637347842,-0.012369820436530255,0.04669463987108322,-0.031802807736370224,-0.000843909562960136,-0.028322780853800616,-0.014250893039354775,0.021943330938994837,-0.003767105864039949,-0.01354071429632686,-0.029981230905345036,-0.04056256193550983,-0.025667397298263474,0.008734858919992546,0.0077801451918080395,-0.011466831539809498,-0.03775913163529981,-0.018500673637453835,0.030853673649484742,0.046267517097962396,-0.05646762108544798,0.00029593139390268877,-0.03926380269507937,0.030324740138925138,0.03301945785830809,-0.03256802309146246,-0.10739208354325237,0.00415504211190266,-0.016710825143421572,0.11092397781535442,0.016388326606501157,0.019676833936997748,-0.031216700845085026,0.008439332129713852,0.027122255603987913,-0.013111716713221897,0.03215303624974314,-0.002209052318281086,0.0026720977665588824,0.003190305460732751,0.006556795365072799,0.012692725292521061,-0.011153255032539649,0.0041307876129410125,finance
-0.10745988886151084,0.0032172664350799047,-0.10186309208071587,-0.05350221446853342,-0.0663567006031389,-0.11120005826376592,0.022633853476437458,0.028281947110943676,-0.06383356825517877,0.13246659186803825,-0.02172978309210166,0.04100992390949707,0.06883881169381396,0.048029028183872155,-0.006867571631886505,-0.03185218223572276,0.0023068649420777774,0.011594490960465022,-0.020874665248633968,0.02902754501974265,0.0031700275126113086,-0.03247360814330108,0.08136470280598342,0.06030685435452063,-0.004337872833478667,0.028754172307759767,0.008842849067383344,0.027614149022285768,0.006313932761004666,0.03573194677484092,-0.018798235092000036,0.02433392938238678,0.07746226336406398,0.061023898814264725,0.059597289637458174,0.025810203413476323,-0.05009122660762124,-0.043808833053291044,-0.07354318247337097,0.008488375310432844,0.08439847766714086,0.014586380863594511,-0.031354292852261025,0.029918081145732668,-0.13771636755763306,-0.016525225143519836,-0.0954690423019111,-0.0008109270879297885,0.014465733863676668,0.09997584101141596,-0.22105223257698528,0.11883200999982156,-0.16674746411197738,0.1394748365834016,-0.15456158675719234,-0.19614327043838245,0.1449657207481791,0.02944290741080383,-0.07462535198681884,-0.08032324892173894,0.1374506247114338,0.13100695013698124,-0.06843122744978808,0.04315118339331667,-0.04454754090201969,0.15857755643793858,0.16060198984482094,-0.2490080531163078,-0.01474053388178052,0.02977955658780426,0.07180911142282964,0.04731326747044938,-0.16125360036371164,-0.2127816906772084,0.014291184102688691,0.17812220945853702,0.04109136608953242,0.09638650930165858,0.06803618210763514,-0.07051163085675925,-0.31322762587839065,-0.0989981490958396,0.10715780951956692,-0.06301722114382009,-0.012908434835974036,0.032834736522058594,-0.06724128178224122,0.16686243702862488,-0.17396715493942597,-0.05568375421317008,0.03957369501298647,0.1503332393719262,0.03171262476195373,-0.1126603352236935,0.0071549334746578595,0.07530055161992409,-0.1092938094672989,-0.050234082298123164,0.05865807446694844,0.12779244717933833,0.05464056137802948,-0.0038964273741818804,-0.11521991950745473,0.04996429862906266,-0.04087289248015797,0.017705129144599513,0.06194784352499613,0.014847598854477551,-0.0024116351545467167,0.016134788184724837,-0.07506977862795128,-0.06912677937161417,0.03454527810347215,-0.018526800952464482,0.031092969675837582,-0.004654946702074569,-0.017354560966644998,-0.011935644046011966,-0.04859725964841774,-0.04906827967030176,-0.023376953335722254,-0.05311861050412624,0.015994917725424995,-0.04920249821274951,0.024668552889711436,0.009556213456450588,0.01463762518735033,-0.020651201208168896,-0.0278195410128829,0.008571659103996841,0.008309421255384515,0.020383454010411764,-0.01576478737295369,-0.00701246434965307,-0.00467443735580347,-0.014169951861211486,-0.013665029600089789,0.007952397061445208,-0.01601593570603698,0.005220926765905735,-0.003486876769139289,-0.00817441719539559,-0.0005594382397028263,-0.0255710596019679,-0.008252411219806645,0.0013939911782606495,0.00016283589926862932,0.00978898024924751,-0.013576259788377369,0.005431349785338094,-0.002611029267739537,-0.007831783658366417,-0.006541558733287486,-0.011417777500208308,0.007801105238192673,0.014322597183813488,-0.0026264609749465035,-0.004563423200480567,0.0030747219035489426,0.00899107708118653,0.00569228561112403,0.005767065426111929,0.0016407343448017462,0.0014099753841760705,finance
-0.2392451904107936,-0.03852003364523952,-0.2223903440196257,-0.14816444927501357,-0.1888916456504094,0.03864284687132123,0.38908019782737396,-0.4224750316089253,0.2675990882032618,0.07412392191340807,-0.27936532521077123,0.016568994327207757,0.06995800604781258,0.08593970464022128,0.062095800824254414,-0.05168671082623384,0.020612713000456792,-0.21318536444899777,-0.021158915002893578,0.09170770789336878,-0.07249698652450419,-0.027792117802693604,-0.04119731591698391,-0.07294681263802236,-0.1114746322197738,0.007034808653017263,0.08746769582259126,0.028933625119890814,0.026279376232012687,0.027263440231454765,-0.02762706436354209,0.02845868350331327,-0.015069791551359292,0.009527130480681776,-0.02474995109738619,-0.06426452587776973,0.06020940429638519,0.0391348881449677,-0.09042545418096491,0.022091643459208474,-0.019322537315803356,-0.04997655960346909,-0.019545561505354293,-0.009760158826029668,0.07468821938822282,0.03938512635610811,0.03073684587326293,0.04628043591100062,-0.0431789908866878,-0.02044125217288178,0.016858605614900237,-0.02218553008260818,-0.001032827218312283,-0.0008366164507101452,0.00914066891339935,0.05844476842725189,0.035567962073366245,-0.03370773379009489,0.07349848563058242,0.048940143531890586,-0.038251974296468316,-0.021628391626882945,0.030797847619684623,0.036698868536437314,0.02901317870268484,0.08192032845915345,-0.048522905751129296,-0.04392574421865905,-0.017758175094889122,0.013634682853730986,-0.055971122851115926,0.0313193723768983,0.030064097165796447,-0.04026474507573193,-0.019688882012640206,0.05339402146887296,0.020816412264068083,-0.06078759638130794,-0.04591138219490651,0.010401444309812564,0.010487273946447013,-0.0548957821041956,0.007077471674109401,0.008209233511772,0.02144641261483411,-0.04933938826932203,0.018171985652160185,0.015596437521321707,0.010148921628003738,-0.005230760366885481,-0.001911132352517326,-0.015344073993503862,-0.013099752850617614,-0.017400660035527492,0.03510778823071818,-0.007114336963295353,-0.014947486509810426,-0.03146891548644941,0.0356952946774458,0.014653676261815997,-0.007723830592262915,-0.011788941115455566,0.012317699805388273,0.012367359591390561,0.005346786326718713,0.012912397754047567,0.006186119804443148,-0.0022213148701658134,0.0011088767560231572,0.02471483563553254,0.015332004061522214,-0.011680736430457668,-0.006344820220917319,-0.010108859924519398,-0.002215412510860537,-0.006103517628831391,0.0033804082772599204,-0.008847985109542194,0.009819002219157451,-0.0027844725571018114,-0.00582843692865158,0.01438927050313763,0.0002781660787696837,-0.008511576576635578,0.00134552807506616,0.008485459600605452,0.006073154740092479,0.008028453386739184,0.008235473854458305,-0.013414088081467324,0.005009470487814008,0.022724849336923803,-0.0203084939755427,-0.00086050182421179,-0.004214503516404694,0.003937259160313996,0.004621841488254276,-0.004664170099327498,-0.0017175057585910299,0.006573367923062837,0.004959726082759115,0.008190246495398885,0.007930863727249042,-0.01768831902346257,0.007230349295350164,-0.004093388609677011,-0.0028161435020344367,-0.0041776908148007785,-0.0026471880460428934,-0.002639759363981378,-0.010793566483672098,0.006763651950417977,0.005765666409440189,-0.0063014507126414165,-0.011638498117497311,-0.009062469758437655,0.009381527614517503,0.010808891216614871,0.009690840120995026,0.00842588056061262,0.0010856538947534029,-0.0033474074685105356,0.0019689352801703637,0.008181989027407336,finance
-0.10953536714038636,-0.08106051539257934,-0.09307207888313533,-0.031097853824635185,-0.08411964777183085,0.07807393739467255,-0.027646312357154847,0.02758745309275387,-0.15780004030751887,-0.4207336970412815,-0.2730234104801569,0.36001375921990053,0.2680327927105406,-0.3592752828855095,0.11721283501236125,-0.22296732188306082,0.12362274255119372,0.041637053940730286,-0.04592978883362794,-0.07302335594216525,-0.05451085606439223,-0.020423911306310164,0.002433137249159993,0.15789289964420727,-0.07284069121607938,0.11656647099109048,-0.0074565068593563525,-0.10560980936358563,-0.0993111892020468,-0.1012089538202458,0.13281946085127241,-0.02882158373738801,-0.002956629014237634,0.04234777332692276,0.00912290005606714,-0.018004378759639894,0.09144206476168272,0.03904468846765766,-0.03565169163453755,-0.027995080939250225,-0.027273335380834096,0.0060562649477713,0.009661130323675458,-0.08465140753702827,0.05212412494908379,0.05251649540552609,0.04796529531973508,-0.04151733526765624,-0.012301103698943805,0.011718970998410048,-0.06197200647586745,-0.07142976826460633,0.005967300908859564,-0.010277105476900797,-0.08899364582856871,-0.03481275786041973,-0.04407611008910591,-0.03685141326373726,-0.03877701368760288,-0.03006294505130806,0.0072386636587097085,0.004877388913721193,-0.014940564988550181,0.018398637642598477,-0.00522419762732205,0.008001898289582548,-0.016833716252630748,0.02048290230168914,-0.0185961028249067,0.00968706444472275,0.028971009188553644,0.005627628242215879,-0.0299643428567377,-0.009106291813546608,0.019944173645850324,-0.019228892887972096,-0.009325134403370064,0.024318518673349655,0.018400489668210437,-0.0153448923634235,0.009909318504207548,-0.05017405872145173,0.007980028646172284,0.03019636603454479,-0.01586430549861154,0.016501316926139667,-0.013223506455331512,-0.024476537504625646,0.014944595503688733,0.06875508147634907,-0.012656254133696927,-0.05842983682385121,-0.0013816866679878968,0.01852250565467203,0.0304296875505136,0.018056878152718673,-0.030656255689517773,0.0487937223341662,-0.019665248554395092,-0.013869695244325317,-0.014745923265482205,0.03146346744145676,-0.03695526919696891,0.004002046831989262,0.0019736953704575493,0.004859767931547079,0.009448927618900543,-0.009875554232964602,0.03584918562497209,-0.010760548184827462,-0.003526461863198607,-0.017981494103084243,0.030370447792664092,-0.005719523625255548,-0.011024061672859381,-0.00495387568466365,0.024422116933153763,-0.031404997942347045,-0.0052438498005206455,0.010617063127557391,-0.028283642091178788,0.01390021690534856,-0.011519491509139841,-0.006691259805592348,-0.013075297161178457,-0.013153747971110899,0.001662984840952848,-0.019364407427871575,0.01066603409730164,-0.004802666595782185,-0.01497466508545219,-0.010710269208728296,0.01176239444201449,0.004750525403251165,-0.02637125043281488,-0.0029933903430475364,0.0046817812477799895,-0.0011882265967319556,-0.0015693888420826652,0.0069211323607723365,-0.006473310853862017,-0.017315392442799137,-0.03507767268819012,0.03032954055798515,-0.0006852535491277476,-0.011263947253097682,0.0018089935644756273,0.016305468852625606,-2.6903880859239566e-05,-0.004720482515935313,0.0013862025867446921,-0.012969069686901572,0.008603590089625968,0.005237176358819894,-0.00014065504230434227,-0.000474208728247181,0.009421994172889516,0.011760350617100943,-0.008400712567208144,-0.004389631459963952,-0.0152082744567531,-0.008887459099372733,-0.0013881725158227732,3.8804346319639385e-05,finance
-0.11982678835382413,-0.07372074280651603,-0.11298329071686694,-0.02786136032668928,-0.12498780124612204,0.018317526363949618,0.08184576599937975,-0.061694701212608755,0.029004490816339698,-0.2840845913616555,0.2642474737544799,0.2144889283452483,-0.13365701962100512,0.5405128283880446,0.21749569777485714,-0.13337200145090056,-0.05152077155762674,0.33673252773866924,0.1550254325809222,0.076027918717964,-0.014393068000144128,-0.01779846177262273,-0.17649330606607075,0.08998330549101446,0.03005455957945834,-0.008524893721486843,0.04919360715503773,-0.007234676717609803,-0.0472042635934356,0.03158572616544104,0.013295843180737656,0.03590414955639962,-0.04190086153185673,0.02846962674064982,-0.01842154199542067,0.017376379385423444,0.05938135290453428,0.04695292531058632,-0.035533323819649826,0.018727444686768773,-0.005604781603750602,0.00606444208533738,-0.05668961078464315,0.008392575872529095,-0.014948704078080488,-0.025032620305768603,0.0652649310370118,-0.026884370761451514,-0.028490441616428497,0.03677121735896018,0.039712365431150594,-0.0078952942583831,-0.007911933495191138,-0.04060302434522318,-0.023474684945071572,-0.012321245015695217,-0.0782624013542318,-0.06459825428720195,-0.05354754135067121,0.038673014191509196,0.07990559872363098,-0.0069045933973784735,0.006002555147265505,0.02013303736273537,0.022831432299501315,0.029881253017424263,-0.028798543165111847,0.0235870515155277,0.032417538976877554,-0.02548973096668443,-0.0032780708194641546,0.004607808746877141,0.0070182232814616765,-0.010370187592186145,0.01292196384441515,0.03993249839695303,-0.00630772868524915,0.016599524240047098,0.00724504279070168,0.0031074367581432802,-0.0011888666296233556,0.0022538482111179483,0.014429985498588867,-0.003486558935830543,0.004861072509389433,-0.03959033521268606,-0.03369475298158559,0.027441191827121656,0.02443971658919385,-0.023339522023372646,0.010254874542627428,0.022986374416671573,-0.016051485407388443,0.003616340407101767,-0.017807592985618324,0.02787987305174375,-0.03432523072041686,0.03581282232191727,0.017970491083474788,-0.04819929327960224,-0.01609216517581463,-0.02400860460406886,0.020241715008802702,-0.025563124944290184,0.016439500671052612,0.0020311838422924946,-0.00031518695823377305,0.015353977054489166,0.0006523066879595976,-0.02147670906381614,0.0032825899270265573,-0.007938339430358805,-0.014687660318873197,0.007057965813546695,0.021882886885686414,0.03067898868792606,-0.04413275780277038,0.010217657664113177,0.0022968632365479363,-0.01753996170280517,0.014178680496457607,-0.00407431583633506,-0.0028028048440084407,0.01849109616390386,0.01563539166177185,-0.00187215352203746,0.009381483740300884,-0.0195934798068807,-0.026936202079433348,0.012396400543508648,-0.0029645492491119736,-0.01896785971694451,-0.020753625189510745,0.009577523537832285,-0.0042028209202958685,0.019375772924282997,-0.01087051354348197,0.017400374280058622,0.0012827374252496104,0.01111848832019637,0.015089877482233534,-0.00878054753533567,-0.008009543611207356,-0.006307865877000451,0.014581060443792499,0.002445710159149123,0.0032180096200859253,-0.04654239358149376,-0.014719524301756548,-0.018577488359291922,0.009938147583496107,0.024539969951193338,-0.015053033342237234,-0.0034112369590916384,0.02607395260602639,-0.012629745072812561,-0.0006276563152110555,-0.011375593265463892,-0.0072945649969391475,0.006992432763863852,-0.0027805918903603256,0.00414684381373867,-0.0008238001734022794,-0.003769573258072587,finance
-0.20342924852665034,-0.04608157518550388,0.20967263714449655,-0.03254816663525798,0.030724759455485362,0.13743361264039103,-0.060805556541658805,0.5086981157717485,0.6350497694045619,0.05522446913237182,-0.06602061852274849,0.13340742231376485,0.007907522420330906,0.044958297353986175,-0.0012815501724864808,-0.0215198249344931,-0.020700721296272238,-0.04357245442159328,0.007382523907120798,0.058513841289021144,0.03208321805250405,-0.01541495729905452,0.029467155146779726,-0.009760318737445777,-0.03914077081055154,0.0074104419290219785,0.009149764555653656,0.022110874077809057,-0.004068716371850188,0.006867618787528595,-0.010421427016522948,-0.004426216050630457,-0.0017158622324521327,0.004295996050055524,0.04116509832296571,0.0036633611641649034,-2.592476203867071e-06,0.019510502219420092,-0.02881708823640727,0.007072052200224802,-0.0061095649429030174,0.017237286731322417,0.031306744320053106,-0.09232344914424133,-0.0725910265071322,0.01176679998616851,-0.0033974976636472667,0.013271283038867966,0.030109700255222933,-0.013777570886700953,-0.0010391201909109096,-0.03947360937850147,-0.025622025522036546,-0.03371470149437174,0.018199148792442214,0.010531414446310563,-0.006129788327231599,0.009762552601328644,0.0062691161417236,-0.015979797800009035,-0.0063796322737281145,-0.057180732863931896,0.007697900929540981,-0.032788959198673986,0.00430617491891541,0.03345649675831524,0.020114093250423144,-0.021301245552990716,0.011418602137138373,-0.03937822664400729,0.003933481434599388,-4.219611172968634e-05,-0.000519484808482192,0.0010223058147417546,0.008270749631200494,0.011370551590063288,0.009362025350358311,-0.002262449929299441,-0.01959563238674277,-0.0004064878078347417,-0.03358803508168037,-0.019213325117482763,-0.00822312085864448,0.012788848322877345,-0.015950104475144382,0.015225858034455449,0.007546516125806225,0.009996335425895477,0.012665886450476619,0.02171753887278103,-0.02372846873866349,-0.029171736226644738,-0.01027934138837772,-0.0016801985840591942,-0.0064072902794306144,0.024129706254657688,0.0006108229633213224,0.040623422123694644,0.014055413105284947,0.00610935521756643,-0.013281351010485281,0.0017229552866853347,-0.009750578437350568,-0.04984788779200767,0.020935235303750684,-0.013101554710416621,-0.05709276652587976,0.007746716044193009,-0.004523729912565546,0.02319780230427256,0.014162002911873894,0.004463547315462063,0.007706559188193026,-0.009720677521949482,0.018868182824048268,0.0010054159532605514,0.016576213543048144,-0.005534220669046927,0.0008554168121557901,-0.04175617093540201,-0.0037531544317782064,-0.012687807503148877,0.048429311145535135,-0.031139366622643327,-0.004552278907346044,-0.03133740770805178,-0.015783270946997812,0.01994207693156654,-0.0008866914733061134,-0.008884812360502896,-0.02400500212600879,-0.03702061889557543,-0.021907702552420704,0.010917987666137956,0.008554039794112433,-0.018503802299246752,-0.03413682336115224,-0.017539499647588472,0.030224007635530608,0.04510540314483737,-0.04827782140116582,0.004528387963424301,-0.0388292086795223,0.03177736592976373,0.028772037044365303,-0.03176076590041476,-0.10896783116813524,0.0038698795169691304,-0.01811097860046731,0.11587464996123381,0.01664885480065805,0.013527012135472303,-0.034180542825085404,0.01721440859129114,0.026914296292944635,-0.012072861482191881,0.030826499129825692,-0.0001558557544726876,-0.0031022888647574743,0.004676690251387879,0.01028846540489114,0.012687254040451821,-0.015250490654400262,0.0010701271328023923,finance
-0.21729348045192645,-0.033519572249841055,-0.21963543820670042,-0.1535263737359893,-0.15895966764050642,0.044650422926402526,0.41000078219287284,-0.42497508503848985,0.276282525085038,0.07737552129730654,-0.2780566294224029,0.016010182403364288,0.08048547442810974,0.11247714956183699,0.07231670250214886,-0.03166127351184681,0.012182404796779017,-0.19680900738387563,-0.021860332331898002,0.06993848002934452,-0.08347925274846314,-0.00490655498209268,-0.015514124126476849,-0.056399421619074776,-0.03090557789684104,-0.016366869028826482,0.07569415355895073,0.05510022064525192,0.006958632356621024,0.02268968320122825,-0.04409803822654736,0.029734287335541777,-0.007022017744816092,-0.027038325978811936,-0.04391871731995683,-0.030772029665086548,0.0400968555887567,-0.0071529656115618696,-0.023333121099640603,0.029616146177757718,-0.017100292945631503,-0.04729925408391745,-0.011653646133122014,0.01553869135432447,0.04696513831951225,0.001020782706776781,0.004442316885848917,0.012022328313854629,-0.013735407997333648,-0.0285850424402113,0.013635781991513152,-0.0005233206697938265,-0.012701884564242327,-0.0030274980583339627,0.014337359899258896,0.03195137587492603,0.019954389595620795,0.004579049231770616,0.04393370521786852,0.016753644272155074,-0.035506397177763334,0.015316543420652036,0.024897777723172552,0.034386428595488044,0.020719923963714477,0.04608384863883745,-0.014976785987651096,-0.013618394750532729,0.02675256428700482,0.007017731167580832,-0.01549771574715823,0.01357174755547974,0.02644566785969621,-0.03539314148659175,-0.0075160009309062385,0.049773691311848556,0.022422736944925924,-0.026637984726143284,-0.02790936879349996,0.006614022398878282,-0.014209957103344549,-0.02340502500414377,0.017049656992729194,0.028304678713979438,0.026229078528230563,-0.05474477660141249,-0.003732304995975168,-0.010972183955220328,0.009731851304304429,0.00698395059446592,-0.017059057222986847,-0.02149310766315149,-0.011007955434521297,0.0020930735681225507,0.036681427381744285,0.042084918268466186,-0.00014977846039774682,-0.03997765786682392,0.04734696063962935,0.03718262921702799,-0.037923282675360624,-0.006249288421880149,-0.004386187885289632,-0.0053163735221508366,0.020400453925177236,-0.020073509301432244,-0.0029475832021015284,-0.01388927801838754,-0.023569475060066472,0.0033782626599010205,0.010386856936513287,0.0064533655066218625,0.027002137145048247,-0.017753543542951594,-0.005739787138504033,-0.00022939037077365516,0.014395843067785498,-0.03933468500577641,0.036911414486998445,-0.015747927288084943,0.01226387326676291,-0.0012206957144378396,-0.014961685099802925,-0.021578431926963768,0.005076617050149442,0.008372840706813493,-0.02277335477383558,0.020826890617200274,0.0015213162767126656,0.008709143292333937,-0.010643314056511007,-0.005148248335465074,0.002038971873528176,-0.012967192168039605,0.0013187824332993167,0.010720778222683004,0.00432386473439983,-0.020798813524382117,-0.002048626708159133,-7.436816822624075e-05,-0.0038560231900429294,-0.016298396467359897,-0.001349966675045221,0.021354700569538903,0.014793109097806127,0.016595387295959246,0.011327460753398546,-0.0016720649832340938,0.008419452608620006,-0.00849260286032743,0.009827334783171238,0.023796238656870847,0.015160268674840709,-0.009114243321483504,0.006147125758514301,-0.006860316655589907,0.0024386405889492923,0.009883045375573309,0.021170737533845376,0.007689851607180881,-0.009213496061406586,-0.003684145560143612,0.024988265588503207,0.007677768941110488,finance
-0.05800042693140326,0.01687358790280581,-0.08761417587277946,-0.08953019727957903,0.08889719929411793,0.08735367904252911,0.16092331335911927,-0.1258189249789899,0.09706315584736433,-0.02099885598302391,-0.11189268675156316,-0.0007331354175092778,0.09561622685940552,0.038578621449160626,0.07999396348938999,0.02630011065914823,3.444096244494625e-05,-0.08319361230111963,-0.024927027336350903,-0.12208334766157207,-0.12775776285688864,0.04745806543328415,0.04821953374738323,0.0721304761810774,0.2833281372360217,-0.0847365816565578,-0.020570168217331635,0.020347059350906683,-0.07553913097176836,0.004083136368388081,-0.007186745328083321,0.03647857010157694,0.04072900746861211,-0.1362035122095152,-0.11023307564322019,0.11975482413130763,-0.01898691898995078,-0.14102444033448833,0.16121172839293513,0.05816450899496807,-0.025262704623784354,0.053596067872099085,0.006384753325934703,0.05039300216916441,-0.036275525814269655,-0.1530407161748207,-0.0811496537232707,-0.08697991611572689,0.09960743751259672,-0.0058202690279488736,0.02267177536556481,0.044004362980201286,-0.06403080412257704,-0.03343516535815502,0.006914088635760442,0.003634833670805936,-0.0545568549592299,0.16002348167907954,-0.061041487145580456,-0.028070027650059455,0.03299695627509719,0.08758570231343954,0.024221750460769482,-0.012348855988887476,0.06141309560405988,-0.07103251375923571,0.09178714657789534,0.09398548487216121,0.18789081614254102,0.055594095941310026,0.13833649315411684,-0.07440751352042915,-0.0058427975832906235,0.028200554992725776,-0.003991559792159349,0.004149575937354813,-0.024950375756012465,0.07260820440661758,0.04684236184479979,-0.0026161477156025725,-0.11996838380711697,0.07035203108678524,0.1007616528773047,0.13561698256156507,0.043462362504085715,-0.035691593933141516,-0.03882954363983301,-0.092641220013681,0.033588346963246925,-0.025034566959967024,-0.061442871110255766,-0.05119245235094547,-0.012075737196685534,0.06322159649418625,0.07449202866587414,0.18705095856531223,0.03567335335270933,0.009799059743082516,-0.017942146908217427,0.12596132386858883,-0.026952908224146085,-0.03434255645493138,-0.013526668839951888,-0.07206933918495222,0.11911592594240339,-0.04511358730069518,-0.10582045225518961,-0.0595713913619311,-0.07976918035387792,-0.05293786566536152,-0.017640132135198248,0.08920684253196168,0.11280278185586677,-0.05506550628421489,0.0536375170881508,0.006074086550819624,0.02073677357265029,-0.13704533723905873,0.1432156811079754,-0.0033723740897443543,0.12908975297819744,0.07019845550277787,-0.08623079226002742,0.049563142560547654,0.14495970472576183,0.18633669927668897,-0.11083313112376782,0.10027785594463089,-0.026557879512473334,0.026518143227720586,0.02085062935570923,-0.08681840390102298,0.03614540353072189,-0.027286748523662648,-0.009416032579426921,0.0451819327372785,-0.01158928294309589,0.04860891853632145,0.017896455522787104,-0.004131281860444069,-0.01743042476211311,-0.016844310104695497,-0.016903642571067,0.07720081308693771,0.020657644353066267,0.02759893835591259,0.027712874170595,0.026284514463968796,0.017926475860167688,-0.01398385869931741,0.015331303174921273,0.009499255689591748,0.01149980121518185,-0.03245574656419982,-0.0047476664175917895,0.009671918315365478,0.0007267073967752467,-0.0023991652496686746,-0.021169496760315723,-0.02719935415432897,0.014827411904778421,0.009771502633402172,0.01267242687936075,0.0005107043086131183,finance
-0.09317757982694978,-0.012935213831807242,-0.044178457576222734,-0.003875589509424224,-0.008619048146659512,-0.010949676286107818,-0.0019167315015006128,0.0009284189053984778,-0.00639065527137914,-0.06355587763439881,-0.06119335701150259,-0.04899032482347137,-0.020106413056655167,0.09358593868521853,-0.011369073582990791,0.0400573986628485,0.015258717576923346,-0.13504139996077766,-0.025532636372166566,-0.09642939161037449,-0.01918141832632315,0.06347342885700756,-0.11522343266282221,-0.039478963004333956,0.013793400689083584,0.08689209517587197,-0.05616372963447195,-0.2498882207211102,0.2942232809258914,-0.03474906135429916,0.14594148328109569,-0.10412142242866071,-0.10014346783803822,0.04264106047088263,0.2524546672660455,0.10512331057556161,-0.14791675455219347,0.10710231536525142,-0.011267919820985805,0.025333536976138785,-0.09438802762244401,-0.1797824501996414,-0.06388596067520048,0.04617857308691115,0.08150063523222728,-0.1978376518451221,0.05538529023698732,-0.0014621032620485332,-0.06541006859691374,-0.053318591269886986,0.005189951108287503,0.07626599070861403,0.09334055917939472,0.023170486695239675,0.056623905488930815,0.003033522686338534,-0.04044200744752315,0.07245024024941375,0.0649778522919072,0.051711569011734175,-0.022909025793460044,0.0024309161117617873,-0.046896707173981284,-0.062105314625369494,-0.042622533385227,0.03906809933345682,0.07916709079733737,-0.15964878941402258,-0.11801092045165444,-0.0915672526039778,0.18572251576630847,-0.046085647417389346,-0.013056097214325232,0.03070072779374269,-0.03180475958248128,0.13230281272211528,-0.10318091543332089,0.05031376670596977,-0.021593495909972386,-0.06897710315474245,0.07254715062437872,0.011692028784280528,-0.0734794150256248,0.03952695143087934,0.04023005436502905,0.07387391067827445,0.04431752018985755,0.03481442157899165,0.061152520151246226,-0.016405662536837458,0.05194774147972332,0.028416718893039074,-0.03927604570675361,0.058546118386172095,-0.00402936463526107,0.09110515605043175,-0.05719443220193524,0.11257605446771993,-0.034517941796070546,-0.027599900135868237,-0.05710100215289527,0.03477906600684557,0.029471601645611405,-0.005047017077205726,-0.03784387064880265,-0.03711746870422528,0.04227047820050739,0.04166269196347954,-0.0558435535020406,-0.12577327281854062,0.02732313880130539,0.0017902569576111413,0.08841650906843354,-0.11217514796813215,-0.07297509200971156,-0.20246368637787435,0.10550305937352558,0.18502096125485284,0.009165231599907973,0.025491985458464265,0.15107271063409666,-0.0636714697306522,-0.027552592016872626,-0.0822275343870826,0.021895335980630412,-0.06163773829431325,-0.11833757602732417,0.018501482842887995,-0.14217483345175994,0.008158402205131528,0.06297539727820223,-0.0132318201943699,-0.040190055152385475,0.09034193860811082,-0.09966474922798459,-0.01990578601777955,-0.02819448438119361,0.034918836909885724,0.003239982752932568,-0.010598503536522998,-0.030559576284840243,0.0039031306037419443,-0.03478730444991601,-0.012277551291005495,-0.019412653194870285,-0.0027778322447968664,0.022058740458790933,-0.04105912185387236,-0.014279867206336512,-0.008411245609693415,0.009310901628887201,0.0007904243297176281,-1.9496853159534137e-05,0.0003893945659228294,-0.0033831617086000545,-0.016133630363930743,0.024368058481619034,0.0011689003357688297,0.0006157281802348757,-0.008253824377659924,0.014652439497153677,-0.0024007015665529347,-0.010982030575143098,-0.006328801921517676,finance
-0.11841319562631974,-0.020422055170646155,-0.09941769930359513,-0.06355683381315613,-0.04419071230553209,0.030680338796023367,0.11227323871248418,-0.121704334456693,0.0915159218877457,-0.026613547004761658,-0.12792260694066884,-0.025832748020139844,0.006212305150082777,0.13681879249533985,0.05043809507720577,-0.009546964842226856,0.02438918687629833,-0.12306182512341726,-0.027010228649161118,-0.09876999060352794,-0.11867562525370556,0.011779334157448912,-0.04265472642131006,-0.029129227816712806,0.06368306919617686,0.007189680759476355,0.023872095631654006,-0.0804053294524787,0.08945174683215255,0.017858424469030278,-0.07794049321672665,-0.013670730362661422,-0.015877665546966856,0.0181906227966506,-0.09362764794331244,-0.011163748618766909,-0.04669322842039991,0.04601832159273232,0.14065435725800274,-0.18567742870889906,0.02891890149547176,0.19529636283965748,0.14784183605872966,0.006073908189477699,-0.07649237596821469,-0.11897815622841329,0.024473102359795634,-0.10893885562418403,-0.07561697041599365,-0.002006914737406072,0.09267556239643138,0.048473060295729085,-0.06658957586831347,0.0069455062131061965,0.001654509333905488,-0.12092422595032683,-0.10932318727901526,-0.02441875420937732,0.05973176550282779,-0.11999277402096627,0.1859848007675719,0.005580151790185482,-0.007582407804337492,-0.024227646231331522,-0.12166606193263282,0.012028396683674825,-0.1546962846426742,0.0008218527948079822,-0.10190814489233098,0.03052435169996184,0.0328520122553485,-0.09743321206632197,-0.13556574510446018,0.22696284096476377,0.08756000216046016,-0.07584031103523522,-0.0213550114360152,-0.015227528802826861,0.08402842561948126,0.008076748146983212,0.015887586379697713,0.06946778655657676,0.01634781015498947,-0.1039459473199014,-0.10045058961329782,0.04282116268410668,0.13628847105369055,0.11328747324086318,-0.02988426751140379,-0.010890821562827745,-0.09502213880089076,-0.0054791698331157134,-0.012143168146281153,0.06666585177194083,0.05502670878470329,-0.1712078967124675,0.09227174079843595,0.04033380515287787,-0.005168784156908998,0.15258775036914507,0.2344498883295248,-0.16695829082912994,0.013979381071797251,0.0028178849182165337,-0.0956089817599001,0.02083112598152516,-0.08094031532049761,0.09727256652052339,0.14872267555441052,-0.02977733454626101,-0.1113059223174807,0.05142944685364957,0.017749091056717195,0.03411598638978768,0.05071565192526594,-0.12491575678981763,-0.05555051973038111,0.031192001029008546,-0.028246583175538326,-0.06784901615387601,-0.14494839355674008,-0.011920706409268617,-0.04528927145443092,0.03219647390697689,-0.0633713292858291,-0.038151047499544864,0.011487051963553352,-0.02219082151642859,-0.04390618342179991,0.027827884214823864,-0.03805110018585544,-0.10174346559212222,0.071065370867717,0.08216837466384933,-0.03837901729836032,0.0029858766428275843,-0.004202172256813996,-0.020981385478391925,-0.03217292980783887,-0.025156850368145092,-0.017762445620993675,0.014451724916492522,-0.018613883325991495,0.007568440232511852,-0.03385052798003676,-0.03567345035089845,0.011782986841998706,0.02756622306758898,0.00016036485615715732,0.01007156148186988,0.02581120607493552,-0.002867329182287459,-0.0031460495462128277,0.036551073751897534,-0.008831711033952961,-0.001261612710291881,-0.026232926457862533,0.008920162067468127,0.007461737423868307,0.012837559568046646,-0.001888649585998552,-0.008581956938124038,-0.017286537067236915,-0.0009393003581055323,finance
-0.1504606842440428,-0.027445513785334455,-0.16552067568071274,-0.10296735094932773,-0.123592197055439,-0.016518565789982596,0.2335585470835735,-0.22700950886260673,0.1459506507928508,0.03819207169462257,-0.08147943600689087,0.013781890056310768,0.04791198240709993,0.07067223437920556,-0.050941216638214375,-0.013287322749016377,0.002323996835344817,-0.07747547116268741,-0.035607179942681415,0.017788493154336615,-0.039737512551818954,0.007632173753976454,0.014913828054284737,-0.03067337530989333,-0.009879297094174438,-0.0025000982955115693,0.024294944834475057,0.0055543877439190705,0.0017081578803839076,-0.021034190184257846,-0.01851693529752686,-0.05512259815176273,0.05898283158136336,0.033473151854134624,0.04781158669453035,0.022791579061933586,-0.10897454445489224,-0.005413270433362227,0.05503199347062145,-0.006487607972149469,-0.009540681364635883,0.06080436283213052,-0.0243450556139406,-0.05559523647555418,-0.08576355636504926,-0.0070519268423355295,0.0204104393015702,-0.02385358246102681,-0.0031631822340318643,0.029525187521072117,-0.02867102069725089,-0.0070556573576572796,0.006186222680976677,-0.032391807804882794,-0.009283889182413853,-0.14919831249318002,-0.051752086117490395,-0.034956473878981195,-0.1312539497740936,-0.059510551293885834,0.04083972583466329,0.10052014560390556,-0.05139103594520175,-0.08303946114945746,-0.005613953860553565,-0.15731307469775077,0.11921141828481621,0.10856207444444452,-0.07418030016077092,-0.03526729861277637,0.08462557855571871,-0.03838898476770896,-0.08859746142086249,0.0549669202116734,-0.028686815831901025,-0.12124696669446343,-0.02278610412156489,0.17311392797083056,0.048899623334218816,0.07146530800130461,-0.008452987735470065,0.09967177503992707,-0.032380863817333023,-0.0200254836858887,-0.1712537541777459,0.18277037501151305,0.0642215510464052,-0.0032399494942049628,-0.02895677293306277,-0.022538059769339223,0.01606480431320957,0.040626734993859014,0.14864143685388548,0.008832844064899531,-0.13167432981266491,-0.11130908754500037,0.0458841748977485,0.2566255569096206,-0.07894158841274512,-0.16708778486148926,0.05786638238170158,0.14619205656687573,0.03922830154737507,0.03077721607480631,0.07674555817023883,0.04724895689084684,0.03021319146176674,-0.010334446699786597,-0.12995661792058474,-0.002242526252931137,0.05106991890509352,0.003007048586481568,-0.09337246536218391,0.06373446441865406,-0.004228046815961443,0.18567789308448474,-0.005210364584094723,0.12939166401734611,-0.10916254440454487,-0.017264795103993223,0.11516745723867461,0.056024332238083466,0.036040191630554684,-0.04392673715245405,0.11363524823120806,0.05062384149367932,0.02356242469166547,0.0450377509956126,0.1099568761102702,-0.09294125530775726,0.0017952763670329938,0.18784845148120377,-0.008719807876756212,-0.062251854958099644,0.08828670094396099,-0.06261969453359471,-0.047791836767372295,0.027746597864867308,0.017002712361046605,-0.01643574812696144,0.03175895324425651,0.013899549823884057,0.0012631093653329589,-0.0027950057226070607,-0.006993398770640146,-0.00286633802195837,0.00019369934168937802,0.051712144636761284,0.013383527334130303,0.029636008304874468,-0.04791735669604249,-0.022179222035914117,-0.017988241925973758,0.01865556555374472,0.0013249256459291682,-0.006789090388613855,0.03863959570206592,0.0207724573573567,-0.0024913842962027183,-0.002745078406023632,0.008358142534382067,0.002122427415308694,-0.0016373008637086232,0.012703025944504153,finance
-0.07533974805372938,0.011152272698002643,-0.0707056582262073,-0.10344697135037657,0.1091111800311735,0.08284674627138007,0.17887807299594502,-0.12811416475083248,0.10747330397219453,-0.01634491070890615,-0.10760502745906711,0.01161256870567962,0.08204638349552443,0.06658324747761162,0.05077271092106271,0.06531428869293993,-0.007241600493442903,-0.10082880046466262,-0.09067128195654034,-0.09679542472073412,-0.0849567720287523,0.025251111965496557,0.05201569444341209,0.110684763392028,0.31231236284485686,-0.11927054050520967,-0.027251453576946114,0.09641384362056524,-0.037439220758551287,0.05652505499687689,0.0005030049628500505,0.015109370049371969,-0.03440609789295128,-0.1114766998512317,-0.052780818199997415,0.10598230542755689,0.036572823032839,-0.10548125597998505,0.17811558302309466,0.05848964229193392,0.06026806728407473,0.027374279806689425,-0.009912548918935277,0.03698481762331569,0.061595533763942945,-0.005744776742626257,0.01111605886488654,-0.10873376840617485,0.1091299666019654,-0.01269356956951684,0.044507379678787956,0.05352984820889017,0.04341131269403649,0.021998495744351962,-0.004098633975029776,-0.03282665940202978,-0.01568810517737243,0.02983311841594877,-0.061382849987700015,-0.035754027320092335,0.012183562518715236,0.017108335417315716,0.017602373044711718,-0.016385219524648144,-0.08763328250812694,-0.08532189120608986,0.07323062715167396,0.11065567015535607,0.11062924902992835,0.022913086295304003,0.03428310036451517,-0.042987340877915725,0.05944240094236994,-0.029972604253639325,0.054430795195398875,0.022398129797926422,-0.024394643793860724,0.060189346652126996,0.10791068361641241,0.020581902517535687,0.06362339839294451,0.02550812253480919,-0.03262346243752489,-0.018475530198702333,0.07522471317191252,-0.03141624970782291,-0.09247001040801488,0.013276961218181595,0.05601228937167654,0.0763305481574667,0.12168741895085103,0.0342676704576867,-0.0656009738801609,-0.031158511629953783,-0.036092527663665074,0.06527040371885742,-0.03398580063547737,-0.07069989241204713,0.029988011243177327,-0.0208605393894063,-0.10054859885688554,0.1165311644512362,-0.0384989215880281,-0.023255903540140038,-0.13239958173762958,-0.130549131911592,0.04579021941373998,0.10414850639386847,0.02317767384945445,0.005409413011207328,0.0244734043676108,-0.05076384102668743,-0.05973707079075182,0.01610238924035602,-0.1383989123870215,0.08974586756632523,0.0561570156501758,0.10956570176761468,-0.10940508009472444,0.10406490112865488,-0.07767201572391082,-0.14984820990470699,0.07785629753528524,-0.07975280196417575,-0.14590546841788737,-0.21793494482158582,0.08367339046941431,-0.14385508935810956,0.010297503545993993,0.15527768923013757,-0.12828834215253654,0.022745547687154026,-0.016200102074862156,-0.012406532261607909,-0.027477300041782768,-0.03668501965200191,0.019392672831331052,-0.09318137351652474,-0.0004243801921102628,0.07125477647103377,0.06221713448387192,-0.059846409283215225,-0.023848131963986247,-0.045340731332194746,-0.08152303607779023,0.000748597731556543,-0.021185887251742617,-0.003268698448694351,-0.013475204926077079,0.04502226879259303,0.008445439735989936,-0.015429509764032151,-0.006463741606178809,-0.00219976208217057,-0.0057893887007184446,0.011334270235494598,-0.05709112683006724,0.028183819674884435,0.038523222377855285,0.0046177393144848766,0.013338693987484105,-0.012162528818347357,-0.013773528305995642,-0.01846379378344826,finance
-0.11155312254134428,-0.013956801600994388,-0.054563738209336715,0.06484012575886207,-0.021293717239762096,0.007094464187448009,-0.04019373428406859,0.06468300149037563,-0.01386786146450257,-0.04713605689641317,-0.05225533020144261,-0.001967634402553254,-0.07915930317239106,-0.060179659872164566,-0.09064348099015851,0.05139614509633469,0.0060544828030055205,0.040173644774008324,0.038228383627255134,-0.11047377094347416,0.05085221066737765,0.03174099740788324,-0.13933821706205493,-0.12237828812898731,-0.018759600195964916,-0.08760138025186616,-0.007995816080060423,0.0737676139194338,0.020614695340354424,0.046133188169116886,-0.04352607755080639,0.055644661520743245,-0.0718651474867709,-0.08754223710157864,-0.05384072172318116,-0.04124728252587719,0.03283810670691271,0.013354247285419889,-0.07228785697589399,0.016362413464738358,-0.0496419200721934,0.04274507449396009,0.021975401647159446,-0.05862353979169359,-0.09475051282518247,-0.10203447419977615,0.08110726162031853,-0.0623095079403643,-0.09964388546843113,-0.05002620392625331,0.08627557051886375,-0.11635591001068903,0.19146691446166794,0.08922582289273015,0.04923715024903383,-0.08634156067135225,-0.009729133301547592,0.058693783100978704,-0.18357857445933567,-0.04137848751111743,-0.1830413546355684,0.2020515207631435,0.1539818630551111,-0.0026927946614097808,0.08229797360177593,0.08155657873980168,-0.0066491162519820325,-0.13666020698510772,-0.2132499693620877,0.2268455851629116,0.20030069770376965,0.008789856796075258,0.08093189789158783,-0.14391685868979276,0.2926517663364724,-0.1809373628315228,0.048898310532551933,-0.03800411652540882,0.07842596951350668,-0.03145812915043382,-0.055159033382844724,0.022044072516011128,-0.029986658811264173,-0.17406875430919547,0.06312601128764213,-0.05876205440439572,-0.07786262433428677,-0.009721478442340944,0.15389939228323624,-0.13473517587259065,-0.06485579137462437,-0.011321709355841522,-0.05453545304531383,0.06624602386642761,0.12697332567331276,-0.038489404439480256,-0.026233304027195745,-0.037410629413428605,-0.036049841295585756,0.05859614691569928,-0.12239479208858006,-0.02213797467539201,-0.12603222427217808,0.006736658743605188,0.09836513776491268,-0.06464494550155522,-0.020765111150306017,-0.020570749152244557,0.009548869464841205,0.02215270088369444,0.11655946795607157,-0.013371324903909989,-0.03208269455797925,0.10950436600234367,0.045575235580577814,-1.1532095358752772e-05,-0.07167910432322215,0.07904422756142279,-0.07805226285667413,-0.05268070829208202,0.03473340294200823,-0.008777583083760903,0.004923552030024405,-0.00305685049875175,-0.00882596730790823,0.012239500446433118,-0.03075170288274203,-0.015030187126236688,0.05320297703606457,-0.025275153638219076,-0.007606324025337221,0.024444631482470645,-0.015498719532747604,0.0010889921315929527,-0.011688828678139586,-0.0019850927843659606,-0.0064108804984191765,-0.024551073227351894,-0.018491678142314803,-0.015485554973585534,-0.004313239359844068,-0.00956515657435761,-0.019610141313686845,0.028462523690945422,0.030606447164351926,-0.004870500650900892,0.005777346595999983,-0.007021051798639271,-0.006239688312650861,-0.02436711126503378,-0.01709990259137253,0.018023627910316396,0.007739578896846016,-0.00021703039880883977,-0.011404531035909401,-0.007321792011052145,0.006687187405474096,-0.008960838465425457,0.0026402611678580626,-0.011302103289912487,-0.009913110040493101,0.0076878092785514435,0.00024235076948567785,0.006618210406670263,finance
-0.22651772530307346,-0.033772769974569114,-0.21056379833676261,-0.136922325095308,-0.18406435354789624,0.021358299907942642,0.35432743775020586,-0.37945274454311784,0.2508444794231482,0.07568240067571154,-0.2422547854422579,-0.0017210778529113907,0.061521806695935814,0.05750184672033637,0.07330403274617216,-0.04973926174567925,0.03559457755829479,-0.21076550711402478,-0.020169228432991022,0.09850306720944473,-0.015463392787101146,-0.03744339872196051,-0.01149473699889379,-0.06496894213031623,-0.11761339642283118,0.004281505982052265,0.06187059715799677,0.027232404401130388,0.02478586169805968,0.03173715087390769,-0.038197292922743376,0.023971419682071168,-0.001907932926542673,0.010851619539313444,-0.003033076571336841,-0.05857420259322862,0.05300706634279859,0.04010797536853034,-0.10158839283997086,0.018823725590400436,-0.025926512208388222,-0.03675818172493513,-0.006924072552320991,-0.019309855840591167,0.05889383468093269,0.049307809192314804,0.03646644445629781,0.057822891243641816,-0.041439263866090384,-0.017391268100243256,0.004072280354734861,-0.030932609015123652,-0.00039711087011819933,0.016319726591898204,-0.0017158702079281684,0.03564595966976676,0.03625525572293041,-0.03483076622941818,0.06827664896902443,0.032463126477405735,-0.060549591515382195,-0.03097465241315813,0.030801225683686217,0.04331156558836269,0.02436343294511864,0.0716739103633497,-0.055663454664243606,-0.03040393832724368,-0.04950948795646261,0.028431395479530077,-0.06973752910416209,0.020246734887411216,0.024533758243859727,-0.047013233681519676,-0.008913643842811842,0.031722167153717756,0.013185826024513576,-0.08189601337394725,-0.05864045196039521,-0.020732849553476932,0.03525650689086376,-0.02333230474659637,0.009106741629794501,-0.01299234573435644,0.01903410767387025,-0.018240775044125093,0.011457976098607837,-0.004486725514447054,-0.00538155991882252,-0.011337496165107794,0.011546648932229996,-0.011202748328702253,-0.008491025150127464,-0.02581942902510747,0.00918641984038931,-0.018486486400222074,-0.025277563382073168,-0.040697422265306364,0.013071288835480973,-0.03373550693063852,0.004902062178974689,-0.018805198212597986,0.011711996489815335,0.02661449882603971,-0.012192176846728136,0.029011172447943108,0.01492152170175035,-0.01085689287475183,0.00018808825015560372,0.045877033571417355,0.014128685715566532,-0.024538803115538417,-0.026391023882717576,-0.003405567149445278,-0.017386717068993692,-0.016292061905910336,0.023072860457908063,0.002769932963247259,0.004389284506970513,0.0013409728904908724,-0.022189427668709023,0.0028336393154852536,0.012129283066799432,0.0005648659443188164,0.013490220362022187,0.016049768203278848,0.00792217225834746,-0.004619114370639354,0.0020297925513468452,-0.030273194730100032,0.03454899915777334,0.03312923738875866,-0.011872215650901439,-0.010687121683562761,0.012783720314342028,-0.002839357115970348,0.01596208058672142,0.012095185647818111,-0.0008948407462747734,-0.00013924572062389405,-0.020567864929904554,0.019972563247281448,0.025727214487186994,-0.03317858580279013,0.015817538146430162,0.004504772168419399,-0.010426288685282984,-0.028291954388149725,0.002478982601530781,-0.0065291904238716485,-0.01634940911649211,-0.018545874724215785,-0.009912379213428888,0.008099446995811365,0.005547078208087433,0.023430608654996334,-0.005020598104232253,-0.03757624424870255,-0.029588750076979035,-0.01607039237323469,0.009359828054335608,0.010413028242257379,-0.02665328041686901,-0.017348260619762575,finance
-0.09784251141527642,-0.005610508049640291,-0.03311308249798837,0.021977680102150746,0.007246311625336636,-0.0168988851162843,-0.008041685185048343,0.01608238832301503,-0.007189829309790474,-0.048181149752840706,0.012127604386168575,-0.058322854801298146,-0.05208385993254499,0.05166462910016492,0.01454209936655218,-0.007829197245184568,0.011550425483934026,-0.010207463087167343,-0.027296618080906304,-0.07788061974336244,-0.05013844403597022,0.014672472864505235,-0.10238449148073803,-0.004437840276346785,0.019432643698152414,0.02811254188304041,-0.02119208763563037,-0.159590341470077,-0.016372533944036552,0.023172266394568153,-0.024732476802036465,0.01945794775197314,-0.032260696442283694,0.10988492743677025,-0.1959036734903277,-0.1351133891938755,0.014926608680532352,-0.05252723645245823,0.0946353122666465,-0.13412236902649094,0.038032829304378055,0.12544046105252282,0.10316384803174963,0.0527917960601077,0.03616858830874486,0.18535722370114024,-0.10972768318425097,0.018121676259722358,-0.04881563349419734,-0.053885200269951146,-0.08943369676093721,-0.22254169376392027,0.07601133751290202,0.11925627544423312,0.02907866931410354,0.10331328237999125,0.22556728166379747,0.08143276560945092,0.11043860598691396,0.04174947806548635,-0.045230187372365,0.1314963944386453,-0.0881713954051537,-0.026560085554684112,0.3127069352998054,0.06229301504870141,0.2687350522593719,0.07460006361942369,-0.021370764919426907,-0.12524682445136995,0.08565048967637677,-0.04528039945369098,0.16159435787340276,-0.20311910671624972,-0.17153063398186735,0.14766884703897062,-0.12428617941342619,0.01118270359108248,0.10356439515417745,-0.03987278565475012,0.03953403343943793,0.12252951772152997,0.08507776344880107,-0.07948215449777038,-0.01663161877176029,0.1233337133988393,0.03172370758583473,-0.06890575182261771,0.027554600580325838,0.09968094250612533,0.02125034526364772,-0.028295388103122085,-0.028614388877231924,0.18303522369147374,-0.1088596564968146,-0.07597741147135433,-0.08191070192068609,-0.0034056593801913707,0.034986096477425524,-0.020342329703014736,0.07400540774467619,-0.10789191412011506,-0.024300261702780816,-0.07828282723983257,-0.01917032296247667,0.0742976665457625,-0.06822888330797518,0.10290723165916,0.0468259071566396,-0.0755516904101029,0.019406776608514233,0.009659776942093887,-0.028151587356851304,0.02976898811178972,0.04398684917311424,-0.004552357477214003,-0.05682803862669011,0.01211479528829456,-0.006436036748025123,-0.007286940774916135,-0.007282654629515631,-0.01077773087410835,0.004307754227126737,0.04385750520921532,0.007879565675739643,-0.04054353768039603,0.0029632736012366015,-0.019582822730310957,-0.0011345809030848494,-0.010014907997518892,-0.04609348991140386,-0.03539700266953648,-0.0044694459790784,0.008382939972459981,0.009938972518646328,-0.01252191206281795,0.0008653645262987543,-0.008426317512982534,-0.011822765375236974,-0.013114520584176509,-0.0015779634703096002,0.0005556577676390309,0.0008251511357626355,-0.018318272122955944,0.0110458494206266,-0.0024445913716688683,-0.006671290216414514,0.011162491755595923,0.008253870765968048,-0.0006906903542612479,0.005990601864027346,0.006653446069511166,-0.0006198911322811842,0.0005206483929895621,-0.00128631977198403,-0.0027436582866713385,-0.010684713807051029,-0.0002963078392420266,-0.004725241560774312,-0.0013842061116931378,-0.004713855126290195,-0.0038643102939672305,0.0030142753645291402,0.0035190751777569493,finance
-0.30480044379261145,-0.15279542051200876,0.6455364551291702,0.039599360503360014,0.02195367558570468,0.009655693269083094,0.04442887409660645,-0.18924963307810463,-0.16079385291119308,0.046911965681740095,0.039372494337314996,0.013853159235886833,0.0036289452702439368,0.05028007298233892,0.05209370347080031,-0.009040267826845149,-0.002265796238056031,-0.1109992052191771,0.0078919110921112,-0.023652625970711983,0.2644749003636519,-0.0626525387715072,0.01840485312722092,0.08087931858479049,0.008574349254361449,-0.02031103533706244,4.0479942095839684e-05,-0.010757458741097459,-0.009506469459507425,0.024887097723879203,-0.01875622356946832,-0.0011993071554542048,0.07473384048614236,0.03851769343821856,0.08233534272974856,0.06852292177592248,0.14671719726351815,0.026722053041410624,-0.0012926889282614867,-0.09537128816576103,-0.13171291752836284,0.039125255517963906,0.11007118044323422,-0.07524093992643942,-0.006797627527132345,-0.01828488107458266,0.026733508038373675,-0.009554096920222969,0.004477218568264505,0.033965862043584406,0.0031193410210346518,0.042948989788395155,0.06950847661327529,0.013584379490731519,-0.005869077432149729,0.03864885109890529,-0.030215721510100473,0.02609589548355514,0.04273053231375686,0.04760280670067136,-0.006103501368810907,0.0407514406580619,0.006544347338719908,-0.019313934556106655,0.0007213827604480628,0.000513775363045977,0.00024978403082375064,0.0007666453307917188,0.021815188625054063,-0.04593609961918979,0.012611499167861159,0.013129645240812407,0.004013901327715448,-0.01823743562052734,0.013725967706492592,-0.008059109875208135,0.00498524465711647,0.01976823632108174,0.014296363596027394,-0.020585532858124096,-0.0302341504623365,0.014260313081132315,-0.00221721220686772,0.0198992558242011,-0.009823919843109772,-0.004431154733686789,-0.002147166716594371,0.005521505221950482,-0.03243613636087898,0.005327086088230806,-0.022345831354992567,-0.022981261253835584,0.010398001728778947,-0.01614011419473434,-0.0015514078411953513,0.0037283618795062932,-0.004300798144318899,0.00907241244367644,0.028771901229504362,0.01424602705394902,0.010971676952566293,-0.00706419053018013,0.002529185129830451,-0.02496634682085792,-0.006184153235728213,0.011823153589647611,-0.025194171127229922,0.0007424832761808858,-0.004097342791831244,0.022513691393417714,0.010821175261288028,-0.018580340707202186,-0.021916008435591522,0.02047461004115367,0.006913426373275652,0.02599639225350957,0.01397803557390382,-0.00040301000123512255,-0.03958252654250425,0.0026822439727673063,0.0016151034214786084,-0.0029037607788437838,0.020138907017582926,-0.011657204624132349,-0.013874181793628338,0.007101152048203345,-0.01749364726459062,0.011374591208434218,-0.018796821299206085,0.019941603834647523,-0.0016481526043204602,0.005038622757110993,0.01651310288124206,-0.010658125149366704,0.011362556435472964,-0.01530812770791724,-0.005562788615522221,-0.017713477241253137,-0.005054593809348752,0.010765051841417309,-0.03388504604967146,-0.004303257786026654,0.014607586722824844,0.004004311740061107,0.006983765188861189,0.0003337029527521601,0.034989532283668634,0.013831458646555049,-0.00813713053055567,-0.008280993213889299,-0.004488547416790827,0.03827143021342657,0.004398266047524679,-0.01915495390186747,0.01741875023918821,-0.012757899834150701,0.0322195379682055,0.0019944625971074956,0.06167664497730481,-0.0023946059891962906,-0.008687247772865343,0.012925574389248642,-0.007136554358734002,0.015122748268111637,finance
-0.12269967679934142,-0.005733527643206776,-0.05618420073692776,-0.0238775816047836,-0.02760621253875871,-0.11006880124037319,0.030425203328133307,0.05880206572327807,0.03419645708409322,0.014376579678344525,-0.02749664480249896,-0.2765064430919087,-0.24327425786877008,-0.28241963504785567,0.3109403917898799,0.053216632323152116,-0.04845882416068895,0.09611736903241745,0.005799416493856042,-0.04987215654316909,-0.0572543369410503,-0.07138222023682292,-0.0741117902794963,0.32271844185651244,0.06437416736317142,-0.04236492916382393,0.494383683191517,0.03915414792382285,0.08699557735425568,-0.010584536715444787,-0.03555492870458796,-0.047154396347254185,-0.05324380127736424,-0.0808305821719454,0.04799203122992,-0.03827534035827006,-0.10181821933732338,0.042417640195019625,-0.06151923727140563,-0.005772615176086643,-0.052333818779650716,-0.01587628221894652,0.08846977489464103,-0.0452109420881316,-0.08022577145432427,-0.02470451532543098,0.02678952997380839,-0.012140952128476866,-0.002418523038820845,-0.040529653510276965,-0.008090953226559486,-0.0036537811813067028,-0.028284447225065932,0.010557797190868358,0.0375046925019208,0.010870133043946116,0.04221355602854196,0.022673466911660386,-0.007500138500423143,-0.0473248333282763,0.013521002790527282,-0.0602222098177627,0.004649564050602778,-0.0013620388281924316,0.00804790543069722,-0.005863717985236823,-0.0015784859686059985,-0.01666879422146277,0.0018610725211165567,-0.004943916218921533,-0.008695112240926723,-0.0187575619983766,-0.003489111283530867,-0.00040601104884351296,-0.00501206926893541,0.015863417203038913,0.006123214035308742,-0.024641298882288866,-0.009595380742381643,-0.0061838673329018936,0.0004707116620493624,-0.007871466027845504,0.005294109966390236,-0.0021146294710138462,0.011301905443762535,0.008082032650572345,0.004048952292407689,-0.025773197554851357,-0.008668077054827819,0.021231191921775167,0.01359056905375919,-0.002821851896887141,-0.010900222326541338,0.027815511198790534,-0.014593532608012008,0.010118651679624408,0.007046536269997261,-0.0037787288968913176,-0.006828736242904708,-0.006079328277794712,-0.001728136184939662,0.0008395978461204453,-0.004983128478974011,0.003290715229946349,0.013694249099478459,0.0014490012670560438,-0.012210299330645574,-0.01110581579066229,-0.010052304730599412,0.0017659436475660126,0.03390358744348712,-0.005322514381082068,-0.002583590148209011,0.02319276955166175,0.00221944431826802,-0.00072407086994685,-0.0052312641816725566,0.010993983338986825,-0.011867548460438923,8.487395153279171e-05,0.0023310257080150065,0.0037836582893506555,-0.005605714468878418,0.002266317992697446,0.0002026562635935832,0.005144350079228378,-0.011240408989589926,0.0006044077923444254,0.009527788195967713,-0.0027125645678750684,0.0018167968526865172,0.005375685383039215,-0.010414673804982132,-0.01992654189208865,0.01388980651146318,-0.0036943906302076093,0.022201040132895807,-0.01209290276108368,0.0010176002309082454,-0.021091378367140284,-0.024023466978354096,-0.016980304330994924,0.008171991461231093,-0.02061535914314663,0.009413954058435132,0.002991284360140803,0.01989280413905979,-0.023985363556415576,-0.00946833425957167,-0.0034875193362385428,0.003531759466836585,-0.015000490572156024,-0.003927890713660395,-0.0006467781176327368,-0.006293952034096116,0.022554578191018197,-0.015583590957927763,-0.011439359171465015,-0.032080619491466594,-0.003333184689542208,-0.00010473056842221314,0.021983843059074,-0.04343161519064367,0.0010660339729756437,finance
-0.1280170536833348,-0.003792736484760217,-0.03408832991969744,0.009095035157292935,-0.021366216977973466,-0.10208194912392714,0.0032132456814206374,0.07106830420938882,-0.0029832295329803977,0.008277714373580923,-0.04097907510547298,-0.2748625346307577,-0.25539119152136874,-0.2604082974529438,0.32507336484337285,0.05980415610654743,-0.0549461970975439,0.05954097289680999,0.022418950645738695,-0.025260591677342212,-0.04188354299673358,-0.07705206712841932,-0.07724920238491886,0.33064439745284413,0.04946738134480484,-0.0378465220075481,0.49162075943365097,0.04917982031778993,0.07428140896207962,-0.012383053180328838,-0.05479467777430539,-0.06237712780228836,-0.05992026108536108,-0.07949838418391672,0.023484317421903836,-0.0031321127671981607,-0.11870049150681489,0.04651760810850834,-0.05451467984308539,-0.007873451908556029,-0.04996187878050373,-0.0283146952327989,0.08793182689224306,-0.06826209996341291,-0.06359263383592813,-0.02580539358978932,0.03137576550772913,0.008085408116598707,0.012119718100854167,-0.03459100869943419,0.0013426662857592467,0.025843468386204937,-0.009744597844556037,0.007021162458789198,0.025959089059978655,-0.007335070856792642,0.04248619103886382,0.018234641954630777,-0.0015866324728368874,-0.06445388130001369,0.023459980888946793,-0.024161437511554182,-0.03847591442713385,0.01063760797338286,0.024842124244044844,0.006513759501016014,0.005278209541435001,0.007242830245522411,0.0151406964074236,0.011669198648698757,-0.012869589158406329,0.01260709383803055,-0.0009370884474233516,0.0024767798869801214,-0.020391589293019655,0.003725363365424484,0.010049630590421115,0.014552424185787241,-0.006355570956215352,0.023684850731434788,-0.006161675750827598,-0.029708282668456522,0.00021546112459163645,0.014573222097122687,0.03012905534502955,0.009852413061997519,0.00824415531129698,-0.03215370714128443,-0.016460491722163767,-0.0007209526920751153,0.002449425318872412,0.01835484755850272,0.012890586299643889,-0.0028226165633820324,-0.03347582808949505,-0.012123068548666302,-0.00618015566502803,0.019980441158850407,0.013694904896688368,-0.03691617736766903,-0.009086453560168056,0.010012862724950123,0.0047332587751293485,0.007986369734757214,0.01397525829424887,0.007991763724564265,0.0038449211741866385,0.0013010998187419954,-0.02164764566163437,-0.018001722191499144,0.017883133426419992,-0.03655478342482173,-0.05023356075744636,0.023372393892363307,0.01114215379320243,0.003435187041066169,0.011808654383748582,-0.035497878365769,0.006864766821316464,0.009373590518747943,0.00620387203134159,0.017260816993830235,-0.025317440337412424,0.0164662515191835,-0.03920066052716613,-0.03381203210221184,0.023881449633650523,-0.002917721935434425,-0.008947469542902108,0.010498035530378187,0.013337425771060594,-0.0036724263893608733,0.007820288517206073,0.028007334291773867,-0.023554292552816217,0.0033750033580399763,-0.0009078203876774082,0.02901317778103632,0.005553671681676969,0.006409263437508872,0.01950411066158133,0.014274419462165445,-0.0009534124243892362,0.022893593761342666,-0.014920238987055377,-0.009132771921647282,-0.005044666067134067,0.02472566391248679,0.012970006708633658,-0.012472920655144938,-0.018007207681472154,0.010762828487441428,0.013502251336290193,-0.006735708409322202,0.008081151814333767,-0.015954437427111164,0.018911912051151402,0.0070111328015512965,0.036433156018515,0.00012309774293368003,0.003538341448403286,-0.01654955540790417,0.03810937186057964,-0.005048410322312622,finance
-0.14451303866854295,-0.028229331512435632,-0.08743330495760607,-0.007792088399190768,-0.08645663276712913,-0.09414110061427705,0.04713573805857796,0.02496698512420111,-0.0009308371020569085,0.03764729336182453,0.051417302293558856,-0.03156415978884136,-0.0667350869306718,-0.050504945598396814,-0.024345166577523614,0.05636726553464655,0.024090656575122535,-0.06519324580251848,0.019254765115185937,-0.052030565605761414,0.068859810535225,0.024734478326750076,-0.11999072207717269,-0.07417363139999023,-0.07313845661805032,-0.036002920169953344,0.06931586457282267,0.04838787655097869,-0.22143405450158465,-0.030161772017146808,0.04377026733915321,-0.009482049961489387,0.09660031197492114,0.13243002084090433,0.08861392153731668,0.005685406662183185,-0.04789281369191529,-0.18473387317595638,0.011874834128167588,0.08390300795238212,-0.04268530554167142,-0.06091917602381692,0.042745673034962454,0.11729810805454961,0.017081535430033472,0.016618438413296185,0.0349913700708264,-0.024686883430827405,-0.1017243559437981,0.14334577373951282,-0.02940065753362928,-0.09391680458756572,0.054584616329349196,-0.10267354697086596,-0.109590067630642,-0.03734286445693917,-0.18542731324886558,-0.02818248349344072,0.02600740874991945,-0.1572087120138106,-0.20912351456732645,-0.30758513716063557,-0.009173934650469073,-0.06605841762049698,0.12421996702727355,0.052128709112354295,0.08026851256848071,0.09034678945774238,-0.15016751501494421,-0.01865463220990929,-0.03566393484039201,-0.05688641952308211,-0.007162623988071942,0.011050095101732675,0.00914671930260425,-0.06389943826916411,-0.01633660017763393,0.23323847422135566,0.16340294107824205,0.03314860838681461,-0.04334572379852865,-0.06178829599094698,-0.07840242743246151,0.027678103910129887,0.12765235464121746,-0.1065025556994285,0.03682467667770244,-0.1272522300199183,-0.09745606289764772,-0.052180536746118535,-0.005981552905985893,0.006905808597722281,-0.06349798924574554,-0.039265624437957815,-0.1477909166254485,0.009600777455478127,0.039446324614668224,-0.0978955785926952,0.04676151894698939,0.0429669972422555,0.11516758903928022,-0.02978224606459846,0.01393454673593072,0.08916395730977697,0.015406673948160728,-0.12457554192927216,-0.011816056836783577,0.002004087940354999,-0.008627037494390718,-0.0326277568769243,0.03523973835508825,-0.009873478967505716,0.015186828944656583,-0.058288442732522344,-0.03789671808380542,-0.09490307278489803,-0.08869526763519231,0.004244698762180209,-0.017774972835419758,-0.0009316170384856943,-0.10907213992111064,-0.11200134822186111,0.1270618462199157,-0.00940568981047513,0.15929484312124942,0.0677831458417581,-0.018261287038605464,-0.041871484359771886,-0.12947528639608674,0.007406968516740809,-0.020184040224172285,-0.05567085778212626,0.024849723814782374,-0.04088520093387974,0.04224550165675032,-0.047941690454340394,-0.0440135176158245,0.04492000332019992,-0.06351759814807742,0.01825170101673353,0.015652440943957315,0.004029998226869688,-0.013027682374893658,-0.0020181645487513935,-0.03977459924412163,-0.0026486422623546043,0.0007456289806365957,0.017390354602146402,0.0099853076863388,-0.02308000175090017,0.013116312081381733,-0.00471607433115629,0.005669892310661056,-0.009944777978140489,0.00035969406029969815,0.001581257327011849,0.017864033392506938,0.01785907551116555,-0.006653608001423254,-0.007177762959910843,-0.006604207520477342,-0.010550066956638054,-0.0032668157658107973,0.0012420992994789512,finance
-0.12768780508693117,-0.014855469718502878,-0.09201492880468741,-0.012137660727122693,-0.030600310257393168,-0.02246184538017624,0.02599875887941706,0.009129998846370235,0.018220428250176432,-0.13887049802237136,0.21092470615216447,0.04335626645167693,-0.08200857927045706,0.1956614295394224,0.09582950346774415,-0.0745056556232944,-0.0375332532789612,0.1428444527559643,0.04333800481383922,-0.01495929836313551,-0.05935025212848934,0.01416683723619789,-0.20167429677689433,0.04643227997107487,0.07315430546177171,-0.021259714813858688,-0.0029568417504428116,-0.08478027466642782,-0.047220177587232674,0.05489134113296603,0.01814271546092095,0.023161854908827214,-0.09192566295695757,0.1055673527087397,-0.08169949938395281,0.011527819785909513,0.00933542943451986,-0.03806420893809197,0.0028167180454006283,-0.011021981929953135,0.06170176256224421,0.04715482649879654,-0.012991608944822711,-0.09475073882398015,0.014760653837054947,0.094529159064334,-0.12069791580866922,-0.045139216325195124,0.10500619093948842,-0.02297744033154342,-0.09705219850804833,0.013879858354487825,0.09491317537894194,0.11990441502179772,0.005021747875787183,0.11122158439268807,0.08183256694278224,0.12879372171162842,0.18143521171182436,0.03447189656471272,-0.1892770222865859,-0.018964675049462913,0.09162905644372882,-0.11492665471839823,0.05279624548507711,-0.02280102473952478,0.06904363862901465,-0.05270732575933781,0.02032257667401879,0.03713616120691925,0.005698391011693505,0.01531210910806128,-0.09880374010376396,0.05795090048669812,-0.028758172817674697,-0.05018300810961591,-0.018483689426687506,0.021858623121698003,0.03319010950035472,-0.03843543342743871,-0.054195526400487845,0.0316272846056594,-0.03173088792400267,0.0038692315742375485,-0.026496838572639365,0.10191591347831375,0.14090493122458495,0.010521217152467751,-0.031004230224618293,-0.014524480727264817,-0.0557472311148048,-0.05809604620548319,0.14739205987385798,-0.14627246614485181,0.13381502462170744,-0.14203650335966025,0.16193705723671367,-0.09077453359280728,-0.06045420739168117,0.10408798112809825,0.010092777143452913,0.16204569099074248,-0.03469624385677882,0.15629108893541835,0.03310699137362801,-0.10622827332457115,0.008750787464827034,-0.13951997617408302,-0.07221150071511022,0.18004037926302716,0.015684942757574923,-0.006579015522573698,0.06636035891735718,-0.07933669169705825,-0.07671629330834856,-0.10075209301465791,0.21770225093455758,-0.025851276929456626,-0.030542665687579663,0.09271935852129358,-0.09861795627422333,-0.01601628583271215,-0.0565447238750034,-0.10420775319702327,-0.08971206778622136,0.05660112376636489,-0.006362823551906709,0.05023233123868755,0.0795220979465967,-0.009237880542125263,0.03531102834793512,0.055880358822338355,0.05912452772481494,0.01065365165699291,-0.04969128146441012,0.011114968056328455,0.021997884783810064,-0.029514267658674403,0.012563266406312758,-0.007011990404466206,-0.04827858863326486,-0.013813477228208151,-0.01407408011779097,-0.0016394972413946078,-0.04573451030512271,-0.016210118863849435,-0.006406824396601223,0.051264836010384916,0.04346332093319932,0.027643844451230436,-0.02109756567261668,0.0012243156091803716,0.019748618531529524,0.030376870105506264,-0.03725668183889544,0.022821271906808188,-0.013345430617856742,0.007051083265835442,0.0002939966219914458,-0.0033756682613769263,0.0034897602086041758,-0.00897199079539023,-0.005932590054867806,0.008485321374394316,finance
-0.10522479505063756,0.004853497688241507,-0.06382286856348932,0.017128432043885786,0.008738482713067089,-0.09481225675747741,0.03003011468315451,0.05216279254430754,0.008510262527270981,-0.02203338062652652,-0.16089935441184164,-0.3244589532202539,-0.27296130123972684,-0.18428917700534078,0.5640945366860937,0.002965093659540945,-0.03759440261372487,0.092785118690986,0.1055595446290731,0.17738817949528868,0.04803194026301536,0.018412973056399294,0.188085405381513,-0.18841742598653002,-0.008868956358586184,0.05931452879157284,-0.3418730035365828,0.01070408531041702,-0.0018325431643959138,0.008219107508595329,0.10142481779954766,0.04706839805874347,-0.024705999347446234,0.02945710546677629,0.024227399318924106,0.029300376874327926,0.052930394390417114,0.01662191190532687,-0.02394711513839869,0.021154391415454745,0.026636796847845725,0.042605445497576125,-0.056982733332484804,-0.022349172916201292,0.03517947553217273,0.025192191913333835,0.012518284809570509,-0.05910586651684453,0.004981238996369965,0.050811747693221686,-0.00841378807204364,0.007890920094070344,0.056409202095217624,-0.0243631845037837,-0.024622808939522088,-0.03462483854900788,-0.05927749082641618,0.01654694993430574,0.017344597769952917,0.0241150786099495,-0.02550314052331239,0.04192422370962698,-0.013066285819639393,-0.0014291452183603968,-0.022720541931882988,-0.001225559430665177,0.011008592714221829,0.03796542610495531,0.006388635701839119,-0.005565966839858498,0.027880562349176827,0.028347074479216753,0.013273661536120827,-0.012806718602105987,0.0060985823647835636,-0.0051404769877360975,-0.007843577989675232,0.010079826400817856,0.010134207907802516,0.014200442603003668,-0.003917061195358436,0.031129925205065787,0.016249839750451387,0.004735605646253848,-0.030246113817563435,0.02356460134850211,0.011117382831431766,0.03130515129721779,-0.01492357946838497,-0.003264180102594968,-0.006941060512360291,0.018315025485494255,0.002326701376475312,-0.027749911849164404,0.018182538432648547,-0.02259546798896512,-0.015373944488953937,0.012872068843952205,0.007018315063595033,0.006470680534057838,0.017001833502868147,-0.015059171035051394,0.004173285454056465,-0.017422302068823912,-0.0013463782284749836,-0.00812829121075898,0.004195123947104681,0.0032257977393084837,0.000141753175259068,0.0026272244348694547,-0.014480674005814058,0.022845738187421364,0.0029479693174034394,-0.0014193230502765081,0.00461540938135289,0.005422120724960395,0.004231104847111268,0.007925630247300348,-0.016082829905859727,0.0006353053283298325,0.0029261979029244862,-0.003477357188931351,-0.007783002992804844,0.008724640842138425,0.022388901342700766,0.009948653489613187,0.0015959200535844115,-0.0029038951893124365,0.008535424438778206,0.009011997097443054,-0.003968744563910268,-0.016843482495284744,0.009188716070677259,-0.003175198769088548,0.007665262812659919,0.0025305586928633405,0.0008841119095491189,-0.005126749337335352,-0.0046052544306639225,-0.006872334038764666,-0.003950933926330715,0.0010750749744491642,0.0029045775033723744,-0.021205660586884403,0.0019163853209543742,0.0006850245253075439,0.008961758194165812,-0.02140835253775282,-0.011183368484984644,0.0008191935661857238,0.014774949884441776,0.004201663142610185,-0.0016582591154835193,-0.018629702803117282,0.005232483793345558,-0.007371954947348667,0.0013263372962353456,0.00578288787423736,-0.005044825922610398,0.0013275332435651076,-0.0003896941129268952,0.00648802662749387,-0.004075684906226884,-0.007173883591588053,finance
-0.11835959557778239,-0.0029436293735958935,-0.059196820157387676,0.019841223962043786,-0.0016699696042869153,-0.09120382348057356,0.04179972966452143,0.05028370410891833,0.01847463378851534,-0.012114723465022018,-0.17777197227943123,-0.31326579939387633,-0.2662597210951601,-0.17012998315787312,0.5711851968033727,0.015459748509189797,-0.03805766305565862,0.08908815863640135,0.10064563117320204,0.17485519673217664,0.05669786943517592,0.013495686766144968,0.19045650445460063,-0.18646735627150945,-0.00909810100722909,0.050199267145178875,-0.34685510476001724,0.0270443045187415,-0.005207719482088449,0.009407677159553205,0.08610220553771863,0.05052078455617526,-0.016156323188514163,0.013945247674746832,0.01730931654831241,0.03546532354479679,0.058317884229828774,0.01880264328348227,0.0019289168882223142,0.029152492013313554,0.031737090703694834,0.03505451808754429,-0.05390206312259651,-0.007455139172144655,0.03268043239040952,0.019880620757163004,-0.0009247434900096881,-0.04851222301621837,0.006655691633252871,0.05723702098350311,0.006289834140462626,0.004728316653266087,0.048118115160410306,-0.01948747518568559,-0.011029864271591772,-0.025953611299553654,-0.044684377233630466,0.018165565945219286,0.014308222602689444,0.01576713135390131,-0.024800636556403754,0.03361813436233338,-0.02000697334605257,0.0069289279576132635,-0.015091629841491422,-0.01199304728932307,0.010127979133006126,0.03094786221190621,0.008877475206049736,-0.017781095759546246,0.029050185403044146,0.029739907731104773,0.0037752639620271668,-0.005498608012695558,0.013485891914096871,-0.016773244508952446,-0.0061929290937770606,0.01501575260768591,0.013023112924506947,0.015645200722857303,0.0014475229001444524,0.01919033840385051,0.012443092425466502,-0.0057097303752913576,-0.031249552983400316,0.006771272916161993,0.011213245526670915,-9.098736832158233e-05,-0.008433233071712157,-0.009225519979809358,0.0018306410667821512,0.016635928300477703,-0.003533493659958752,-0.014584819197244255,0.01349063116600491,-0.009090977174773324,-0.014790686991523904,-0.0006824635987184033,-0.0030257011454467666,0.011024341821595531,0.011795704358718498,-0.016615809587775237,-0.014098258723652437,-0.01882580851334288,-0.010226711127790401,-0.00785524349803595,0.003420974006426913,0.007559657036713028,0.005974984865331111,0.0024565127524509697,-0.012342412756355413,0.01279860823600139,0.007702101486532348,-0.0017462745414256271,-0.004115962787549256,0.0011748780241783634,0.0019496267548887959,0.004046745711027776,-0.00962776772081252,0.008807159308628394,-0.007359355745607472,-0.01260957841403578,7.40021931244567e-05,0.008861426209595187,0.010035973877461827,-0.006317273017898959,0.0007556911641898148,-0.0018678205820881813,0.0014001544616270686,-0.00021996872649584142,0.007400961596344552,-0.010791734871497973,-0.0012249920403805679,-0.010972843238709791,-0.006372767901695123,-0.0027312445392300563,-0.008529840787179124,-0.009733095128952455,-0.0019708179008011803,0.008808832421397066,-0.00917957196707086,-0.002385178741608379,-0.003279297881268978,2.2901164675941337e-05,-0.0011002849368150346,-0.003947201353934531,-0.011991029760388692,0.007461856560197984,0.0007092542993594717,0.008153784185424775,0.005553026580364635,-0.0051950316509946255,0.0012226475363892725,-0.006963466082381105,-0.012629330316191761,0.0010775136713779738,0.0035761592792146347,-0.0006534306750029941,-0.000875965156293589,0.012778175543020824,-0.004580767636983787,-0.007494133443331059,0.00238061740087768,0.007228774304851062,finance
-0.1287567369033522,0.003058428913079491,-0.12271705226387522,-0.07190308019264904,-0.09891838144452668,-0.1349252310956568,0.10087652534567713,-0.024463533182950123,0.046811976460763724,-0.014608780014383876,0.3334775499111736,-0.042747508609729735,0.06302477625132025,-0.10931564107459514,-0.005279668440747472,0.059942223228647264,0.01885883813585392,-0.0800942863959772,-0.04602859998698643,0.08316473209619406,0.022134413477736765,-0.005633614344509312,0.04603346476390826,-0.06552713490176271,-0.10313476450060743,0.03973885165672442,0.007431641976342945,0.012216796574401416,-0.08946655456005474,-0.06167279988624217,0.024885153296809508,-0.006909106356144566,0.07950972357424425,0.059770134764698266,0.038629789305619604,0.034971589835755164,-0.05735938116603137,0.0608185682993734,-0.07369167470554042,-0.013295335567285304,-0.023497375308177144,0.03394457354777697,-0.007372181731227711,-0.0946296251333597,-0.10999150411293951,0.023647406910666264,-0.036485463636841575,0.02523866160802704,0.08844007846490227,0.0679168806232265,0.0908566743660478,-0.0545854714568474,0.12529918581914926,-0.009212724714817287,0.052976119523224896,0.15159535349366243,-0.032309167116454984,-0.08396106153788298,-0.17615838584598878,-0.040005633066916776,0.11252323039125016,-0.03884023123767277,0.0001625965555977579,0.023823741855333255,0.013768718245398512,-0.0466634475925672,0.09254172870634315,-0.014742380267322377,-0.029240312821414295,0.10348308228826215,0.030696946160884957,-0.023702628693572925,-0.01563223364064982,0.06496451007861268,-0.059033618569207066,0.09177450157739431,-0.05032126451850012,0.009034805990645047,0.07149624104881741,-0.07736998629378347,0.2559214415381705,-0.0674501422102529,0.32641758185994874,-0.09051396492148003,0.1458594340051026,0.11191523518134944,0.03960327534614685,0.04572414988469078,-0.03169246223625572,-0.09299563495471973,-0.0030873527585946604,-0.12549050470826992,-0.03482498806477921,-0.0006555527469836343,-0.005486890569283426,0.17473277402998807,0.054496549020359907,0.011695757434382573,-0.0038140054023372894,0.17295051652323412,-0.04277255257441764,0.048246520837633866,0.09212296036516443,0.029642016313480915,-0.028296366915647554,-0.11209223992124148,0.105380380161356,-0.0721824758511478,0.06113372472125203,-0.13986440917126994,-0.12292936317747528,0.15264900709050705,-0.025535995007813866,0.026547596728322406,0.08849420837852032,0.07520610926290247,-0.02646248254305768,-0.01948460351613896,-0.07315062580519015,0.048080224733685666,-0.03176788320530004,-0.008368482871915963,0.020483163913509975,-0.11555244141944407,-0.1353944307218371,-0.007260744537425597,-0.04765423801750559,0.06558954645097291,0.043000542265096565,-0.061918724098942605,0.013202204526905533,-0.029404343542642385,-0.0660729916721291,0.01838448528728809,0.032218447332839795,0.02702778643056347,0.010640630491342546,-0.019774373197715734,-0.006028372884377177,0.008153735140743957,-0.013612019749372156,0.010611442394065322,0.010804087565137229,-0.04246995185871564,0.02894347518648464,0.0017109191539925017,-0.008535373378142577,0.01212816906032091,0.034112235879380316,-0.031195162582074012,-0.05099824489995537,0.0653043686618308,-0.044656225412882944,0.047234064511781734,-0.010084441725708358,-0.02568881493926794,-0.017415428231689595,-0.0017438373606594132,-0.006812051373653495,-0.014027697213691301,-0.006848903253227173,0.01082864452846873,-0.008519205657100203,0.013147932198773638,finance
-0.17328795580120246,-0.07155900478588845,0.2534988287801807,0.015395072988261094,0.012841824045162981,0.013614232770950155,-0.010725539654237634,0.012482874993428695,-0.01385654127234824,-0.07865529513519648,0.009100853935170045,-0.008581997988514969,0.11721874268720192,-0.033199993696363804,0.015440131382754003,0.03769028553903721,0.0060534305038806085,0.11220955822350805,-0.062108567959860944,0.057324215378227975,-0.31093069599766826,0.025070226127471534,-0.0001119316148242308,-0.037600398035203084,-0.10473856021425888,-0.0015237322680970815,0.0688105404340975,0.037580058182941405,-0.05992025626263903,0.008221020353006774,-0.046884313475465386,0.020011124228223133,0.19009800406063798,0.11355089354935353,-0.004809123423361766,0.2234958815052605,-0.061472219886211876,0.10736866406418583,-0.1494712469800004,-0.06145626563869773,0.11507449643261869,0.06539560056633784,-0.005840188900410156,0.1591498039594946,0.07872633395043067,-0.0076432335816333805,-0.10586819301274034,0.12511146746728624,0.05049129032785808,-0.1095666943436747,0.00028873254323237796,-0.04724081097581003,0.1469741766236901,0.05237197962705242,0.016023718341780582,-0.14068873295541573,-0.06659203998787146,0.09373706395063708,0.08974542231926134,-0.047604369890310645,0.0037903793120158402,-0.01517140983947984,0.003990908306883194,0.07588512749325618,-0.02356481404849288,-0.0848673292053333,0.06379863849088648,0.002783471316872288,0.08709311176830115,-0.06452285111854902,-0.087178990673171,0.0500321352333438,-0.05859571944625006,-0.03815609431655674,0.051352596673961234,-0.060904144522480885,-0.04104685748475906,-0.018384091384248978,0.050557866792255816,0.0867601817805439,0.019135035292613626,-0.020386930358673467,-0.08103834049610631,0.028116872598356747,0.1074103925094519,0.02348081094122754,0.028625678143990394,0.05818276646361926,0.05007589117270445,-0.044221258043443866,0.0873473684693157,0.08555619863025567,-0.0288141220717273,0.03858009388730245,0.15077503922281044,-0.012729089080711733,0.02262437068925203,-0.03665452869078539,-0.06133284208366414,-0.08453134396405167,-0.04205083425171023,-0.07971650863436691,0.024705929087673186,0.041112525624138155,-0.003524229755071773,-0.044916581102547426,-0.02161593370982674,0.04875736851395907,0.020373046281146008,-0.012710635382647249,0.03869323487052197,-0.018351570896511644,-0.02526500732914449,0.00747870975034489,0.007597571305808648,0.0029949563050999184,0.008046508461973073,-0.02080218611574005,-0.07456184811442275,-0.051429622781709886,0.003527188652683358,0.06245294703028521,-0.05776024950216065,0.02230189386515515,0.011256152591544692,-0.04030834245138972,-0.057266847728808606,0.09284843688848055,-0.012795567274689213,0.08104205156810973,0.019858822561741644,-0.02630277683386029,0.01597654620671071,0.10649336183721295,0.11087499754835957,-0.09952228174187841,-0.06655181772818088,-0.0006391556062028844,-0.11459108496490845,0.10099633040425797,-0.041038707001898225,0.062290821699473475,0.06461116483898233,-0.09454574192872836,0.18316783802421832,0.21557812429009354,0.04446723081412256,0.07658746227787187,-0.01266924221584518,0.11469406744886251,-0.004299052977550371,0.028796138317501333,-0.028439491721004684,-0.038357493886431455,-0.017183086371311874,0.007553636797213057,-0.023421291771104066,0.006594658302963911,-0.009751929197833692,-0.0044600721406988075,0.025029287499454735,-0.010365566935211542,-0.010930926744779933,-0.038612060742599125,finance
-0.14327731339025063,-0.03772772958472631,-0.07250011257306255,0.01842281622132392,-0.05832977159637368,0.06695375251676036,-0.07902000019980378,0.05447916019787484,-0.11567477476250562,-0.061001806187858665,-0.09649592375612474,0.05507394936481446,-0.1116587375383389,-0.023222266320214364,-0.13604583548808596,0.09708509763205787,-0.09904311510494122,-0.0909700923461704,-0.0085933501287247,0.16293918407373995,0.013903881292825972,0.025904988821080572,0.0071641363311026095,-0.02255524957131272,0.07209178491043766,-0.0025928904747834843,0.031176997821235904,-0.11725104312707002,0.0647295632171888,-0.016533713140174853,0.16166530170651183,0.009500746164272662,-0.0341165710418778,-0.012317333879318338,0.10425436779611559,0.018301042526259324,0.07957570469884183,0.04066726740778616,-0.03177118252737316,0.010598364312583859,0.022965037898772717,-0.07749225889169312,-0.08294775644796137,0.09101469509445499,-0.044275643924530726,0.02289020222666842,-0.012590801056072102,0.049784530779240076,0.006384132520485291,-0.07804961319447157,-0.02695841707966805,-0.12818837366025487,0.08489742035729299,0.08873431840252259,0.04783632540794815,-0.016491850608506334,0.16723109724344443,0.02100810949515902,-0.10490094977789732,-0.18017645507247856,0.05192618211594672,0.013933545208173498,0.08532120434835942,-0.02022021001271631,0.09210665637552944,-0.06570604358186576,-0.21854327859055794,0.13412991708617686,0.1077052397583915,-0.041461174253976205,-0.07130813677943483,-0.041975386872026954,0.06934435583853303,0.08181152657559107,0.026630692910546445,0.04730148309732201,-0.06322255339011269,-0.0076132767751920525,-0.07530123278139363,0.06541329161107268,-0.09915267286217111,0.019360469903980777,0.2649787951422447,0.05817245144585169,-0.09951024887997428,-0.02457065821240761,0.09132497117251337,-0.0027195134095697017,0.044090815378227795,0.06388721779002429,-0.18111132381083708,0.050033509228659866,0.11727478192585679,-0.2518772150572069,0.04908750704433279,0.043300428478610785,0.05267326492992521,-0.1429234590929853,0.04146498538547491,-0.05844536379318862,0.09357724901296528,-0.10025720021841726,-0.04783042561424791,-0.022902021048014296,0.10893613837962572,-0.06668197049382395,-0.07545178583310394,0.034117191374548085,0.03279343623326172,-0.03242370410176884,0.0927700637036094,-0.05075358591484661,0.0307221529608745,-0.0923507666528209,0.02852939283653184,0.05898039767891971,-0.17630773006875067,0.11113511336939041,-0.09713161458388925,0.10605387301612856,0.0668276378846681,-0.007192522146834675,0.030400059529421295,-0.06924541795795393,0.019722759584153534,0.0024350502163118914,0.026027855919431055,-0.06521447345211097,-0.06282276182999057,0.031335584555684644,0.01797618738150914,0.06639552500866043,-0.055722335467740976,0.11362840869187654,-0.08484729020779785,-0.021457011203996453,-0.051602424761103334,0.03584784576544068,-0.0027387265607329275,0.01662209597642996,-0.011420245744096422,0.02441001518456369,-0.00963352053264097,0.019440256263350882,-0.016354941074357584,0.005367859763876186,0.014442442442476684,0.04222867874116238,-0.006200319120384149,0.014431103664724214,-0.009569229756054244,0.0077783918284398445,0.0014594812648213735,0.016673465742221553,0.0022447187972385956,-0.01869225454452939,-0.01726621850334726,0.01565477108266589,-0.0026611414192288427,-0.0214972063906533,0.0017599431899387487,0.005826470152323325,-0.00877394748806357,0.007504213247796391,finance
-0.124387952072132,-0.007854183951531674,-0.019091859609311514,-0.03490433931437933,0.0015121806216444383,0.028187045282680855,-0.026908234612556467,0.034030214928478304,-0.04181765726789804,-0.009315613484511551,-0.005629527304162304,-0.008457084189750316,-0.0023328221206667527,-0.02303348700951031,-0.030228840282820444,0.03474445921530281,-0.00793297064301067,-0.059914648640178196,-0.04575987638701032,-0.08674319471512958,0.057188717862833,-0.022547454942189536,-0.01426407028142923,0.066630610756153,0.12848928319825792,-0.0702438714314763,0.010723530731718894,0.0008511312940806232,0.10057595297357115,0.14687702331799798,0.1336165523673814,0.10199769224879074,-0.0007154086314747473,0.011593550125493858,0.18360093474648495,0.05524622715071096,0.31154527959267925,-0.14433938515583872,-0.014287401561486968,0.059899056647447345,0.270977793459028,0.06094338856913021,-0.03702980204481484,-0.020160427946684118,-0.04391564036686192,0.11633323822021874,-0.05772248778548481,0.03411389223543018,-0.03567550159903907,0.11029303436480138,0.05610915531080154,0.13951555335752513,-0.002412988942907553,0.10726965229576953,-0.05294205056381128,-0.12207753614851673,0.050403271766143835,0.017618169317321377,0.04426083019809282,-0.18010802353050415,0.0643726201068247,-0.06525569727191342,-0.15526764571482138,-0.02671957587574187,0.00953746880719548,0.06102671132181746,-0.08533788655057617,0.09994968876532681,-0.11211133857285559,0.09994001000616626,-0.015610778077433026,0.029732048080868066,-0.10525084203049385,-0.05099015678417416,0.024806653400315536,0.23232295957516647,-0.007026494714183264,-0.1775565824429355,-0.04152538802338741,-0.046133120492496724,0.07656384764762239,0.08344914479201196,-0.03934277049595048,-0.011567474598032298,0.12433511168548866,-0.005254181414105765,-0.06194989559328955,0.057298700286241844,0.05453853316766476,-0.18289860347990536,-0.006802100456480166,-0.06508875224908164,-0.041320863708954415,0.11875840962609735,-0.07340585500468695,-0.1148780087847577,0.03959997553562485,0.02195622312588596,-0.15033205878307884,-0.15683682546567637,0.03155690155956916,0.10681049779106999,0.12423532648043398,0.03293957976647523,0.0836077740578497,-0.10168152748068482,-0.048139125344513964,0.041858816006422786,0.021049969646199318,-0.002801950533738169,0.048127017766552656,0.0657156001348306,0.07186718511395815,-0.07600851553622447,-0.04083137651171136,-0.0702269674112217,-0.08917962908162347,-0.0999723300040743,0.02610833587194466,0.06577977172680473,0.025877667283677467,0.011554860893349953,-0.024529780864508004,0.07843616898954073,0.03909897323516294,-0.007195660612420624,-0.03996980868867214,0.006141439371952948,0.11546665729102179,-0.06758324481335518,-0.01285311928034147,0.018902815264645045,-0.04900917943155309,-0.00920343915090483,0.01361346055942785,0.01593498494441847,0.034758366774670105,-0.007419474089969904,0.037511261520709084,-0.025132383242192333,0.036196859790496035,-0.0003577128142414035,0.0040956412802454,0.004267433432457452,0.04228268335310585,-0.00908326950214419,-0.023133037378782664,-0.004759484547617503,-0.005928245505420448,0.024241473499318166,0.001391679447922189,0.024791301471808032,0.026053766093683768,0.0026404384913542773,-0.035848917510383854,-0.020818282077675606,-0.02209618851119819,0.006882007529740708,0.0033723647118731313,-0.006264636648358142,0.0051967490942887865,-0.012053491685356927,-0.005260956431885945,0.017864130179945238,finance
-0.21515648429112846,-0.10431361298378532,0.42857606157788253,0.014388527514998684,0.021918567706137114,0.013294159505449089,0.02515813944432226,-0.06950770236581374,-0.06637182159839117,-0.0022188534423868765,-0.014571009296891025,-0.011417972241103606,0.042478437295614256,0.010633840899094343,0.055489092228824935,0.004017454424523845,0.018105491004513436,-0.0663294386671371,-0.0222462441433921,0.02096245323640103,0.08288725529849332,-0.014593115706799234,0.02497318915028989,0.024672456019369515,-0.041284437039416096,-0.00794677208028939,0.010530061645915594,-0.049505504408551636,0.005958155836263689,-0.04275892001675537,0.02740705255683605,-0.0026307433509624102,-0.055550450448550594,-0.06518369562741409,-0.1303783415572794,-0.043328076777269756,-0.2125074752184315,-0.021330883695600183,-0.00875725163376344,0.07399996201731955,0.17858831780553847,0.004426244990637416,-0.08356334981651276,0.05824988047197343,-0.00956026524910331,0.0040224821891031715,-0.12887522894671163,0.06079011516149107,0.05004166024469056,0.04590724791873351,-0.03152296509371085,-0.07465781636101271,-0.027251891197599572,-0.04189888581452226,0.015648763917361495,-0.020492548657620333,-0.06502511475351935,-0.011837639221123776,-0.008458207511587192,-0.017936351223016078,0.006245421379595851,-0.01580045612871823,0.04417416867439301,0.048334805566007284,0.020828153815893834,0.002489281973455099,0.09092935337237378,0.029589303486250662,-0.008741353818928222,-0.03725124411864776,0.014706027627361977,-0.10228913432286348,0.0015286477787402747,-0.013318106516456147,-0.05893697974507093,-0.025913541039651627,-0.012227021956096396,-0.10534028966436255,0.02350907044501641,0.06499380625081137,0.06736366448042977,0.016978226045121187,-0.07424200020966046,-0.09078870075112448,-0.09452507028871375,-0.05878644288142191,0.01154059033368323,0.026873478340175252,0.06818600347246312,-0.11675613624270512,0.07033647120988529,0.06020425154453153,-0.031133097355799055,-0.10755904199345925,0.0630274648205943,-0.02236395655607519,-0.023352009781355612,0.02355944199726426,0.03235131137932558,0.0371981917321961,-0.0331645543096937,0.009260064258867322,0.02517045254522083,0.061035725475794333,0.030632917982115336,-0.06806324994908605,0.11263705829446523,0.024524835792874105,-0.0014940251670909983,-0.10436795279148167,0.04640726283993018,0.03172418670159385,-0.018913726501569503,-0.04832891153829528,-0.05479073157750085,-0.05667132651860636,-0.06972314710560508,-0.08949402461931336,0.17907897991955038,-0.13579254799750348,-0.04927106380856225,0.023574671991578863,-0.06569724039833999,0.06588503328909974,-0.048197730972656755,-0.06225527564450735,0.11251656435621937,-0.02819588468090838,0.10927953076360533,-0.03828291055943998,-0.0009145477024460176,0.1416149381967695,-0.07244691453034631,0.10987699692390214,-0.04492310526731191,0.025434680433247314,-0.24923880888324562,0.10374252830066895,0.004650645192975907,0.1753766969525925,-0.1112733640336504,-0.08255575651998343,-0.08065222052256579,0.150840819744955,-0.10910841393295526,-0.06308567968108789,-0.01941269878204595,-0.022430483114330702,0.026670343735972008,-0.11177554769437037,-0.0005948392411780463,0.00840814775039353,-0.022069127456113034,-0.000730360506595088,0.02268007076101797,0.0016793414129817504,-0.015814800098250544,0.014910053586631729,-0.0521763072899146,-0.000573159538551781,-0.013399102544655218,-0.013758234767515858,0.006326545073909749,0.02968920268935843,finance
-0.11984400405315673,-0.019801682467990304,0.018099226528236385,0.015637988632787838,-0.01674508675057477,-0.03298867503706725,-0.008017281855447126,0.027173595366197876,-0.017374026820468128,-0.004724371950861017,-0.04665586079833092,-0.08624477886812913,-0.08075404042931948,-0.013140608553430294,0.07130359621584592,0.022909537430351488,0.004427581560693691,-0.037232867433415175,-0.006133524414276457,-0.017481064311931277,0.04089414330142733,-0.009144274642479187,-0.02466149525488707,-0.10032651473380746,-0.02467765239483644,-0.0040887034262148845,-0.06987207365114001,-0.08021991457681285,-0.08831208408200356,-0.0367384353717602,0.054689531903129404,0.03970161107000383,0.03778575541596308,0.07117283365537758,-0.09895582115019293,-0.02201109096845991,0.06792195284727984,-0.004485901784556705,0.05420478117069005,-0.052248968508547676,0.03817233704721092,-0.010739650010383081,-0.05780340749913283,0.050419733889670616,0.08720621050606671,0.044333026938416724,0.002159734484486879,-0.032705059114188625,0.011546626269517695,-0.17685613574405606,0.0854818933596004,-0.19965162651041368,-0.025343489620691887,0.029838489784533448,0.06984482913852141,0.1116097672463939,0.26824119986929573,0.0003980150217143574,-0.004395687658712327,-0.06787630567642784,0.4219729308115899,-0.06707684524456438,0.17497842957222345,-0.23345165935795595,0.10268617383070829,-0.21430830708890386,-0.18578102070315217,-0.22488547263312827,-0.011518564771073343,-0.03696439960108728,-0.030572190403036815,-0.22057960583382788,-0.20217733323313863,-0.024354916319313746,0.08369031074755168,-0.06030792109577822,0.05935455659509762,0.09552025629743806,0.0497290548526357,-0.025256411390379988,-0.07466562700073849,-0.1103034503849489,-0.13985600140928728,0.044601984526686005,0.12794806057041738,-0.07996493077651531,-0.07664454440270115,0.040502959668964306,-0.02109227874627872,0.013816180262302928,0.007059239749525845,0.003450789116628154,-0.027242643418594965,0.08598411410685412,-0.16092169411815554,0.03928411797824744,-0.017269285434943334,0.02340442178176926,-0.00041938726009774506,-0.010762697259177941,-0.06573261249779969,0.06217201128831848,0.012147767656438772,0.06167396299791389,-0.0024771391653611893,0.027905962065942803,0.10121996451532274,-0.022768978005362466,-0.062398198226957996,0.010695913662279552,0.08874801775136196,0.014617187585514141,-0.05326688013961748,0.002447826268542597,-0.0017171182263821744,-0.012611389726995775,0.034041045891023206,-0.020944963090652635,0.09188556184651654,-0.025163898223740343,-0.00991248105342428,-0.009020580829447122,-0.0003807838393948509,0.022165780516754986,0.0002936746199924294,-0.00011408833821029986,-0.013702914760813922,0.014743380975575236,0.011095887556950582,-0.022385759807530634,-0.007610493511604162,-0.0075535061961900275,0.003492149681146216,-0.01814219092236345,0.008914364112656878,-0.012059079584654391,0.02106456341301993,0.00012516459082231575,-0.005939746327359914,-0.00352256158032146,-0.005698088282716111,-0.004829658821969004,0.008336377330756966,0.0013019267919436772,0.003978770181050309,0.004136382025452971,0.007944884032069329,0.005454315931452316,0.01095472131910546,-0.016134426989774322,-0.006451103870041104,0.02217052742005324,0.009181251375075902,0.007273399047879631,0.002293182624799854,0.00012094281354104586,-0.0015631125223738284,0.0023878410758027147,0.018446848531527612,0.005607461887188439,0.011001336966970846,0.0051906765533211935,-0.009948072971121408,0.0009586838989336044,finance
-0.1598082697769756,-0.056722919734348204,0.1516422916200037,-0.0001891515865544184,-0.018526662789357547,-0.026953025410062472,0.01227415883536653,-0.030021064987208503,-0.09842962053078269,-0.0650353332047789,-0.013221783339040767,0.06477500015233952,0.06402404020910601,-0.03527801143772629,0.013581163129939839,-0.04288593429139777,0.03897112642325148,0.0072595028113960885,-0.015460480923458085,-0.024828630871196477,0.09104043265136413,0.014949274877133387,0.027380330988912734,0.009235478385898492,-0.026529625832380044,-0.012998598533327087,-0.0205735114573929,-0.12944726995691108,-0.02946323374762909,-0.11451511727479481,0.059513989792567945,-0.034327489511715485,-0.19077899146188712,-0.0904362535207363,-0.2022182945427261,-0.10045731172938938,-0.2964021116173528,0.009432514312306815,-0.02058098929543233,0.13571315512248233,0.25173499933597937,-0.003928141800993425,-0.10038816416134924,0.0004652562238810232,-0.039864810985302535,0.07314351933351886,-0.08303329360621187,0.013561319250780671,0.07410010054871964,0.023664789754210613,-0.03543524191949501,0.05689885508768464,0.02396236170976834,-0.05491565223723175,0.039212560026269244,0.029871571412945726,-0.08531555967715503,0.058835298920559595,0.0019051476774464046,-0.03842232249627814,0.08148079703773142,0.0235166705594782,0.007787197817930242,0.08293972387775336,-0.06362282714654861,0.0012933820507322225,0.007973187465066174,0.08075386400539956,-0.06719849290237394,-0.006199754342499589,-0.029725496638848957,-0.20297407227292122,0.12789529661331986,-0.08446368377420237,-0.07098047458792577,0.020304891748397707,0.0835772785271849,-0.21680423888473196,0.06738395099738896,0.051165071012351133,0.02201403190828804,-0.07064052854223721,-0.18030423554151043,0.0066377821017572355,-0.0349632266676053,-0.12503272364120321,-0.06000112101326531,0.10979502498220771,-0.14888974692701346,-0.176474429076297,-0.0656253037805351,-0.12014711085498844,0.03604704690753258,-0.00010419283591785495,0.005347764634478309,-0.007270015604539582,0.014833616851672476,0.07409538153473964,0.14971680940819107,0.082226499795387,0.08515323208704074,0.009214961502307883,0.055899733624836793,-0.09398948323790787,0.07457880764640978,-0.0006296976976187934,-0.09582902421372748,-0.014175706778063823,-0.10374922643238625,0.029638159205717423,0.0648826830821977,-0.06563345671402343,-0.02046335101586458,0.011620830377997108,0.09992746578639884,-0.005646440934074097,0.016767791159838195,0.058982167602151664,-0.11333597032741823,0.12446611957747826,0.0703290018274036,-0.016271705095322456,0.09770263404875308,-0.07636145057553557,-0.007192527334278061,0.0030558665117541477,-0.023617817247211122,0.024995314289898915,-0.08641123990557956,0.03858122607661069,0.049513102797744415,-0.04696645056007034,0.039087031034301556,-0.025194756395728705,0.00770722931575783,-0.031153377241317833,0.11475880159227736,-0.04264106574495569,-0.022600445422702155,-0.10265583557402944,0.008275109669581416,0.07139828706074813,0.037383244623005865,-0.060166579034707665,0.03491945948030988,0.02881297861276437,0.02150364711249861,0.002945720356006575,-0.005972059118096397,0.0330529373888541,-0.016449403275981756,-0.005968961357336936,0.01921435691717141,-0.0038106522756705904,-0.009799308679404149,-0.00864290205556788,0.017848160979775023,0.00033049648143960596,0.0386599413653291,-0.0030862219656651838,0.008929380152679614,0.024503146604295426,0.004096896381490488,0.0030106593622845437,finance
-0.08429417501577388,-0.03999450707683693,-0.03590715650756004,0.028200938681434865,-0.037041616019700706,-0.025113583311976287,-0.04506858159959857,0.10552212568163936,-0.06152470333916469,-0.06181951806722614,-0.0698124617736273,0.018718793845780585,-0.07926580392034238,0.013352239375177018,-0.05569460960171709,0.05030553638664013,-0.003999818914613155,-0.0533843680107971,0.0030054168969131873,-0.05465008698507153,0.04916423246352751,0.02542924880690793,-0.06711189634395068,-0.10896440061881708,0.003356943699113607,-0.04605956793546356,0.01641316187163306,0.0605442306158646,0.07810865145081015,0.01289444944355703,-0.0865313756413131,0.00032588246217547616,-0.015817412615943795,0.0047532193145063345,0.015579714930850709,0.028443991596530185,0.1406409498076745,-0.014378955098591785,-0.00867380257620217,-0.04882971355513512,0.09889570340372984,0.05748093303392499,-0.09265042228027423,-0.1322762412948139,0.027780342296407273,-0.12128359814036671,0.028051371515955433,0.06319004508266929,-0.18524667490416089,-0.07303601083258186,0.07001597592019373,-0.12206125839520997,0.04951454181052371,-0.15861089362441164,-0.0109267808658266,-0.16583197412311015,-0.006417671121190217,0.037887470894393906,-0.1896354628975178,-0.024796408328150554,-0.14469454480056002,-0.03236100331017904,0.005362837441555332,0.19314194719371353,0.020540509602241096,-0.2947457591202265,-0.09145158409477203,-0.06499371925008574,0.1506591051622857,0.08379006803979847,0.09725213592478801,-0.019206085411983077,0.06351744571658241,0.06636052985395555,-0.2631708657350527,0.24114879598259178,-0.1582722108008567,-0.18848796943929969,0.13692984372872746,-0.10542506424849586,-0.1778453656718012,-0.1781275907149563,-0.07338737920083316,0.05757026964986211,0.017687611531538038,0.055119264073703135,0.1647960281540871,-0.04112770855494618,-0.06517312179457478,0.01667440714847806,0.1886446766729091,-0.010216817207371364,-0.002686296112367396,-0.03803276918315005,-0.045438972081022135,-0.10441289304692018,0.08323171468310024,0.02460270270667218,0.0037993976345765987,0.0988715837249443,-0.04997616871620866,0.06817084087324822,-0.008717457451784042,-0.021091186992454127,-0.019384572535867887,0.04333662057945596,0.01729875507166632,-0.05380482784936768,0.06239016972379633,0.04994447797135981,-0.002756104393371624,-0.04424048688778938,-0.049363811098980435,0.038012544228988705,0.015346776805854367,0.013420174209193121,0.017511279769248437,0.02640134658099008,0.040674399559923954,-0.07044474748287982,-0.024327959692850492,-0.0013050469123682205,0.018639385980752717,0.021999888562929757,0.013653066069778725,0.009827941170721284,0.03822909388672338,0.009142476692468236,-0.023446091311280753,0.017582003445498207,-0.012068967908142355,-0.03790921046542982,0.03599039214618257,-0.03847040769911543,4.48646765342846e-05,0.020968071215963273,-0.006919852156141599,0.00024628037984917445,0.020337660911279695,-0.001977383409699304,-0.010062658018140092,0.012526820630689623,-0.018194521779460363,-0.007833163909441838,0.00016870746385314687,-0.0024671708558737684,0.030315973120977384,-0.01533141289778751,-0.012932594079612083,-0.015877243063412597,-0.005449812919197838,-0.0015529442500775135,-0.00036792216875666616,-0.014513630678515828,0.004742045097668555,-0.01659525871840924,-0.007598281830755504,-0.00888071984705414,0.007676020327028921,0.007575223936365,-0.008858699528788415,0.005593485638808049,0.006479854317702775,-0.0020209727472651003,finance
-0.10028936260729834,-0.025319293598941108,-0.06546289693501617,0.029900954937765407,-0.04293972393709014,-0.062037662994266655,-0.0037422208076890767,0.07580436716587269,0.018998257621329607,-0.0051746699669373624,-0.030870666403278603,-0.05713565846407671,-0.09631683805164573,-0.0346018982848161,-0.04220067414473354,0.06264478916800582,0.026544479648921003,-0.05412417612055638,0.03209922432886828,-0.057337690023309976,0.057128276829615,-0.018888774180264037,-0.15987710412961667,-0.09603773008516134,-0.04765143401771766,-0.0652131646753327,0.041772448446749856,-0.008547063019953513,-0.3056792136392941,-0.0317526929505286,0.055810148748697566,0.001669993047072583,0.028363379227169305,0.1634641190103859,0.062402547026861606,0.019211121671817693,-0.018449734358668535,-0.18771007011630944,-0.011646245397736244,0.08594523500663241,-0.05834483451378878,-0.0013764737016435254,0.002842520007165739,-0.03105092293331188,-0.02108174221583298,-0.12700745070068745,0.050970186340771335,-0.1382364513783427,-0.21032874616544464,-0.2803545841687494,-0.07206336063442505,0.00011572890511539434,0.0016841987021578508,0.04762542478371829,0.052017867845179526,0.06214749562583116,-0.10135806976971863,0.026680583804386024,-0.022051593241532143,-0.04422300528466475,-0.05528682181918561,0.03986528430577359,-0.057599953514275284,0.09491264471808539,-0.1382209383598191,0.10963574204185496,0.04294046621036591,-0.06777467831261272,0.20739953196765967,-0.10300085213149918,-0.01662004838584268,-0.14693169892030772,-0.0008306942214658299,0.020882825447461874,-0.04085436927847483,-0.09488405625787215,0.03374745257389509,-0.1629043074559232,0.06788900182146224,-0.030754645911294603,0.06209803999058741,0.03809016761984378,0.0382357197973709,0.026797755986099236,-0.11900799675188121,-0.0022428838800245374,-0.08740953979686211,0.10726129641635726,0.03999499977492912,-0.07265291051974655,-0.08596774452008865,-0.01378025282755692,0.01108564804229587,0.04281603444525245,-0.11896639921762135,-0.03957854301530242,-0.12935336383360377,-0.07882616570022435,-0.1267541874411753,-0.02112913357108837,0.0021966106582254085,-0.017814069214715195,-0.10303678781581695,0.031685126870344395,-0.025237755168573822,0.02893696624756441,0.0421615383221775,0.03276135922882696,-0.08053021371195958,0.038369559557160066,-0.2044472203138834,-0.005426814475470076,-0.11873203337573836,-0.2951204171720582,-0.0956174655215692,0.06533522008029641,-0.0584628234356451,-0.05317128619898522,-0.02790768955167583,0.0008344803216038333,0.05146929168315125,0.11392326366780149,-0.00038611215464046957,0.0046846927384859875,-0.07818346825955813,-0.029189687211467714,-0.02080561512400457,-0.01749816911315609,0.05793968114621587,-0.023474923193422075,0.013398064153629825,0.00018079813944302104,0.027450129654219696,0.011437630324783347,-0.01463766383378187,0.006888034063090319,0.017862682022529663,0.011095264230420121,0.034734266827675025,-0.017237893451404036,0.017973455949818227,-0.005237965778218879,0.031287048082138634,-0.01581478403831372,0.016212975111178234,0.01794821954424902,-9.594415374647592e-07,-0.005189370699534096,-0.00633119554298709,0.00775459884237368,0.004436641466695387,-0.006169530553316775,0.0029683470229076667,0.00786916959062081,0.006311774873846567,-0.00900417299468894,-0.017179902076348327,0.00013720403890663096,0.0001714312782420103,-0.0005261952258475901,0.009750640115373839,-5.4847208082906624e-05,-0.0029277093961262222,-0.003371411764348911,finance
-0.08871007649155599,-0.01299075500000851,-0.05520717451323489,0.053805316377360406,-0.0206323640652228,-0.08595950434356027,-0.023552874040774004,0.08880652388809471,-0.009612879762566147,-0.027151916017477712,0.0053205520106824195,-0.12196872648744973,-0.10243150925286167,0.01926458485352986,-0.08448715330407384,0.020508968182918873,0.1782222278766541,-0.10497455051778148,0.0807072533088801,-0.06459118466244584,0.014751772800616935,-0.02744702461008641,-0.15072028554169306,-0.06652048895782428,-0.04813308531576682,-0.0015088060226572857,-0.01258690094172949,0.0026125803619201715,-0.34594393148694375,-0.047037129702933625,0.03480695142251697,-0.04342316407543003,-0.0831916063596807,0.1460877649584852,0.0958707090604844,0.06959818670429348,0.0025418215159647923,-0.04775315574747925,0.00817821075989302,0.04219556370883099,0.10241346333059863,-0.03465668504578044,0.07609855634494421,-0.11480477913240217,-0.005577727798820532,-0.04399781383829039,-0.007754732528970398,-0.01839316127813168,0.11415708708322707,-0.10399648825270051,0.08398641134208806,0.16731367521181947,-0.11954815758877912,-0.07231797896075592,0.05517284410329399,0.010929429284094187,-0.00778979896821557,-0.0117361888645301,0.1280811765976783,0.06098494264144635,0.04719933309411186,0.1636075039031142,0.01852689815286413,0.1909502653905686,-0.0522687830821289,-0.030294036937743296,-0.04358298349945891,0.056202597171470435,-0.08636246293350118,0.035523985197914186,-0.06658304865789244,0.006330323449568671,0.13311654082322208,0.07041833954991505,-0.08673811927656622,0.023927364915401855,0.023008108290346857,0.002731029569956627,0.0523916139557391,0.09611944715230276,-0.02673197745338611,-0.05883249542198951,0.11634792862233757,-0.03337500684446262,-0.07189333922275142,0.030590741422062934,0.12797314515075295,0.08551263557593186,-0.015665821240061828,0.05367021781991285,-0.07285339687488425,0.09326866463639255,-0.026140860212099985,0.1164620510183008,-0.081407505906837,0.1704117566547981,-0.09712384017865473,0.02297616520996545,-0.06935480032706483,-0.08118193200516531,-0.041804890085943035,0.02094412859627807,-0.09741176119312314,0.17443059657271937,-0.023670320468142082,-0.004431129543641414,-0.018627955933785547,0.06699633549124032,0.0635149954645441,0.08752273506346084,0.2472125953988276,0.030235268005291492,0.138327302566605,0.25962361886091845,0.028223290412974392,-0.07515100918111917,-0.0007707089771817403,-0.060112816191694514,0.0485836396152568,0.06381597717640547,-0.019012216059478546,-0.08927219539011219,-0.06102848647140744,-0.0310305795916271,0.029812050487129045,0.05201067209885953,-0.02013318850630395,-0.02202637121909274,0.0120405442265773,0.05932654096830329,0.04471496196103188,0.06296108762821652,-0.011466030162843085,0.04638471881494365,0.04017391059553132,-0.02187404647244436,-0.002182766138908408,0.001311883559045479,0.007851429956248308,0.03241152498097246,0.003179909802107047,-0.006692933154505159,-0.009371873453162559,0.018542088067711935,-0.011506446303003815,-0.022696258414639642,-0.0006366537170076111,-0.01980974363277828,-0.007084413287759867,0.000657940752947734,0.004665481899948963,0.0025262065238869417,-0.00014113142960102846,-0.011049475347753057,0.013752236666841305,0.005237694397358239,-0.018858267924614553,-0.00830694446916506,0.010855716821535603,0.015655728171230288,0.011601947276834088,0.0006602088607905804,0.011452908565416971,-0.005847356412849609,finance
-0.2087022081040621,-0.0884466125759123,0.3632939013915676,-0.0024817380232680657,0.021367543659071106,0.0016985942301014272,0.026226924850163143,-0.11264916525335425,-0.0781301852710639,-0.00032497371812158937,0.024822660325311375,0.026221370471898132,0.022504998890737808,0.1257005794934508,0.09867094589599942,-0.034613560260441614,0.022643980869980977,-0.12020131481506663,0.020714434610475903,-0.007266609049281801,0.4421021907956056,-0.05462863267693697,0.011322803696913,0.12175612328243544,-0.013935744988466501,-0.056369689012065585,-0.017573333515541526,-0.09583908784915379,-0.04708692546372536,-0.04557943847282568,0.03495106080647295,0.06307065267191987,0.09181203885176405,-0.07973311211102652,-0.12106376384619279,0.10930514391195079,-0.09202033857202369,0.1430073620807314,-0.02334125860439859,-0.05868780003847694,-0.062174023382383495,-0.049084217144815416,-0.019455464750567485,0.2025545776408338,0.02649848030491524,-0.010341502277722202,-0.004490246480077108,-0.04750607459001549,0.16472498834767244,-0.13575209745639277,-0.016367726401945636,-0.11519530466764664,-0.11471639710739975,0.0073562616855105106,-0.017838988228416064,-0.10431328960767103,0.03281679396147368,-0.00026527031212245273,-0.04991502417278915,-0.0711165710469669,-0.07997530706529651,-0.038445800143461654,-0.015137166360597035,0.007910731639132399,-0.013594927541005592,0.05696548414966159,-0.03467150400425662,0.05731558729118138,-0.008476927751035335,0.0979096391785405,-0.0036516793704259825,0.032199195133722575,0.036571999930634876,0.02227619055532772,-0.0053224897570448544,0.021140790457062394,-0.027559154135297366,-0.05450467712346434,-0.0066300345555584,0.02637437251939939,0.02021268997806697,-0.005466524649530879,0.004573335074825857,-0.041642391130043144,0.01997961364514724,0.02616115592225074,0.029538926432170112,-0.015191823247936222,-0.009501796777207793,-0.027696474556354524,0.032362026431679854,0.04796413584840307,-0.0073088301077064875,-0.010572099216505098,-0.023153154712363424,-0.009470268241219408,0.013084828988946551,0.0006215374674532851,-0.07171253681922733,0.011742209357967668,-0.007993540289971401,0.0197658458499525,-0.0430035737819992,0.024404455344450904,-0.003970957266278266,0.028726763780409528,0.01908984098020894,0.006879833748655232,-0.01858891335504589,0.00018396722356300152,-0.014443195925135772,0.031698793864739366,0.021613979539427217,0.010736803042384332,0.03676388362532881,-0.010768011347732196,0.017683947292889482,-0.0078052955065168435,0.012885980993916074,0.01869379031971757,-0.0002731715531196332,-0.0007439616195325501,0.011122450849911333,0.004529306560518269,0.025226479386995543,0.0016354479590431348,0.005332666901281826,-0.00597140119959408,0.03499164027223765,-0.0032505397775011995,0.018755734427932547,-0.02763070498179787,-0.01474769211329865,-0.02040646127225892,0.005936720884383127,-0.002079311265518929,0.04775478518349961,0.0024383205201086336,0.02252334063252448,-0.056520575533359645,0.07918383644562717,-0.0024719330026559904,-0.01655923115251311,-0.05757812839410379,0.01839226203567609,0.0030352180118175106,-0.05891598480951552,-0.03722977531949937,0.009993088950162637,0.0858031558387507,0.00203538152267441,-0.04883880870786382,-0.027502840407347916,0.021932679087291542,-0.02815310260118552,-0.002902576682097032,-0.031579270402356,-0.006209413853575012,-0.08413763480681785,-0.0033132227264963676,0.0598314216730098,-0.028141472436204153,0.0004732811390412824,-0.05799789081609281,finance
-0.09016690326136681,-0.051273734998857,-0.0594138661734003,0.0828970943549616,-0.06611577475869275,-0.025238615728306654,-0.02153835699617163,0.08390194782842343,-0.06772471297428696,-0.07556734128263355,-0.07741967909116808,0.03598588634693547,-0.1090484155687144,-0.029683590404857272,-0.07192981040535473,0.06815520647990513,0.012665435185554609,-0.08799599629776296,0.024343718167228443,-0.07354322666370085,0.05717940778378373,0.014994416511864742,-0.15501398062151622,-0.12760234764453185,-0.08534703736098548,-0.07663227519619684,0.023547028663740997,0.14746336799835066,-0.06607451634297608,-0.08927249000205102,-0.0006259393909406943,0.03607625777604992,-0.09698119396169032,0.00430507308906343,-0.0436360135299233,0.10486833064835538,0.07721993704511354,0.04383306304974038,0.0266050739783407,-0.09927198866838843,0.0020407256497910193,-0.02584551177085006,-0.15175182596487188,-0.11353553158272713,-0.0103013965474174,-0.06883129959210828,0.08931626413774461,-0.00768514060816897,0.15557937481386044,-0.04558124535627106,0.12887423015586785,-0.05974207924806155,-0.11328793047494917,0.017160321334611615,0.05895162359474998,-0.12400524670219339,6.248991497829966e-05,0.018353830911825735,-0.05751940564529199,0.027395486801928135,0.01606896161820156,0.08917503670344333,0.031162137137016467,0.04927400930578284,0.04834490068754756,0.011263343413671998,0.06139940710408534,-0.16460499973155868,0.028179188846560156,-0.10464583036149483,-0.031237724524687878,-0.09779543839156818,-0.026247780335142315,-0.11883802961884743,-0.05466732491016432,-0.037129394205773686,0.08559474965392612,0.07109026362061943,-0.200230497648365,-0.004065251464691402,0.1810023675235711,0.11056444164135788,-0.008442032276321409,0.06960750027338868,0.03670306138634013,0.007736409388589311,-0.11592572748215556,-0.19400652020639805,-0.08032922228382837,0.04246344517887775,0.25009099356579956,0.12215400047973328,-0.01461479112414686,-0.060969625201703716,0.07185982181558763,-0.007741644671287187,-0.0684036029054291,-0.0020000589427087434,-0.05450770602472689,-0.0017235886190831097,0.34672254593955704,-0.021647363441757283,0.14318654850289625,-0.0451211602397782,0.04245337255435646,-0.17264857269275474,-0.10088132193331302,-0.0993069107322792,0.03160741434263236,0.0016312691007336559,-0.09238492503893131,-0.05749942691639626,0.06861193034133092,0.04207021551256159,0.047274722253469494,-0.07944472142155713,0.04515044583090708,-0.060207825951539964,-0.10969915979338034,0.05366425326746608,0.008153061662356822,0.021266735332748005,-0.02270468643875635,0.01413959986812863,-0.03639115850590807,0.020277670583720313,0.02993871064607591,-0.04732932898969439,0.021092409412587557,0.04501959010693409,0.008927411457215475,0.04497332729513087,-0.0069521083252096685,-0.0178904039866489,0.003424556149026013,0.012451071404091404,-0.013879934117446235,-0.020320054323923833,0.011660907240511631,-0.005244573785476538,0.00208479564556135,0.01658438521421579,0.014924687653224118,0.03535094264919631,0.004154213361011761,-0.03452410139242877,-0.01349362405649566,-0.0028954122550146257,5.3972803438919016e-05,-0.00014218567311590627,0.003124740549889519,-0.00042137085652064885,0.02081043480547989,9.875186683653692e-05,0.01600568523275863,0.01590769547281696,-0.00039063380785055667,-0.000207313461596631,-0.012361277310151077,-0.01299284734803635,-0.003656006191074623,-0.0030929656058409395,0.005660907900895124,-0.005490081067883193,finance
-0.17447930185042135,-0.0264529883364848,0.1016974331935454,-0.05658439517032111,0.056679626650984374,0.1673029248103096,-0.055982461715068564,0.4676143745493751,0.5734118429172103,0.032355431775280316,-0.03650051009220725,0.10939290179994775,0.035958052233619704,0.04874868572815927,0.03955116110685241,-0.012169653063172818,0.002706243939466864,-0.09612791732314889,0.006823330103391296,0.03752170139964743,0.1316011257060899,-0.025846145774082258,0.013862600824167182,0.049281877781074845,-0.006520605286069485,-0.0068885836646342185,-0.01065351388744553,-0.02109008776226327,0.005986328965982144,0.01065930163313809,0.011222771559033196,-0.011469635903251485,-0.011032865046544087,-0.013184489175413242,0.02349243056105339,0.003456189794729756,0.003888994464638108,-0.00526736578766732,0.01195892236160244,0.009283638818863385,0.016488791211886327,0.03423071447264641,0.02762647340559206,-0.03441969011902775,-0.014241650507820208,0.02417909703382895,-0.015239397775683918,-0.007878477923805057,0.019900051106488927,0.02550479649245209,-0.006611781904234673,0.005412759944368653,0.025393774519037262,-0.009331825187312615,-0.009364874396002011,0.007992578505183935,-0.017478925445752098,0.002197724662716009,0.02239319238629384,0.004741216889259718,0.003533589384676496,0.017772963494241806,-0.02082262804122458,-0.008564743466347516,-0.00011557598161357901,-0.011394390097477338,0.0016266093254383796,0.014957346724786848,0.010321989011430728,-0.019850768162471225,-0.006766451112829081,-0.03094528038728009,-0.00696388040853943,-0.006304691389901964,0.009827176338098239,-0.001471693622705866,0.011479740446503123,-0.01095626531010203,-0.006323158287394022,-0.01639099212127838,0.013306975006797306,0.015937156716628025,-0.0211481513563487,-0.009147304330453392,0.016611985905379146,-0.0054321189723072335,-0.015913480683757277,-0.007228517117301272,-0.006961028228945973,0.015303522509119854,-0.008772086614028222,0.00425325067173932,-9.133993478212759e-05,0.019206312175771952,0.027820395604211682,-0.012704500081465588,-0.027785866272316086,-0.0024222604173901345,0.027882842770312354,-0.023233016341486643,0.0009989441285517913,-0.004218459824757749,-0.001739650292871861,0.007610876341619564,-0.025254476449989623,0.012086464004973135,0.022287696105934854,-0.004075952342703844,0.025487139247676895,0.01370472038167231,-0.004488249523518728,0.007377931219004475,-0.016770105211349307,0.0046773030561053685,-0.007497031605766319,0.009983327481082042,-0.017094004268683474,0.027344369977290776,0.002523977663507309,0.031281292863771466,-0.008594772135735252,-0.00835871785920718,-0.019503194622803515,0.006372323022884633,0.010224747831359375,0.02500738106314424,0.007672055760168057,-0.00035495433734457403,-0.02836989990457923,0.0031960981665160966,0.027225120888715933,0.016495022895327397,0.021078182118759205,-0.0314506949826816,-0.01648998571826844,0.016185799580682256,0.027427992670845523,-0.003327282790866702,0.00419007558947985,-0.036742854116522214,0.05524427919881694,-0.007354878256062836,-0.008135436170315124,0.006099910736931649,-0.005231719445477492,-0.01143937551623069,-0.002257317394881537,0.01816726121755366,-0.004699740555024661,-0.03326766723104278,-0.01101884493780029,-0.0038182015571297514,0.05009560739876239,-0.017501002858294815,-0.05294915370707554,0.02106893313465881,-0.040622136539095376,0.010461530428621349,-0.030502131803538175,-0.019610888793641087,-0.004593413574781636,-0.0011151220103121807,0.028305333043689918,0.0212522911858062,finance
-0.17398693120421194,-0.015192778365938709,-0.13418851020435374,-0.08141026491374731,-0.1513382147543142,-0.1369051962936374,0.16963801632118075,-0.03544153236202266,0.07208728166906252,-0.08330470142085278,0.6376618903534154,0.08471650618406704,0.018317275789313844,-0.2822313639215315,-0.013027709413123657,-0.009338801383551459,0.018271631373192154,-0.17790976095591968,-0.019112613978270215,0.0395881632535608,-0.04844458918372888,0.034311126545022504,0.10980789356657428,-0.051667758417608324,0.03868506003564501,0.014099851901036976,-0.05044660162954813,-0.019262431833313377,0.03858786794064597,-0.03602494203297765,0.06309002410783048,0.03192065691571645,-0.013026284750919933,-0.1352533241865998,-0.024888461306942587,-0.022514303074736088,0.07857235784692053,-0.00035379662303855426,-0.09597423757781193,0.029178091379349513,-0.015432161493143498,0.029330601980829915,0.0838310018966028,0.053861707475449626,-0.008207982802578388,-0.07086063094150069,0.06507209186428567,-0.005729856682943065,-0.05157902146525154,-0.06761160741672874,0.04136174558222365,0.0017066638337837608,-0.05385919370654205,-0.06708998939407765,0.005433170758878976,-0.07666689653982736,0.03099663569127559,-0.017986826653179647,0.06518301391747919,-0.00860077402740715,-0.00937931614257737,0.007063556109055001,-0.04763513204996907,-0.016554536020855805,0.04838742509513993,0.039907057187679874,0.059858685304916545,-0.022067102269356296,0.03838667559297566,-0.07291768786879717,-0.029400497002554853,-0.004473672376793729,0.03466485025777505,-0.004609499410403896,0.001834218275763319,-0.012239637466040648,-0.020064721219607954,0.002002448764575891,-0.010262930419579852,0.037596347320459564,-0.06941260021689419,-0.011065230895774806,-0.0947947966814242,0.003653340282507486,-0.05047627643984636,-0.02543132696357406,-0.003574523650632771,0.0177331857953214,0.0061694547611575905,0.002772831973543672,-0.01325386239632661,-0.006697022708892742,0.012916381839213465,-0.02307524305481673,-0.006875190455457941,-0.015955618181828328,-0.0045899729318349455,0.03285911691581912,-0.004726386064623635,-0.013769862104645474,0.013079717157485822,0.014412726497809634,-0.0026072518301899932,-0.007993773809799348,0.027272025078199945,-0.005993015393299545,-0.006531332909289317,-0.015125735097732497,0.003933844524820853,0.017129610767719607,0.0029138674630382164,-0.008005019331205421,0.030939834834011113,0.00955666145440198,0.009881373242096843,0.01426330033904989,0.011730052322108091,-0.0013666931308870336,0.020282934683970057,0.00729108564470218,-0.019961162273680604,-0.001853012090964615,-0.018183734183273598,-0.0029024192057604,-0.005233395339322133,-0.004002055314598707,-0.012651009155450903,-0.01387619670634015,0.00011415995835544008,0.004861490297299827,0.005074138086782607,-0.009957762119402974,-0.0020205240277062025,-0.00145247816301634,0.003646349769820324,-0.008406383730975613,0.005945132265484377,-0.016650498339912254,-0.01141863548393371,-0.0016501005236253155,-0.013072285329826443,-0.011425969406827675,-0.007573286442363105,-0.0062798947933485234,0.005568479792020892,-0.0059119603572877245,-0.009890396238503931,0.0037265715130084132,0.02227898028306485,-0.026369525812826342,-0.014368164238490112,0.06582852429515744,-0.053677421000440075,0.07262252135504217,0.0037963809772289035,-0.006336917877368857,-0.01719169945421856,0.003372512987607907,-0.027038114542438776,-0.019270797556509147,-0.014826992505673956,0.005067874453693524,-0.0009142452622742528,-0.009147344838274013,finance
-0.15111956324439646,-0.022759831049925468,-0.08160589773853318,-0.06349775188579632,-0.0869610963778571,-0.09186741365306011,0.11600240641016762,0.00496916896940481,0.0705149702289233,-0.10680444843182095,0.5865341774086205,0.0741907471456927,-0.0050706230234025445,-0.24642936812238325,-0.005361108549736887,-0.0016593055935924816,0.017119869386560942,-0.13780877573312558,-0.01633198683509589,0.006820165193335897,-0.08041861293564058,0.04816207929024353,0.11122303597798984,-0.0457306439247789,0.09682076115204584,-0.0005326482485644257,-0.06262533497374154,-0.02217825081854848,0.06429787807559559,-0.017062209080037277,0.052768697791647036,0.06454407863115978,-0.010589562909259574,-0.20998926601163528,-0.06815580286388738,-0.030614862965947027,0.13371417007928912,-0.0027258596455828313,-0.08386566109469315,0.04097270873883862,-0.019148125986119178,0.03621457642831994,0.08891737098620521,0.07916718760187452,0.03614964064881087,-0.11311299414681762,0.08647799215911837,-0.04936143969949035,-0.08974390037417804,-0.09539971642011469,0.08688373786871763,0.013245300299608694,-0.08320345851200317,-0.06804627820246287,0.0035534575290797647,-0.11438513655408096,0.08051415638429027,-0.03189669983958685,0.14607244374358033,-0.0033858094399812594,-0.03604377381060597,0.04862083866750454,-0.04947376203005669,-0.007741217955750077,0.0406738747206627,0.07538608230021555,0.046660552784282376,-0.031291716554908845,0.06442154197008118,-0.06516214723326463,-0.034394305782631966,-0.002591165936952396,0.06020483742259369,-0.002694777793403742,0.008509103402453597,-0.014160167210726054,-0.01918407199405065,0.011245350290571861,-0.03596105221279134,0.08449706714008656,-0.1154922864653359,0.0007262436306460651,-0.1501862732534824,0.010753457412695748,-0.05649388648726809,-0.05262945384148147,-0.004610618172256518,0.02052844094001286,0.0308725184452964,0.024588725849994757,-0.021665322861938674,0.01143113809380022,0.008222749169078182,-0.028004596403228405,-0.013157072292871516,0.011756255679546912,-0.003237033997806623,0.04091565368590429,-0.018485730631090082,-0.025788915707798624,0.021011404028582693,0.0058819983337021235,-0.003099280725071857,-0.002191533717198822,0.0015192193766752403,-0.02382416781946182,0.017138539972314355,-0.005803497618503201,0.0286117451314438,-0.02022776054496367,0.004686806719348854,0.0029294051372711913,0.04551012518714548,0.004152640875100147,0.04354461222448272,0.018303889594880468,-0.005567190773067476,0.018444000151074905,0.01909247512514081,0.010781860239919797,-0.037698100879566605,-0.009534948674231677,-0.0011053865235536517,-0.06250313925457475,-0.05127187459884896,-0.008831397101394686,0.0012378839001424026,-0.01095537788265566,-0.001270647061754888,-0.016026508337815437,-0.005085302155319312,0.010391189917282483,0.001472555874368176,0.00047394180034640603,0.0036710527240544555,0.011732785254451166,0.008772791138788445,0.0035778677263820476,0.0012921433183377517,-0.0035356901290663893,0.013697297514715405,0.0027606797397536397,-0.001186697318238097,-0.017265264544662727,0.020368390995125822,0.00849667752718652,0.0021516277030176143,-0.0003225193159040947,0.03351014878653843,-0.041811509902723046,-0.04130109475946622,0.06304291620561382,-0.06827445806213048,0.06984078781276812,0.012109152351818345,-0.01587226811948511,-0.01120499423946903,0.01020387165963655,-0.011173062206060938,-0.0054665273519981785,-0.01000179581085254,-0.014373972285958199,0.004056083397340439,0.00017008935701076395,finance
-0.19203154720001106,-0.11368503228504684,0.37653363028546416,0.043907473374385095,-0.0017395732369982265,-0.004408604666250297,0.02525633702718166,-0.08735867157513486,-0.08959068722193883,0.001187136989810717,-0.003833846769646427,0.019554111747104634,0.012248272348777463,0.01891179410875839,0.0009517115101975131,-0.029117985885788386,0.037661662826721794,0.018996295630273673,0.021329500626465006,0.04649770826589233,-0.0039272648354638185,0.022557103330935236,-0.0019714826058586745,-0.04666564931158253,-0.011385517470012789,0.005574430103541972,-0.05228740791117036,0.002773075756581349,0.01100439735618727,-0.05634743508522447,-0.05945813076914094,-0.10666443167595181,-0.14594751121102767,-0.17174186040631978,-0.09563298867166785,-0.15990956011290358,-0.23825320381640183,-0.1112352690993579,0.00578796204965602,0.20944841861598718,0.14497045794225297,0.0786773098814147,-0.10510463629207999,-0.18426159971175363,-0.05406189368812252,-0.0367059044756242,-0.01966032780953289,0.08270483296775386,-0.21592907169198175,-0.0030793120347961983,0.07870192538078778,-0.0023499470196506546,0.06226099233611043,0.007481473082173585,-0.055456220877720404,-0.013180663533876537,0.0740439483629295,-0.06954604580870738,0.0414580537174953,-0.016760628961771478,-0.019744918654975442,-0.045976375006842964,-0.004898269342983991,-0.00548729278233317,4.9616874535801294e-05,-0.016056601687683542,-0.026497098679322494,-0.0692129443040148,0.05057051003924205,0.007004576025527135,-0.05186744016646748,0.03168726063506513,-0.10217037576976472,0.030518226070506905,0.07222651315168997,0.018257740514260365,0.019617763325598798,0.1296800557667308,-0.05364143516111078,-0.007407369329784156,-0.02112855953842298,0.008915633530928349,0.1081119083003965,0.03369120642561303,0.06588436210456719,0.08298092597659228,0.01977690043177938,-0.023083273909402808,0.05603563058627535,0.11708765227874912,0.031161620781136188,0.01899966101101393,-0.030806338292733652,0.0841073793352035,0.0024636114808246775,0.02574858389582821,0.01643477767525908,-0.03055730861437046,-0.040621136439574754,-0.09821090274772945,-0.01994064562205447,-0.03578361741015949,-0.023050458796776693,0.03397120264641314,-0.005369966752755106,-0.0011252968426462562,-0.026140637004892008,-0.016874091081050202,0.03900613655859705,0.03725691360199169,-0.06123894370997719,0.014313415987421455,0.04643899240950089,0.0014835783854762082,-0.020858850206107876,-0.001337533436648856,-0.017500860277233084,0.04473160367456893,-0.028731035619190073,0.057644173637285766,0.00857040421369698,0.02582384692577032,-0.013543741887343334,-0.01715900764120705,0.04969488307895545,0.022810025983715804,-0.02225280289196572,0.018196420049002283,0.00787707025495569,-0.019150150935458965,-0.010535452386680341,-0.06423906017486485,-0.00780059344397788,-0.0010610249953930829,0.014519925682297518,0.025305393212725735,0.04709001592479175,0.00975973704687303,-0.03769466311954567,0.007791301104219342,0.09606353336775872,-0.027564721445674286,-0.0678183119204981,-0.08560684377075392,-0.02412947116186277,0.05292929189923027,-0.04439718139751568,-0.05418356661723919,-0.02853186917088409,0.033466860384260416,0.02249188194346343,-0.14564426280071424,-0.046788918114007434,0.0388742587130153,-0.028689389763496064,0.1327390010531404,-0.15043053283149957,-0.05156231250804748,-0.2825347412667613,-0.010152726996751377,-0.05029949262344588,-0.03694691295980087,0.021939993354120276,-0.013516334297918256,finance
-0.13075717436417458,-0.02296357511742613,-0.09862312911358533,0.013988538474337626,-0.08340486941852873,-0.14030719542027942,-0.04223826057725938,0.16613739612305736,-0.18474793997461225,0.18062873392177858,-0.08945844804042034,0.10087600605370445,0.07274709313630104,0.016863949694301324,0.04995625676802619,0.020658599486605447,-0.003437055964245271,-0.00861561663762108,0.022652234812325582,0.07121191959517587,0.011706076126440326,-0.03561550411773991,-0.03767182144398125,0.05531106080964043,0.020374925924323908,0.005625706700919404,-0.04031874763515112,0.01970156277840516,-0.10526173563303722,-0.0020827102604112115,0.04241644494941539,-0.017291635071179843,-0.006831853655698773,0.07106081655688543,0.023341459019125512,0.005185857585227022,-0.03516593434062898,-0.0829707279150909,0.0515596803732997,0.015515169849495072,0.016787228457485995,-0.0057873983527466,0.005022667959080222,0.037582404802204386,-0.011904939037829807,-0.07656000573011026,-0.019217530326971197,-0.03595428578787305,-0.05819969531541758,-0.12613010310350667,-0.03687818757164706,0.08386590225210036,-0.10886997469267153,0.06732916727836281,0.05739676387902842,-0.04624098098659476,-0.01339767582486468,0.05147881479231819,0.14693764649655972,-0.04868186539181788,-0.042309921600341055,0.02025658378321571,0.1291143258874842,0.06338569512833721,-0.0003646618984160307,0.2033356874203013,0.0030261463221857034,-0.17839534383610253,0.022411672127338658,-0.025761751829523484,-0.00524994285177867,-0.10936591865532606,0.0741664352813173,-0.006459405176298644,0.12442418006202949,-0.0021560682321131474,-0.028600488031581932,-0.09320275136593924,0.1275585782561951,0.040765574539291305,-0.04871455268103507,0.07069507413636007,0.163405094119258,0.06145473496524759,-0.0013403912275170976,0.021419422559815538,-0.0638361433309453,-0.054738366510109514,0.06534198913869939,0.10115124169688199,0.03348691682320634,-0.13098713477481863,0.09611070440552208,-0.08166371768877653,0.05000519625524391,-0.10478945236408548,0.20396624532308671,0.026403573942575476,0.15281718329163949,-0.20014015715510056,-0.13440856619832817,0.10917569465286617,0.365436242909904,-0.0934634723491971,-0.07242066440774529,0.008710496715525547,0.13783574429651757,-0.09011458703249263,0.06088391469579968,-0.09094138887369148,-0.0421181416518137,0.07680288226518873,-0.03889455600137853,0.16570513414894789,0.0311083946273202,0.02745772603801836,-0.014572249969569753,0.020889641515175295,0.02931366892751675,-0.03918779675423996,-0.028768985809958455,-0.04727551831897458,0.037369335486504555,0.032795377251376864,0.09643191368126881,0.015298008743179149,0.005235278600790294,0.008698950006809992,-0.032352406314246906,0.027440568558853493,0.010502179932590361,-0.033280469685428055,0.04371632872873204,0.003438859892648116,-0.0239579823552906,-0.037213039392629516,-0.028157246757574063,-0.02243113223909238,-0.008446038594779543,-0.005345890379291083,0.02868358985992663,0.03070910818385477,-0.00638451376014339,0.003647922934435374,-0.029651108844597606,0.004132396285433052,-0.002509516278648171,0.018890656809088562,0.002829292112259935,-0.003827039494420333,0.006483778751790379,0.002931464305117972,-0.00010147207419797243,-0.013278301678977268,0.004743855723327426,-0.004897724013321455,0.015059121878872924,-0.0010772089683279856,0.017769801286593955,0.012469950606367186,0.010551082549301215,0.005459929557145809,0.00036306968392476696,-0.006459297225718453,finance
-0.11893240789767892,-0.0250937310965782,-0.06940985625860671,0.035644143534511126,-0.037933464507795535,0.013060612167135192,-0.05998666555728674,0.05819771944623315,-0.06728202513890645,-0.07086247036270892,-0.059519722855651346,-0.004919259338608428,-0.21211758477502274,0.09522448709299448,-0.12706156077080694,0.08990636926011777,-0.02606181630252539,-0.16695175051140282,-0.01434176825309893,-0.2489395936902552,-0.07842145065177379,-0.028112504421932447,0.25804608819554087,0.03369206200423188,-0.19311429632974483,0.024380401642245333,0.07749819681544771,0.12904306067567478,-0.09321241297799394,-0.12018288523731567,0.04863202629471221,0.040137375046536854,-0.11854044688026781,0.03356750496721916,-0.06314995542003414,-0.024711409248983997,0.0849261009598596,0.09762104491156556,-0.05944100305990677,-0.07309767091836729,0.05529822434995725,0.01907578619534749,-0.14008401746223964,-0.028333561541492025,-0.0374206634884424,0.035544420241367246,0.010550446642868347,-0.09051085604962682,0.05642892216849556,-0.006593027265141541,-0.004310029841558984,0.06794171321475119,0.0028908590250632136,0.07468843876198994,0.00936046805854559,0.03824675572741012,-0.05761156191563052,0.07417791351783501,0.13023312523081404,0.21412633423412708,-0.05857518789589824,-0.15388156675826917,0.12463215870384846,-0.1248262020480433,-0.031583144296101366,0.028337349018284556,-0.016770952364794124,0.09627087987451215,0.0758728624497674,0.01916694465887623,-0.0010620018078218256,0.08292132794111191,0.017307711996211277,0.03389872574462623,0.03240183375786581,0.14270913041086403,0.05796510219412561,0.1008742168388358,-0.03119778389521249,-0.06219934298309037,-0.11272552130283144,0.002914370840509839,0.0055474638928596455,-0.003383299001621034,-0.03107220902123004,0.002110633443087218,-0.04727014346924129,0.022409492125910105,0.07968130788967329,-0.07187258819027811,0.06846585864415805,0.030954749008198824,-0.027600568629830013,0.07377800735021088,-0.0018473256643202695,-0.04394908826535992,-0.013057659544905554,0.10035999130118294,-0.058640796745548195,0.03947447220883267,-0.06921709549702151,0.025398426506099643,0.016302832744604725,0.06497287985895521,0.021817110139434104,0.01814421158589686,0.021646781610783625,9.897933806277606e-05,-0.0007969372905179235,-0.036788830021598086,-0.06610769451520475,0.0009077469866883949,0.023005081776322985,0.0032792238575059334,0.06986150228808585,0.1066467138759734,-0.12009705487340647,0.04942793961032164,0.007839011450712164,0.02291512133548041,0.06688326465860965,0.02912233628310221,0.0749316780198149,-0.03434232595557692,-0.012270997529296902,-0.0035418092115173634,0.09756774899549321,-0.014814044899194564,0.08390891197100923,0.09496341858057424,-0.007317796422366366,-0.11196100126093474,0.05563933438610024,0.07704052651371414,-0.04363134847482182,-0.0773150224825458,-0.02727518242834803,0.1467757903226441,-0.2063177842192627,-0.2057894377143088,-0.11588735566783916,-0.0853731179503252,0.00444040638882402,-0.005593864393429759,-0.06397312134043946,-0.015433641340604815,-0.03361090942508579,0.03358160469656122,0.03367805169564474,-0.008516998894196545,-0.011425306311629921,-0.004115451473144924,-0.028310133108191665,-0.0008383852604670023,-0.020817700785228717,-0.006958183204167442,0.0033514745975974894,0.018453492218607304,-0.005715269414808838,0.01643875533311914,0.026775007363948944,-0.0014443703511244634,-0.020020210284491094,0.0012131593400453269,finance
-0.14572073958522944,-0.0035495613172771417,-0.07874711243273187,-0.02884881282926388,-0.08444674284254766,-0.22291192897039916,-0.027415422967451076,0.19390716977137987,-0.17317323508651575,0.3735739389805329,-0.01907721644058539,0.06039141427706718,0.11741941869415444,0.10281053028961085,0.11600464978665406,-0.0025547737304174962,0.017710697874396455,-0.03728579701086829,-0.0011144968145217773,-0.10479577097001602,-0.1567230817926108,-0.09300520265510756,-0.16392523650511745,0.28519165864494744,-0.08373058231623443,0.18907473474857386,-0.2409600390316827,0.12922963838136003,0.10422724633711275,0.000304084685412308,-0.04359937810399589,0.0034467715759837025,0.03829752701590268,-0.14698472767565063,-0.06047046555795083,-0.0338940067295039,0.09301797996554166,0.022043680827374706,0.025274851710016057,0.004154365388954371,0.007158287521195648,-0.06398284627860094,0.020298003040143814,0.00315648540095876,0.024494991389000593,-0.04056868664259521,0.009884647845704288,0.05331544775703475,0.009924500635919521,-0.1661815638968956,0.08051948348675259,-0.019084398986785305,0.054714569360118814,-0.03800021961681024,0.048815341150427384,0.10419205775150048,-0.024264540379928517,-0.021961152343293447,0.000973092973466108,0.0012918929263894625,-0.016218597363081132,-0.0192903416451287,-0.07129857631478814,-0.06508254324044464,-0.00614127906109334,-0.07051044061058223,-0.0019797877857141628,0.1412609732019623,-0.08736480253097689,-0.014553740443834961,-0.03689423997068335,-0.011008667066601916,-0.03890329491323307,-0.043975608874012764,-0.01057931795899143,-0.0639838476767809,0.020005288477548976,-0.0871896601392888,-0.04736687989359058,-0.03129376209374238,-0.02608822129555761,-0.08308303334359218,0.08905656212269261,0.0015501575382160032,-0.10596780133484411,0.052939260201892394,-0.0708188745925154,0.01679621346628452,0.02366966814111937,-0.03518155572328318,0.07030138565599042,0.0539803439363084,0.016001415500697693,0.02106134493953883,-0.01212347778704075,0.006651782506077305,-0.05287528502987907,0.011906443680717796,-0.05646078439364424,0.05498079806958152,0.029720111273660827,0.013787972498594725,-0.0492835311312174,-0.006451977571654611,0.054273717413460876,-0.02621638226333847,-0.036804719399346125,-0.00860322057403015,-0.012936790541609735,0.03818576339234849,0.03329407352401586,-0.004513677917939558,-0.034089550085849615,-0.05928560553217385,-0.014650110570358288,-0.030624080430191623,-0.011604570155989043,-0.02181870515557689,-0.023821625760572254,-0.030508802139754196,-0.05071662078977451,-0.0380185659285737,0.06009583691470237,-0.028469385971972707,0.05988858994657945,0.010073617163640912,-0.02934830022754782,-0.014539592824993099,-0.06564858162363013,-0.0033846043402901956,-0.01515107318908983,-0.00899612754638357,-0.0027149658841669638,-0.01633139368621501,0.012683534415164288,-0.016739847431874032,-0.008034039968101134,0.01820974006795811,-0.029328569533012105,0.015207950701508715,0.02379919592701927,0.0019072365461113843,-0.013567344769871975,-0.009303553819191596,-0.01539172279562948,-0.006530848162533546,0.019370705368574333,0.006315498363843276,0.010842484184413895,-0.019420880746482575,0.0023184203560051146,0.01334952831447352,-0.0007965185748517259,0.016379183749221433,-0.012627956407405433,-0.009330869740833766,-0.006747985080777132,0.008153059121942197,-0.004960642394157555,-0.0004460160127389963,0.004160413402774411,0.009552107883047507,-0.010306429788942684,-0.012642215845823979,finance
-0.09976048608758904,-0.024256503870752438,-0.07784639255574088,-0.014834760202320286,-0.0761169361712878,-0.13264143289631936,-0.031973132725091044,0.14983734661423465,-0.10819325767994598,0.16501335565063727,-0.051865478608932154,0.10358191946627432,0.13163516573871342,0.0057969565267002995,0.049903872041212084,-0.062079221328972575,0.049961253945847064,0.15250944738937258,0.019558752346604463,-0.10411407153884882,0.08899162908539904,0.12643053939019094,0.1948096324404275,-0.35010135624892774,0.1689601016864403,-0.2756365700409033,0.3259933872514346,-0.17297059166913797,0.0006200879890049412,0.027248330443856886,0.03718420394006684,0.05433679776358222,-0.07609163028431849,0.013651472099974317,-0.0726057912098915,0.036467345319948864,0.06802943329077116,0.00998526668434592,0.031181421123785878,-0.008258117471606891,-0.011791753462358282,-0.007103625473470207,-0.02105921441918823,0.03555651343100011,0.12631057598800013,-0.02443519552672164,0.013941191053807872,0.016355848432680772,-0.019176826573200013,0.005526996023773026,0.1125745855627187,-0.012198915591272341,0.0295420080098403,-0.10170365480646772,-0.015112950572720331,0.06104534164287531,-0.05480417712318796,-0.044728407407496715,0.07493015613046869,0.021652842319822254,-0.10156108782721487,-0.07173599386329872,-0.07774214049571751,-0.0706345695057476,0.013022205004563138,-0.03145303445980429,-0.01200145971164598,0.11429756512051362,-0.15369502359448237,-0.05117876632239511,-0.05976651684158455,-0.0879408047226875,-0.08259514523805452,-0.09649575366971135,0.018866861064186988,-0.020135496063060497,0.035659630765401844,-0.00468936431987922,-0.006662229356857997,-0.08013177865355371,-0.0656104394726271,-0.09911359749843086,0.1325211115194674,0.001978386973302111,-0.07243182441752949,0.06748479007273665,-0.08388237094790414,0.0838674784954342,-0.0522672084737863,0.009065764381759253,0.02661055180009385,0.06690457258427633,0.027502800028341802,-0.0483065890796331,0.07672378688674558,0.030763849208417782,-0.001387488439096368,-0.0178214626391908,-0.06902042856842223,-0.014035153682803968,0.0011020935854531369,-0.010149323587359652,-0.00225506284901016,-0.05447323374183633,-0.07185391047590166,0.04599057295646978,-0.014171861562374552,0.01719201166152646,-0.01942767013601691,0.0012463064345904023,0.018711025907434585,0.053853693302485385,-0.02115194741685767,0.022370572620818447,0.010196540014233977,0.014899021167987584,0.034205877801368884,0.0466058635244655,0.008638437200200863,0.006973965586616787,0.039559979533434916,0.016353063000389443,-0.07853862141813871,0.014444980143521845,-0.06121129117771614,0.002117295459743107,-0.03205686570868933,-0.0030792070947792405,-0.0027233013290585643,0.0032065337524755347,-0.011430454246633486,-6.482856125985365e-05,-0.02467841093787634,-0.039082357984325994,0.03609453004101536,0.0014511202190884709,-0.010285069417470975,0.015572297592892442,0.009067590421477938,0.01367482428408928,-0.026530599877606264,0.0014333224846037956,-0.0017868836427790366,0.017174644357436625,-0.00532377916820244,-0.006695101116310898,-0.0056330752386580295,-0.013304677567250685,0.002470421399454175,-4.69993697215538e-05,0.00930903963205577,0.007443507575255635,0.01688249747515504,0.005818511223847641,0.0016881182129794275,0.0035979637895356166,-0.00985645316636367,-0.010694879453116153,0.004706790252659549,-0.008456835433577198,0.019387721418481812,0.013240261465810844,-0.008185037067848644,-0.018624628732700176,finance
-0.18706639785047555,-0.028871883646977656,-0.16533121272587825,-0.023323589999181556,-0.17092161060665848,-0.21450454423472512,0.0422520891753787,0.12481994509579884,-0.16330635649847255,0.3174559435511935,-0.0055743639270598045,0.13600885588980535,0.12207654118973722,0.0843749933550246,0.023786471787538715,0.009171768911483942,-0.0022617722926995764,-0.01385759056754522,0.03697145207645919,-0.009799547241382425,0.0008239264332898528,-0.0025860619861391965,0.02719018896727795,-0.008926027057080205,-0.07743971600709855,0.008788437900176093,-0.032369654896338626,0.04473049925992051,0.006831318345956277,-0.02035055991205261,0.03437237113823621,-0.011672156691377295,-0.0673197005877867,0.026958546951202887,0.06721762798671961,-0.015653006326485946,-0.05448369285605468,0.05639716464742801,-0.043198593012247134,-0.04216578749759941,-0.01947142899019747,0.02958454970916259,0.008496051831153224,-0.0316157470345087,-0.09851480803178715,0.015522470484419395,-0.0008494843946476458,-0.03724863763603991,-0.0002189239177814917,0.05209213408433181,-0.09830803620328295,0.0033958668146993913,0.012951400763334077,0.056661971551869604,0.008639019070448785,-0.04625157274320024,0.04112919735704679,0.028473209901605543,-0.07976251262793284,-0.01636673738429183,0.07029096454667469,0.012467946859282075,0.03334097057750464,0.07151128468841501,0.026824906778942486,-0.03642379376302943,-0.027127408098789364,-0.06577830998814334,0.12052856045005102,-0.0037457155093894605,0.0242108351944662,0.05276387549798761,0.06484592283664734,0.07524800217119111,-0.018033950671762545,-0.03996525823700265,-0.033579069931040935,0.04712905291911191,0.03277812137152017,0.02560076432017975,0.039713524074610304,0.06874225674657955,-0.149244707903934,-0.03910360197046109,0.08332816227243492,-0.05369616171548321,0.09547192163645499,-0.06152119904744782,-0.042534820892188206,-0.003917199299728032,-0.10976626671438489,-0.11174626249931693,0.006936121464329363,-0.04822098876775557,-0.004466603885449227,-0.010423768941131851,0.014109645483781314,-0.027880294072773596,0.03040194767121885,-0.053003365424242235,-0.0418477666375905,-0.02807553878105191,-0.028786284655520605,-0.029240014421555414,-0.048954405130740154,0.005574621961958107,-0.0619679818258682,0.060916762282157505,0.04477321588216951,-0.07230544633124021,0.051602782687514184,-0.027742474759830466,0.021315830816960243,-0.06810754415368761,-0.04691647784025494,-0.02455297081297277,-0.0015842888654008726,0.04621495985702746,-0.02900695461288264,0.18809348167368836,0.003010496306576873,-0.0003912114239334799,-0.2967651204958484,0.14229488881821678,-0.1162677675949408,-0.02823675176886622,-0.08085083858009297,-0.056477201438116006,-0.029422663958762307,0.03287075475395605,-0.03223119702934034,0.012670186544156962,-0.013036119891996564,-0.24118471699147148,0.21532506845393598,0.02559947980706504,-0.02984179094821139,0.10670352541377931,-0.10313360918122542,-0.04951182292550794,-0.0942611612535468,-0.12048380401994481,0.03738341519475709,0.035040494098002035,-0.02712243915806329,0.010033049169863735,-0.12348788619344572,-0.10731201653816808,0.027628915431063068,0.012542692802876024,0.006264144140143269,-0.009754076020799841,-0.031776925992891225,-0.019153681861983626,0.03145955975966088,-0.005794302353400124,0.04581243402417186,-0.018088800419619893,-0.019709659902700936,0.007474978828297195,0.04925804394232467,0.011612647444488087,-0.02163860661761655,0.014023025683594835,finance
-0.12919311558718244,-0.01001570909368519,-0.14091748279777866,-0.050685055473652846,-0.14125018828963992,-0.252871858549644,-0.003345351932993343,0.19582362980266307,-0.19482078129952377,0.37766942578777873,-0.03874844250364696,0.157539869582628,0.25129406830516016,0.04862218363448384,0.1068248673681411,-0.08843087320744963,0.04581660804828379,0.1622805781599455,0.027086511909295993,-0.0557280326062896,0.06604279471298301,0.09298805147252853,0.2135850578489796,-0.2766499827785328,0.12396564158009034,-0.22914253744274649,0.2653315342974555,-0.1361307405591988,0.010731673702154033,0.026483042314672436,0.035867637253748585,0.022273290238866136,-0.07671245799314284,0.042570880960662326,-0.003129995488620388,0.02698821552318744,0.010971090550780315,0.030505666708196773,-0.002045215306055626,-0.0015854986770786137,-0.026880652808334335,0.007029921957715961,-0.0047727299051301166,-0.02593548239591779,0.05762339694340534,-0.006687079638674498,-0.004899687920216393,-0.0067253616340105455,0.006263432673062601,0.027722563821609942,0.01879027408848356,-0.017947133624485266,0.011738432445152245,-0.016232899007136113,-0.017174353494883516,0.03712031088163603,-0.015168269418449546,-0.016096211990816473,0.03347684606358288,0.03692385842764332,-0.016271318873304314,0.02805366291976846,-0.02973107906483842,-0.015000097571706039,0.0034011083589963052,-0.006267594678047046,-0.004342576713208143,0.05460616552814864,-0.01388483423096942,-0.007156164147587164,-0.004642474156867857,0.012408995935880938,-0.0033578871706996813,-0.016435073765221887,0.0021066490077965815,-0.01371124564579886,0.018678549623285627,0.009138522585654087,-0.044783362627893765,-0.0035716931074802802,0.003599469652878802,-0.0146424771143398,0.014442917844267765,0.009118599981342566,-0.033880884703194905,0.030106199358980734,-0.008760258466153687,0.012212225151650196,0.031389392891563755,0.008132126121537058,0.023768758115626978,0.025062657600410945,-0.006160503664906538,2.5190069117243363e-05,0.006072733768986337,0.017210749225969723,-0.021654265919864996,0.014548418881960602,-0.03555397509635749,0.00021537863259475954,-0.0069893903041830146,0.0010846616981249428,-0.0076816233721192385,-0.0025884987295984167,0.00039088699109081945,0.016202475533910392,0.006065020668817498,-0.0056368251179595786,0.018380507943241992,0.015230105531785528,-0.007089861948040082,0.012868524103368766,-0.012405196744749675,0.009581977806976063,0.005174025191861741,0.007535390833073915,0.016214084884520735,-0.007083428334476213,0.03080819713339873,-0.03191247373734968,-0.007591662096953772,0.0106543220495785,0.015690443067517417,-0.022429360654585163,-0.012487160257331275,0.010240885494037753,0.012314754940491796,0.0030589243976054388,0.013196874412650375,-0.0018550566909006094,-0.0019783142954080237,-0.016597648797984862,0.004043034465826653,0.031952547372389235,-0.021046784723331637,-0.002628282365114048,-0.0013740582294920162,-0.018011121457931385,-0.0029919892163988897,0.013904323877833264,-0.011014123145461262,8.641320688590287e-05,0.0016600950552238317,-0.006167775738014503,0.011163734553412701,-0.0039003332143311923,0.0039180024062054515,0.013084538837886819,-0.004774005868682526,-0.002063753531976897,-0.0020984598310712158,-0.006614241321606095,0.015182330207235705,-0.012633058172934655,-0.011787249914570927,0.019790781966614324,-0.0057251532906493294,-0.002677126773527625,-0.0025318963796078326,0.004662988671753765,-0.025215628842313483,-0.017520494038940158,0.010217164381431606,0.0198166886602117,finance
-0.1696909757950935,-0.0024270008506562554,-0.14255936221220147,-0.0668541316411264,-0.15096292091139904,-0.29090777665058287,0.011646678450039027,0.2128088211119934,-0.2072592396319556,0.4677046673811728,0.02786935249963659,0.12648897096285033,0.19641949014970383,0.1069253506922405,0.13139084870730688,-0.028224018925803663,0.010344518029972796,-0.015442439633075717,0.004632332651871322,-0.035263176838070405,-0.1200174650283327,-0.06596827537503881,-0.09148596114196587,0.21029859109749477,-0.08593257746644166,0.1388479307101286,-0.19798941215485658,0.11509551377972618,0.07067667796260253,0.006968998835350529,-0.023504189946128965,-0.018867313358896718,0.02758361575581209,-0.0914107840655,0.010995256843579104,-0.01648462043480761,0.042863077344453375,0.02088546814493187,0.017297724604917086,0.01434694293569473,0.003008910202736414,-0.048300781678834594,0.023022501076499686,-0.04521712789158329,-0.018330984866482408,-0.035768039968187705,-0.013303247509172725,0.026418653769071904,0.03355730222102776,-0.12008837021187853,0.04671549748198074,-0.0038291188156826445,0.04528991848220869,-0.0010849844042691474,0.03481110392367643,0.06054047776409776,-0.0156622489600407,-0.0064264941360528335,-0.0025407851331121587,-0.011212511934539243,-0.008886312983872569,0.02248358365883591,-0.04421342232355257,-0.04541018528871452,-0.0021752136550911507,-0.058759210006303415,0.00512830204450907,0.08658740125886802,-0.039563763657731094,-0.0038890554995066784,-0.0309875738179243,0.005063486424791342,-0.005872151799691901,0.008454068944242834,0.0037014891605612215,-0.04716841906916844,0.01070345216659489,-0.050192050624595516,-0.0311286788196024,-0.018091058989483245,-0.01808184526561621,-0.052242869336063855,0.0655640323465409,-0.0066197594005793095,-0.07332789863770402,0.02549141995710186,-0.04842475829524342,-0.0005046722683139283,0.032375298171010376,-0.031777030811051314,0.06758265736762248,0.01559860239304982,0.009230769583899817,0.01949429442556247,0.007693220484459336,-0.009798007335066139,-0.02312501506578006,0.014108210582245458,-0.022223743928520775,0.03942669693190148,0.030572193912843337,0.0023628842391785407,-0.001595234507705932,0.021803700238561576,0.058556468073745975,-0.021664321972329613,-0.011835441911344603,-0.012680325250766932,-0.011864573781531095,0.005026059285387148,0.031173961820348702,-0.0108634556563194,-0.026439924461309636,-0.03972798342710831,-0.01366558250809901,-0.022598050642080834,-0.009403079294741275,-0.038651135740571156,-0.008477367947764616,-0.0007328192379788448,-0.04607545095952987,-0.017085224773013233,0.027146012472168364,0.0011880102678355072,0.010222913038553648,-0.0007177831093986407,-0.0069528536549211435,-0.011047807708452146,-0.03479802299997416,-0.006757341664529871,-0.008083162255279344,-0.012930895186729248,-0.009534601854482943,0.005265094884596562,0.0038494855456092554,-0.0004272345657712651,-0.007344175499328153,0.015045470668781868,-0.020867824630157152,0.009084953630351993,0.000850586267797734,-0.014473772448064762,-0.005477498875079932,-0.01404284774226232,-0.0012287308582504869,0.0041911209924487235,0.014039646781513843,0.002276358529659471,0.011071741666591323,-0.005680534186900772,-0.005141466020675047,-0.005887177148459912,-0.0018830079584944309,-0.01329985133079767,0.0018487125111822731,0.011807170616617166,0.006947218275052341,-0.00017343347362764366,0.00012924325181426431,0.0037073198669230374,-0.010085358231949691,-0.017488271137598196,0.010454657863421568,0.004907204258502728,finance
-0.12852202452825695,0.008448676403057652,-0.11464563517547993,-0.061522131479789945,-0.09802006967610391,-0.22183083342336782,-0.0031792308960279605,0.1494291772372045,-0.15478952545441893,0.31192395926735617,0.0008056039775809792,0.09671944895133064,0.2109030706402356,0.05268967280973844,0.09269617260815183,-0.07094857911271274,0.041434638448000036,0.0776628906083001,0.006075902003430572,-0.017952067010847554,0.012812968821600082,0.02510544489381162,0.14447431712929498,-0.11832636838119857,0.04702792177768406,-0.08238937574161709,0.1125624718934942,-0.07572617607026745,0.030653142006532467,0.008631755151627592,0.026645716124634497,-0.004970541439619275,-0.036794584370476835,0.07395286263557528,0.030985472255742608,-0.00153508840878797,-0.06987983463167982,0.057889467105804004,-0.03399480582700625,0.017429944832894124,-0.04074869831515326,0.0380419462056298,-0.012145522511087279,-0.09896489878437889,-0.01573019882873012,0.047657047786859905,0.008977684413999359,-0.047705291680343556,0.03223111549905353,0.04048964272326927,-0.08864141506318977,-0.027930283190125457,0.02412497276195831,0.09627776534074518,-0.02099175208697135,0.012525411008762283,0.054639724602799394,0.03189771046092437,-0.048819426143378565,0.06780927438615487,0.1513523929089358,0.1172002092674348,0.06675173707998812,0.059087573636109926,-0.012316899663585776,0.04265704123254399,-0.04078318451185641,-0.057761919187909905,0.19320755683139013,0.0715677561865428,0.06665156948787719,0.1648398775561285,0.08810770525271412,0.11630321468980848,-0.0439853944491341,0.017854286869958998,-0.02238918234012412,0.003811112207206367,-0.06319255291086329,0.140353274064227,0.13779524915164312,0.17423996393326663,-0.20445595520725945,-0.0032983046841182618,0.08707261667596794,-0.0956614668480328,0.136888092558164,-0.10389488569730138,0.11473386454243921,-0.008401107168518163,-0.03352683633984352,-0.007509257813409111,-0.05837796111662224,0.0498949137871592,-0.14513848901870272,0.002577849382837838,-0.026316141681583093,0.017887832225325726,-0.02559834595425754,0.054375492225203555,0.012043770472785707,-0.007406585545382131,-0.03394625038238116,0.08186343177285473,0.06837404818237747,-0.06734279446576551,-0.005072476411551108,-0.0319081787536194,0.023117528839550348,0.056228258744397915,-0.040660931315541216,-0.05670066063791884,0.04022204022956745,-0.027317782118876675,-0.014416174559724243,-0.0022456565518116207,-0.05160081965080676,-0.04190036336969124,0.020950731262249278,-0.10644061503032803,-0.0738944334656896,-0.04044366918395769,0.20051971636652924,-0.10278546457893215,0.12384665253169493,0.02441052457018473,0.05210689184973552,0.019065452564509863,-0.010891873586774086,-0.023908544988566087,0.01266607275879425,-0.014120225694698993,0.03194148823838571,0.07960289009715489,-0.08327182236045699,-0.02953464498892703,0.004466173874459922,-0.038531677259194305,0.026066363634641505,0.03089777389285879,0.0738459235791041,0.048064272314903025,-0.024204786074513904,-0.028077275977938295,0.012741891921957108,-0.00806364822903583,0.06113918009352227,0.040072446938508956,-0.008915124617089243,-0.011982050800595256,-0.012713299081328684,0.007101478186311317,0.006023651262139255,0.020960075920026577,-0.00888327136333926,-0.014217324894255746,-0.01720537726129655,0.016999436994392318,0.006562887531543506,-0.014289771987223952,-0.011102088696773855,0.005739121281634192,-0.001960535717507432,-0.023772938516100323,finance
-0.13380397779053452,0.003421905548197563,-0.08405266642003494,-0.026414101927616042,-0.07346613439179676,-0.19864059227648348,-0.038379938096197164,0.18720845710991543,-0.15978603181904125,0.3068060975324609,-0.04083916452683127,0.03821774731986689,0.09756533575943355,0.1134184299840873,0.0679945481793191,0.033216355288503814,0.026501896075284827,-0.03535867972068821,-0.0044267162933079715,-0.08769073219440009,-0.06844895390828623,-0.049798107923518874,-0.14609601422966872,0.11889983903505895,-0.05074086944934424,0.07529495269602424,-0.12012183623469946,0.06951465010793631,-0.03810015956589365,0.020125862127982896,0.0692879215320636,0.011945632325866646,0.10213500010243574,-0.07058398255784593,0.057220552635393454,-0.07686555886545887,0.008440452322621323,-0.09673287478366092,-0.060845497210854985,0.08622276133045835,-0.00882947074044822,0.03959635560661914,0.11613682462539286,0.13608429635928382,0.05289167853866128,0.06045870104074773,0.04447697797942421,-0.07304231803564352,-0.044460416527476836,0.1696566662419526,0.018247110000619668,-0.09158713528678072,4.408558739224245e-05,-0.10627747457018981,-0.0016845797161523953,-0.11305433618523847,-0.03952321872479957,0.014911568039124997,0.035684007833235026,-0.00866614792247523,-0.09452313759113073,-0.1304840433277891,0.10912476113939171,0.012081630916769169,0.00865108932908504,0.005539854918232942,-0.031614219944098014,-0.03938138969682761,-0.0024331731046420358,-0.009817695530483258,-0.026333526495535355,-0.08723863762591663,0.0022106804227712312,0.035460506171286224,-0.009611053753355882,0.11973737551398622,-0.0020982314411018563,0.14837330274470847,0.08307902937377638,0.014973561094373708,0.054971302138895166,0.02679343126729304,-0.05011967850774231,0.008223735110407991,0.08865479479894658,-0.08939496248464365,0.053700641098968015,-0.021238527660215088,-0.11010194678291149,0.061736603422811454,-0.06107645780963249,0.06910294417217887,-0.08090400258989734,0.013839103848806168,0.052288495662383076,0.014381426535674749,0.015611795889161556,-0.017081702380529758,0.06292644072146909,-0.008631291391554687,0.050878966436206596,-0.07411418236140994,-0.0689862467038668,-0.027637672007695627,-0.047467454585267424,0.069058740934239,0.017820551314367074,0.04506051601801453,-0.06320947792380503,0.004447539214332746,-0.025807105785869068,0.01957758534299714,0.05111442872393993,0.10389699194818698,0.056226884733577356,0.07065155920256404,0.06497350444647887,0.06067632937801579,0.023394962911285146,0.028585320814884435,0.23793968829980447,0.13636910733545685,-0.05093398011360676,0.00048390230162534116,-0.15457140364249547,-0.0367901815428031,0.09442842194544347,0.06393542627987382,0.23173194752832962,0.007361515747047164,0.0573953203622485,0.07301657946453373,0.0007599421654188578,0.15065871946632253,-0.14241799251654705,0.048430485050400915,0.07248030898582875,-0.07853806471170566,0.14679806994174285,-0.041919503839283334,-0.04727795497736301,0.042201263227650124,0.02275691590465146,0.03672632310084752,0.0629940096919243,0.0004326756792560797,0.010865724133959032,0.013117615488785674,-0.03405028803024111,0.036830979764178026,-0.010141912061091529,-0.006112605071942465,0.010283770377608014,0.019443342565260657,-0.010644457402642369,0.0019419412510315837,-0.04194671390157187,-0.005871649788176269,0.006112814732208956,-0.0065378908794773835,-0.014265121119848076,0.008563335692308872,0.005444935203106449,0.0058342298428379165,finance
-0.12918863277640802,-0.02932557456359116,-0.0762076829336735,0.035015299655698884,-0.04576821162839011,0.026346652375906564,0.0010736822780825538,-0.0034637311912856304,-0.01372059423568672,-0.07166458090288981,-0.08547681522182492,0.012645576965447483,-0.06545618991358829,0.0345704246251561,-0.04252681386242529,0.03326416801722769,0.0027865746292913833,0.04347880980528438,0.04180295239654931,-0.06345523738372892,-0.0042128855882373195,0.045058037355253704,-0.055364923915027876,-0.07172096323286949,0.06078028047272982,-0.04170551970986327,-0.09804132353576579,-0.01241809112526164,0.01466651602132261,-0.01618950874992555,0.026694787094848765,0.04515640362171853,-0.07369463234941973,-0.11621574929660664,-0.09904239515515295,-0.03687434355985916,0.045920701990967386,-0.0447694104652645,-0.05155255280283183,0.048065382557738366,0.03406061537642029,-0.11947329558589534,0.22129824497007086,0.09508493017059069,-0.019393296934840203,0.014703396929992398,0.019319848165009788,0.27045121164259,0.18636335451989974,0.08636190685713209,-0.04469117467785904,0.045756062528659255,0.10283296803408104,-0.0235640975136016,0.14153945185411054,0.2882663642114746,-0.03155070181988617,0.1515746668202919,-0.17497672281538434,-0.0708279357969926,-0.022725633298422452,-0.0509213665065176,-0.10854459405720766,0.028125146110307912,-0.11882587976128003,0.1206823665669132,-0.047136770663176474,-0.10239843738818985,-0.021599378263567438,-0.007054690299067212,0.03531522198301254,0.06627559764775558,-0.056557456100817506,-0.12550820557109363,0.12262491457805301,-0.03115072668943161,-0.03432361193540961,-0.1588592426485816,-0.011783680281206113,0.03787705457497113,-0.1752728833269488,0.009985714670400252,-0.07901934145207835,0.15251164517223026,0.043967259843853725,0.027364155297682085,0.1625733289519177,-0.10589012751878558,-0.04566192164551353,0.1016905919480691,-0.03160536476308178,-0.000622046516592746,0.024166128222038362,0.05927797982294684,-0.0905581163980771,0.11575933706012737,0.05515513433466652,0.12855076226379952,-0.056895742519268856,-0.0816274570847264,0.1656889504071215,0.07827096026673269,-0.018402836025929438,0.17867579464146816,-0.0583670962626785,0.028355709367027367,0.005372732571876505,0.048348286904495504,0.00865978136727455,-0.07612986131085626,-0.14735037703500647,0.04035733699058707,0.002205394630754725,0.045991097461549155,-0.011102200918969076,0.10635870523692165,-0.023760026936886593,0.061422563320865896,-0.059452997288714865,-0.022659463583642944,-0.04227831445139198,0.06655044789940302,0.005018640253073385,0.04466221228025514,-0.06492791840251293,0.02585624701807198,0.06488847732210908,-0.014775292826240228,0.015151630076783287,0.04377382677318579,0.034601801051046474,-0.05812499369481409,0.0585764451944782,0.018246252477278554,0.02260066793462197,-0.03394199987267998,-0.05070287179721854,0.0023252701977198743,-0.0055497718818926225,0.06451711769805347,-0.02050212401605482,-0.043474811646134245,-0.006861950241622841,0.006966900866951628,0.01594560621964945,-0.0076675685184123205,0.0037519731240354673,-0.045025716084304473,-0.02059356938005501,-0.05563001213285076,-0.014800108922903357,0.03389584445467882,0.016306062838385788,-0.01927374115597907,-0.005107826260279285,0.006808828722444741,-0.013262610202512435,-0.002268192783470399,-0.007710709900508457,0.0019665328157826125,0.0015924687974280033,-0.01494062581384588,0.004156694502961451,0.015081834003891419,finance
-0.1105778806624089,-0.02188840269505961,-0.07498689268884008,0.007812962645752286,-0.03863721137038662,0.03586114528592915,-0.08859965449658494,0.06202037583809988,-0.09600590702552447,-0.07193210199164007,-0.050377509344942485,0.006866117497032454,-0.13551713744635568,0.03924298065335854,-0.11584117059590608,0.06620903721790275,-0.03586152376496287,-0.052227239787673775,0.009830822385571066,-0.0095945854115869,0.004268436841679462,0.01644012254395061,-0.01633878197624303,-0.05242155054383829,0.021910167117143015,-0.012716648120202846,-0.027340905626520615,0.008913648039991852,0.09498903422315123,0.06396083803911862,-0.0846798080120748,0.07655088974536638,0.10255435763995649,-0.08614124436943163,-0.07374756125376168,0.05834547516641291,-0.007349826698808531,0.03237315687598155,-0.1390173820245768,0.14557358031433212,-0.08269728725093145,-0.013690976956382083,0.11220817773390951,-0.10753156762198154,0.20534105740083952,0.050715317083656286,0.02748758333601755,-0.026888834775435657,0.04942375289443732,0.06288525697212226,-0.12971294721842141,-0.0939532666873969,0.01715316289390938,-0.17130437576044313,-0.03837058126027226,0.1809922665733715,-0.04306709655281667,-0.04524945376718034,0.04617223800940856,-0.23766685272520752,0.21671204966237786,0.008213144091821946,0.0003241461320454072,0.2878778097115377,-0.07729740720869932,0.035048188485583186,0.034468724269275844,-0.06101406268392931,0.06741354475922429,0.024461979234434127,0.013355070938394276,0.012469450042429917,0.11847428071826013,0.032939787645904696,0.04808487574345662,0.02237197080293149,0.1371080347416057,0.2144161570939534,-0.04777491690976492,-0.09220335830297464,-0.04472351056399194,0.07316715985253536,-0.018828400842513502,-0.030410369996353857,-0.1515662515224051,0.2040416467386654,-0.0955945289829544,-0.09011656547203634,-0.06013231978373026,-0.0650865171965203,0.07852835084795627,-0.06266546227994847,-0.020018005268859204,0.0367818489557354,0.12014635063776816,-0.17493770003004847,0.03611859857101096,-0.105895601102838,-0.12519107564688853,0.07785878878769281,-0.06988056817896345,0.011446331583317851,0.14199494793046008,0.0569527102794556,-0.060070253100468964,0.06209933978463134,-0.03867798874599041,0.10558589924481729,-0.10842139903838369,-0.06693717596830386,0.18954138237173804,-0.024894598219233153,0.05594193059604507,-0.07842342112140915,-0.004594191015164752,0.027356585414395212,-0.0480899595530725,-0.0034157651724430397,0.06943828942145633,0.03326118161366347,-0.005189871968893322,-0.027947432090825522,0.045760748428218805,-0.04466865734154217,-0.0037913990372875515,0.00866654266570753,0.010959562730895083,0.004774225325880837,0.0009206891001956149,-0.0014039047708112628,-0.003205871509490077,-0.03598231315319643,0.0057866857037413705,0.004406417590870451,-0.012861348410027658,0.006954276250598872,0.014759155768751569,-0.017417510777935723,0.00442474397515912,0.0018948978435730827,-0.006029679779571243,-0.00645352653166472,-0.007065055548229521,-0.021855299260185163,0.025166259878944865,-0.014198847577944616,-0.0051597652499168895,-0.027573891050758543,0.0025109988041453054,-0.005825331331363614,0.0005691093971929343,0.017200674977819283,0.0016381991922786545,0.005822068526528716,0.004791201398819909,-0.0005112964299087458,-0.013070973295542375,-0.010905537896639525,-0.001908429370736218,-0.000781621771597341,-0.005258460258932012,0.0020230942360448213,-0.0004710631669071204,-0.0029929989181314803,finance
-0.1020328060076182,-0.05026920582721259,-0.0950786995398536,-0.014818472003843728,-0.06201137775522799,0.05998076836047619,-0.07592211599555818,0.07946687538590635,-0.0996950443572631,-0.1772532863031445,-0.05821687422224966,0.1146902044503826,-0.07051930248716222,0.020392637845230835,0.007485463231284766,-0.006686439033325441,-0.009061653587370417,0.06496782219011774,-0.03243099440254261,-0.048440942821588236,0.022334216524066513,-0.002300098364681543,0.26571972049632003,0.015997055409424563,-0.02203541999855584,-0.0091976643835486,-0.04850296545446781,0.10271014081589444,0.006129161708062371,0.046574242835677994,-0.13291008550803807,-0.08789977708359603,0.15582465159067485,-0.0005567418913301974,0.08134542062268815,-0.03311209128813209,-0.12867899376351966,-0.0943477668507175,0.14847608335149232,-0.024834817225242414,-0.06790154137272682,-0.08347794559816281,0.13414467586587814,0.0705305635054695,0.07192436394820682,-0.029632783175157513,-0.037363761255987255,0.04072822463543331,-0.08719362552389741,-0.07929777020188661,0.14967675712893005,0.06762719310623214,-0.13619774338277266,-0.012032787956979814,0.01497983666186673,-0.048880041559830514,0.04329044047413607,-0.05125702458411176,0.15092894806668739,0.02190483680791785,0.06714273867511535,-0.032779569957497576,-0.04876330954044673,0.05325034176878233,0.14378873857760693,0.03541981995653773,-0.005321269902904357,-0.15017532191672867,-0.05842688768546518,0.00837709133418179,-0.022389888732871368,0.048269168275221666,-0.09621176754578496,-0.12890569692966106,-0.06356599119332565,-0.08872524620317729,0.010867327279562857,-0.09888225109489626,-0.02854024979957972,0.038040825760677716,0.22477987444564237,-0.023591400578928213,0.057167144954346195,-0.00900083628509225,0.13235770095494598,0.05911323175019213,0.1344332530815283,-0.010193871763618618,0.019140266346480726,-0.06448280703664838,0.06151366021474472,-0.06840014623576836,0.07354585015394328,-0.10843113718476573,0.005532702366582217,-0.07888114294266445,-0.05288591988533489,0.05677658916547815,0.08229820189802797,0.11686705658422608,-0.02997755676267764,0.15571994872773878,-0.1344549558952162,-0.03381893551399252,0.05835723197680791,-0.06799815443604772,-0.12641552780608412,0.09138364338425134,-0.06655466228410872,0.08314655028116658,0.10328869300200261,0.11526344188095625,0.02581153674466117,-0.056884905438203,-0.09317613907130796,0.12766186242524166,-0.12199908339759981,0.1241106318373711,-0.016221325832141517,0.03571703987948748,0.030523632454878456,0.024586373757544543,-0.07479984607540578,-0.03770406923911405,0.025451082742331987,0.14587809466987556,0.16397721113193334,-0.027399946547284105,-0.00469418595419382,0.09439230854300747,0.007599266936167284,-0.09975477693640317,0.061715702585719644,0.02342129217795913,-0.04021197677945812,0.020280911258484517,-0.017246797557679692,0.01290599643680103,0.029176450434608422,0.014073239850953084,-0.020992622118431767,-0.04054818390837038,-0.009624512682972562,-0.007754109720529705,0.042928358909363175,-0.004826860474011157,0.012997785273405027,-0.037186221857758196,-0.023681348727325455,-0.005134060374428233,0.014795758866266924,-0.004666664092081516,-0.012467117966447634,-0.016469609587645675,0.020923755741143954,-0.013203193597841405,0.0033688265857372657,-0.00979899822799709,0.01722634379424357,0.008811251821948288,0.0007152225778211902,0.008089659403625694,-0.0029776975638016144,-0.0037918378933973758,finance
-0.16193151289364036,-0.025718884692201748,-0.10194096621995288,-0.038763768000322836,-0.04698408722984832,0.1298519355610993,-0.06461657921492893,0.005669867402312279,-0.08407198665695644,-0.11575818193951978,0.004017117305648304,0.06883490177341361,-0.22203855994101188,0.3359710713093884,-0.019991939026722288,0.060625087692895326,-0.09875399254782165,0.061636492014405436,0.04596060011073112,-0.08257506665436404,-0.08096297793921509,-0.023599613368046366,0.39109196496901466,0.10499239963686129,-0.035166079282226835,0.04763231914281096,-0.01819987846096476,0.016049793205748616,-0.04886235058112145,-0.05012969955010604,0.04318525023131981,-0.0442337104114753,0.05694301638742106,-0.05177036499113249,0.11859040117101938,-0.0312354702956576,-0.033141562026648266,-0.03352509110917419,-0.026437554545889398,0.12689688019015102,-0.08121374556602366,-0.04084257363839619,0.12468604604633403,-0.0005242658760903437,0.01912575377674208,-0.04256840762818249,0.024835708309519918,0.045982832154396365,-0.05928082213132184,-0.004614629274365771,0.024088908478387582,-0.0037553180060433595,0.061440425619809315,-0.03248976766499954,-0.009689487923670201,0.019512607449414146,0.03340953542231836,-0.02320732941460115,-0.05163927550054739,-0.05738107754831823,0.01938339830110803,0.08952958804134435,-0.06260297731219529,0.1085170829908356,0.07101393657465636,0.020082259610805675,-0.03428750124138317,-0.02166858999291676,-0.03770636031453817,0.021243082341388695,0.009140080514369289,-0.07536704807082485,0.023628928150878952,-0.10182017872809541,-0.04424814838845493,-0.040627871016674186,-0.005088542651070632,-0.09733318384180141,-0.051856214033498535,0.002256976528710223,0.03895874836013873,-0.048621574564728556,-0.11518193371583345,0.03411320013136115,0.04272004483601489,-0.040570401035923555,-0.0013837356014007201,-0.06091698125304781,0.007523256220383818,0.05202508021675622,0.002223344209011276,-0.012064007408825548,-0.016079551800089006,-0.0027714984064499313,0.031247460462592677,0.06849425899119549,-0.0005676790196510787,-0.06711555942018034,-0.07288001324974505,0.026715907314227266,0.015962002906508267,-0.035621649325832644,-0.02606709903646501,-0.05278883523079447,-0.14594079591392647,0.055571854576199634,0.0404850966012463,-0.031624539684278245,0.05240364149536267,-0.006172365309968385,-0.008559372717569028,0.11135580864361261,-0.029859832536818582,0.04186034065879945,0.013458013435276448,-0.08194112840666727,0.04361159650367248,-0.05859496096851223,-0.00883159259770901,-0.0021082569104593427,-0.04498196351462409,0.0111751813126433,-0.005405469627290114,-0.017210354331181725,0.017627058293462297,-0.03320878340936113,-0.06915465246049245,0.04589412811396589,0.010874999188021095,-0.06470995652826084,-0.03144377649708035,0.14169510829306667,-0.034720933281701775,-0.02747571813936007,0.03882190712952155,-0.053553552952739995,-0.010781778014052293,0.06797234740811174,-0.03171333799541722,-0.08996620579056941,0.002102522933648194,0.10093618954839922,0.05035021731272755,0.06361232809028329,-0.16757592682306247,-0.017772538242140045,-0.010808342154153133,0.30154301110558257,0.04468653739238771,0.10896212863938814,-0.0007675013768831839,-0.0703155551475558,0.03204667831716168,0.06299272376151593,-0.11991046892405759,0.039374954806594815,-0.04714379118601648,0.08046797899476467,-0.0010987329597500137,-0.04080701388367307,0.03027612544676965,-0.015322348655505792,-0.0030837787833540367,-0.0043911345161959285,finance
-0.13988468112279673,-0.03240577950650077,-0.0852171062112408,-0.041769419442799244,-0.06250898432928871,0.077949745256078,-0.027208515870735316,-0.004112143635238138,-0.022255937915325555,-0.12327137890800487,0.06283911757126397,0.0737197033792139,-0.03799179573938856,0.07421085405443782,-0.03334831497712603,-0.019501862270213305,-0.02685595751935687,-0.005035122317221843,-0.006616977623656335,0.03587926928913108,-0.0016313280721947728,0.000838249468983857,-0.06325957173192037,0.0010581642115810512,0.043848097252383485,-0.005812508157729106,-0.032910342560984525,-0.0159235898575214,0.11764626179185067,0.13559168664895954,-0.03527097573525088,0.023434998905527603,-0.008560309047016355,0.015079764816442754,0.0434275664330719,-0.013216451489643516,0.006650915078506093,-0.012924604331872716,-0.06627148569288978,0.07465076497262817,0.025992794513037976,0.07545497032074605,0.008856622469823347,-0.16596349436961422,0.08251362947355097,0.10409299298933042,-0.10152185168506045,-0.17393542079195387,0.01873473308130494,-0.012283581115722825,-0.11777233813301873,0.05053571139324477,0.06289394030459193,0.10901108679917186,-0.017059447235051508,-0.045302385860933686,0.23489899845682957,0.13087251024418423,0.29371172117862476,-0.0870682864423974,-0.19647325119527695,0.07649262315468569,-0.005914777072432453,-0.06275454993574629,-0.23991041548953768,-0.13252303948665872,0.03477566231855245,-0.006753448347364864,-0.06008029008907472,0.17763613783599524,-0.06390706475919582,-0.08793839048747214,-0.008291378582854003,0.14576952764152554,-0.033088382008480466,-0.19443119390584565,0.044483242217930846,-0.06972493518755866,-0.04714114944040102,0.07434016237406937,0.11288562279990537,-0.09812508487704223,-0.03976616147433994,0.06762943638051602,0.06617895646847007,0.02212852518354256,-0.08486688746957313,-0.16929236518966984,-0.23599067404006996,0.01272505375198627,0.06130640011381585,0.03269394648157297,-0.013560380479245472,-0.09918535029602106,-0.054645924066186555,0.12958033245025954,-0.04867463995104849,0.04212261553910991,-0.06103752441922264,0.05217712952420937,0.000453044855868822,-0.02736243402578485,-0.05557805283540242,-0.02287276954403498,-0.024619735807391734,0.03916316375035683,0.027920558412291144,0.046714626610542945,0.08354886289388375,-0.12372879176248495,-0.07618219259917712,0.004626872420550234,-0.05987697923819173,0.07416098919955214,0.05365624111635594,0.1059751312056595,-0.1400953004661865,0.03666517875633479,0.07446800356634212,-0.06589604174395154,0.06877481356870187,0.0049211301648252,0.02335282043287568,0.028815878174461865,0.03042349848113679,-0.010912424383701637,-0.044261311769313284,-0.013401198190648859,-0.0663747943430105,-0.03684977702653257,-0.02844167925173605,-0.048614194881791306,-0.08996760457237865,0.01372051778407631,-0.002229774592684729,0.017573989511795802,-0.015091732881474416,0.03822316847643159,-0.007481068809582233,0.003126360402960077,-0.0009308580552343615,-0.008781177531962139,-0.0030173399784776287,0.029857620598167246,0.03487471731853942,-0.0024329090866374212,-0.011746350175232538,-0.025714343385251495,-0.021858331436483164,-0.029590363584179352,-0.008064219661884434,-0.014588874469099863,0.003534617375924987,-0.024438599654117592,0.009114221316829155,-0.017922851075871937,0.023750835354912042,-0.0017613008893373275,0.005884007251779913,0.008149447763539966,0.010119860988059459,0.006153417416580491,-0.016493719340371304,0.011877693359994172,finance
-0.17616366626210844,-0.058598632975049116,-0.10034513670420483,0.008785420712019773,-0.125339716349921,-0.002696881229981142,-0.057364497469673856,0.10570850110572029,-0.2138629595824863,0.00909420503851904,-0.17294601315205818,0.1672696717871308,-0.13079742177933043,-0.039661311103712564,-0.21727809037787757,0.203214152160066,-0.22805173956278557,-0.0935054427042741,-0.029705104724053646,0.60897946346369,-0.017109459526275107,0.024095489780997424,-0.0072031782396381186,0.09257838833342531,0.20944965128226775,0.03377842856280675,0.03649182722865723,-0.07129960942815133,-0.04829555937263264,-0.01314413989202282,-0.013769748242942643,-0.013773962458264193,-0.030570264842788485,-0.009958905370797482,-0.0565163728871348,0.020627596349366877,0.016680354758459557,0.0319025257174192,0.05542775942148565,-0.052721735256558995,0.010426291874636456,0.02481950542669305,0.005809033921368325,0.03974982202788874,-0.02681202539154178,-0.017249765715194047,0.021530091832692264,-0.041816157977772814,0.0011834470356264996,0.0060952868387064325,0.040020564222069725,-0.014787626420046931,0.009844500544224753,-0.02943585725589891,-0.005069845042994347,0.014325253925378747,-0.060644252536838215,-0.0056415769875144866,0.032961739585107,0.0885346072417108,-0.03458145959768745,-0.007227927613883121,0.0239905499740668,-0.018340197586601017,5.003558743416416e-05,0.02065033563196634,0.000305939139197282,0.03458061971210552,-0.043303265928775835,0.0214915763232327,0.04761148234987777,0.030744447611693405,-0.013965512291051172,-0.02215805544971505,-0.021197866475584953,0.004093909119950616,0.005461424084954216,0.022384009069095923,0.009717206844780954,-0.026678285679986966,0.021788550636393827,-0.020278269996632806,-0.07584871914539343,-0.0016534482962581858,0.012981461578280644,0.013375565849170693,-0.0044656024090970305,0.04267503790686296,-0.017662915675007062,-0.014889631688131321,-0.008908667913238064,0.012649555671720108,-0.035424425675219036,0.0696757743474338,-0.013212769774542093,0.02635653696717949,-0.037122163097083785,0.02202119713560679,-0.02972320090506122,-0.004877495721214465,0.020004411263140735,0.003551612253783762,-0.02918227226337499,0.025942653009661757,0.0040816282629347125,-0.015611622115343846,-0.01809042418762752,-0.01705996865319442,0.006624762573520036,0.031252412341893084,-0.03191799986685389,-0.0021814563716971496,0.001158794829315754,-0.008649843435116518,0.005809291303733931,0.0028631585103623355,0.03094990819546757,-0.017690233168507884,0.015017207934793253,-0.011349792797390089,-0.02195181897922646,0.005046248989274017,-0.0047598398593549805,-0.011727644780556063,-0.03579614033150255,0.012641816582612004,-0.022175538472785125,9.685614124755834e-05,0.011215544508485048,-0.01939080651880106,-0.005797464533354284,-0.008857895148279074,-0.016176089023074647,-0.004802707098440398,0.011631297681622112,0.008115135803353693,0.008513951936098716,0.014063405864516118,-0.00455479853634218,-0.004094623934702414,-0.004822033665237055,-0.010534441305440394,0.01078534526894648,-0.008293233069021508,-4.886015329859847e-05,0.007314044939285875,0.01978049401872623,-0.0062184931704491846,-0.0028251461028876304,-0.009606301514740383,-0.001262326813549818,-0.01616985701710188,0.007664297687429131,-0.016380758248182983,-0.005414733920314279,0.006042505293565904,-0.00985940770777274,-0.012909658146759788,0.007802670303223747,0.0017083638636316125,-0.007377456812513191,-0.00302713436120155,0.014056263517788698,-0.013906177934976952,finance
-0.17553245794450428,-0.052596313074386655,-0.08157886529808984,-0.0038726204993137403,-0.12582168366972174,-0.0191125951289721,-0.060723540207561086,0.1102081485863032,-0.22938109744928417,0.014327821212000248,-0.15774869584832163,0.16656836583692183,-0.12164116512329753,-0.05197021079882205,-0.2011386720142427,0.1856265362013474,-0.21873781872272036,-0.08635415334747877,-0.03001851922915815,0.6168280188118,-0.013784672858022954,0.014319242397782319,0.0030577793904855714,0.11469895605037095,0.22037126055275927,0.05147610190671456,0.025094808493158385,-0.08033814837143048,-0.047172165857194526,-0.009883897495709545,-0.021440247234220142,-0.022809500889041094,0.004031542567155409,-0.0003265708885768897,-0.05869094444133651,0.012054706180745214,-0.016498312046932067,0.004850761629887896,0.060197192242204274,-0.04019431872543997,0.00952090356844255,0.035191974198688115,0.043708655971013345,0.022997598653096675,-0.01961777538693826,-0.026225447145229796,6.782924920533893e-05,-0.042383887402517924,-0.008817652536718531,-0.009282840109806923,0.0480070207213625,0.0017336485173173918,-0.01059740448369846,-0.035689881936079824,0.006574255579883376,0.029659521396584315,-0.07284884012150307,-0.0163140238339175,0.055981893875616556,0.11067314029513281,-0.011788040417135399,-0.018648771809370034,0.037814124392119716,0.006808634590745719,-0.00945075340825754,0.029427127618718362,0.0019564182182126187,0.009164117199239914,-0.05132225665683833,0.02581668142878417,0.055143310375896384,0.0496118885095129,-0.03125044298858997,-0.034444634860220126,-0.028558155373941494,0.0046436158961032465,0.012725544690176928,0.035269154557197195,0.025762421446599234,-0.027441285158709357,0.023200734748139794,-0.022584820150788207,-0.06317070164641518,0.002994498151457035,0.01994934146135982,0.026494556858654934,-0.015598078890686122,0.033395878300643805,-0.021513076197633044,-0.021226485680295785,0.00742364519462854,-0.0007648492830741206,-0.04173099133459276,0.07457549150050803,0.0021486073457681913,-0.0028222941233957684,-0.03482257717429704,0.03348375987490472,5.5339404082107706e-05,-0.011319505038404065,-0.0011956927442771667,0.0070325058396440284,-0.013482211234747396,0.024516576076955978,0.012828584073974726,0.0018115788604488264,-0.0015964084315608662,-0.02108631562081462,-0.006656652146536139,0.030749571873612894,-0.028243529256370675,-0.019594257572203636,-0.004492253230924985,0.005579528438306161,0.008118484895008665,0.009307733214877677,0.022485151432811802,-0.03867562997153036,0.013909424978416395,-0.020873121893708657,-0.028593040602429728,-0.0018197450515483355,0.0019969610273651373,-0.0005712303651798098,0.0012461297268771933,-0.0017759955091172501,-0.0075832946643531445,0.011982007748182115,0.008617106404047644,-0.01739556390127553,-0.005945871334857805,0.0056784961176298025,-0.017309601080292454,-0.005428752464071225,0.02021305801377572,0.017566409698824923,0.00483382581881221,0.0051144669661223234,0.006206200734482841,0.00192319635153702,-0.015635930133220743,-0.013608927303199809,0.0071427761282180586,-0.004233102792240861,0.01083471207490395,-0.0005569606243674705,-0.003360720673130408,-0.006890426517532028,0.01032153155398446,-0.006228872852157078,0.0009542175585744146,0.003933643500760305,-0.0026434315293950446,0.002549893405184921,0.002282559492236779,-0.0006772647572892481,0.006096629914892524,0.007136949230018186,-0.00830232170705119,-0.0008075891704333171,0.006687350991861139,0.002733504128970194,-0.007894385543696286,0.01564070576390633,finance
-0.12441155166875778,-0.04089271609209134,-0.11161621452908226,0.027373982768701993,-0.06014685371193267,0.08856277912652966,-0.09300846100478757,0.03765890560969636,-0.11917539730691673,-0.07667456237071232,-0.03543408000123984,0.031153712952921454,-0.22315102684242033,0.16846144618596173,-0.108547403002691,0.09779608217225004,-0.0641165145176765,-0.06081544464734801,0.010455079048535786,-0.16941121381937954,-0.06846728482395273,-0.04020980577385352,0.4211930569532636,0.03039087890183158,-0.17449873374549432,0.05199391165317185,0.05736786085297367,0.07452479653242765,-0.08972447017938615,-0.152119250742488,0.03920961661368084,-0.018205457910539444,-0.032003533481410565,-0.025185755630592718,-0.006114820390394437,-0.06635018084448469,-0.0032974086950155646,0.03304405607955944,-0.01823238964272478,-0.0024425840364590773,-0.05436286387322641,-0.029934348707311938,0.024655565546050463,-0.031570315083383045,-0.014069638911518027,0.001599550294473525,-0.0019405100189502018,-0.02822398091534597,0.027536904649313073,-0.040804604826961334,-0.06248949868644936,-0.0022413356598837055,0.06089730228810582,0.10246128495998559,-0.00996164685759754,0.024505414966579674,0.0048586902532898445,0.04402919675867902,0.09062865692451401,0.005469552734274564,-0.0483472654954317,0.0058492589386097745,0.0739477062390459,-0.0732509442569887,0.02530157922076567,0.001231313534548847,-0.008632976636633542,0.11251969833190859,0.006613041301142205,0.008315562631326387,-0.04593037625649647,-0.04247606186513672,0.004933563214068094,0.09845993480909772,0.03203346403038888,0.0939433724620862,-0.0030967662396617877,0.024147804691807193,0.06378718772037265,-0.009284450358666232,-0.05936132051061544,-0.018751554699759965,0.018079840661833452,-0.06357511707361063,-0.05246294970428577,-0.08011567003086105,-0.014622299761736408,0.03271159426200911,0.05511193915671264,-0.056424490985439585,0.054714493276021244,0.027065858335364876,-0.04067635695108583,0.10288667132148167,0.06908347413471048,-0.06530656470071279,0.023411051847568184,0.05881568233651053,0.05570306661796278,0.037385493052006086,0.04589685424841407,0.02821950434998563,0.03742953570835905,0.13777177403741928,0.10917276698277657,-0.004220183026511495,0.05714655107234075,0.02273054663409736,0.0010949012191334914,-0.10422710080604497,-0.08771763420705868,-0.11456797702990268,0.04484408356835185,0.006641568021821486,-0.0691631626185598,0.032116826473278834,0.05628856094904795,0.03512430174363746,-0.044674121191634684,-0.02160015394131189,-0.008025361156011603,-0.016371115380996025,-0.11485896706316032,0.051129138764267,-0.0010777642517841397,0.025194756121972337,-0.017120962554460172,-0.0330886416629615,-0.14255416419350805,-0.05503053702694624,0.027669478205715945,0.015515253561247987,-0.05144878792868951,-0.11374153515599207,0.056747346558919644,0.11332806054896384,0.03595449120381081,-0.1527666321649888,0.26590370684916,0.23117805168147415,0.10322139450890752,0.06640147355769489,0.010245307581689097,0.026841845392382536,0.08646238189547908,0.01974102886010577,0.026270310749784653,-0.03803778740617796,-0.035383701105035935,-0.0014879679023089127,0.013373896742352653,-0.005000702700607415,0.009019602412766982,0.017876978376647555,0.04866295817484978,0.014911793190032902,0.006709294464507209,-0.026934831386024156,0.0011048107102564974,-0.017402956967435,-0.009221492589689125,-0.0014337431312044827,0.005348590887611506,-0.008426805474347803,finance
-0.17395171924700192,-0.008014334862514108,-0.1635294892483231,-0.14387906437009285,0.06795550730348039,0.6891740622695135,-0.2966428047465445,-0.13088140573821758,-0.06426051273329873,0.28444558954931204,0.12220655736787414,-0.10300367318667614,0.07895105770090516,-0.05184117737010238,0.06063969401002375,-0.03971977066620581,0.04582234506093344,0.03625579074273312,0.020392225498100873,0.04977419422455301,-0.002177973234159241,-0.00480295427400672,-0.0750298307708642,-0.0342401209560802,-0.017717522033037007,0.007690617113754945,0.0035646610789581844,-0.025967426875021335,-0.03393711143308577,-0.06492553383988275,0.029198276306309966,-0.014152764717242309,-0.03141082894930068,-0.005212746891102958,-0.012052877995084236,0.004510773594841188,0.022232908871909852,0.0055377087985365395,0.02166033028896241,-0.02074030442253637,-0.008600182106504407,-0.004076420375344217,-0.014660594106881393,-0.015311509121270947,0.001314018257440177,-0.01597033697974997,0.015785432971411575,0.013312184160326418,-0.006695821184777623,-0.0032227283860960963,-0.008039793025736557,0.0015961731884215219,-0.03461793232342829,-0.0004228850927648971,0.001236735681372475,-0.008403936559692265,-0.027634108334696362,-0.0006863264737147418,0.006447476461401678,-0.010239844017357565,0.008290901640534384,-0.024293837886155148,0.013079343113510857,0.030361895418874615,0.01644586242465118,0.014882805363328033,-0.0018990640129094962,0.009531835049017756,0.029194015457505586,-0.018032607372906243,-0.0132215424974767,-0.026486411941913052,-0.014427089760782802,0.000958504822716769,-0.011761179941836583,0.01960865422082354,0.015350041674815918,0.0161319697140938,-0.0012147822981208264,-0.0016943021804461998,-0.0021886418092540256,0.003920103912457376,-0.009018036559923316,0.0033236499775074826,-0.0022561725518647543,-0.0036641202818730088,0.011723904214846375,-0.00751847387335677,0.015408690017626497,0.005063459138394964,0.0074914788194602915,-0.012881878054169219,0.0023609360673372153,0.012136896845742621,0.03401634217656839,-0.0008483169854480493,-0.015155281702760018,0.037596271524489196,0.03139528730447994,0.011281036307056933,-0.024106969383914458,0.0005367269624667779,-0.020560067812471723,0.008796648310777245,0.014711803875760604,-0.004315820682588392,-0.002464764575379396,-0.0017605892319885197,-0.005328372294304472,-0.0030209006582275887,-0.013459179918293875,-0.0028319680961678612,-0.014970731779514204,0.005531012954704692,0.0054338507555056785,0.03619748961042068,0.005211987585065451,0.005525486655500375,-0.04230926167533509,0.0033615722672266112,-0.036559936721089835,-0.034542240173718194,-0.030669066958846917,0.008756960301748641,0.007623154430280407,-0.0021157214219999945,0.0029779457819814423,-0.007887973537261922,-0.020675139544535592,-0.0038387380670657427,-0.015931933035292663,0.004244527188174673,-0.04264352131796303,-0.001408968192899879,-0.01361832562590519,0.029230521588252605,-0.0041213792107120005,0.016828202583140005,0.004280482182870971,-0.0215804460206076,-0.007560257346458752,-0.013712683889789705,-0.009218877020636248,0.006230513074167285,0.017417038835272774,0.001545691248237376,-0.014167774177438332,0.0017821470186974013,-0.0025684222217033184,-0.007418735455961789,-0.005227801237324935,0.01669807334749297,0.030003139060601664,-0.009373310306977233,-0.04876917124672738,0.008953967217717797,-0.041626566529607695,0.019782311535300315,0.009209845627529573,0.0034167285895625116,-0.003333417760302001,0.011844218000652574,-0.020381294709227386,0.04634610987665896,finance
-0.1847371910114857,-0.009777892076389528,-0.1612360280032302,-0.13696017652988407,0.050408958567748595,0.6639027517184052,-0.30201846002307187,-0.12294881452709723,-0.0857344227636405,0.26026827525009155,0.12341209832794575,-0.10102068822190459,0.07175755145769085,-0.05193795447577682,0.05459988229455696,-0.042183347970590805,0.03711565017874165,0.04325921435947783,0.029873610021295027,0.05961216581795946,-0.004518439752410406,-0.00448787351496261,-0.07378096986747261,-0.04743125977018925,-0.03391672655598382,0.018699784688771866,0.001973403131292518,-0.03535890103598185,-0.02215519093646624,-0.05128613647203265,0.008706649658816071,-0.015461814724364052,-0.04128490520939377,-0.006275251886444129,-0.016332802691883395,-0.004891721617502156,0.031717605955045455,0.010374826344116846,0.013200855479654069,-0.010603997097637954,-0.02395697842774502,-0.012178025769315367,-0.006779726231608944,-0.021796878621374537,0.022502362260472197,-0.016063502239287285,0.03157166244278562,0.018936727246607353,-0.016080010350765235,0.003574069548171404,-0.015056858963406443,0.012301232048331119,-0.02857506238806537,0.005223718054570312,-0.0093165138361101,0.0013681954546234923,-0.01105730134990733,0.005947203509792613,0.020247930265611506,-0.034892034623157986,0.004975019438893712,-0.01341503828685651,0.014886725992504556,0.04372746152845536,0.017550731856465752,0.01432584089426934,-0.001718450502278981,0.011227509175787227,0.024944688022233673,-0.017805038180480393,-0.029603135472848797,-0.044802692874492366,-0.008265501935278788,0.005071350232015879,-0.013175524053698838,0.02731188087986416,0.02019380555530359,0.0012964831449478686,-0.0028345199230047804,0.007058805654370849,-0.00033338692747895656,0.0042149123438317585,0.002519202151353747,-0.0028033185078717078,0.005579776575243473,-0.01887812921805783,0.008936238114796588,-0.004581736486386506,0.02332779342703909,-0.011655356977836618,0.03533577189772379,-0.00023030281397031768,-0.012776903524589444,0.017289074437537227,0.0332180163628846,0.018273436995651822,-0.025868113862752586,0.03953243729544325,0.024723322288694824,0.03680927388269209,-0.03542747349147929,-0.006797799908915579,-0.028684054308099956,0.0019308113602706028,0.009581144626826597,-0.0037815404799001117,-0.00024265794871767022,0.005199474531160708,-0.009119239647213584,-0.017877695983954472,-0.010944756765781211,0.011056120364143234,-0.023891135039574445,-0.00740794736131529,-0.004791294743946294,0.020788927628933786,0.007284629743836677,0.007295906235155607,-0.038048209866484654,0.008328687085639958,-0.022296838092275,-0.01933693400487052,-0.024152795139614037,0.014163142028269737,0.0008207728258344244,0.0033176843775528783,0.024743779975132593,-0.004927001874975677,-0.006624912969340874,0.011885108876996097,0.00386106058765885,-0.00010019992029146887,-0.011719248415745797,-0.011452681193280865,0.012420637251788417,0.01672668116517299,0.00030599377694837137,0.010484738275114376,0.008091376241946177,-0.01682602591339532,0.00675809065089779,-0.012202229627700012,-0.003581339555015636,0.005244674229540692,-0.04096228978242507,0.0054086652081733735,0.004936642459982057,0.056640549595021204,0.008530948804209652,0.00683404547094805,-0.017164212726554537,-0.032220169194146116,-0.008790143801567578,8.759645579171907e-05,-0.008301424192013337,0.028754393601922456,0.0026429952367226462,0.012034251530094736,0.009993857861556973,-0.01650051601991227,-0.008783671427247406,0.04343368296369415,-0.023041529998138063,0.07093214040172818,finance
-0.1532266888794995,0.0005568678537331835,-0.1377036084829922,-0.12307989389322309,0.07462741696145281,0.5578637649310287,-0.24285977866785569,-0.1069696348347313,-0.05100364561650623,0.24973092834758562,0.12993357945631306,-0.1196724515130613,0.05122764392690409,-0.032320893951748246,0.060015230830876586,-0.03302948527812476,0.04990571629274652,0.004218837833733561,0.018379195064821274,-0.02336168088745188,-0.009092078573597116,-0.009918582007750741,-0.031155920893071398,0.007029972976182553,-0.025217557050179536,0.019593837532441448,0.022244052610001206,-0.02776891482584982,-0.043947477937352784,-0.09763637696650886,0.025847458494886205,-0.013081349892215332,-0.02467671030235219,-0.01350602722630542,-0.0580212815621335,0.019018198305911702,0.026971553273000652,-0.004029291210887692,0.002050896643284664,-0.02303153818312859,-0.0038448288454308974,0.02407792801067583,-0.03676087977689004,0.022908115778762683,0.03688872893287397,-0.02482403148319385,0.002813994218780806,0.02970256470304017,-0.021906818470557476,0.03301833180066872,0.00033876736679655495,0.03838933429467035,-0.032951767135602016,-0.01112041168731255,-0.003665890160965344,0.010547141149951767,-0.059133858202432735,-0.006838369103487708,-0.005073967238893241,0.03075941817844397,0.014842515701097595,-0.034799355782260476,0.007832507458520136,0.05105974278446517,0.0017967960773891708,0.009140705015363433,0.015077673643473169,-0.05649079031210566,0.0216638275951415,0.014476722653051603,0.011740946019745733,0.022453130002948175,-0.028928391837303637,-0.01662559185105171,-0.032432668174791235,-0.043618982684048305,0.008699561632732458,0.04326415379426091,0.039523644460187746,-0.04224255586063462,0.03361489890296695,-0.023055879519414058,-0.03385114992554909,0.007141747398279185,0.019376739311182084,0.06466514183909051,0.0026193100440489664,-0.027464753078397866,-0.015766394376970104,-0.010390116479323848,-0.04952328211604401,0.012691541820244867,0.05313824729445399,0.00423345136652576,0.0007352882940842888,-0.05215757577587215,0.0054025094499276114,0.01617193311374117,0.009533620289630666,-0.048863377137156674,0.00152309105936277,0.05467197577576249,-0.03141193096478421,-0.0006372186312475962,0.04404650832450465,0.02760409393182613,-0.036830388178746246,-0.01525263488762209,0.013350458445772808,0.03925057407460296,-0.04000887642227192,-0.051278876902342604,-0.004308064281430727,0.052186257242754414,0.0003597622958370855,0.08235346336535726,0.007114661533406933,0.01767691826287053,-0.04179537178277327,-0.03555422774987726,-0.05096824450383794,-0.06529753967056456,-0.03266141414217,-0.007936431167518304,0.05864537307604991,-2.9844457772289396e-05,-0.054358002265923695,-0.0186722699466095,-0.06968467185196212,-0.06290564048375563,-0.06641081346056195,0.05116835075368311,-0.14017213657692326,0.060777325886999294,-0.0872748618773135,0.0718022603023814,-0.008691712353356288,0.07264574887685316,-0.009557694681863405,-0.06268637251301142,-0.04964919749759739,-0.021163274786553277,0.022824539860373458,0.018728679335629612,0.11595636802582945,0.034050757707878035,-0.0626732663448257,-0.0721587893348414,-0.035043446307197405,-0.025456348867483172,0.04123654089528147,0.1280529974579628,0.11173112370850717,-0.007226965462496711,-0.13895276329444173,-0.05689949289504257,-0.1211066122860833,0.052687446980399455,0.020267064634034018,0.021052987043188004,0.025272460601102265,-0.102796190604789,0.0314356135879769,-0.09109796073818714,finance
-0.17285265041852996,-0.03579878128326535,-0.15761181298523372,-0.0701318772173474,-0.0709969861991024,0.21900730852404685,-0.03619651883056364,-0.10115526663856823,-0.027907757453101673,0.014899764004984951,0.03795857599381502,0.014175605337244712,-0.116886925635383,0.17395974051275281,-0.06966503474904821,0.06744082001471081,-0.04638288771951162,-0.004406113241053653,-0.03753477169985839,-0.09503544428551107,-0.06566324996804507,-0.013058613976119517,0.3851610151036253,0.0959998854456633,-0.08710871039794996,0.042418711282408136,0.024225320895999575,0.017795622803485636,-0.05307889919135437,-0.02150493643756488,0.07463500947774294,-0.08008690114424931,0.07171774085831498,0.043057161184930734,0.17462858028026684,-0.0264897253063286,-0.11016166042662756,-0.08959471297157513,0.07943531245417298,0.05608471477691444,0.009104870974397855,0.02508705454567524,0.07614882498495021,-0.000408635584653988,-0.10613021072173186,0.005291014143226175,-0.03128477543063309,-0.019127503710279457,0.000976583453139763,-0.026999347613296393,-0.0008774917562592807,-0.10116854813036634,0.0195617313401112,-0.047079022194963654,0.02913759282237908,-0.09559038462530164,0.0034411378363671794,-0.01910322282386356,-0.11387647719955056,0.014514085344015172,-0.025294092008521788,0.10356974580405506,-0.04369308237419007,-0.0550409003384994,0.0247505096142152,-0.08313938278772343,-0.015856122527374623,0.053140255559955885,-0.0682982858854034,-0.019565008773133555,0.050312446912453616,-0.02734670887277172,0.008425006668802245,-0.09869539498850718,-0.027777687904591824,-0.08039634403559155,-0.03450210557105763,-0.05149489109654504,-0.051936048885531036,-0.034703129761642006,0.050752678314902384,0.010659255335422398,-0.04822172774934934,0.06985585383835277,-0.04211627995972876,0.029206849169116606,-0.07126967488959517,-0.019830324816393345,-0.053580623420031885,0.09876409280616277,-0.10588111394032117,0.008210829917029027,0.07748052684203482,-0.05632362663111379,0.007221859242998478,0.011089049695996214,0.10950121750115792,-0.13348998193002143,-0.08464886428863963,-0.058962539794664134,0.043071085565486965,-0.043127289153017785,0.04166988852121163,0.005082800414107249,-0.04916948007968569,0.02289250990226738,0.027219946713688322,-0.03941682722406951,-0.006564380808156572,0.03651970625694017,0.035182683656006276,-0.055306941037414806,-0.03591688144299567,0.02899615952659801,0.032588582607133806,-0.10038533171247534,0.08672953326579215,-0.13178160524777108,0.0512693439658816,-0.003038253827531278,-0.027255026508124152,-0.03795466593242461,0.11157154664666522,-0.011368869852515966,-0.007431030726405181,-0.08559218011341853,-0.0707103678353267,0.0573915451034312,0.09652636596707619,0.010108024132463865,-0.006516295750372109,-0.04387713832607425,0.0544553150412755,0.07663225458181627,-0.08070878773840293,-0.010632951521784636,0.03081445206500337,-0.05286860192059605,-0.09951081752175905,-0.01217848414001312,-0.046717778927173964,-0.09220257202180003,-0.07494231332442253,-0.0822734569026814,0.10893834981559673,-0.015349303564789623,-0.013258949576485967,-0.2880823750191763,-0.015022269771307065,-0.0857614860420087,-0.00704141056077762,0.06509329959861461,0.005417330764572631,-0.08084581637276501,0.0614404113391326,-0.013170999817998796,0.019839371907563335,-0.08033237930639005,-0.017153652703616296,0.05006460810445759,-0.04425117187184292,0.011148912765405106,0.003244793815384113,0.020612821074285543,finance
-0.14479286428005161,-0.030533519000130138,-0.015038482513289217,0.00027444881928393973,0.011400160755651171,0.13354960667364332,-0.04461094313458254,-0.03476055412009038,-0.02602222075781282,0.0578272835734792,0.004681774249055423,-0.04943605297659635,-0.05830037947448546,0.010937932843129853,0.024797297486534302,0.02606826841065194,0.0017316745723160042,-0.07801425411173085,-0.02763831592941848,-0.12630354365645566,-0.030428808562031038,-0.035176687156963475,0.056450795353011035,0.11488494102555297,-2.3122832483260817e-05,-0.017831648120132475,0.10731731967739079,-0.005761284695128633,0.05328596134245889,0.04967615652497891,0.06543085614010219,0.10695110355459388,0.002141514434098872,0.0756999068641453,-0.020304778334991308,0.030881663103683083,0.1361834668807145,-0.09811216177865964,-0.05730322645424773,0.07051166623823404,0.22683935807592917,0.01305962594046825,-0.11484833378413044,0.10991841744638148,0.01608469600338524,0.06872552773026545,-0.158839117842782,0.007356154640112571,0.018494918031509804,-0.09846404338870285,-0.02685141747259398,-0.15959390160901504,-0.11989715013116063,-0.1265591900834924,0.03963060494205644,0.0610601236375962,-0.08502604405136287,-0.09731135391117354,0.0008276037658337369,0.29047989646822314,0.038451508692096736,-0.06414436352663726,0.0577406008390258,-0.06913086684871352,-0.13525989074524108,0.007659755387643087,0.08077267112129642,-0.22084779733524154,-0.05290100024529463,0.00021063396316090758,0.13770657061406025,0.33019631227318375,0.0748216982950556,0.08549737284085088,-0.013440231486668817,-0.18342493242317387,-0.08023901777022957,0.03846152854998374,0.029638849200271274,0.010526829790078856,-0.03503438624278619,-0.08463470812970872,-0.03198725655865175,-0.0388649597978104,-0.06844252413361177,0.023102690860428758,-0.06261489401486448,0.07846945430361396,-0.06701202295752946,0.07018366376364099,-0.01810436505400423,-0.13620028792604813,-0.025498355119583135,-0.031138546833307083,-0.08797978911287734,0.0458218193921687,0.06560393047058174,-0.045720904370621346,-0.0771659426787053,0.053419775179101577,0.047628783307989586,-0.007402246116221672,0.022525439223966704,-0.12169506330907447,-0.05816244634201303,-0.011766725643208574,-0.0834749337560024,-0.040127029279741495,0.0439903676205747,-0.0493167532593082,0.0640521173687238,0.07406281404655929,-0.03496763436766723,-0.04195946771307655,0.04948973084443102,-0.04589557979736848,-0.11105222281654757,0.023791388852794332,-0.1322971989893462,0.10561931333241363,0.05503713305951662,0.021560942123332018,-0.03758932475530254,0.08180893793178416,0.014360076321629136,0.0027959512629724885,-0.013754677680050665,-0.0052708879248246215,-0.015436296731925316,-0.0090545926332827,0.01536946484953169,0.059863360048948454,0.046097605593394805,0.01606417209501012,-0.012705633138606332,0.0018432919348680655,-0.023434640583768134,-0.004535841123093277,0.09110980358590058,0.07957972017558262,0.12215845296150118,0.059076163133845366,-0.04517985142530682,0.03602170646264586,-0.012295500232966657,0.00672252331151654,0.04926028296093766,0.029454364237472542,-0.021080927014821366,0.011290162661057528,-0.004724338959729439,-0.014556638345929409,0.00966783225566375,-0.006967188481322865,0.002972381238787419,0.010362278185644997,-0.01728487761893783,-0.00818516790403561,-0.013204375472747864,-0.027942913167236093,-0.03287470785604196,0.007125825898725895,0.01772004360156593,0.011960266945608793,finance
-0.15040243676777101,-0.02296666266587546,-0.1187852081376135,-0.05632456968394768,-0.018904356301238955,0.23301072651850457,-0.14232962746158287,-0.008105788141851233,-0.09838439248665605,-0.06409794572875352,0.04146137840014904,0.05640579280938587,-0.01582607000482621,-0.07612406911707902,0.012794171342747832,-0.03551601387610072,0.03987835812225776,0.003975004007190852,0.013544550822101225,-0.1165739611558206,0.06991939309287051,-0.0003890884795319109,-0.053656274925406935,-0.07767660230453848,-0.04948001148219,-0.08815704369727365,-0.051524158159487736,0.12110366251581328,0.09635725094027635,0.17820623238382674,-0.11232797646436796,0.06491593732835077,0.05589357869016038,-0.02964184988837183,-0.013614987307370372,-0.012594315938043575,-0.15466288311524257,0.025817099772491605,-0.01822405462063839,0.061855087437030075,-0.0011313263320109738,-0.03342731986812963,0.055211283970538205,-0.04040615860511285,-0.0835270921538306,-0.03309686474045187,0.021148172391439214,-0.20031255462586312,0.07249859952010548,-0.07504007252515096,-0.00242850122796601,-0.14563424725591842,-0.0010865850609952318,-0.06609803408229219,0.04639405514590039,-0.06521963024124858,-0.021561151090209046,0.008970250158781418,-0.06244283999557707,0.12446334138132666,-0.006325399827415654,0.03594715643370732,-0.011591312719833253,-0.1252897329333714,-0.08261687837074526,-0.03761930903178024,-0.007549312246781204,0.06412720154351062,-0.05785887086094509,0.058048890485587125,0.0979863144099087,0.1881958338622776,-0.03710092543813298,-0.03448536399825112,-0.03099252918595178,0.009254199152717557,-0.02627808851424911,-0.09151649491127259,0.03817312014337879,-0.03979988073599782,0.019230772748217474,-0.015595897664250296,0.06999148740010798,0.027697776413196335,0.06479217310948221,0.044431688919864494,-0.010303064132771097,0.10683074550902881,-0.06815259188816375,0.08735848737669627,-0.0836231462266623,-0.0005551141968473245,-0.046474740971312004,0.050853900370607594,0.008192641173841872,-0.033091252521940395,-0.08267700436114327,-0.10806950549356434,0.22563247249686325,-0.21945143915051643,0.16281914009058648,-0.060573534660033415,0.1819072964781039,0.09708743150021057,0.016382649202875108,-0.075437265221572,0.07756262416613037,0.07242450790718899,-0.0009299812125255101,0.05062093732927127,0.06036340518035986,-0.08753504024330572,0.09956653891878116,-0.11110306162507436,-0.03308275327831064,0.10551238529937443,0.03841031570313148,0.010475106730539077,0.2740482552213008,-0.04656045814495507,0.02402825035962252,0.04447928780407106,-0.006185359461768283,-0.13509912938978996,-0.10514735160599252,0.05436931815824777,0.018518095511984797,0.005279725053819289,-0.06669683081863244,-0.015441022029605077,0.018812416321279963,-0.04199859530459182,-0.01453358375238941,-0.05183842848208943,0.06995460823038946,-0.050266656544314774,-0.002643124317526055,0.018086310477627914,-0.03544405806067596,0.00837808187943771,-0.004300657942288617,0.04052742458880784,0.06313068351698878,0.0043412026089795375,-0.03544962348414925,0.0036280434204552553,-0.01109412640920594,0.08033353225830352,0.02640727539057651,0.014774733042455038,0.008442220347920299,-0.009783273531298067,0.007809285519632395,0.03584701297203683,-0.05573399325266773,0.00855879219165393,-0.02579261031862769,0.02786776430792831,0.020712005175615254,0.011248895845971439,0.009943257386608019,-0.00857442407397966,-0.0027278651039471234,0.0005090517043175712,finance
-0.10918550723191964,-0.0301848660155249,-0.06436294690924657,0.02858043728483129,-0.03763968722828856,0.04198627852654244,-0.08645435244274628,0.07072287812004992,-0.0888252259529502,-0.05242198392492647,-0.05127040452174943,-0.010110583853634978,-0.173710300579962,0.10204875651559128,-0.13333772338531727,0.10009254408862328,-0.05378032752075376,-0.07795842792903043,0.014462842444474945,-0.06996209195026808,-0.033364014554860585,0.010293012782040452,0.13090364443880564,0.0021449577324174603,-0.015032905976495314,0.012416076621351689,0.04552889956968048,0.021418892974504427,0.020967191195653604,-0.11321537825092112,-0.011610434781384602,0.051700924082330305,-0.043247815454597535,-0.11707172377349064,-0.15088002036111728,0.03415703874869156,0.14163042298195694,0.021723341302016405,-0.04587871248535295,0.06480112570677568,-0.09365978486169813,-0.022667702448037456,-0.05786889972881217,-0.06834370650239935,0.20822066453792093,0.007726166177534848,-0.00034337111729383434,0.18080976318694705,0.06834595992770161,0.1032554972853584,-0.10416996518508413,-0.05444209014039852,-0.007515133267168848,-0.002062657614961442,-0.09840210794065278,0.056103287133446866,0.06584327308187116,-0.028559959534957567,-0.03539432824541141,-0.152657080676957,-0.043722404141422255,0.07370189190342852,-0.12897530077076005,0.012499953838159767,-0.10855702633713511,0.048592086473681136,0.10255150135449236,-0.06383029400125215,0.005064220430029833,-0.052552147342329346,-0.05738963374617453,0.027296909475308936,-0.11223744999008713,0.25383258689698707,0.12678942250941236,-0.05754826573097509,-0.10013975066346577,-0.025584713125121443,0.21143076170727915,0.14822441857234056,0.048081742205261166,0.026223634664622436,0.16522994823158615,-0.1299632641407849,0.015848386250448026,-0.050001767330640545,0.03450265098906446,0.04059291671040764,-0.02212528589171912,0.013285608155046622,0.0708350269596632,0.005424779455553084,-0.07064616602118826,-0.004834544009919797,-0.1527421291336172,0.010569004791983737,-0.10778183817746648,0.07998851743496772,0.18109000847565448,-0.10985073184112082,-0.04927855158084735,-0.05019064279620264,-0.011834330527867365,-0.20640585322471589,0.07634301650056272,-0.09658432887963826,-0.08033586865839094,-0.06950177379262105,-0.005839508218922375,0.2223915713868899,0.01897298801600865,0.011620802949387138,-0.04437494775775279,-0.029810697701308547,-0.01864948848193767,-0.13743226680431392,0.12009359509479581,-0.005022361460184049,0.05713517330917935,-0.05704186005048596,0.018537988759616437,0.02671926582616566,-0.0025046817015531133,0.001909465991740786,-0.04241772303480757,0.029130345330035903,-0.01325637531312824,0.023932571977949603,0.061713002752648446,-0.013853316094508723,0.027871932364455496,0.016461268405545015,0.02610817551235859,0.012593582324877815,-0.009188192493645579,-0.017436671587282015,0.009144337084558262,0.019457523851766356,-0.07624610058158476,-0.057639130039807064,-0.01044912583008699,-0.025575968842846526,0.016889898143934157,-0.02427843480791143,0.005993196062538436,0.008830071902292843,0.007502626668686814,-0.045920261681985645,0.011196355181060992,-0.026467325953878233,-0.010949817592832645,0.01907957728486094,0.004445088375370501,-0.014564277261718847,-0.006050123698045005,-0.019519330766200386,0.012136206760451154,-0.002763858715290714,0.021820102512730265,0.012932745019989176,0.0015489704079703268,0.00025773831833610344,-0.00010184586337490118,0.002262238629016577,finance
-0.08508984835382145,-0.02739562735867293,-0.0633010952705159,0.08831488412628392,-0.008740443922083127,-0.03653747942346906,-0.030345576730233352,0.04813855662539658,-0.017628793637134522,-0.04220229013948921,-0.029747342206545214,-0.08088492896143354,-0.10992442210815279,0.08953319771235783,-0.07311209040083999,0.0016234629470842589,0.1199426926548834,-0.10158154876513444,0.03487474288630566,-0.13802456730175972,-0.1014792220661592,0.0269997682906997,-0.028786355307454194,-0.050538924003574244,0.004252400297135042,0.038031414034759105,-0.06996127757417171,-0.10665207634429688,0.02001045867260436,-0.03641596760579004,-0.04069768728307087,-0.019759247090344347,-0.15923571442987955,0.02549965331891249,-0.15376900737742336,-0.052460225880646576,0.027406402432192084,0.12529005130309678,0.09215651892430098,-0.2831953605824154,0.006620396106309595,0.19327507842109223,0.19719742371584453,0.0049479251602208615,-0.14711055410175566,0.029798199615654594,-0.060150572873300605,-0.011644291693926083,-0.08851215317952256,0.08453579693249663,0.011432321842265097,0.019976513828718435,0.0042191722453567065,0.029759389009850677,0.0011778246086566423,-0.0063589051498145885,-0.11125556954255165,0.0341730982257114,0.0069138057792871525,-0.19244723923165002,-0.009719036093054132,-0.16216214718596728,-0.04749533047239823,0.04392049252124035,-0.05805298829566966,0.10705300390333636,-0.10167531387903303,-0.014875593198884656,-0.08179554827613651,0.006118398651872633,0.06123209133268183,0.10071700209944491,-0.008573765535746994,-0.056481394954270576,-0.049774156045452836,-0.07732419147510852,0.04553293437333065,-0.005887332888752953,-0.06894099945638262,0.08682262294741026,0.06202152210381482,0.036049253050296264,-0.08235273040132007,0.10929351306396351,0.0016554632747110753,0.12040404114214545,0.037456542515682284,0.11515747703886883,0.06877940021504467,0.07104815873021503,0.10260861562319747,0.11567331627507249,-0.015501321429709166,-0.09462124890804915,-0.0818527802945852,0.09566155066012291,-0.03362715070514463,-0.08771426878856434,0.009985139424250142,0.05541985066538633,-0.12252264522162713,-0.07691757555299007,0.01319245786853727,-0.17862390057992222,0.07599073661179644,0.0315510628381135,0.2614116235162288,-0.18777086875181348,0.014755762051737894,0.005032220295262604,0.08183558369909519,-0.04614764537189442,0.03522142533133348,-0.09210801222654824,-0.016938858977110775,0.11886761774705915,0.013713126103896713,-0.11910801617308887,0.03419116986290975,0.14808150052263203,0.09359943917302305,-0.07591567617033722,0.036282091857838254,0.009129607012346568,0.03489442479962999,0.04761800275964458,0.025081663664263253,-0.035848977761269024,-0.0011293558856266238,0.02813832623998144,0.055782546028462866,0.041342717242256334,-0.044646921727804136,-0.027875495090818672,0.02797717717520611,-0.001193770536035798,0.046877571323727,-0.0013557446311547492,0.03611830898918373,0.0611769221383628,-0.015807634346184922,0.012354576914478258,0.01878681334272219,-0.004291611345448537,0.025775359646733016,0.027559072002925993,0.005857932811959321,0.004519299298746329,-0.0007947999441468063,0.005180772342691502,-0.012301858645054684,0.008694786798670584,0.0008762701403026707,-0.011997477328150392,-0.007477835410541705,0.015217247186213123,-0.01101147724379591,-0.006055555793140066,-0.004639200745160432,-0.0007766957077082223,-0.014646075801020045,0.004762626386736528,0.007979161349349154,0.0013580846543487205,finance
-0.07123020000938834,0.010937016444364152,-0.03903075987649633,-0.0018411676207444121,0.013459706437554599,-0.040695455595276916,-0.04625412580742136,0.046735056302315836,-0.02203217633004198,-0.03619508505420002,0.024301251022713903,-0.0557643540085315,-0.045716422588216,0.032530464889864934,-0.05179826896226198,0.008064591366634614,-0.004222574784125779,-0.024506772480383444,-0.059819527055711114,0.01388476066520536,-0.024269489520344207,-0.02170388600726433,-0.0074696114509454365,-0.012935453319195146,0.04452157782094639,0.0664189604804264,-0.026258946632327827,-0.12432283898448672,0.07277006639970737,0.0031846381002528174,-0.11623324016744074,0.08918477023900939,0.18603640740116156,0.01415073058136339,-0.1813251297904329,0.13800329653330384,-0.05805192042613523,-0.024263637495181054,-0.19058038091842025,0.1334101304243402,-0.05217392928806456,0.12565349486597874,0.08019787826052269,-0.20859838329508568,0.3203023169639084,0.03159268894614952,-0.14465214459796422,-0.13752199329793402,-0.05051704726992693,-0.059732505541865724,-0.15237071729462265,0.1357385239242734,-0.1309185069352192,0.0939855503270972,0.15028016116022527,-0.061507365616535595,-0.05420447317556201,0.08150208838011258,-0.15452849749974476,0.02602398980887122,-0.038022081994615896,-0.1417568057010128,-0.05217429650211703,0.0680117962803323,-0.02419454452292725,-0.128516197186738,-0.019179769010674603,0.01881987760002872,-0.1208341637669687,-0.050162775664159685,0.03254726982159895,0.019122983890410786,-0.05354713161529096,-0.13957865116370255,-0.12847595151249097,-0.04225478284361131,0.09582950979779219,0.11068051092186633,-0.1512436069019906,-0.17576627627118452,-0.0035349521463279064,-0.029571461408080885,0.09406193777189452,-0.032305653406677265,-0.006434394725203975,-0.28129060680270307,0.08868866657065665,-0.01954171184740423,0.3008213680611975,-0.031135492421268424,-0.11155123231537797,0.02983575740696574,0.05203143845047815,-0.03430128742864574,-0.1183321444416098,-0.001472291117615133,0.07286124344140635,0.05251637296200833,0.06795124809531024,-0.0451114769061836,0.0634707175992382,0.011363047340905713,0.007481543691220561,-0.04318114542850297,0.010617257671459539,-0.004884968842198631,0.03798162303100721,-0.012727123564038897,0.05080509870536991,-0.0011638277040339818,-0.03992393683413191,0.023443485855110312,-0.006387384581269237,0.0637928171056781,0.037266029213611024,-0.04126775607286484,0.001855385436640828,-0.007368374355656887,-0.027950020338161467,0.03024950650900378,0.00828788774529924,-0.015750311223998153,-0.023439324715494658,0.0006167095220203098,-0.02858285827199821,-0.032334642058293145,0.006600790690282561,-0.01483988010883301,-0.011145731976932301,0.020815480506008385,-0.005905662836996815,0.0018177655731004992,0.023843801759451867,-0.01857526127397822,0.002376529992952685,-0.013944324408904142,0.004416702086655051,-0.004573288741116808,0.009235093591216022,0.0063165961669230455,0.002692851260267705,0.0034880577206746386,-0.013754115050612158,-0.006837138432621827,0.0037749719522918667,0.0026831138660666754,-0.0032555228515786967,-0.022367562345696493,-0.009330355727272402,-0.0017511987933331679,-0.015371041888724131,-0.0058696072245746425,-0.0029759613819614976,-0.012123674578937059,0.006790752681413322,-0.0028463057658924553,0.004967836173688591,0.004663395947210255,-0.01170415844200477,0.010306572941942009,0.0024761256695305005,-0.006872164374203736,-0.0037802106218154012,0.000933769487167873,finance
-0.08571942096297369,-0.002842573129041513,-0.053257829773884935,0.013461858387514573,-0.024000862723600015,-0.025739543168517114,-0.020588478126883338,0.03860410561164264,-0.01623523191121999,-0.07021334022302056,-0.04749366478963341,-0.07421209706039418,-0.04455447139299189,0.07218389323603139,-0.06672470248375068,0.0660468409766075,0.015444767424865204,-0.07671944123230724,-0.031108656885068683,-0.06606860771087959,-0.05625574189512333,0.036806372280539505,-0.09454098262247448,-0.06241714098393036,-0.004572093408175927,0.07393751133162978,-0.023183984308447474,-0.25704561335414383,0.24201206467418448,-0.046998667272600894,0.09276035762214949,-0.059904703188011776,0.047404203094980044,0.02736888585799893,0.14268942803359494,0.11432608699237057,-0.06550516489800241,0.04247157343233404,-0.016538695695152133,0.0388431122833699,-0.06842506529077151,-0.040706660523087294,-0.02331527359771195,-0.05094010434897258,-0.07747895116671347,0.04929870269745501,0.02676222420405073,-0.02665950039202544,0.042426720517551926,0.06308503326236022,0.12301079315111611,0.028433740010340196,-0.10852644256835611,-0.08119176017803462,-0.10891284379989485,0.051790747898743224,0.048139581791212534,-0.14640448146877588,-0.05816147322037156,0.09495620925020719,-0.08484381675191609,-0.042583133826728965,0.13209124815993142,0.016962039177314484,0.034232792158675786,-0.04151545445997983,0.08341807797900438,0.09989343204131582,0.30284973567581497,0.21691746662515346,-0.26335592109041694,0.07131281678498103,-0.07077455402941296,-0.28728235475370006,0.03443220352508856,-0.19103440732269508,0.2062985316273414,-0.08296422225181423,0.14869323849375457,0.1066041347349754,-0.1056067341329332,0.08439163957396202,0.060070083964838775,0.011403876235657532,0.00022719465264882635,0.007033923058027074,0.0069526417912183286,0.015053022228623229,-0.0461903381897491,0.011313878803401537,-0.015570556142503253,0.024665056454640965,0.010638993182955258,0.1304207471711275,-0.12303130391735248,-0.1451609334061175,0.018575770135018044,0.0031668815727334096,0.03893543430387295,0.0686913277245076,0.03571156827726718,0.05757852186779417,-0.01827733734198072,-0.09822887287889275,0.04422211048656744,-0.02071244962365426,0.08437832992202934,0.043551790085086535,0.12631420885423164,-0.09158018968921355,0.010166433843057151,0.027521210892826203,0.01330388795995519,0.007207553859912844,-0.022768804424497843,-0.06744863507344726,0.07090684394386786,0.003894885278081455,0.009697763714973417,0.0406766197307689,0.011549457333315959,0.007760900129152502,0.0005511307299368353,0.02476781336624434,-0.015851977986256146,-0.01377368768471262,-0.03450022389179563,0.0008321276116016261,0.007151634022152726,-0.020368739665857165,0.024358242436292067,-0.023801629603199537,-0.002154547855937985,0.040525870344473226,0.016810745438726907,0.02603313659617115,-0.037266429778092386,-0.010773924482563087,0.037213936056128466,-0.01712249431368776,-0.02577016728235594,0.00019419106572174272,-0.022043481587662377,-0.02068949166584669,-0.01222197318139124,0.021382767159213886,0.00648976871166321,0.012674500276391339,-0.025948690777912245,-0.0027836727477673884,0.0008762230360310956,0.016788485019015194,-0.0022487151899255424,0.0053360194045818,0.0037096829698438256,-0.005093173675669514,-0.0001263409746121838,-0.003942247523729219,0.0027160891820073273,0.011428227775987383,-0.0062564249704083336,-0.008833181094163017,-0.0013891699796723229,-0.0036385353492084122,finance
-0.10694570701119827,-0.05985166156686837,-0.1059318105189999,0.007710724996933126,-0.06903443093139978,0.04980098564320254,-0.017643308041219972,0.03884128920709813,-0.0514631278485117,-0.20997655269874504,-0.1323836309469043,0.1639911682566936,0.03915561784461373,-0.09059712095063309,0.06428994213655917,-0.07990785127159779,0.02405072096784397,0.10879012378977962,-0.0008702698927028226,-0.09357678519192365,0.06983301654260658,0.0010109180796864217,0.0713365405596544,-0.10977782387983206,0.06726189727817494,-0.06266198290858394,-0.0718383429334408,0.07727222954093696,0.029165790280503194,0.12661268352160682,-0.1312733151687372,-0.039018701956565,0.07475709831558054,-0.04745893557510816,-0.010439149824617577,0.004231374320897426,-0.025539320851475523,-0.1084084368326615,0.0862965972448246,-0.05297053565393656,0.034482926099422544,0.013919572117757815,0.10804051799903856,0.060390559511333826,-0.054825825526151326,-0.13936446361749422,-0.08718942749979491,0.10543674394905213,0.0031535846117321216,-0.008134635249302972,0.21636434557106018,0.09093346167104707,-0.053238865657802725,-0.016000803485736004,0.14403150017337432,0.14208189866623602,0.06634186162077459,0.012972569875419428,0.07630080758401064,0.07604966861037038,-0.043499133474394124,-0.14428796757458412,0.05685298477091566,0.041109640649805754,0.011151022951147465,-0.018471163968051336,0.022267474794119,-0.09331611845787666,0.06144136939636379,0.030437629330977357,0.0016540716806189484,0.06692588082306317,-0.037437220678965225,0.10803797444496809,-0.022167521066990558,-0.011553364717449005,-0.04545562637789909,0.08583883852428634,0.03677528580656299,-0.012824915705478354,-0.005937599548377407,0.043750564975736254,0.07399097719458311,-0.04125569431219021,-0.009130355414445566,0.02003658161788999,0.029430508004889663,-0.10013952572907128,-0.021154338241631425,-0.1132260004151215,-0.016724423531308694,0.1118006059494721,0.05910257378996751,-0.07042619737673499,0.022696036776851433,-0.04970724106063457,-0.03254814500019203,0.09295310166836754,0.1590743526704912,-0.08428240331638705,-0.10045405507581988,-0.024522362060938916,-0.08223936330216601,0.07298707617584771,0.08381789408146263,0.061961706736210924,-0.01471457824994985,0.08620080121113186,-0.05755271249742522,-0.1383161128002658,-0.03639623581342605,-0.19284902318935446,-0.0024659103552677284,-0.06536001305550963,0.16739969794764753,-0.1619430461074107,-0.05228594609266173,-0.17748348044578013,-0.04882548396936005,0.055593558943132074,-0.007142156022975336,-0.009477449995417423,0.17267031930245294,0.039122223310976686,-0.04465483518261322,-0.18466153757332868,-0.09662840237604263,0.0022699316645459627,0.03485889305209501,-0.04775152299377631,0.051459248607130366,0.15302893514292257,-0.046247192476717,-0.04075083477569884,0.04436414162214314,0.015471022416687626,0.05297827622482244,0.005037278540299497,-0.0006845585935308058,-0.06484926652311501,0.026273822410609424,0.05264428580986847,0.01247561993687785,-0.02563509115855835,-0.014766041631149944,0.007907825389297112,-0.031822920271496045,0.004937612744280875,-0.004882420931968221,0.0008804325312541923,-0.02933086999956972,0.0070660985187320806,0.0034413667228583213,-0.02597839339375989,-0.01636287699138368,-0.009873759906786314,-0.002094388322294851,0.00036137496254141964,0.010137097311603166,0.01598463589718279,0.004477980931725727,0.01564585337887142,0.008952178895717587,0.014583859139791305,finance
-0.15343073233373544,-0.038878512451831916,-0.11938066696009125,0.008648214855506433,-0.07595715952692185,0.13552913297786393,-0.10528618248249696,0.056510234514082894,-0.12377797760025758,-0.11686642268990512,-0.0756662512352801,0.1041971915486868,-0.05079181245812736,-0.13063679501656375,-0.0790934403570682,0.010299030765970102,-0.00039686180041148073,0.011434933396847053,0.03273293871651771,-0.04357767682150385,0.07001641676256004,0.046969682144926285,-0.1304713519688871,-0.16555962313998623,-0.03599053047906411,-0.11138159243348088,-0.029686135995203596,0.1579028089540041,0.11126951262603496,0.2082600438206292,-0.1540883553126388,0.07647018650354398,0.004155855863496441,-0.06433730657113465,0.013231426218652491,-0.042542408948268315,-0.10032522689864261,0.060187299755212365,-0.08966612740422744,0.04529362986955458,-0.09714667897485832,-0.049932956034347956,0.0858078905500167,-0.02978661882017106,-0.16817097632392392,-0.002836153405504048,0.025762846671923984,-0.06959385065941154,0.07717659086058266,-0.022069435521310823,-0.06038729680912295,-0.04414205056932433,0.09348939692270829,0.027839891635913862,0.007952542303665716,0.00519548736527585,0.021009387378654047,-0.03186473480286169,-0.02900547936194957,0.07739606867903928,-0.03894467242637307,0.11787993213283585,0.01755417251716022,-0.11569545071386315,0.007489210228141727,-0.01539040590219526,0.016376996280751285,0.07720142123074897,-0.01834661797145622,-0.01719164585976241,-0.06513673190110492,-0.03541923477349325,-0.06251761579993581,0.02107982213380587,-0.04368615735500875,0.08326038114633029,0.005886622399022837,0.03461338064344384,0.016732854207484722,0.10606253948227067,-0.05212414133662343,-0.05820862454059612,-0.025866888175698016,0.030406850976245185,-0.05447415977729393,-0.17225087815119736,0.03865954593415134,0.07647261733167947,0.002529310296926906,0.021600398846277766,0.07807973507410919,0.003190388396948261,-0.0129323422584266,0.009640100805321879,-0.02578317686686549,0.043596039305786156,0.018029199460199465,0.1260266165613661,0.028666954659391283,0.02569543815622098,-0.07399957936568693,-0.08378597654537782,0.13139500917561558,-0.03526139219353501,-0.16171156476374643,0.08168510010290525,-0.0339195729678816,0.03157453074342596,-0.07267879652391117,0.009776664909238217,0.0010768401452865956,0.2300701390822127,0.013420421322517665,-0.11133024584759373,-0.07869901600250762,0.005721700696140597,0.02463307000713677,-0.17245864611947984,-0.16606400395301188,0.13259864578379,-0.12941684790506436,-0.1477506974271414,-0.08224333099843746,0.0802657752475963,0.15968378854776386,0.00767411641389015,0.07170426514288836,0.03504071971983176,0.0561926412285141,-0.017384382346836553,-0.0467311498665164,0.0669509471661251,-0.021757955377014165,0.12399039649094215,-0.10626495036812093,0.05915779094634033,0.027600991059367936,0.02902560505211329,0.046119580108703095,-0.04154105266073582,-0.025353751399656163,-0.03232069405451113,0.013019991595818093,-0.04733381396815846,0.03461573552734788,0.05620060895895679,0.03133097397238783,-0.02990911153006479,0.01193598210926082,0.036086457439996465,0.0018519374304395433,-0.03190157493007644,-0.05571908283922024,-0.011815512373326764,0.05487291107985503,-0.016424467155689935,0.015241428354066947,-0.010544447029753714,0.0034697730309788586,-0.013486137454574077,0.003288725850136092,0.003991971599397922,0.0019386131221001703,-0.0159833012457475,finance
-0.11478192780665931,-0.02018398140352384,-0.07617963781921111,0.029875903038992513,-0.03456998425930549,-0.002223760192732772,-0.05243708079849797,0.05457652012616782,-0.07732180016498248,-0.067739266577556,-0.018580740390220944,0.010739816369680539,-0.08076868183928602,-0.06936796708971717,-0.07479740169264715,0.03875448887472505,0.008773789866183468,-0.06513671140698357,0.02304424811826875,-0.10204333646316954,0.06316204043500712,0.004547139592018738,-0.12237901689367714,-0.09110897245462561,-0.041575395023474154,-0.08891915021310902,-0.041084331425987664,0.19751255172128612,0.10080371116879466,0.19197353808528222,-0.21748260403305086,0.07729703593061456,0.08935424746153543,-0.025690509715620025,-0.013781560823530704,0.05405491896808084,-0.17779064518877233,0.022248780920638988,0.025460127551244677,0.08342918620077831,-0.08492217168501393,-0.14048790556072555,-0.027402390388536275,0.026811343312125792,0.10858813134762647,0.052008126441830636,0.011404525857127853,-0.11158271280797412,-0.018287923877397565,0.10468506023909294,-0.09060070390912049,-0.09211948436962464,-0.001863299464997227,-0.13190304604003603,-0.11087375348795313,0.06861555649808562,-0.07292397160290387,-0.06780628766590359,0.23321312129333116,-0.04512484804339395,0.25269859083093726,0.0008607584196385069,0.01963798657290591,-0.024991511497354117,0.09269797705137348,0.04370559188833682,-0.03319471558545727,0.1530715509711016,0.03376867477684123,-0.06586477418634172,0.05906250362042289,0.004625222456464622,0.0799756483326229,-0.03745721387680952,0.019390957626238166,0.08810892381726924,-0.07436429878048223,-0.07766826695813775,-0.029204725402345828,-0.009489400154857715,-0.016457533979568575,6.982596435712435e-05,-0.06201137947636831,0.03399557371610594,0.007008337423739914,0.1179126724292863,-0.02067562247337898,0.13439203882292491,0.028824606477917604,0.05276981294902782,-0.10489765201148057,-0.030176106562021115,0.05927625881117993,-0.04348898911618928,0.027445128024142323,0.09295801443813619,0.029364662553406216,0.01807756961892504,-0.054810352210229424,-0.03640099028518483,-0.011499837818794838,0.09636726355241423,-0.16725226314643576,-0.02017420539862791,0.15977689563507946,-0.13908000883226943,0.08575870730135261,-0.1689634232789189,0.20782969904363538,0.0068767647008614215,-0.18520092265460683,-0.0918294804370601,-0.10552277193131179,0.12752991502641872,-0.021257838017201724,-0.07568260644861545,0.012179691552372921,0.009614298275910722,-0.1000436947769634,-0.04448868596190072,0.03677449380899199,0.020696341561072133,-0.039198463953119725,0.10582106029796086,0.03824769219777915,-0.04272871503432888,-0.06810782268436918,-0.01208699442683249,0.04407443171545492,0.028623517122274886,0.016591561296478343,0.01775238469053117,0.023113586031664586,-0.007395640347872857,0.0052267981847214035,-0.0149168844922174,-0.008924055173819003,-0.011466408040095449,-0.005126946045858447,-0.04358578725545759,-0.007729841095673676,0.0023296739025579646,-0.03362937747470977,0.031514252615300276,-0.006200761248070789,0.008937406509344718,-0.0072683700651181085,-0.006958018825756852,-0.02414573201605184,0.0017792650784802348,-0.0017899087036886455,-0.026599957365171883,0.004559926095485153,-0.0268515634232007,-0.00027732180377341634,-0.006681072330475008,0.001924976678561551,-0.004807605531336466,0.00515110787428934,0.012318969491733193,0.0026666562026963314,0.006812069539127455,-0.0002406334543402429,0.005638552343370305,finance
-0.13006681485050442,-0.045540481304571986,0.008206853531445091,0.01564177603385201,-0.029371388794760575,0.0019177064346236076,-0.02051297923082364,0.04532764404350659,-0.06595244715911736,-0.06256653680613275,-0.026709682725154334,-0.006104499979299684,-0.08705074740970169,-0.05258322243318733,-0.09461343228237158,0.07546463474911375,-0.04836456400188661,-0.08350272311089307,0.022287799943484527,-0.13587371910532597,0.042957939366099984,-0.017334153690460073,-0.07543579817132391,0.035889354495078137,0.035779653201163324,-0.08410880314411293,0.01820522948274204,0.016320202778305516,0.18192389126432862,0.19085666629234838,0.13849370447816559,0.14134495025028063,-0.04164374401825397,-0.028622029735719434,0.17718512659483243,0.07221149935940581,0.22323809612313247,-0.10000379929958422,-0.05717894118583427,0.12117611127677318,0.24280764340235345,0.052920765584109686,-0.0946275430872065,0.05924326690710155,-0.0825724933618367,0.09886199087501689,-0.13535888114867686,0.04298339565321406,-0.019694285508027792,-0.09884270278960151,0.0205601039120517,-0.09705122574879536,-0.05301038605697056,0.007835472795456426,0.011779228321114684,-0.043959051240372846,-0.0477413775584886,-0.11129371318970074,-0.04294189534321179,-0.03521244141676696,0.06451486273567505,-0.03007504279440076,-0.012490383014895568,0.10006794320045004,0.1376814586282656,0.07681543437146043,-0.03836469238373203,0.06851653545226379,-0.031332721931876695,0.013034342278722157,-0.04162701315763376,-0.03518968240335578,0.035760578517027096,0.039930484505475164,-0.023844629960799193,-0.1206025067849134,0.05164748017363539,0.08222658665257132,-0.06904159748050663,0.0267381724911144,0.1616435450557851,0.08745742848753126,-0.0014607002213294666,-0.06360173921048505,-0.015078458304268773,0.039480037890907906,0.0706973507418648,-0.037244143159786386,0.02016297657117593,0.0014842289418704009,-0.035879451114903316,0.04997148354382166,0.033930504684364274,0.06666954106169119,0.08908818349431201,0.044424098356379456,-0.048150267415381,0.036766688824728756,0.15330051447026805,0.054126365895224,-0.09078612128135492,-0.059452611845054834,-0.07219507218059878,0.044347176839605165,-0.017312448682052835,0.21895981931848435,0.09201992391522508,-0.025632956171723214,-0.21039463755330323,0.06265301343895453,-0.23092507630081102,-0.002787897037888811,0.0022075430213852197,0.11550779194556306,0.0003324561837865568,0.06287989897487227,0.19466354267433486,0.005867868912154181,-0.025928088272965097,-0.047864904365731584,-0.053547174435543576,4.3744346357578773e-05,-0.026884326382128426,-0.08032969899181218,0.007410635214937145,0.038151596674642234,-0.0077561993803268465,0.013959905670811413,-0.15437487074358933,0.04440840691517313,0.025309599174637286,-0.0629958152932209,0.041133220936402835,-0.023740200070282238,0.022797534723437658,-0.026131796226206823,-0.03618107319030685,0.021320746069468273,-0.06828541008064254,0.04791074998536951,-0.0020422691988518206,-0.035742633772504036,-0.021740901723509048,0.0004960358500641021,-0.03928307771756475,-0.001374612156522869,0.0050197904366867906,0.0010186673474141038,0.009720493844561346,-0.02998917620492763,0.01672493246674393,-0.036590236545473505,0.0015680939796639225,-0.020364470975843527,0.017649917071037368,0.009166742914390435,0.05186716080487847,0.009135850595273432,0.006107125226873676,0.023328011771488542,0.012992658095750346,-0.012899119184636815,0.000603230061927799,-0.011124735358888645,finance
-0.08808908017244721,-0.013119435450759708,-0.04256887533445112,-0.016219071687503677,0.016150899954227343,0.023318477792180065,0.0024330439742289494,0.007513525639216839,-0.009052754746280962,-0.10462430162652114,-0.02263355041598328,-0.03254804001941516,-0.005742159517546095,0.0829360588863625,-0.014752860178215475,0.0536459981825118,0.010475185213417044,-0.12120973374354398,-0.02391432718227759,-0.1298217112575388,-0.039765085412738405,0.0838711407948825,-0.10855827166001476,-0.012644477089895214,0.0562776859865329,0.08368089592362858,-0.07627493609293734,-0.2839326596841617,0.2875824576448101,-0.04603651154289851,0.23684046431959085,-0.11038525228010523,-0.116896376994456,0.04093104072146763,0.2591190528364016,0.12402750139763336,-0.2028694029040392,0.07297553600314585,0.029425711230375105,0.05734821625750035,-0.021028639869446333,-0.17052413401443417,-0.07274409757532029,0.05562534847814712,0.07950623525460677,-0.11590889194716479,-0.002685878453529762,-0.014297256362807565,0.007495416247821963,-0.019444354263846293,-0.027934090649595712,0.07105750463800253,0.05629390079703805,-0.014606102204761957,0.03923011282572083,0.01778051837599647,-0.034203161138823206,0.05339840749861146,0.04670137945472951,0.023832545476147084,0.0225667126804861,-0.04238820669325134,-0.0286634268917804,-0.06288419883351397,0.025836135098887106,-0.014075996402162312,0.07607353132843182,-0.03694827261150436,-0.049760283216759474,-0.0868531716083306,0.017092811551182394,-0.0011719962141968111,0.024882661680867512,0.06598822636566622,0.02874813446655022,0.04272856266759546,-0.007976950660692471,0.05899281288910808,0.008286026002112905,-0.04988323024039871,-0.02398769618369527,-0.039742696764595735,0.016945448645878696,-0.037211620361226556,0.019821273689900543,-0.030176326548284654,-0.0267767195962587,-0.02060331312736525,0.016389832505468535,0.006793030216194568,0.023557526565307498,-0.03425075977225215,-0.029793774792015084,-0.0356417558375724,0.0529219956930847,-0.02233755462326893,-0.03556580366441288,-0.07159184704965531,0.040220886705234146,0.010115029499148115,-0.03161429051710151,-0.09058609791802008,-0.02336975259523119,0.02610066898111534,0.01936817226699866,0.011312030672905605,-0.08330940208743616,-0.056744922581752934,0.021555643635555198,0.16126937545067305,-0.006054860415962163,-0.006864903712011277,-0.07839142921623901,0.0931709308685156,0.09910949281172239,0.22084725054125923,-0.13161128999035174,-0.22962105858838747,0.012248634943192286,-0.05087386901031272,-0.17238963404666868,0.022212769476811566,0.05751576477577615,0.1034909611319184,-0.048765354591502816,0.06721343649376618,0.11004887641971858,-0.031125980114355658,0.1722411486322274,0.012775886418596461,-0.05531031788077769,-0.003964825876593777,0.05639688507162371,-0.1260430854536296,0.10130757047329786,0.024811516285561875,0.053046205217569586,-0.0478799818675297,0.021237946312863278,0.031921818137026055,0.04152812556615789,-0.012689938705081552,0.07617170457377097,0.012956278881273304,0.04720968332271811,-0.0029295702368404147,-0.026447414958370972,0.01190999033144895,0.028931013573861183,0.023506771434661098,0.0005195241952794393,0.006368711930022516,0.0023026258472633454,0.0028035600409346078,-0.0033562762458110382,0.01269973166688706,-0.028610343373640552,-0.010347019781730752,0.00930335151401123,0.0006185758678980414,-0.014772439122672858,-0.0008626859650076763,0.022357335450316457,0.005264436907557354,finance
-0.09984586092919741,-0.011323562866850448,-0.03652576485923822,0.05523274001691262,-0.00790482145439279,-0.048197986954084115,-0.01918970908453345,0.043150904183040205,-0.028171567942895402,-0.02007667491334545,-0.03681640771480542,-0.1065373732219467,-0.09199241764354063,0.0448798352234228,-0.016459778786192602,0.049716467519705466,0.014969714943640015,-0.07833127674926203,-0.0012426025888070179,-0.09911619525460726,-0.08071335864033614,0.05210010390100704,-0.08020328513147978,-0.0958797549900771,0.012421080020131472,0.06303525879866154,-0.0966426338317435,-0.19930697548259593,0.13603172271364192,-0.007728873019599854,-0.02128843510542307,-0.060939917738903226,-0.0631285992751767,0.08799134822236426,-0.05414854821905081,-0.07956790660789201,-0.08405976793091026,0.03711603917392629,0.1684158213427327,-0.2209604625281021,-0.03237512875834982,0.2156646467448097,0.20794646767899627,0.016110448771337646,-0.10380718003718975,0.04271916798502125,-0.02302547806756769,-0.06191927737251017,-0.0659961801831863,0.13137699083062462,-0.013532987223936395,-0.16238758518592264,-0.10122357721572564,0.009290535281968323,-0.012284619202207706,-0.0799431109687405,0.020563221030602156,-0.02692034690282782,-0.0240525692664533,0.05034809705433826,0.05076947471490813,-0.048729525663386127,-0.09543397645902302,0.12436023086995887,0.03170018385886466,0.0382438455516227,-0.012479639457865,0.08237138288946474,0.15842030886965708,-0.05435945343629427,-0.13031010904183912,0.1520708666026349,0.10305154062007046,0.10460399193907896,0.08404844374956988,-0.05189757679546495,-0.03894624078406645,-0.08119286639654247,-0.06166787185585585,-0.11323559554532193,-0.04072864318527307,-0.22301918310838223,0.07801644118067895,-0.08280183324146831,0.05988790811083003,-0.1755562267641446,-0.24121194718940556,-0.08999777925403413,-0.03147849962591073,-0.08978965172048531,0.04069473624410886,-0.06493682725015586,0.012730114229922021,-0.08517558495254181,0.05456690126832584,0.13451929486836106,-0.013980077857219483,0.0179091067677032,-0.06024900294885426,-0.13668669058337124,-0.0312738784752261,0.13850515209451375,0.03539858865192783,0.17559820441488544,-0.06657733236651259,-0.0669008641516111,-0.1010644558591442,0.03418988424169097,-0.15420615839533458,0.03750549091265978,-0.04116350790968274,0.0412269930553987,-0.04060713877893035,0.045898268248243015,-0.04796815715347545,-0.07762382467875256,0.05562013765887034,0.05089619034887828,-0.05129424893646043,-0.0860051719998248,0.030256748836282158,0.043698470465922554,-0.016272068936920493,-0.05655352896914868,0.03753073320502681,0.03197222400420859,0.014220814448242698,0.012745197892388843,-0.009121479257227227,-0.02669168057756888,0.005791018114956944,0.038940733315127575,-0.00291005224186574,0.004700751210679278,-0.03717933692416338,-0.038670577502093545,-0.007954271083594554,-0.0073581230074779005,-0.0003364766960355286,-0.020323114665642232,0.012655220078683381,0.005169344315914461,-0.009802280256540364,0.024915932428483743,0.0069508989655446525,0.024749236565164156,-0.025918277241675135,0.0013737293725585174,0.000531891418931299,-0.008633228266114627,-0.017881531112125055,-0.011488363727842723,0.002740212637756086,-0.0008334146992053238,-0.0010656114417411443,0.01087613950390123,0.014800975493490548,0.009686903765260432,-0.00964787417104961,-0.004594014437438822,0.01960274374130188,-0.002227468941130207,-0.0022076314288368365,-0.003131610288936211,finance
-0.13632823982518846,-0.021922082476046382,-0.013839537311627813,0.002250777831524819,-0.04340621098426958,-0.05889963096170296,0.03202773873057322,-0.012248370646651144,-0.015255283969063886,-0.008071153660086504,0.0007601499945243983,-0.022249641983584874,-0.061156622667998546,-0.058405717044404636,-0.0772675893326976,0.03477598978334392,0.019107873484350935,-0.04109863496113812,-0.02444926368366013,0.011631582162623671,0.01603751820853186,-0.001047656738277507,-0.12959017866333647,-0.04160958513280888,-0.03051836792356449,-0.04379298127400829,-0.005386385538627521,-0.02260233851830772,-0.26066768456787426,-0.019997151337073662,0.055547230356554,0.021568972457914396,0.0516616299904305,0.17788993609335296,-0.0025702838036924984,-0.03185880580425901,-0.057745524429792736,-0.11081727737704342,0.05205260735520649,0.1140134056173349,-0.004360684259683717,-0.06177373061252409,-0.0019067272265251842,0.06466873913842822,-0.046328276620225234,-0.052326960082735983,0.07906526310759009,-0.13216547456919464,-0.1744158057144338,-0.14561986928179307,-0.07906895167330294,0.056741129246643075,0.12879845558583713,0.02779138066856513,-0.021397270164275253,0.20247541053605153,0.10302498501984977,0.008542767862601181,-0.10975476392715923,0.0037605100002688907,0.07382009906366069,-0.1253399939409252,-0.3651012051567653,-0.1417877640065352,-0.16135767487371697,-0.016113382975593064,-0.03311122007727569,0.08512411583371547,0.18446863012267598,0.05061499211661514,0.011279578696609683,0.20953924386679146,-0.12359213762341052,-0.04773560195940919,0.07584283745805387,0.06068019538015458,-0.09295641123443467,-0.0374569703033219,-0.14077869782460636,0.020368740915967465,0.03988270508660485,0.08677847320127062,-0.09118932378721602,-0.1138206291953218,0.01623216469097164,-0.042417097662924196,-0.039067745910263435,-0.004687742952952631,-0.04266611398853837,-0.004070963168560304,0.10746065664879072,0.04326820673993521,0.004145784254525335,-0.08298199741261666,0.16157820701309308,-0.08788217488197189,0.025853100039448244,0.041084329583207804,0.10473771358134125,0.09326646606355485,0.009940573267283377,-0.030964006779525502,-0.00894468801237285,-0.13100295697244058,0.06733820292804063,0.05463072697348693,-0.05681929300765769,-0.02537111185859446,-0.03288225558808473,-0.0739383423215514,0.10813288286676313,0.008171460872288814,0.027910414544114092,0.23142714624649108,0.08121246767507952,-0.019479362065859714,0.07614568808917829,0.054957048250074296,0.04114842229442082,-0.004837449133438592,-0.01682213512908077,-0.03521855523506085,-0.02975247395494395,0.005280793379340366,0.03629680963851255,-0.018142125756783485,0.014774967742148405,0.03306559369369649,-0.004897442236240697,-0.003036386388323539,-0.03768217270343688,0.020267130317360514,-0.04124668449684808,0.009810631921684042,-0.02399433473390537,0.022152415230872795,-0.002672732349864367,-0.019129432706850337,0.007226915946599765,0.01575667272838612,-0.04449279260754058,-0.016594746812343502,-0.018369144323044505,0.013773610657542706,-0.007784486326502952,-0.019276835990342533,0.0073865810978958136,0.015417124708030375,-0.004530104924888326,-0.006324785075643131,-0.001309073108466168,0.009801636682338803,-0.017114912659285816,0.01083541020669838,-0.004062983511074371,0.01893234765828984,0.011577817748561169,-0.006155095292723564,-0.006417367277479449,0.004055772406871208,-0.010039815086267305,0.0059098989071930935,-0.002174872522659043,-4.168034023212187e-05,finance
-0.1461172316847872,-0.03261879463151685,-0.08499164224536612,-0.03172096097357636,-0.09313814437128026,-0.0686383345573599,0.045346471387083864,-0.0006087349988553812,0.0018048867201282113,-0.006380682158291156,-0.006910305985561965,0.05969479652330434,-0.0633165469132687,0.05625925915152494,0.0026158932219617,-0.046183311745121115,-0.033378836118658904,0.09247819541545481,0.04889517010631737,0.047784265660991296,0.16360081427221998,-0.023184140042678523,0.03989929916249321,-0.036177762754333806,-0.05476677813925663,-0.07588572744188357,-0.04565929812457806,0.032240105432959174,-0.0529738568835612,0.05661737841633073,-0.023527387383003813,0.009465575440457837,0.006550641768027702,0.03291966515946382,0.036894935540605515,0.010524163201388284,-0.08101811786545628,0.04629669643582994,-0.08270344712070489,-0.09821929495325737,-0.0028241354524973835,0.04154712870572568,-0.08293712046599057,0.29049884161311246,-0.05834633971984235,0.033600228456005105,-0.026337613635204416,0.0403891071603162,-0.06620482827361777,0.0360422342436695,-0.02563611923968166,0.2112165409887197,-0.1622429109592933,-0.02960013893552923,0.07795190565120058,-0.03157034839721538,0.256177246249505,-0.00692922229814102,-0.12925230048866926,-0.14427980028682968,-0.15456566331974786,-0.09889176902117806,-0.12001412472888663,-0.014306177034382396,-0.03129990725445558,-0.1461548573109254,0.07177993392520783,-0.031706679863559545,0.0009368207820314797,0.02223968468093007,-0.06151095771404987,-0.05134576779106716,0.13605221788207145,0.13041283207368112,-0.010217495357502432,-0.11528538289613297,0.11093586441719958,0.04959790505138723,-0.12107942824262205,-0.1255227049678381,-0.036640190998472114,-0.106396554419755,-0.03875200488752772,-0.006542424756638143,-0.043835061858989735,0.17042271484372157,-0.030617698249097967,0.03342135605420582,0.08570193104121775,0.13165075834433768,-0.05359293598750805,-0.22286165296781849,-0.07901904233577815,0.2874425258574486,0.1015513895331164,0.08229529956853175,-0.05790690429043593,0.028496549347239386,0.10652768764536984,0.06047912068517978,0.0037366791083404656,-0.03855184082117122,0.0701990881929979,0.001761679514438382,0.07573447387574177,-0.08754015853220166,-0.0016155377946185864,-0.044332497368235343,0.061694580761438876,-0.026177658497036682,0.01292311360662278,-0.10462694608050765,0.003781013699732223,-0.03180691779199264,-0.14016153935333228,-0.02125787299681463,0.026949379804231004,-0.006962984254894033,-0.05524247082331884,-0.028089493162425257,-0.03007187803725565,0.015910180873254798,-0.02257455215072311,0.01710407333344884,0.029134317794454426,0.007432361257867323,0.0591371470534004,-0.027363927224979864,0.07579134190269261,0.03830863151591574,-0.02022794294327983,0.04708811572428104,0.03492456772870441,0.06613554984951509,-0.05602298420073002,-0.023504062264303474,-0.008976605761317558,-0.014953740549452857,-0.0064649926117400355,-0.027344096614701833,-0.0021743246696450543,-0.0072298607565419145,0.0012686211801615126,0.020673268023964894,-0.004444441408586092,0.006857307096493272,0.05205248048625861,0.013100789854399938,0.007235827320856419,0.00021650588196958282,-0.004877453681393607,0.015607145759345173,0.022799149103490436,-0.02444241442379726,-0.004312124475862751,-0.021373515499063547,-0.008338665630431811,0.011998285375014656,0.028892802453132027,0.007006028034974185,-0.01205984899906902,-0.013921109558670769,0.008042465424608618,-0.019262061379357317,finance
-0.08402534369091152,-0.02349637472726048,-0.017104563468463542,0.09613985173312216,-0.008206398119626434,-0.049408794609821276,-0.006139322784312717,0.08093204297361833,-0.017763390420988658,-0.019178298716691744,-0.05108705683354465,-0.06101594173512073,-0.06064040430676395,0.017750817695811587,-0.015180992976496265,0.10662118824218937,0.04303364849881328,-0.03329220497401855,-0.022180298276601954,-0.06888851672937892,-0.014655785898960461,0.00646207173605273,-0.19676925343942367,-0.030509029293282777,-0.011622837142072344,-0.04194228486517243,0.03461592019393549,-0.0551009635001494,-0.13976526369001888,-0.06677795743492483,0.13845723489904438,-0.04505931920692504,0.07772012972719136,-0.13054568167010241,0.07579372661523316,-0.16185715779492277,-0.030118992005913878,-0.17640639190920065,-0.06192096891041129,0.061402973764572065,-0.08005154438023172,0.07416971725260842,0.17480127366928488,0.18826971053456223,0.10775928159097838,0.07793353480806738,0.0365440890354009,0.04454112097742976,0.09935529122435709,0.35352621592708616,0.01695332656716307,-0.1153986264823003,-0.07753546129404648,-0.06351888797357973,0.08367382777675197,-0.12267379016475259,0.0891567428618997,0.05794934235467905,-0.019358509724355686,0.13033974592850203,-0.12098292420016758,0.09383922396461275,0.14942389215675994,-0.04086348057773628,-0.12493645677138898,-0.08943992116913188,-0.035007915252099224,-0.10878452286043064,0.07676356174267623,-0.06828594703317818,0.007767635702184311,-0.030736465397757432,-0.11094745941145275,0.03591710495195778,-0.015834999835325995,0.12200778079156153,0.04258809344930151,-0.06320915612640181,-0.1503039138076543,-0.01235285216094485,0.12567433490235563,0.06807747882970977,0.04560499511193789,-0.05957417250983222,-0.06546839293478013,-0.012792856468164332,0.0033931615846051837,0.1923529357700796,0.049776208430947336,0.0735084737438452,-0.01812663015575855,0.01645010241431991,0.03260370228346539,-0.02162906383488567,0.13679999212159413,-0.04456151215968538,-0.02563289114725469,0.09971158427634333,-0.08669086552283935,0.032722149708146867,-0.042379942377740364,0.07151963613131432,-0.011796954144437299,-0.03137495301576809,0.0673028500349163,0.021740685776164233,0.005144040271289704,0.005263035619361429,0.03861224357966324,0.03761856093381386,0.059761469826065824,0.003546254071558654,-0.06447947511708058,-0.05072073493769553,0.018408210944482285,0.05223267752559296,-0.015130745127431905,-0.06673973100775824,-0.016394869460567667,-0.0020863959305019823,-0.01709426192607917,-0.021796687778605838,0.01560201664804904,0.0095790526059391,0.06914713790848356,-0.06310859888033751,-0.018469884832354153,0.061516146497977924,-0.14240519305745633,-0.02927951662535698,-0.06774072140148135,-0.11507021219333861,-0.04804264811489923,-0.0764265823015541,0.09671875633527283,-0.0032550101102404826,0.007558707012499694,-0.00749445023472558,-0.09802538724008406,0.03928439127551809,0.057817862814452024,0.012908271447651937,-0.06278354853284208,-0.08560018954376736,-0.07633568714304027,-0.008955540929809302,0.033494622992843004,0.052741064153790415,0.012535020434971327,-0.060985701067314095,0.010746991645738,0.04203700241930892,0.034641527074430856,-0.006314113251330406,0.001687117565668555,0.016973323762400093,0.03212460740032169,-0.0034413047629214826,0.00897801797373378,-0.010731361755732602,-0.0009093923365732128,-0.01998143087344686,-0.006678873561488829,-0.004501655375992715,finance
-0.13341912489069113,-0.012025309166884164,-0.006204018113348851,0.002587319181477034,-0.016618265757529855,0.010857633318646222,-0.03319105856299802,0.11359009915879605,0.08822470874146766,0.02331813719196053,0.01651473505074545,-0.03723221897625593,-0.06302482444917647,-0.07800570155250922,-0.004044839163445667,0.03424696048426705,0.009926263371437266,-0.050008102393157824,-0.01334133527682757,-0.0892797913892888,0.03501277577206859,-0.029927886396935062,-0.10316615432156544,0.09409128618592366,-0.04064782366159997,0.0016669876747704502,0.07716370790268763,-0.014457279786204591,-0.021860896157740253,-0.028149899001058885,-0.027498810658320993,0.023247128300388883,0.023959544271197366,-0.0375538821818399,-0.13878560162366033,-0.04397228697024322,0.018789568700097452,0.016697115002884375,-0.004799391653915604,-0.0581010206857004,-0.04253125970718185,-0.01727674029057761,-0.135148340462418,0.38211255063224675,0.21528827437417744,-0.07098356957201768,0.017069020049057266,0.045105869268772636,-0.299181445086021,0.21742603237514913,-0.027014344160097233,0.1970451375594561,0.18829894537130712,0.09331643773776417,-0.05267376738644015,0.05352603326721596,0.06961183686381353,-0.08947616639120805,-0.02077150790713379,0.16077919629399237,0.11127492634736542,0.28675392162374047,0.00439398796895182,0.10516442288640644,0.016164557080575043,-0.14519906278010547,-0.062212860467802784,0.03948180175109414,-0.0739415782802103,0.12807275756722883,-0.010845148146300613,0.05757595501851571,-0.02181130050202009,-0.018981553813246906,-0.0789971779720909,-0.14931445535037138,-0.061049843625496286,0.018086447592065357,0.06991507889299674,0.02160325876771372,0.033790918430316653,-0.044665203303148535,0.018091282870098018,0.055528918360193226,-0.05248090464250078,-0.02653126622645296,-0.05367573159356006,-0.03362075832046845,-0.029778366072025192,-0.02862761741419289,0.01275084667783242,0.05446587681108663,0.014484980434459551,-0.03279083992243332,-0.04729869184107612,-0.03828404353947054,0.03337562128819212,-0.03625152432885602,-0.0035442705900994255,-0.06296893151743733,-0.011240133577707197,-0.0076435809852403325,0.1040962374556549,0.07191335122558827,0.0001383934493657496,0.0013146280248418783,0.018806009409316347,-0.021797788762753356,-0.008422248894776918,-0.00034303721032172935,-0.1201358011787432,0.015291739190426529,0.13687670502816618,-0.02507101720873756,0.003087916600270928,0.016942275141906646,-0.0005173091201754696,-0.07796544292211947,-0.02312687528200278,0.07577586401102063,0.007613503780674602,-0.008800831382167928,0.07096660197469605,-0.06483124379805204,-0.005255516787484471,0.014306554299987534,0.010384110675016633,0.006730972217380075,-0.0027259376793457844,0.029172347785100913,0.027796323410855653,-0.07993225322135351,0.02077858206472075,-0.018028904497069374,0.010051382166066783,-0.017751031006611347,-0.013135322685049754,-0.020809967103345303,0.06537710563270593,0.04241265220926081,-0.10644437470620997,-0.02875138405549198,-0.027938851684782228,0.04814339155888585,0.003976456108821512,-0.07975786678514908,-0.13486459289089947,0.0024825740021228683,-0.021936527937455378,0.110935250660003,0.008448652269134393,-0.0038361560160765315,-0.01965791949780751,0.006424402643236107,0.0232656496841568,0.01294926696867729,0.021038681142248123,-0.0025243726240931526,-0.015748813076637117,-0.0018572801142885626,0.013395774202828151,0.02235360585675232,-0.0015349552299550142,0.02464201176345815,finance
-0.16659091393587316,-0.03539933242133107,0.12766948683952692,-0.046526139906835164,0.0468018222463653,0.13240402899530238,-0.05379589722945229,0.38902026862760675,0.470376535431737,0.005037165296887915,-0.04859809533513877,0.11119796453036243,0.06570266865209466,-0.01723677463305306,0.005849751663119915,-0.02585788839106902,0.0030932475042881715,-0.0485494640973971,-0.0017139642756576552,0.003336585981494301,0.09012992321900709,-0.017414209461832322,0.022358843410815576,0.07281403338887892,0.00655566480637963,0.015237049058198397,0.0007031161038271902,-0.044240673881104566,0.004739862538030844,-0.01574844299333881,-0.004835196491586006,-0.0051428772028790535,0.020045561233516866,-0.017683123808615798,-0.038446615268391736,-0.005157609138807025,-0.01332172840890759,0.005965771661041141,0.021035993290245435,-0.010460774355212804,-0.00575269264947006,-0.0020296548485659923,-0.03291190830160039,0.08181830701181554,0.07333756050786623,-0.015503059842114255,-0.0036983764794140173,0.020106271307134865,-0.0791457701279025,0.04479661988689974,0.012597132647975327,0.07707001656064012,0.10405697367315682,0.05241561221778083,-0.03493983257871897,0.004449214253134692,-0.012326776156969225,-0.029826006635818123,0.007661667367752498,0.05032142113242544,0.046325981137470544,0.11113451028641402,-0.03352470951761495,0.03142460748493451,0.0320363632185091,-0.0408239572456397,-0.012001581157366695,0.04890027921212733,0.0022744122595897863,0.011276158146733734,-0.024632011799467054,0.05434922341462269,0.010611160178875118,-0.010925603470241855,0.0020584667027611424,-0.013411309968270429,-0.027734708021498494,0.04652898973181593,0.030572147696314646,0.02442997319121609,0.01961341239196317,0.024842042203574666,0.023998214242313937,-0.010004954251707303,0.00996277455728915,-0.039160719653759654,0.006662369811796883,-0.03114065330295125,-0.018260705864660165,-0.03207922625887447,0.037270229227413784,0.049197726187321,0.02377420094241424,-0.05273954327986629,0.00808102046068274,-0.019788492315813696,0.02327732116984123,-0.06442734659945645,-0.021620097458255116,0.03409970794318814,0.05432672522734077,-0.012904227739334462,0.04202151603758537,0.09942476165917162,-0.03354276122596377,-0.002762732944146343,0.12914184003643564,-0.025271134213188964,-0.02748723137591024,-0.08509228395647071,0.015671562269475962,-0.025162223117243098,-0.021908058862100115,0.02985549758418013,-0.03627983090342778,-0.021604716184462816,-0.02099441716530744,0.01610865622838536,0.01884899405217175,0.030517423349543823,0.015965531490404944,0.036125913617644084,-0.12863518875389662,0.06361979985925405,-0.034323802787334844,0.06501445624700877,0.021064868130075652,-0.05304275725567095,0.026000436814716345,0.012889475951073419,0.028853201911111882,0.06795568678092655,0.03455875550831627,-0.0013230269348138144,-0.007733355619764637,0.025395733497627408,0.0838491850607243,0.04627056030221135,-0.09015129222457612,-0.10018688999867494,0.1295947296243795,0.018837903510012233,0.11531568754468623,-0.09373714817380993,-0.05444067281309961,0.11317839005035463,0.3063194303099186,-0.04417915796249838,0.05931503847343469,-0.2628014275055445,-0.03192215846364072,-0.04699893445177207,0.029279918370981515,-0.007669529047244932,-0.017516778180418722,-0.0017537367972975382,-0.029260499458949235,-0.014251752188811882,0.03961899380635491,0.017709648514439708,-0.019605110167274894,-0.02470905287222165,-0.0034206365338428826,-0.028445052377387276,finance
-0.1561695639342583,-0.02863625987536778,-0.11002345531341166,0.019466432529478817,-0.07472981143021037,-0.06424010088120953,-0.021598169263877743,0.0848316118624294,-0.09949510186139993,-0.029824200810044204,0.011400490045730861,0.0652626247269756,-0.11502221888877708,-0.07940831536243018,-0.09335470051638314,0.05681424749643975,-0.005823417106620317,-0.1492195520221012,0.006865953299933307,-0.1599431895951235,0.013377262853823537,-0.02529765841591769,-0.03399831471011718,0.0314527950421225,-0.14733905366512312,0.016748380226999423,-0.01950542388358444,0.16842331856856402,-0.02728651612547127,-0.039836828026436365,-0.016634183242022052,0.07531993839733563,-0.17370460316116057,-0.0033195819632123496,-0.15914463888610936,0.033369023989330907,0.024085628547884277,0.16935172150218225,-0.044139072639746056,-0.13268524478744478,0.061202349089769396,0.03298724428109349,-0.20511563149435313,0.08518702360611474,-0.057124372413663194,-0.031079046164340922,0.07031662402492281,-0.12308932033740703,-0.0013165073227907745,0.15465578585117665,-0.004710646447217626,0.21825950064968866,0.020390751155517486,0.021872455869418994,-0.009776725287856697,0.015240392351200263,-0.05226900337641636,0.0885733344823527,-0.010943921299387174,0.023549235519556136,0.018221557609413002,-0.10010637336396273,0.03568576338262123,-0.002310793407388823,0.008350940269706309,-0.022108781700861283,-0.008669053833732624,0.03516398520520982,0.06856310460727426,-0.009542576665820784,0.023683098987116846,-0.06401501518157383,-0.030752900025569917,-0.15381350199152088,-0.044815527709177946,-0.0021552021940774795,0.05952170402163463,0.06012237230273427,-0.07790466524206101,-0.05778737103851393,0.022141021010810308,0.08307875672764403,0.0015460836068541199,0.09259702627863041,0.08823883155181507,0.12408450082064564,0.07851911389541164,-0.05825032018973871,-0.07962935602736157,-0.030594004688160675,-0.19456282001682051,-0.043454665101402556,0.11534430354764279,-0.10012716668732384,-0.010373345546933728,0.04946645956343702,-0.0402333113662111,-0.024606157046162678,0.030048528141726094,-0.10805043901110503,-0.12666484524995564,-0.0024873263282178303,-0.07481343612158552,-0.1083861345103275,-0.16681739716963048,0.020116850014889488,-0.1569859503367072,0.11827744867902774,-0.0030763164053243014,0.06448490986116401,0.08062471901152743,0.14950437617094517,-0.11267394240986886,-0.04653166367011453,-0.0006640520351721689,-0.056458486666916004,0.01305408766444434,0.04004776933651159,0.08664196338178116,-0.18899119232674938,-0.1110985984785946,0.044907711393596006,0.031099533589412094,-0.035294468303007316,-0.009164590579553097,-0.0316499872533574,-0.06575691915670281,0.03445950994223545,-0.00553753095113482,-0.09142824947361095,-0.04460900060687362,0.043043474119700595,-0.008280776591919508,0.00853559516844088,0.01071412203612061,0.028602879698064538,-0.026179872949664968,-0.06077377937808203,0.06020715516034494,0.09870095024991249,0.11687307072093542,0.0590069279729319,-0.017171782402296106,-0.04638482442542074,0.008012321936040245,0.024444302232053013,0.08028482245861983,0.004105540320407509,-0.0013555395003807089,-0.041194182230767415,-0.0040346160438761115,0.0008452309415430499,-0.017187270411820388,0.013903713338177371,0.012771346500690627,0.020727068026116537,0.007206903666295602,-0.018743548826002585,-0.014098331060446462,-0.01929511959418431,-0.022656571507300854,-0.0019636279087744462,0.009135312222191628,0.007402705431877497,finance
